source_file,source_line,response_0_sha256,response_1_sha256,stratum,stratum_population_N_h,stratum_sample_n_h,inclusion_probability,design_weight_N_h_over_n_h,within_stratum_draw_order
Alpaca2-7B-train.jsonl,11994,4636e7bbc74bdca6f2490da015393365741e9c689c2b0f9d55866732d73c04aa,45882dec65f2a83d43d827832f5c010aa31477ba2b62d634408e1b2898934e9c,L1_no_recorded_safety_field_difference,44325,300,0.00676818950930626,147.75,1
Alpaca3-8B-train.jsonl,2771,9da8332517782fac5dacd842eb204cf411100869c44087279207152a27b8c9fb,92b348d9cdb7977fdb220bbf320f72a8736ff5e35c32ed3e6dc6f294e8145671,L1_no_recorded_safety_field_difference,44325,300,0.00676818950930626,147.75,2
Alpaca-7B-train.jsonl,1167,5dc53e393bf8d91b8c80077cbe7f4ce9adcabb619f03f52688bf06f10973bf73,4b7f78b6be34a72f579f74aa4053781b43d79e2af2fe2f27c55d5127ddc9471c,L1_no_recorded_safety_field_difference,44325,300,0.00676818950930626,147.75,3
Alpaca3-8B-train.jsonl,4158,c9c9461abb8d1d86f8f6a9c96253425088752939db51cd584e82d9b6ce1dcd1e,e5382927d9a155b26c1e599395c7598c4fcf1183249dc2aa28d239a835ab2897,L1_no_recorded_safety_field_difference,44325,300,0.00676818950930626,147.75,4
Alpaca-7B-train.jsonl,23278,7d81e61cd8ca1e7b3d800fd23563ebfa5245d7b80db33ca986f00509aec8f182,5dfeae0cbbf8a9dca9627705fd50338c25ebe8009f6d35fae4676967ba688268,L1_no_recorded_safety_field_difference,44325,300,0.00676818950930626,147.75,5
Alpaca3-8B-train.jsonl,5734,9e8046ec89fc16a600dbb317e67c2d0b9e38c3335ec7743311664575100cf5f8,a1df69ff985c8a60568ccee3b68c1a37a5423b199fa526cfb3ff725aa156f095,L1_no_recorded_safety_field_difference,44325,300,0.00676818950930626,147.75,6
Alpaca3-8B-train.jsonl,6631,1fa79e781647890aaf6466ce21a19060f278eb3183937b04d32681047d3a54c8,4f6df6ad8d29b2c6a0bf6eda2aeb10c5013bcb690b7e6ea030d083360d1afda3,L1_no_recorded_safety_field_difference,44325,300,0.00676818950930626,147.75,7
Alpaca-7B-train.jsonl,184,97da9749024ceb6bfbbc3d7fd079aa40e18bdf6b63af05df7d95d922b10fa60e,fee0fd834178b7e1eea0a5b2bd9a74330fb2290cf09623e8451e589e1b3de662,L1_no_recorded_safety_field_difference,44325,300,0.00676818950930626,147.75,8
Alpaca-7B-train.jsonl,13128,f346c2c0d38b61c01de8fe442090ee8ad6b2e4b7624c09ef1961d36319294bc1,8d8d9240188d10ea1078e9bf675cbe20425cb32f9fdd675d4a179d3c37c7c0e8,L1_no_recorded_safety_field_difference,44325,300,0.00676818950930626,147.75,9
Alpaca2-7B-train.jsonl,2832,a6972f6bcdd5184a3de2c490e70320a176fe70c0d48e78de328b5ed18bceff88,1f9034552fb173ebacd83c6ffa5d87f9b3504aa084c9c4b3891875ef9a19cc34,L1_no_recorded_safety_field_difference,44325,300,0.00676818950930626,147.75,10
Alpaca-7B-train.jsonl,8637,747cbb4c69b67646790638eae0b8cf39449fd8bfd37975cff527a55028095234,2353410ec78ffda47c32429f14e595829ebb2ffb5a80438d95dba194e2db1391,L1_no_recorded_safety_field_difference,44325,300,0.00676818950930626,147.75,11
Alpaca2-7B-train.jsonl,25226,e899f7d9218e4d80d8d9147318018c957dbf70b0a5c5bc97f6eb4140f10dceb7,a3e66a66e0b4dde7d7519f2e0b63195fac5f541f4d625d95178f62cfeceb1f3a,L1_no_recorded_safety_field_difference,44325,300,0.00676818950930626,147.75,12
Alpaca-7B-train.jsonl,13733,0fa2e74b09a9e37f69b99caf3458b127d5853a77fcb39797958b9385d9f74836,8c61de5b0bc04960e49c9b16a75e481050da0d69968bb92652180d110e82471b,L1_no_recorded_safety_field_difference,44325,300,0.00676818950930626,147.75,13
Alpaca2-7B-train.jsonl,22639,f899550c3160eb16ebbd96bf5a918940d6096b326eca4495da80a68ae313488f,653dcabf86ceaba40076e2e36dadb6ac7edd4f01f4ff5833b545ed72bd5225b4,L1_no_recorded_safety_field_difference,44325,300,0.00676818950930626,147.75,14
Alpaca3-8B-train.jsonl,13784,9c0edc81cd1fe9fa11539003a36312d3fa005271c991d4495ec8d739b228e099,ca5d050251f4bd7a6b1c9c8dde1bfd506aea1f85fc32f5d09470b546d497fb1d,L1_no_recorded_safety_field_difference,44325,300,0.00676818950930626,147.75,15
Alpaca3-8B-train.jsonl,19020,8ecf2c9dd9eff943f5bdcb3e97e6f20301224c9a7b1a98647005fee0643640eb,abad02781d3831f18110ca32da4d0e9c2c8c49f3e1b8f4bb10835d925d8f2ed3,L1_no_recorded_safety_field_difference,44325,300,0.00676818950930626,147.75,16
Alpaca3-8B-train.jsonl,9372,43fc8b6815a7906a51a5e288255b75b3d664cbf3b8a929058c16bd054c4269fe,7f0abf8e940f182c42290a0672034ff0270953db482c9583d41000f39ce2d927,L1_no_recorded_safety_field_difference,44325,300,0.00676818950930626,147.75,17
Alpaca3-8B-train.jsonl,5047,412e51339496033739f5741c47613fe632c89a2ff8fab3a28911072010f31ba6,8a47ad8f1e50e87230233fc24ec73846cf44d698cbbc049240fb25b7da75f157,L1_no_recorded_safety_field_difference,44325,300,0.00676818950930626,147.75,18
Alpaca-7B-train.jsonl,76,9249d50f38449843d5b7c8a7913fb4c06747fd4bb0ab2bbdb8faf31230076d90,b3e71ce4721cfc45df7a9268a2a10041e98a42f1de75393258cb2207725b233e,L1_no_recorded_safety_field_difference,44325,300,0.00676818950930626,147.75,19
Alpaca-7B-train.jsonl,19882,2777809deef934b26987bd9dbb1842e8df3ea5c947e280f42b76c48198c15c25,8a5d03164e0a02a2f68681f60eba01dfdd54221bdaa4406cc51741d8531239fc,L1_no_recorded_safety_field_difference,44325,300,0.00676818950930626,147.75,20
Alpaca3-8B-train.jsonl,8231,eb6ff53d4bd14b7233c608450cdad74fcc1eb60ac907869dac6c8716c88468ac,5b8ff406c8aef54df053b4ea1f7ff48df275ef50f1816ad2fe0422139b217ade,L1_no_recorded_safety_field_difference,44325,300,0.00676818950930626,147.75,21
Alpaca-7B-train.jsonl,21109,f4ff8035f76110262eece4a90d6f0c9b31670e5995f606ad01a09431070b98cc,b9c56dbafef4117a186807be820ede46bbabc7aa014b8f9365ebd7ba39261b2d,L1_no_recorded_safety_field_difference,44325,300,0.00676818950930626,147.75,22
Alpaca-7B-train.jsonl,21621,751031d5a0ebe7e5150366fda98475535a914565da5619d8078680770dc64876,9a05b0bac7840ec0f47dca15c5a28d04b0a30c0b72f81ebac3bb3445c9b99a8f,L1_no_recorded_safety_field_difference,44325,300,0.00676818950930626,147.75,23
Alpaca2-7B-train.jsonl,14362,488a37b684d4390daf0620aa5f7577c40621f468bdcb88b836d59447f15ee9a3,8362564e3eab99575eac4eb244222a1b17297e20205b3f5d92be4dbc6c0ef9a1,L1_no_recorded_safety_field_difference,44325,300,0.00676818950930626,147.75,24
Alpaca3-8B-train.jsonl,12305,f3880899116ffead2f7fe08c590cf25ffb76076055722a6a7d5587282859f11c,df775cbe9f96be2fb24bd979d2a41208a38d00b8734012772b7df9b1fedc7a0f,L1_no_recorded_safety_field_difference,44325,300,0.00676818950930626,147.75,25
Alpaca2-7B-train.jsonl,8590,60974479c221acf8f9a2566040f6098a6e890b28a0af397838c385d09fb0ca7c,b0e2dd635e76e79f28ee0e89afa4902fb23922f3b2a0204aee32e0092c7748e0,L1_no_recorded_safety_field_difference,44325,300,0.00676818950930626,147.75,26
Alpaca2-7B-train.jsonl,12185,d2c1920603b0b62ccf4c7a2c5823a109b0bf1c8a90b07fd3955799a1e3e40d33,5e2f72727d3cb522fbf972435c22203f2fe9419a650f98a7138dbde0cf02c22e,L1_no_recorded_safety_field_difference,44325,300,0.00676818950930626,147.75,27
Alpaca2-7B-train.jsonl,20281,02cc4cc25cec377d6caa33beaffdc092400b35b71cbe8ab0bd54f470f6d5cf9e,58b5e6920cc29e25cfb6881e2cf86e1ebd7dda34278fed9715532cb5bb3453e4,L1_no_recorded_safety_field_difference,44325,300,0.00676818950930626,147.75,28
Alpaca3-8B-train.jsonl,13006,b98f0e6909a1f1c15f3d634bf8d1aed3d24d09d91d109817a597329bd438875e,2c251ae56ca1b37baadff9def0a3cb45d05becec21730d4aba3b3deb658f223f,L1_no_recorded_safety_field_difference,44325,300,0.00676818950930626,147.75,29
Alpaca2-7B-train.jsonl,5519,0092e9aaa300fcb630008b7aaae0249d4dbb60f583d8a66a3e52d634e08fcc09,02653fa7ad2597fee80ea1ee8fa02bcc09594d87a84cdc3574631abe1759b377,L1_no_recorded_safety_field_difference,44325,300,0.00676818950930626,147.75,30
Alpaca3-8B-train.jsonl,17582,08dad3e4ff0efb711eb0edf2c034da36e9850d9d72440e6f68f4eac0b6f842a5,e678a20b24adcfa8479d3f3bd9255f1ac12934197987a157549324eac57c8e1a,L1_no_recorded_safety_field_difference,44325,300,0.00676818950930626,147.75,31
Alpaca3-8B-train.jsonl,14404,0848db8413dde4506c19b61bd65baec5652375145a5e1e4bf2be20367ee42e6b,f8da20959c37e89deb66f1cbe402502ae5b5746c208bb47794223c10f14eee71,L1_no_recorded_safety_field_difference,44325,300,0.00676818950930626,147.75,32
Alpaca3-8B-train.jsonl,6323,2a3e9072ff04f48f054897703343544c257d70f4cb06e30011e386edde26e08f,adc92be178b7e893579a931ddab0ac8fd452b949316d7380bbfb6c0352ba5a86,L1_no_recorded_safety_field_difference,44325,300,0.00676818950930626,147.75,33
Alpaca-7B-train.jsonl,22931,2ce4b28b0089a1a1c52d31788c6c8ecd1bb462b5bd8da01a6b238b50c169b446,f3f208bcf1d37407ebc48329ee808847501b226fe9fb5a6df66d246482a5532e,L1_no_recorded_safety_field_difference,44325,300,0.00676818950930626,147.75,34
Alpaca2-7B-train.jsonl,25009,f861650dd9e830fde0c65eb36002b41db5d1b457ea7e4cc123e674f2f629e51d,6603ba5ae154bf4add4cf2ac0daf594d5dc66c2cb97ef3e252f32d6e5b5fc5dd,L1_no_recorded_safety_field_difference,44325,300,0.00676818950930626,147.75,35
Alpaca3-8B-train.jsonl,5156,1290c3c7cbf513ce6c4ec1ac104f30659dd493e3d92751fb2651626e5a5e253d,ada4687e19bea1a1f673b89dc9cedeee4ea9e2ab9e668959fd469929000b3f61,L1_no_recorded_safety_field_difference,44325,300,0.00676818950930626,147.75,36
Alpaca2-7B-train.jsonl,8127,c7bce5c225867e5633b5f414cce53a247872038dfd305c1dca7ad7a36ccb3ee5,3584335612e16d6b3192f9e6b97f736ec6f2fe5fc7ad99c91b89c153ddfe87cc,L1_no_recorded_safety_field_difference,44325,300,0.00676818950930626,147.75,37
Alpaca2-7B-train.jsonl,1291,3b59644f29d2d6f575ece7adb89b2e03ff982cb15ac52cecdef8417c88a785aa,72c6362c9308a7eb714c8f3477f6aa33a7e180247743b4da34e8fdb8ea06b40f,L1_no_recorded_safety_field_difference,44325,300,0.00676818950930626,147.75,38
Alpaca2-7B-train.jsonl,4455,4746658f3eec583b8873104af6bcb68c72ca4f724146c5305565307b57ec7d78,8406848931dc12f41ef4efb84c3a211d5578599eec584e52a1ba3eb4ca21c3d6,L1_no_recorded_safety_field_difference,44325,300,0.00676818950930626,147.75,39
Alpaca3-8B-train.jsonl,11275,762a812cc2c0c3861ebc3ec31f5a9c9b47268a64484bd236c54c7f2b21e6aab8,0af4ae3029947d881c9b3f400e0687bbe0d483b9f7d0d60f594e69401e31770b,L1_no_recorded_safety_field_difference,44325,300,0.00676818950930626,147.75,40
Alpaca2-7B-train.jsonl,16422,795e48fc4fb3f73d3a6a64cebec785ae974870ef5c13ccd1793839c809000540,c8ae416b0531bb0b0980184245241b2665ee190fa5ffc7f7925f92e82554d113,L1_no_recorded_safety_field_difference,44325,300,0.00676818950930626,147.75,41
Alpaca2-7B-train.jsonl,11591,315295c0ab43a5c77810d9f60cc6d0118a56fca235cddb1b160722c1a1ea4107,6d42e0d72272ff62d993abcb3fc104e53c629a2faea0796e99f74e1e44b25fc4,L1_no_recorded_safety_field_difference,44325,300,0.00676818950930626,147.75,42
Alpaca3-8B-train.jsonl,9722,860a7797ae4b51dd130af21368b48820b93580daa43a8ff165dc087f3e56c49f,7ed42b9079fe4cf2ba684f588d4f4dddaf9feee1c69a1711c439aad485b4a0e2,L1_no_recorded_safety_field_difference,44325,300,0.00676818950930626,147.75,43
Alpaca2-7B-train.jsonl,19846,d73052257f4ae741b771007295fc7294e049ece99c75e315177a9d3302cebe23,4f09cf5b78262d1d5007e1b90571e7762efa7ae3d8a92e7e28dcd302149fbaa5,L1_no_recorded_safety_field_difference,44325,300,0.00676818950930626,147.75,44
Alpaca-7B-train.jsonl,4745,750e53b93688aa072aa2f2251fd45ae48ead84a74ec912f83416a3cfce4dd2da,9cefe51c9034788fbaea56eba0bb250a484a7b136be67b7d38b6751c15ae6858,L1_no_recorded_safety_field_difference,44325,300,0.00676818950930626,147.75,45
Alpaca-7B-train.jsonl,14961,133e18e45c741c161eb342602dc87454a1058563e549c6230625ef773026b188,868ba2a8aa37fa01059fde9efc2c25fdb09ada607b71ca8d9e2cbc42933b17fd,L1_no_recorded_safety_field_difference,44325,300,0.00676818950930626,147.75,46
Alpaca-7B-train.jsonl,15266,fc249fb8b99d6ab44eaede9e35448db87d2323fa787738577a3777ce79a753b3,d0ac783d283db67e1fc60565171698340e659512fa201a00581d9c73d66ffb55,L1_no_recorded_safety_field_difference,44325,300,0.00676818950930626,147.75,47
Alpaca3-8B-train.jsonl,11593,8b44d311e944538382d81fd2af0d3e3582f9ba7bf0972517841b39ca9d30f52f,b898491ddfbefd67786a8f666c672897fed46760a007b7197154298e8c41fc97,L1_no_recorded_safety_field_difference,44325,300,0.00676818950930626,147.75,48
Alpaca2-7B-train.jsonl,6103,de16484f7a9c22125bb822dcf0e459886633e4ec1597a0315d50709c151d3e04,c46b252f657d9fd188362708b07601b3c6c3986c9b048cc84dd7c07a2d68427e,L1_no_recorded_safety_field_difference,44325,300,0.00676818950930626,147.75,49
Alpaca-7B-train.jsonl,8336,e4bf475158ff030a82f825f286e9f8c0b7e76e6a790f85f0487446200f5d33af,298815dea778566e66b91e50aeded308b5949d0c23cf9b4cb83043da5bbcbf5e,L1_no_recorded_safety_field_difference,44325,300,0.00676818950930626,147.75,50
Alpaca-7B-train.jsonl,10198,062d9586c2c6975f8d10c0e8c3ae71bd7e54f4cde258b3a51196c6f82d35d482,133bd824939d25ba9ceaec96c5f264e260b5499dd7e2115da10a631844c92da8,L1_no_recorded_safety_field_difference,44325,300,0.00676818950930626,147.75,51
Alpaca2-7B-train.jsonl,12259,07a1d957386c7c9759682aa494adba050307466a5c7697d1ad6fa37702869daa,dcca313f155c60b2c8297524bee59297d7fc2a07b515066a26cad76fcad77c6f,L1_no_recorded_safety_field_difference,44325,300,0.00676818950930626,147.75,52
Alpaca3-8B-train.jsonl,9509,41a8a0fa0f23c14cc5ff5972c8c63f2ded43bdbe567d70a3c45bbd76cc2a8c07,50e40b7e80d1389a6a420b092f0c16b32c92801b49cc290c4a46767f06ad7c7f,L1_no_recorded_safety_field_difference,44325,300,0.00676818950930626,147.75,53
Alpaca3-8B-train.jsonl,13785,44d39b5201975b5300ecac5f75939f93dcb2ae87656b9fb54547a6cf6d24174c,ce5d48e008ca32cbfd2e3171087e3ff9ba7bc75ba441ae01bb8f7cdbd43b06f7,L1_no_recorded_safety_field_difference,44325,300,0.00676818950930626,147.75,54
Alpaca2-7B-train.jsonl,13731,d87962da66c8dcd71339e514cfa6615def998aa0df899f13ca1f90275f82518e,bcb90537dabb282d0173610a43065b533e5b1435767b8a5794cfc6fa3135b19a,L1_no_recorded_safety_field_difference,44325,300,0.00676818950930626,147.75,55
Alpaca-7B-train.jsonl,5947,907bb312692507b63f30949b6c4b3f44e3efe0d69bc80060b1e620e685d0b630,524e8460dd8eb6376dedd3984acd4394fa773422c273160f3fb0228c46e68ee7,L1_no_recorded_safety_field_difference,44325,300,0.00676818950930626,147.75,56
Alpaca2-7B-train.jsonl,21592,56b8809b1ffa07d870207c4c6bbea5b420911138de4acc085955dc362b517388,a8a0c08217377b2181a69fcc76540f15561fe82d8ef2407e93da95d0724d335c,L1_no_recorded_safety_field_difference,44325,300,0.00676818950930626,147.75,57
Alpaca3-8B-train.jsonl,5007,b215fce6c09d62a48269e7051b4cb0cd44f0a60ede8bb4ea8c80b6d2b1428be4,c90c2c2e9f27a8b088613e55ebce4ddf978d066ce4c3d9455fc3d18ae2c78603,L1_no_recorded_safety_field_difference,44325,300,0.00676818950930626,147.75,58
Alpaca3-8B-train.jsonl,2767,7c132f38f7702804722ea57af4825efc618163b043346acd33ecad85f138d4d2,627cf6ab1be0f7808310884338353a95551fc127599773b5ad68e13ca96f6cfa,L1_no_recorded_safety_field_difference,44325,300,0.00676818950930626,147.75,59
Alpaca2-7B-train.jsonl,11787,98e4846e44f56e37ae7eb3bb87311946e01e3fb6f48dd6a971041b1a92d62602,c8b258fd0426e5266423a864064ee304cd80f96d6a544b783bc44c4cb30ec5ee,L1_no_recorded_safety_field_difference,44325,300,0.00676818950930626,147.75,60
Alpaca3-8B-train.jsonl,2068,c438b275da68007d68f4378d517bfe44fa8a77147e6279ef89ade6742e529e5f,a04245f71a4daa0de8da6ab6d8b49e5960ac73162a0f90342b14c8c3ada62aa2,L1_no_recorded_safety_field_difference,44325,300,0.00676818950930626,147.75,61
Alpaca3-8B-train.jsonl,3108,699aedd37c03f72526e5c517fbdfaa089bc8387eeab22b89da7a1a7778da674b,54c3b2d0bb297b6c514e040c97792bcdb56cb44799f59489f7ee83970a3cac8c,L1_no_recorded_safety_field_difference,44325,300,0.00676818950930626,147.75,62
Alpaca2-7B-train.jsonl,777,be5f335b68bf12a30521c69be79b7d001a9cca001f0e108e86da045acf1e4006,b4e7947f1ae7a4ee2c5d018cde8a9fed31f3a0460b8693a2751417d2ec0cf348,L1_no_recorded_safety_field_difference,44325,300,0.00676818950930626,147.75,63
Alpaca-7B-train.jsonl,12278,d7b7ce9089e7b6635f706fb2a3bdc30feb3da2f4742879d6eaa771962d671f7f,156407be8a4e993e96b9617bbacab98dac634e50fa2c1cf7a86644b7a71be130,L1_no_recorded_safety_field_difference,44325,300,0.00676818950930626,147.75,64
Alpaca-7B-train.jsonl,14589,ab015c7a4ba984499b8a9d44ca9142ba99e7dd7b49f730738bda785e966e7974,e8ffacbf0568a07d3dbd31019ffdcd4c9dfb73dd8c5cc05832f3b1977f7b865a,L1_no_recorded_safety_field_difference,44325,300,0.00676818950930626,147.75,65
Alpaca3-8B-train.jsonl,7525,13d7397dc327df22946c4ceae1db4b19d381d1e486b9af73f65af900f4f862c6,966834cd7ba4dd7994cb03fc261a3a936ea2bd7c502f562e2f8b5c5f4f906b77,L1_no_recorded_safety_field_difference,44325,300,0.00676818950930626,147.75,66
Alpaca3-8B-train.jsonl,18965,8d4e1741174b8f145fc3033b5dacb8db60d1bdb07d89e1cda5f7cf76240547ba,3f8d6481ff093eb42da15464a2be59e3b5e23ac2f8d6b224d7b392b372744bc2,L1_no_recorded_safety_field_difference,44325,300,0.00676818950930626,147.75,67
Alpaca3-8B-train.jsonl,6557,c41bd2a4dc3e42b0737a5deb35f22113edfdc728ddc9d1354abaa29e38744b55,b6cffe27f1e758e76f766a02f47065b4418ab0565c1f924193a29a01343fc4d0,L1_no_recorded_safety_field_difference,44325,300,0.00676818950930626,147.75,68
Alpaca3-8B-train.jsonl,17577,50d70581aaa1a74c6bf50198ccb99ec8e2672fdd866e238c65355308da0d3ea2,6eafcee714cd4ba358e1c15fb05d2faffbfead240bcc226144cc491d0a7fe1d8,L1_no_recorded_safety_field_difference,44325,300,0.00676818950930626,147.75,69
Alpaca-7B-train.jsonl,25684,69352433520be3223822f942de192a577354871c4f28a655e9e94128d3c01aa0,577c636b0a8880b9b4d114c01f29a1314ca2388bff69e6fc532a4a203b4ed740,L1_no_recorded_safety_field_difference,44325,300,0.00676818950930626,147.75,70
Alpaca3-8B-train.jsonl,77,1175e7aeab035df72ba64614a8713a53b0c4ccb25ea8765796833a9f65187f68,881fdad698f6db8fb39d54f43d26cd7edfb3bfe72e031dacca7a3bf9e2f7635e,L1_no_recorded_safety_field_difference,44325,300,0.00676818950930626,147.75,71
Alpaca2-7B-train.jsonl,24658,85a89264507e5a898819755e2d18693dfe8fd55d2a054eacbb3ab8008310e20b,08b337a48209255cc0880c4598b6c49752e9cf56560bcdc8d9b6675c0bce67df,L1_no_recorded_safety_field_difference,44325,300,0.00676818950930626,147.75,72
Alpaca2-7B-train.jsonl,20255,d32d713788c435e50ed36720c4a7a73cd5c4b604c0fcec5333181f6178f39ae8,846530590ceef194cba06895f1fd0d946328808d7bd42ef72152e81039905810,L1_no_recorded_safety_field_difference,44325,300,0.00676818950930626,147.75,73
Alpaca2-7B-train.jsonl,12612,4eb8b079cb1e72500833fc4a755c5fbad46bfa54cf4420e6c3a25362956ea481,ba06efaad5ef9125f7db52f7d2ffe849fa4d5934b21603a8cd13ea5771f97fe5,L1_no_recorded_safety_field_difference,44325,300,0.00676818950930626,147.75,74
Alpaca-7B-train.jsonl,17544,8371cc3c453e46f486cdfc50028c35767fa85390b7c6e80f6e9e28e7deb113cf,ca3a770de9046312339206eaec4d5887210661e03688b244127faf3ac8e49989,L1_no_recorded_safety_field_difference,44325,300,0.00676818950930626,147.75,75
Alpaca2-7B-train.jsonl,18581,3abc3fb7fefdb6b1ca6c41e01757ea1edc6cf6b96060d3d2ad72d06e1d7b16c1,078a5f75f2503aa2f786e57305e5c67e1c00ad850e8345595fe3e427a6e6bae7,L1_no_recorded_safety_field_difference,44325,300,0.00676818950930626,147.75,76
Alpaca-7B-train.jsonl,14318,f9ab245d6bbfcffd9b044bfde6054501337744151f923bdf9f61ff1f3fe995d5,8073795e819e869227507574f18f1524a28fe7fb6bdf3cb3fd2b8cdcbf970392,L1_no_recorded_safety_field_difference,44325,300,0.00676818950930626,147.75,77
Alpaca2-7B-train.jsonl,23645,c355fe21cc38fc9f2a66b1f469a71c960b68584cc4529fa1f7b7bf17265e9791,976274762aaeca0ea8a4c1e8bed5a6503cd61f2d6368b92aa2fd4fff1869dac0,L1_no_recorded_safety_field_difference,44325,300,0.00676818950930626,147.75,78
Alpaca-7B-train.jsonl,13399,7d8ef7f70a4474b6aa2e8fe5eb5a0540a8bfb397351210f16fb711eefa701489,f5809d0b2be29bf4a320cf91f9a93b0e4c1df8da6837bfb8d9921c1bec8349f5,L1_no_recorded_safety_field_difference,44325,300,0.00676818950930626,147.75,79
Alpaca3-8B-train.jsonl,20636,ea15f774322fede99b0a6b3acd4420e2a20a7abd46b14ee4eabceb499d7ef5df,33db9ead58425a0f9c38789c1ca68250040f125749460d1490cfa40ed9d84554,L1_no_recorded_safety_field_difference,44325,300,0.00676818950930626,147.75,80
Alpaca3-8B-train.jsonl,11645,5217de0b9f43bc1fc57c2ef3d6ee8920a2c91989cba72b9d705f920ce9fac06f,ab71834fe59263e4310c1f5ed1d319273a3f3c5665c927e747aee81d2e9067c0,L1_no_recorded_safety_field_difference,44325,300,0.00676818950930626,147.75,81
Alpaca2-7B-train.jsonl,17950,253b0ac773cbfb12e0ae75d6b09ccaccc6ca0879e88a387445127b519c427fae,212e07b8dc58778279f0a912b23de88cd0488656801f777d99785692def1ad45,L1_no_recorded_safety_field_difference,44325,300,0.00676818950930626,147.75,82
Alpaca2-7B-train.jsonl,24175,277698bb2709b5a52f37b3cca3ae35426eb364760cf5d7f2dd02a07d36f9151e,8ed6ab6f6f5b1bbbf2a38382ccee3757394616d2f43eb422ec56c7beb2f9d1b2,L1_no_recorded_safety_field_difference,44325,300,0.00676818950930626,147.75,83
Alpaca-7B-train.jsonl,10031,d417d20db37980cc8d6f3d8c49ed5f4ba9771ee68182a5964a2ce17642ff5d7d,1e5f704f954202126bfe012d4f90bf5b3eaee21636b012d07bb729e603f90657,L1_no_recorded_safety_field_difference,44325,300,0.00676818950930626,147.75,84
Alpaca2-7B-train.jsonl,14131,898ce0cdc622f1ab7d78571b6421b50c3141c4bf0979a43f6e0e111673c35393,3971a968cc6946cf1f65f3354e91cffd23797cdd9a668d7a2e9154389efd924b,L1_no_recorded_safety_field_difference,44325,300,0.00676818950930626,147.75,85
Alpaca-7B-train.jsonl,16049,754d91cc7679b6f2dd35a9fb20e146ac7ad55040f6317fa68f9b7fbbd7857989,2ed13c2676ae16f2088b537b81dbffca488254882a95510e861562cda564b809,L1_no_recorded_safety_field_difference,44325,300,0.00676818950930626,147.75,86
Alpaca3-8B-train.jsonl,8334,f882a7d6df1180b2df0a705be64e8f50ed9a71961122b0c0c725e2676703d6f2,61e3b07cc0a3830bc3bf26d82cad4b6bb7e95d6cdecb9942b67f948d7660c2bf,L1_no_recorded_safety_field_difference,44325,300,0.00676818950930626,147.75,87
Alpaca-7B-train.jsonl,62,be6ba9e8eb63949a0fef0ab1862b9ec5161a0a8d53eaa5e8568e869a21c03a9d,5d6884b99090c406cd9f2d7cbec7cf3e6c520c5d1ec429f9c4aa6c2cb2a06558,L1_no_recorded_safety_field_difference,44325,300,0.00676818950930626,147.75,88
Alpaca2-7B-train.jsonl,10369,a7bd7cd174eb6bb3f536edb43bbdbd42fb769221a3878abf4ab9200f175c0cb3,40d552d44aeb3e71cdf321ac827b3173c7bb6b56fd58925d7ddc3c5add5c3bbd,L1_no_recorded_safety_field_difference,44325,300,0.00676818950930626,147.75,89
Alpaca-7B-train.jsonl,24820,4de943d364c3e1ca3af641d3eeac31f84f74617f44ea5a8197da0e5235dfefca,19897deb03c124899005469b1116c914a442917559c2118f9b3a9550038489cf,L1_no_recorded_safety_field_difference,44325,300,0.00676818950930626,147.75,90
Alpaca3-8B-train.jsonl,19670,3daa43a5cb1eff9472cfbb08c86dc23df98869030d4739328bb2d2e1b2958951,ebc2bcbe3383f50c0098e75b34a341c705c057b366faed4af8b2e45367b43d26,L1_no_recorded_safety_field_difference,44325,300,0.00676818950930626,147.75,91
Alpaca3-8B-train.jsonl,18631,e082d9c4f348c986ce156a09b6097bd8744a4c0236d163fa228739bd26e9f9ac,dfb86bc22cb4ae048e4ef37cfa483ad014d055d1062e09fb0f2514c858469e40,L1_no_recorded_safety_field_difference,44325,300,0.00676818950930626,147.75,92
Alpaca-7B-train.jsonl,8947,be86457500531b838e62f9a9316ed0802b2311022e235d1b62a3b60fe93fbdc0,8a386cfb33c9774c4c96afea60b3e4c2f8681a8c4e2a9d0bb4dda34d06dc0e51,L1_no_recorded_safety_field_difference,44325,300,0.00676818950930626,147.75,93
Alpaca3-8B-train.jsonl,1503,3f1eac6ce5a4a0ffad6f3f4b4a4f4fcc72476159ff573a01eebd7eb5949c2f9d,61c735203241e4a4cfe2c21b64613ed35898b7b500e13e2b59e3b3375849d467,L1_no_recorded_safety_field_difference,44325,300,0.00676818950930626,147.75,94
Alpaca2-7B-train.jsonl,19652,4b36958784b5106ef110c268e1772f3a5fec5a5268b8a486b2170aa8dea9d22c,16e64c567e759d76566d2fbec7dba657505977eae98d7d1319a93a1129b7e80f,L1_no_recorded_safety_field_difference,44325,300,0.00676818950930626,147.75,95
Alpaca3-8B-train.jsonl,19819,8ba90278b77f41e0443d1177d3fa42e65d37bff000ee2998eef179737563bea5,19a0f6060363404234b1327a378238aee1b55797eaad44c2cbefcf4b185ec5a6,L1_no_recorded_safety_field_difference,44325,300,0.00676818950930626,147.75,96
Alpaca3-8B-train.jsonl,9335,c2806814cf382dfb7e61440700233a590f443691f7adb131e58cd267ed223510,60f9d4df4645ab8fc2b00070f8dd6812924e1ff13ea31f4ffb9a282d2fcfa7b6,L1_no_recorded_safety_field_difference,44325,300,0.00676818950930626,147.75,97
Alpaca2-7B-train.jsonl,7272,34122ca12f0bd4dd8b0554549f53e24cb0a0a031cbbbb7aa6ed19e7fdb55c840,3dff78b247a186fdebcd443ff32dcfe89c75426ca86ec1d2938210c5712680d2,L1_no_recorded_safety_field_difference,44325,300,0.00676818950930626,147.75,98
Alpaca3-8B-train.jsonl,17900,59a66e046e289936dfe7c1a32104dbdc2327b508dd6e241bd6d79213f78a900a,bc779f6ab7cfa2fdca3b450c62b193eeee94a7c1577bd098095cad6717b17033,L1_no_recorded_safety_field_difference,44325,300,0.00676818950930626,147.75,99
Alpaca3-8B-train.jsonl,967,506fbfa68a417c73fb5f38a47649dc35b096d6690a0f90ac13a8902db5995f73,7265253ebcb56c759fad65700785e4263b1448cdd21de9741b383928c4899eba,L1_no_recorded_safety_field_difference,44325,300,0.00676818950930626,147.75,100
Alpaca3-8B-train.jsonl,4758,bec4b65396a23672a2018a2c26e320f295747cd38c6b64be2aa5b1bcc39ca477,f50cf6e40f9c46433d3f946bd0917c572440b012da4eb5a9ec5e8a9fe1821b0d,L1_no_recorded_safety_field_difference,44325,300,0.00676818950930626,147.75,101
Alpaca2-7B-train.jsonl,2139,7b33fd63bdc97ac6577fb041789e690a2a57ef60e1c4fe7f9f666d733114edd9,0cf7d5b21da6c0d61c56e52da262b7388d7cda3ea6b34096c3c632c0bfa1524b,L1_no_recorded_safety_field_difference,44325,300,0.00676818950930626,147.75,102
Alpaca-7B-train.jsonl,6266,39befb79e625269529885bf9756384277c3285566a6c9608062fd0ee94eb5c78,6207583d48ca928ae1c1a192635526d78d6cf69a71de1423657d8c50897f3e07,L1_no_recorded_safety_field_difference,44325,300,0.00676818950930626,147.75,103
Alpaca-7B-train.jsonl,8578,233beca60f314cbe2a08f53edc512d854215c00064d9d3f3420ea61361ea0734,043f6f753a18eecdc5cddb02c0891951a2c1ea848bf6da0fe9e183e7453dbb93,L1_no_recorded_safety_field_difference,44325,300,0.00676818950930626,147.75,104
Alpaca-7B-train.jsonl,9579,150642e7b5195b4f7da75944bbc8decdc874933e76b817a4c659d384898c7016,10de4efe1b07090768a8e5c0e8373c430b786eac7e5c307b07244ca6b831215f,L1_no_recorded_safety_field_difference,44325,300,0.00676818950930626,147.75,105
Alpaca2-7B-train.jsonl,8949,f7a18695ef425701aacf4b01336eee4721a3784943877e3041216a2c00797098,b02e952a6928eac6d9349058749159cf22fc96894b1689eba7fdbf42e87f6d35,L1_no_recorded_safety_field_difference,44325,300,0.00676818950930626,147.75,106
Alpaca-7B-train.jsonl,11650,628a78c8179cb947ea1121c2739b63898bcdee3283863370bef4e6052bd7e761,f0ef564d12e7650fb8cccecb257f2944ee261c96b54fd90618e36951a564f718,L1_no_recorded_safety_field_difference,44325,300,0.00676818950930626,147.75,107
Alpaca2-7B-train.jsonl,7751,9be25c1fb0e746c130edd2b2ed294df4d8d534e2e8a1f522804b9f2e790df454,902bc9bae0c724d3a74216462c5a7af992402ae3b50b600b813bd68124bea766,L1_no_recorded_safety_field_difference,44325,300,0.00676818950930626,147.75,108
Alpaca3-8B-train.jsonl,4599,a332f70736ccdfd6c8b122d686facf4d6d404c743b2e90a962aafc832fe88cfd,df07ae58f49daa7cafa7c84df49e0e1b05e6a0ba355fca9cd0012dba2a6f84ec,L1_no_recorded_safety_field_difference,44325,300,0.00676818950930626,147.75,109
Alpaca2-7B-train.jsonl,13112,531e7766074a956ba36c389a72d200532447698ea150f45dde9e5a45d4a73745,f16b94e2493fcc8a7203a2ad13ce193095a07e0e159b0ce9d4736d4e6e6a7a5b,L1_no_recorded_safety_field_difference,44325,300,0.00676818950930626,147.75,110
Alpaca2-7B-train.jsonl,11684,f7270484b6f161800d68814add9ab76d7452c8b461a8c4d82984e333b7f0ab83,935d76904c489260b4919005848c0bd3b52e1add9653f2d45c8b6ac08ae34a31,L1_no_recorded_safety_field_difference,44325,300,0.00676818950930626,147.75,111
Alpaca2-7B-train.jsonl,25055,197275cdb1dcc3b21b116ec533b729c0bdc3af1dce7683cdc5c63ecce78b4970,8b92dff1cced0301d7af4931afcdfe811be802010150bb745d6552dbfd80f06b,L1_no_recorded_safety_field_difference,44325,300,0.00676818950930626,147.75,112
Alpaca-7B-train.jsonl,7073,8fb47ff8c4c88a1bcda1520c2a9b2966dd8684cc8c76a8d056492ec168cfce36,8466603b26aa15f21c42833b707b4971c6ebcebce9bcf323232e65897c1f79ea,L1_no_recorded_safety_field_difference,44325,300,0.00676818950930626,147.75,113
Alpaca-7B-train.jsonl,5402,1d62233c134ed82dfec9859bb1d0682dcb2acd25c220f0c52e0cb6ce34db371f,e7364a064349e072b375f26a47996737d353b4d77338e0008c5b49f5635e7c89,L1_no_recorded_safety_field_difference,44325,300,0.00676818950930626,147.75,114
Alpaca-7B-train.jsonl,17305,ff85ee6e054802c0e6d6381c8564f43f3f18321b0e75dd9d2c68af210b3815a2,990051697ac2d7a5e36ae287e103e122bc2bd15f6acea6e60e926822b61cf27f,L1_no_recorded_safety_field_difference,44325,300,0.00676818950930626,147.75,115
Alpaca2-7B-train.jsonl,19392,f8075921ca0e05f422ed3325103d9a5dd54f72bf0cc9023d8d859ae466c563d8,5e5c6f019e9cb72b3fa8181579a0688d032de484b24b68e991fe440ee166c533,L1_no_recorded_safety_field_difference,44325,300,0.00676818950930626,147.75,116
Alpaca-7B-train.jsonl,24004,13740236e9e8a7e984f1ea6a6a7d10d4ee48e94cbf686f3789f57ec7ae5efb5e,6fba680b647c102d0f8a34fa48a061bc864b1a6e7ab5bacf25ceff375caf99e5,L1_no_recorded_safety_field_difference,44325,300,0.00676818950930626,147.75,117
Alpaca2-7B-train.jsonl,10172,d6492fe9e2b62520de513f967e58e61d5c417945afc5574911c24e33bbaa7fcb,7c3268f4c7aa879952117721fa96d10e30e19ee24a4dcc1f276f3119af12483c,L1_no_recorded_safety_field_difference,44325,300,0.00676818950930626,147.75,118
Alpaca-7B-train.jsonl,12601,fc6d073a199c289059054d21edf4e68d85f55e4c8acc4388f261d0bb379c8613,6fa82674ace030496a1c33240971f7e2360282588db505734a63ec777d92a80f,L1_no_recorded_safety_field_difference,44325,300,0.00676818950930626,147.75,119
Alpaca2-7B-train.jsonl,22738,9799f5988cc2e7d70f96057fb1ee489bbca5c183336b59273bace9662ac08e94,61d745cc4d1af617893b02fedd8ed01e75ad02d8c36930659798aef1093304e8,L1_no_recorded_safety_field_difference,44325,300,0.00676818950930626,147.75,120
Alpaca-7B-train.jsonl,19987,73f410e774dd282ba2727a3f68efabb7c0fbb6fad8024aa8c6b21e05ca215f8e,2303d18b5679f34eae0646e24204059381c200b78352acd50a827e8f95eb885c,L1_no_recorded_safety_field_difference,44325,300,0.00676818950930626,147.75,121
Alpaca2-7B-train.jsonl,18552,6bfe19b4bda3d00c6013a3f74551ada181c8af93491c1b92e8a6226b45f9c9a4,064f5c5ee17854781d7dc23984ae8ac5577e53c2acb455d0704cd7ac51388d22,L1_no_recorded_safety_field_difference,44325,300,0.00676818950930626,147.75,122
Alpaca-7B-train.jsonl,976,d3a3a68ac3ca59483e21c07a2e9404d274a4e98433ca052585388aab03d2097b,75067f873f8bb0495d54d2eb9c3fefc6a46b14118e325490d99d8168ef34d587,L1_no_recorded_safety_field_difference,44325,300,0.00676818950930626,147.75,123
Alpaca2-7B-train.jsonl,7588,15582ed0152f2acc07e8d03e03cb02b50ce756badb07efde89cb29969e4170bb,1efe75a164f6f26d3e9ef6d1b9e31ce85f8b9344c21fb82bc351558dcf8ae9da,L1_no_recorded_safety_field_difference,44325,300,0.00676818950930626,147.75,124
Alpaca3-8B-train.jsonl,4452,2da14da48fc323408d742466f0bd5fa99964397e341aea1ca8f9be8c1cf2384d,33e0f23d947d08cd705384ee9cb5d994793bfb25de357073962315c415de5130,L1_no_recorded_safety_field_difference,44325,300,0.00676818950930626,147.75,125
Alpaca3-8B-train.jsonl,11529,bd0b469b8d63dae0d9c3f0e21189e616ea3b0399908028fd354b55ee0dabe4a3,dd9a12fea1a012a755e93d4fb19cc6c58070c439bce12d0604dfbea3e4ba3e02,L1_no_recorded_safety_field_difference,44325,300,0.00676818950930626,147.75,126
Alpaca3-8B-train.jsonl,14167,8ec0d878d5e921056ba9fc457a7ad442cc8204ca9ddfb41bf95a670f020855c1,37c83db1d88ebb3552649abdcba13bbad797740fc8ce328453cecd7a78932e22,L1_no_recorded_safety_field_difference,44325,300,0.00676818950930626,147.75,127
Alpaca3-8B-train.jsonl,16754,0c505cac07abdd83e21da0cfd30bc2e5b7420c9ccd626f1f805026e8cef24589,beaf9626cd7c26e39da29f7fa9759dde6e22a72b46e5f58428fcb0b6260bc396,L1_no_recorded_safety_field_difference,44325,300,0.00676818950930626,147.75,128
Alpaca3-8B-train.jsonl,15325,e56a439e62a130f77db5da8cf08f3dbf769ef649656858a7bc0950a7a76bc0a6,53c4490da5b10ca57cac254942cff40e7471efe309142040e815b0f82c782af1,L1_no_recorded_safety_field_difference,44325,300,0.00676818950930626,147.75,129
Alpaca3-8B-train.jsonl,13445,f9bbf47dda36153ae683022922f68c24606489de9cc4b01bc7711f339319e6db,151e73313da15b4b573379c5962be2355fcec887cef0fa49215115772faf607b,L1_no_recorded_safety_field_difference,44325,300,0.00676818950930626,147.75,130
Alpaca-7B-train.jsonl,13089,ea9ede8c8d9cee72dd4ac118a37a9b83e9a2fd6d38933ec05e3836d20efe1756,c21306b7e8061e65281bea6f7634e81d59de0160ecd720b182798caeaeabcdf9,L1_no_recorded_safety_field_difference,44325,300,0.00676818950930626,147.75,131
Alpaca-7B-train.jsonl,9779,52bcaf6c4d3484f58beaa754c633636cee5e40d32c2a76ff4a919e34062df8e7,f733d8b6118f8aa450f9c9563cb30011106204f0d73b040125aa63afc6244012,L1_no_recorded_safety_field_difference,44325,300,0.00676818950930626,147.75,132
Alpaca3-8B-train.jsonl,4900,e64940160975c4869efd56ba3aca8309b5469a97e867c3d75558e28f59a73a62,a9b1e11dabfb764207557a5ea6a9cb8cd09efa8d1cd5f86b152f3e9f1eae2fee,L1_no_recorded_safety_field_difference,44325,300,0.00676818950930626,147.75,133
Alpaca3-8B-train.jsonl,11092,1deb544a008dace4512e0f546d43dcee6d7a61db8dab471cca50b55438517a1c,d1984b2496002ed4f84e9eacee6fcc747a54e1e795b69630ccaccdf677d0fb67,L1_no_recorded_safety_field_difference,44325,300,0.00676818950930626,147.75,134
Alpaca-7B-train.jsonl,11876,a7f4accd427ddf4f0fc3055b646613f05e009a114e2e55a262f2a271d7b9dfbf,ff3ba4f64c28a1381a6dc6597dd1ad0226a952a11332fc3667c5d041103d4d10,L1_no_recorded_safety_field_difference,44325,300,0.00676818950930626,147.75,135
Alpaca3-8B-train.jsonl,7020,ea3752ab285f36472fe7af92f80eeca3b9ab533d0d11420193673ee7cfc0d473,694967fc78880d772c6d553b4284286b11e193c93750caee76880d3c0a4e56d4,L1_no_recorded_safety_field_difference,44325,300,0.00676818950930626,147.75,136
Alpaca2-7B-train.jsonl,1042,7c4b6117f8eeeecbb03102a3d14625e61e054d868af96f301b16abb72d91eff9,bad58f95afa4c501faa8b3cb2f852c3cb69152fdb5b1c0b090c9cfa797b8c39d,L1_no_recorded_safety_field_difference,44325,300,0.00676818950930626,147.75,137
Alpaca-7B-train.jsonl,15209,e69dc33ee014c3016c95e979615bb8bed140a00faeb02e7d5dde805d6eaae32e,c5dcc1e0664e825b148052a92a21f2ef5093ede8f36fe814fd7e88445f8e729c,L1_no_recorded_safety_field_difference,44325,300,0.00676818950930626,147.75,138
Alpaca3-8B-train.jsonl,13280,57269d5624c575c27f4152a18bb9df71a158a65143a7114735cbaf33c1a2f698,1a6b29dfa128afcb062e9a046189dcbe44c3f9c85e63f3365d2cbcfa34e06a09,L1_no_recorded_safety_field_difference,44325,300,0.00676818950930626,147.75,139
Alpaca3-8B-train.jsonl,482,6745978a6889d2ba9bce9c2a864ec87ebada6811b6bb8982dbfa0cdc06fd2296,205304363e6a5fb57399bd60617986989e7899a99dd44b5c7c31c4fd79ab15d9,L1_no_recorded_safety_field_difference,44325,300,0.00676818950930626,147.75,140
Alpaca3-8B-train.jsonl,7164,8224350dfbdf2b50721843962d0e6ec6033fbae8b857ff2b4cab557a2d29d17a,088c7570e726967e4d6e4220d66fe1b068e335db850406020a10868b68ed659a,L1_no_recorded_safety_field_difference,44325,300,0.00676818950930626,147.75,141
Alpaca2-7B-train.jsonl,4809,35aac9232586c5f73f3269b2fe49f6b1fa8d225cc952f979016d797f3a427729,f48bc73fb2f383041b61975db2de4b87ed58cba1340d8a3ee1ec007dd36eea1d,L1_no_recorded_safety_field_difference,44325,300,0.00676818950930626,147.75,142
Alpaca-7B-train.jsonl,1589,d9b7e1b6d8f0a495313023f7256a158497e0779678ab213e34c3bda28fd00460,20358ee060b658290cda329fae80225a6d8162fc3911e005c3ee5f31b749ebe6,L1_no_recorded_safety_field_difference,44325,300,0.00676818950930626,147.75,143
Alpaca2-7B-train.jsonl,8717,db2e9ba640d7381ebce117ba92592a66aa0f979b02356f547c3ae6ac7060c28c,2ce7c748801aa36bbc70a58ceac8a60c01ffb97aa0a0283387fc6679ac266b1e,L1_no_recorded_safety_field_difference,44325,300,0.00676818950930626,147.75,144
Alpaca-7B-train.jsonl,26633,71ff15802dfbcf570037c0c633d843c9a496a7e30fefe969ff86607a5dd8ca77,7d86aee69a2ad42eacb99c932697c33ffc0be4d229d729a30ebdc02fb6baf3d2,L1_no_recorded_safety_field_difference,44325,300,0.00676818950930626,147.75,145
Alpaca3-8B-train.jsonl,14178,5b511d758916bda8f904de4ef830b7d05fadb9adf550102e9e3a58087106f298,38e1349f8f8c585a8e4a2dbb6c4e82e4611da7eae8e410c80eb9f96de704ca8b,L1_no_recorded_safety_field_difference,44325,300,0.00676818950930626,147.75,146
Alpaca-7B-train.jsonl,19189,9b81210e1254d580c5538be6123bf086ac59772d50f8351e7998bbd3c3910ec3,aa4a2e664383a27e17253e56deaf2bb5363c8443a96921ea319f031585f8e29d,L1_no_recorded_safety_field_difference,44325,300,0.00676818950930626,147.75,147
Alpaca2-7B-train.jsonl,2521,e7970e5a4aed54f2e1c30d2f1c6f36dfec0e1fb714d155c8ca6b62399547eeec,d2775dfb9ae9d61032147c8565bafc7cad804394fb05f97fe1215fa87c7fc54b,L1_no_recorded_safety_field_difference,44325,300,0.00676818950930626,147.75,148
Alpaca2-7B-train.jsonl,16012,341935bdd39c5755695c6f15d6c5891ad2fd8f194e35d83a023c191e5967d0fd,1f8994248aea1a11f945e22102b8d8e367527cc2f5bd9bfbd526f337c8720e1b,L1_no_recorded_safety_field_difference,44325,300,0.00676818950930626,147.75,149
Alpaca3-8B-train.jsonl,5558,378ce2c8106745c249ab2253a7f71bedb59d6f968dc8d8c5c698e59ff1bd884d,6e4335bf64ccddf74515ac094f940d88ddb1be9f54375a837db424eb2622c403,L1_no_recorded_safety_field_difference,44325,300,0.00676818950930626,147.75,150
Alpaca3-8B-train.jsonl,13041,4251102b6867c64a30cb8d2f6ada76ab95711d97ecb9242480d8574694c4120a,5a01ffdc8ef7550da697739d551ef1d3929921c412e36ea65624f1eb868ee1e3,L1_no_recorded_safety_field_difference,44325,300,0.00676818950930626,147.75,151
Alpaca2-7B-train.jsonl,7700,dd4ea9bee2e8182abd53d7973e27095ffadebbcb7fab62659a39dd797db3e099,77ff191840bd2a61921ed699a4688e09195ef4b0fc4a405fdf7a61d0792027cb,L1_no_recorded_safety_field_difference,44325,300,0.00676818950930626,147.75,152
Alpaca2-7B-train.jsonl,11537,dc4574529627db0aa904fb6c6a43ba5c127781d53b097be790ca488551ff6c20,ef7edbfa0a0c9cc972bba4a80d486d3b0410f0241e69853861ea22b9e482ebbb,L1_no_recorded_safety_field_difference,44325,300,0.00676818950930626,147.75,153
Alpaca3-8B-train.jsonl,2144,f74e83d948f9f2cb339f071036be38c4b5d751b4768b53abf4ffe06a5e8ffb4e,4877a5a73db3612db079b2560583059aef4f4b08adca9501de3c417447c42296,L1_no_recorded_safety_field_difference,44325,300,0.00676818950930626,147.75,154
Alpaca3-8B-train.jsonl,3554,f208ff7c98ad4c8c72bdab405e0a7d7973f0a0cb1c3a6f7278fb81dc56aa1779,57cf70f400c8ed7e2f29fd3a66bd7121fcb142a2d50b800466f4f09f3ff29bee,L1_no_recorded_safety_field_difference,44325,300,0.00676818950930626,147.75,155
Alpaca2-7B-train.jsonl,25457,e24a4170abd3c6bd576431c810458bfeb7d2679f1c418558d335a35da615978b,8f256ec3ccc814042ff1b7db525cf58a1cdccdea48b3f9428c6403e3e02b41d4,L1_no_recorded_safety_field_difference,44325,300,0.00676818950930626,147.75,156
Alpaca3-8B-train.jsonl,20052,e837fffbc328290c1af4154d8f3cfb7f24fca5eeabe80e54b1bbe1004e5164d3,b780cbb20834b64bcb85237e92326a59ef9699c146688ff04de774160ab633d3,L1_no_recorded_safety_field_difference,44325,300,0.00676818950930626,147.75,157
Alpaca-7B-train.jsonl,5767,2222fa1a19494bff4e1c841fbefc979bb735b7f684aafaef168792a86e7131e7,6705d3f9f39f2a2ac91343a34bea951ce75288c5ed5d214e418db7d9ad348f23,L1_no_recorded_safety_field_difference,44325,300,0.00676818950930626,147.75,158
Alpaca-7B-train.jsonl,23064,64921a539adc394a93c84db4058faa02db6163f6008a35a770201d8309104b10,2dc614f12d82ef7fe81cf8ef3b5b7ff88a937d63cb8703a9846cd6772afa80e8,L1_no_recorded_safety_field_difference,44325,300,0.00676818950930626,147.75,159
Alpaca2-7B-train.jsonl,13726,4b392c0f8798bf9b40a591180cc32491e38fa1397440430f6d38cc1ecb04a2be,a8f78a28468eb4e979f981063630ff6979411e8fc3221f1ce666282df41ec44e,L1_no_recorded_safety_field_difference,44325,300,0.00676818950930626,147.75,160
Alpaca3-8B-train.jsonl,17286,c10cc7f296672e139b732ccecaf6f73e30174a4bb9ec6a0322ac74bea2b3b348,68182d63ef1374920a49bdfb78e01f0ef38646fa845e9e1d465736f56ca6888e,L1_no_recorded_safety_field_difference,44325,300,0.00676818950930626,147.75,161
Alpaca3-8B-train.jsonl,14842,eceb4017dc41ad1dea4e604b22e9af525a0bc22e93b6a1c5efbca06e415471ad,819b57363d7860aa1d2413e3efbccbbb12ba220caa67f7f8bd1aad11f86d1ed9,L1_no_recorded_safety_field_difference,44325,300,0.00676818950930626,147.75,162
Alpaca-7B-train.jsonl,19599,80de3320fbf8b446ff3129f9fe83bcf8e6e19d88349e49f05d7b2f581661b183,6bf42f2e5d000296e1874793116ec6455922d4b55379039ed889c74b14831d06,L1_no_recorded_safety_field_difference,44325,300,0.00676818950930626,147.75,163
Alpaca3-8B-train.jsonl,14457,54fab3f82ab8397383b5c45ad719e1b6832cff90f62c682ba911b0df82e97c59,a402371c34dab4e266517e85909d4e7d4f1b3c5eb163b21f72f5b28611d333f6,L1_no_recorded_safety_field_difference,44325,300,0.00676818950930626,147.75,164
Alpaca3-8B-train.jsonl,2343,c5da65dab55197312a40064ca3e23e6deafa5f08943e9c5fff7f9a6e48116f11,e5d787e4ecd91e342e0b84145d97dc5b1002158be8a650ec0d8b4f189c50e0d1,L1_no_recorded_safety_field_difference,44325,300,0.00676818950930626,147.75,165
Alpaca3-8B-train.jsonl,12600,040345710eb3669a1abe2968ddfd26b6153f84c9b88920bd616e896e607041d8,82bbca9ec4b221f55b30a1987fbb44069f0374d4c54eff1a5264c8e0adfe55e0,L1_no_recorded_safety_field_difference,44325,300,0.00676818950930626,147.75,166
Alpaca3-8B-train.jsonl,16236,8e141720d419ca6eb6cf985d7876a16e6e1a40e5f727a3883c510bbcf840b77d,9fe7de56cfa00944ac232af6e560fe2ada4cff597dff3c2ea5eb7fb8292c0fc4,L1_no_recorded_safety_field_difference,44325,300,0.00676818950930626,147.75,167
Alpaca3-8B-train.jsonl,5138,7355a58cdb33ff57ee77818dff7fdad677f8dd590206cd9062d3428adbb81515,c7317ecfca825ac3fd9515e8f94a451725147aedeb30ffbba64bbfed98d21560,L1_no_recorded_safety_field_difference,44325,300,0.00676818950930626,147.75,168
Alpaca3-8B-train.jsonl,9158,7c6385b1ea05e3217750ac59f522ad451f44f8dfa465193298f816d7f6760a57,46f79fbd67c288df8c4855dfccd0247a87071a96d6a349adc0d4734dcf7844dd,L1_no_recorded_safety_field_difference,44325,300,0.00676818950930626,147.75,169
Alpaca2-7B-train.jsonl,12155,060b67b4a06c93e1a0f68dbdf7ad07262418718a648e7a11e2ec3d8138779a41,3f9af77261a796291b472c16251aca9c0c496a06ec7cc27fe5ed5362a1f3f9e4,L1_no_recorded_safety_field_difference,44325,300,0.00676818950930626,147.75,170
Alpaca-7B-train.jsonl,8746,98eaa8f8d2949c3361b437059430fb22bda1ed0e330a6e8906a7a0aef9a2b258,a4925bb7ff53f78f956207de80922fbd599a67e3254620c943cbf0f51f9ce3d0,L1_no_recorded_safety_field_difference,44325,300,0.00676818950930626,147.75,171
Alpaca-7B-train.jsonl,8323,46bf7827eab4912e8d211e62b7b4d093692e775d69ddbad70a4fd00f84c59835,dc8ad1277a6e22cce433a961bf1b9c9a1a7d2cf1b0a2dc01e469db9829a09d70,L1_no_recorded_safety_field_difference,44325,300,0.00676818950930626,147.75,172
Alpaca-7B-train.jsonl,21208,4ba426037e6745d23b53035d2c5272889cc1fe21f2d5a7908708305a7cebfc39,8dbf4b4e253a44606445af3842b9af6e3343ece0ab4b04db8285f1d752967ba2,L1_no_recorded_safety_field_difference,44325,300,0.00676818950930626,147.75,173
Alpaca2-7B-train.jsonl,8603,7d7b437ff2cbe685f8a4b225d8c03e7bdfc46dafe98335474967c2434b823e33,75679c796c8967384fbff1a8e4d252edbf75eeaa781012db820012749655e8a4,L1_no_recorded_safety_field_difference,44325,300,0.00676818950930626,147.75,174
Alpaca3-8B-train.jsonl,11202,a50cf42f9bb195869c28f493ab798806016d59e9812a12dcc68fe8a2aaeece26,b75727a6abfccbd5bd5f98ca5d56d7de81fec226f4a6a29608d73075ece9885e,L1_no_recorded_safety_field_difference,44325,300,0.00676818950930626,147.75,175
Alpaca3-8B-train.jsonl,14949,3b8af3da9c0b249f69ab819dbefa704c08512a45a05844b28e309fb5f8242753,360101a53390a0c2945c6369cc8a14b078278b3b8093618d683fca86edf685fe,L1_no_recorded_safety_field_difference,44325,300,0.00676818950930626,147.75,176
Alpaca3-8B-train.jsonl,688,c5e69ab790cf95d6f0852bc73dfc094cdac8f4cf50fe1386644b55109139b943,2bae39c68b872f58033625ab8ee8a4e846b0ac2627b7e48cddac1b9dec9829a2,L1_no_recorded_safety_field_difference,44325,300,0.00676818950930626,147.75,177
Alpaca2-7B-train.jsonl,11634,79e2cfa6d3624059018c723dd547727ecfc4f4078a66579c8af8fee0a2badfba,b9ea8d7262d4eecabb48d9221707dd82a20e645ddcadf715de5a1cfbd7e4c6ea,L1_no_recorded_safety_field_difference,44325,300,0.00676818950930626,147.75,178
Alpaca2-7B-train.jsonl,805,6962973857c5f10147d37d259e96a0e51f78fcd46b1de4139edf9e22a4945036,72822e6fe7a2423c5f77ce2650fc1e0bc9dac2ff10322fdcca7bbc2c77cd03c7,L1_no_recorded_safety_field_difference,44325,300,0.00676818950930626,147.75,179
Alpaca2-7B-train.jsonl,941,bce93e7849a7942411609ef73bcecad3fc53d40f16f6a693bae814596c1beabe,8eebfe83967e3842f158d2732a285d5fbbfbba877585a06043b07fedada3c2ea,L1_no_recorded_safety_field_difference,44325,300,0.00676818950930626,147.75,180
Alpaca3-8B-train.jsonl,13271,47732817b484fc25f496ea6db57f603eadd0fb72b9e47f257ca4df4cc7bd36e5,fdc219642c42398ecae7f3743071c083cbc845dac3c00eaedf0011c3ccfe3181,L1_no_recorded_safety_field_difference,44325,300,0.00676818950930626,147.75,181
Alpaca-7B-train.jsonl,14127,f276bf9235e895c26d64f630a6bd45a3934498c46c8848db3fa0e1b4f1399fd3,86af219b522a0da12cfee1faa9e65d4c414443fa6f01430f737bc0d2acdd0bb0,L1_no_recorded_safety_field_difference,44325,300,0.00676818950930626,147.75,182
Alpaca2-7B-train.jsonl,12092,ce492fda9018e5890295127b34533c21dd4f434257f03e191ae59c80a4224d62,2688f7df9267342e68a5ec89f598108798362edf8422249868322e5e80597826,L1_no_recorded_safety_field_difference,44325,300,0.00676818950930626,147.75,183
Alpaca-7B-train.jsonl,19815,c53e9c7e02852ba0732e61994745d7db295e29897a4eb9ad3262dd25aafd1b57,d3830d19e0541a80f6f3597399cd4dcbbea8e4adcedecabd2de7da2a97bd6529,L1_no_recorded_safety_field_difference,44325,300,0.00676818950930626,147.75,184
Alpaca2-7B-train.jsonl,17962,9fefd6d22609d5f9b1c0e6be1baae0fecd778abc8658a07c8ea2c3f11a2f5607,7f3cd7f36b5bb93b1d30a21d6438b66811d15e7dcbcf8a44a556ed631d487802,L1_no_recorded_safety_field_difference,44325,300,0.00676818950930626,147.75,185
Alpaca2-7B-train.jsonl,19201,4d4896784f3e27f67a451161f8cb46df260c63a34d7d01e7a1abf7c3d28043e2,e9c4d1be9628c1a15a1630787da3de212f3a6326d6999c128be1101a495df7c6,L1_no_recorded_safety_field_difference,44325,300,0.00676818950930626,147.75,186
Alpaca3-8B-train.jsonl,2496,7c2155846aca4b288011b658c83ff24dfb3fa83765243102d1e675ce7d885495,eb8f0213c34eda6f3f876231cddcba69bad254d955e865c4c2ca2909888b98fd,L1_no_recorded_safety_field_difference,44325,300,0.00676818950930626,147.75,187
Alpaca-7B-train.jsonl,19584,63b7c7113b918862982863861ca4735d5b0a45d2f06df182b79c91a6e9d35b78,c3d26b9e06081f9241541edbfea0b63834e730306632a2a467cfa279428982b4,L1_no_recorded_safety_field_difference,44325,300,0.00676818950930626,147.75,188
Alpaca3-8B-train.jsonl,3757,cd0ce8baf07025264d0d8d552fd332029727ef3659863c4dfe56b591cf3e19d4,20f1812ed9a0f769cfff31572e710b29364d6b3fe4f40a03a6e2d7820c4a2c2f,L1_no_recorded_safety_field_difference,44325,300,0.00676818950930626,147.75,189
Alpaca3-8B-train.jsonl,14358,b89d8128af1b2bef2d2c406e1c15496a293adb479594b51f17ef3d5edccf9a9f,8d1533120c6e8b950bae597cbff8fcb75ebae7597ddea0d57a05787d89fb08c4,L1_no_recorded_safety_field_difference,44325,300,0.00676818950930626,147.75,190
Alpaca-7B-train.jsonl,26442,8343fe68b89091fc2f52106ca485a5276be8e6092f8eff6e6aef2d8293e4a481,57cf7ce279153c82ed4e04561ec2130cab4f0da2b7b4ce45df788dd2e69a3d83,L1_no_recorded_safety_field_difference,44325,300,0.00676818950930626,147.75,191
Alpaca3-8B-train.jsonl,6336,27afce72cf9f84f7d565cfc52be9bbf2dd7eab4dd15e74820246387982f6744b,8363a5f9cc827beb396721b67dfab8d8bf7f285a0df41403891edf9d9067c245,L1_no_recorded_safety_field_difference,44325,300,0.00676818950930626,147.75,192
Alpaca-7B-train.jsonl,3609,eeec8a47c45177282a5d3675ca8a78bf4123fb18b3214d05cc080e70d30646d5,109fe8ed750282a36821f7a893741a0a55445d4da2120c6bcff90cf61effcb06,L1_no_recorded_safety_field_difference,44325,300,0.00676818950930626,147.75,193
Alpaca2-7B-train.jsonl,23409,6519ae88ec5f61fff1d1d4f2dba556fc40b76dfcc14a25d6443206a25f958b6d,f9481a5b436784db31370556787b7fc8fe52172cf72e1dc515d40bc69ff944c7,L1_no_recorded_safety_field_difference,44325,300,0.00676818950930626,147.75,194
Alpaca2-7B-train.jsonl,13035,e28342224fa5a948556a00c843d1155535e6fa9a7fe69709f1e6ff5a8cc0dd70,d03ff45450933d6e593a37f1993bce4cfead7c67830a43dcb728491be91109bf,L1_no_recorded_safety_field_difference,44325,300,0.00676818950930626,147.75,195
Alpaca3-8B-train.jsonl,1973,e65bdacb2aaefbf815dba97f9d92601d3ac0643cd82e99f6cc22adf981cc7ca4,710073c0578ba8febc506db22c20208bc3411da9fa5d0238027c40d746ef4e9d,L1_no_recorded_safety_field_difference,44325,300,0.00676818950930626,147.75,196
Alpaca-7B-train.jsonl,2585,9ac2555d9697cfb93be2d2d0dc4e62b7879f97ca7e94af90916d0b068ea53b48,f3acc18b2d536bb5df39e7a220cf3b13b44b635fa225e18e93c648b6ff02d744,L1_no_recorded_safety_field_difference,44325,300,0.00676818950930626,147.75,197
Alpaca-7B-train.jsonl,22921,bf0f68dcd7fd8592ae08394c5092e38961b9cbb642703e6d9f8194435ece7848,f52994d3717ec521833d42a71ad16a040f7e043e5103674fa57919d2ac4c71a6,L1_no_recorded_safety_field_difference,44325,300,0.00676818950930626,147.75,198
Alpaca2-7B-train.jsonl,13234,ccd3aa6daa185ea8db9401e82d5dd83c2ab970dae0adb869be7c0b9c3a55d5a8,f9a185bdd30a81d75f6ef0fb61c90c41f3448266b453e3eecf05f2a968b59439,L1_no_recorded_safety_field_difference,44325,300,0.00676818950930626,147.75,199
Alpaca3-8B-train.jsonl,15052,d6835b468160da322bdc6816a32ee1820974e4c8a6530daed42fc1266430a051,d655722b957aa01f7fcc64130b4229028d22f2d46b1dd27e7a1f9dd2f15def8d,L1_no_recorded_safety_field_difference,44325,300,0.00676818950930626,147.75,200
Alpaca3-8B-train.jsonl,14994,925d7cc5fee072b708ad471dba3acd52b39bd6f66135387f69f2a4c7d3ed97ea,fea2955a2b2e05edcb162d03fa621cc9d0dd8f815dc01ba8a715dd353d3f07df,L1_no_recorded_safety_field_difference,44325,300,0.00676818950930626,147.75,201
Alpaca-7B-train.jsonl,22735,dfb4dc93fa51af0e52bcf01b7926d080df228c1c31287e901b166cd13f8e74ea,d12c36d5ff7cdff6c866c55891c9832e5e6ca3aceb8a309fa8302193067f734b,L1_no_recorded_safety_field_difference,44325,300,0.00676818950930626,147.75,202
Alpaca2-7B-train.jsonl,3153,e0525efa648b97d3f8ba1c274c61b0ded2f39a66dabe2e660197f65b3603dd7a,236e6b43df2e20b2fe1a5fb793c4dec0bd641e9e227d2cb6dcfbe71e4a4a7796,L1_no_recorded_safety_field_difference,44325,300,0.00676818950930626,147.75,203
Alpaca2-7B-train.jsonl,11257,98e310f273eb1372f1871c45de68ac517473a7946f46098824c5c1d87fd4cb5b,8873515d79f7e0eabc0f973a8bea4755a6465affe540c363c062786c8633b2e8,L1_no_recorded_safety_field_difference,44325,300,0.00676818950930626,147.75,204
Alpaca3-8B-train.jsonl,18279,a2be51436eec6be15bdde0bdf0fe3832c1bfde381f9c00713a84c5b84c5a9f40,e6827446b0997bca682eebebc55280d681db60c7dcf7696e585caac9d0d88707,L1_no_recorded_safety_field_difference,44325,300,0.00676818950930626,147.75,205
Alpaca-7B-train.jsonl,13908,aaf74b03e4bb9ae3043ec2ce622a0304471d858289c26ba48c165f4f3090823b,ea81b3e1356481e9ef3d015768c748989b5b7acbf5aaa22371dba9f632d000ac,L1_no_recorded_safety_field_difference,44325,300,0.00676818950930626,147.75,206
Alpaca-7B-train.jsonl,21521,c8084e3dfd94f6836f9e2eb8983fe32275518283c411e4b4c7ab78cd7b1c6b2e,ef3ef07af94af62142ae28c1392198bc57d8ad05162c1d9a59023a4a567a439f,L1_no_recorded_safety_field_difference,44325,300,0.00676818950930626,147.75,207
Alpaca2-7B-train.jsonl,10782,0c62937575150117ef6decfca988b9b33a543cc3ba5853957c41212cb67f85e4,7a347403e9402cc8a6709ae41caf4970ab34a701f840df7cc64246b002c2eea2,L1_no_recorded_safety_field_difference,44325,300,0.00676818950930626,147.75,208
Alpaca-7B-train.jsonl,6357,55c797618afc0424257ba79cb00926af8cde655f7890ce9d1ed1394a27320e2a,c50853ebbe1fdcdfcddd40af0e9cb54ef0c894c3b974433df411116ffbb671eb,L1_no_recorded_safety_field_difference,44325,300,0.00676818950930626,147.75,209
Alpaca-7B-train.jsonl,6433,e9a6c9a9afef64a68d256f60bea445ebbfe23da64bfb3ca5d94e2474b80302ef,5824447c7dbdd950f3a5f73f7253388da2a1e9afc587d88aa3b19222a42eaff5,L1_no_recorded_safety_field_difference,44325,300,0.00676818950930626,147.75,210
Alpaca-7B-train.jsonl,21271,68f2ab37f9492dccdfad5265ddd3a77863d7eda591b5768b16e3ef44a190d2d7,f0069ff685067780339e7ecf3c47dbf08fa30d02675f8cf8debf9cd77543fb39,L1_no_recorded_safety_field_difference,44325,300,0.00676818950930626,147.75,211
Alpaca-7B-train.jsonl,12009,1cdc33bdcb4d58f3e8a3d4f2dd88b3970c4dc4f4b2c63684c3b716ffe6a9286c,fd381002826bf56ed454231750b39c5d9612157b00bc83261af337a3f38cc4c8,L1_no_recorded_safety_field_difference,44325,300,0.00676818950930626,147.75,212
Alpaca-7B-train.jsonl,4594,cc2e4d0779b7437ad65143409afa912b20583210a6249882aaa6f1a3bce71857,3064865a141c22516cdb01931d3488d54cb685b3ca030ef3e90edc71e2b58892,L1_no_recorded_safety_field_difference,44325,300,0.00676818950930626,147.75,213
Alpaca-7B-train.jsonl,16866,5151637ced000d930b360c881bba92ba202d022cd3ef0be420fbaa180d612028,7d8a33429e30d8e16faeb11f1e2edfebd212dde992fe89c671a77a0aaeb9fd57,L1_no_recorded_safety_field_difference,44325,300,0.00676818950930626,147.75,214
Alpaca2-7B-train.jsonl,18438,4873d0dc853b1050ea01c0b66855069bbf5b60075a08108606cb2e19a71edee7,5a180bc801fc8774e05b5329adf33ba4dee7aad5d516b13e6bebeb4c7229915b,L1_no_recorded_safety_field_difference,44325,300,0.00676818950930626,147.75,215
Alpaca-7B-train.jsonl,4293,4342738c6f9334d4acf9ce80a8ee3792a15928416f93039538a9e79465bd94bb,794ad64f515115d4f5cc45da91ab0d3c8366fbdfbd32ae1b9f8124681e48dd05,L1_no_recorded_safety_field_difference,44325,300,0.00676818950930626,147.75,216
Alpaca3-8B-train.jsonl,7888,f6e228d1fc15d5ede88215e442cd543cb5f96c9244bdf953ea0544c8dd4996c7,26e0aacd04b65779c4af6f9b52ca6f00fd47c622c5cb55318f6bf71b73836101,L1_no_recorded_safety_field_difference,44325,300,0.00676818950930626,147.75,217
Alpaca2-7B-train.jsonl,15416,355ade6c4d94c840a69ac2ee4448554b206d5885160512c68e8805f721d37394,f0d8ed2850e16f4982fd23d0df757ba1237d272059d54082bdd4244c202044c8,L1_no_recorded_safety_field_difference,44325,300,0.00676818950930626,147.75,218
Alpaca-7B-train.jsonl,1927,036ceeb4821af8229d8868427317291eae1e64e2f4d26b9d85f554930fe798ec,98987b246b83fe8c8c71797b35611dfae22cc9ed3758de61c563383f2539ee61,L1_no_recorded_safety_field_difference,44325,300,0.00676818950930626,147.75,219
Alpaca2-7B-train.jsonl,21197,73a4592db688995f0a43f73e9e38834f481e612c642a5809baa70707672caac6,908023d55573333791faa7f67a8ad1be27a95a80a312492add4f4ff23caf0bf2,L1_no_recorded_safety_field_difference,44325,300,0.00676818950930626,147.75,220
Alpaca2-7B-train.jsonl,12481,a9418b43c3a20c7922da07c3119c5f5bc610b660b214378fb780d50d85f9f0d4,c5e0a05017b2e2cd7438099662a342e3c2c32dcd48d05a84188227b7beb62f7d,L1_no_recorded_safety_field_difference,44325,300,0.00676818950930626,147.75,221
Alpaca3-8B-train.jsonl,8952,7a1335fb28587013ec6228ce4b228d119bd10d26113a0004359ba31b09563059,dbe4e2082c72881ee9dbcc607baa5a2b329ea9318b28f9070d5a9ae45f85125a,L1_no_recorded_safety_field_difference,44325,300,0.00676818950930626,147.75,222
Alpaca3-8B-train.jsonl,4517,f52235b18b8ad1eebeffdbe8b028fae74c368d7b99ac15ebe1f30951096efe51,990eb0e728871980b249706d6d58c7b0d77502530a2bf76009df1b066e985483,L1_no_recorded_safety_field_difference,44325,300,0.00676818950930626,147.75,223
Alpaca2-7B-train.jsonl,7761,0caa4a0099c43fb43a383249b6eb151edcd721dce47ab4139120697f4bf54522,97213c8ed9332403f0e6031ddd3a34d07fc5880f363a1d38bdb8fb68546db51d,L1_no_recorded_safety_field_difference,44325,300,0.00676818950930626,147.75,224
Alpaca2-7B-train.jsonl,24719,9e94819a8f31e32c99185900e17db1911379efe2170d3ec7e46790748b35114b,dca04895dc155387be4dea7391d1d30e48a2776c7ca0560fbd21de02a24f3079,L1_no_recorded_safety_field_difference,44325,300,0.00676818950930626,147.75,225
Alpaca-7B-train.jsonl,15763,2d7703d839546266f2ce837bacb5490b6e107caa13b8cf212ae3a26c47435bca,4146453b5fcf77a06a792fdaec3381a1d161d1216e78632b2af41fb2a054435f,L1_no_recorded_safety_field_difference,44325,300,0.00676818950930626,147.75,226
Alpaca3-8B-train.jsonl,5584,1924ef4cc81ee6985a6d76ba7d68fc2d9ea900d720cfa1fb2c78a822dfd20d5e,466ed98a1bde90767a7d03c17b1fea041fc9743fbb38abe941ce5d4be3007b3f,L1_no_recorded_safety_field_difference,44325,300,0.00676818950930626,147.75,227
Alpaca2-7B-train.jsonl,23932,3bb786b1ff45504cf6955ccdaac8222165915236173334f1c81b5be294fa97c8,31123c46b57b16d306df4695f7678f0f9f74d7e6d04a7c2526eb4e03b32356ed,L1_no_recorded_safety_field_difference,44325,300,0.00676818950930626,147.75,228
Alpaca3-8B-train.jsonl,5805,f96b2a640090f35eafe067a1a16bd50b7d07688d6f0fa9cae54d70c6b8f5e51c,9519d77d9295aacab996273720f7e6e11074f2e32649eab2bdf722d71ea69276,L1_no_recorded_safety_field_difference,44325,300,0.00676818950930626,147.75,229
Alpaca2-7B-train.jsonl,17070,ebd659a5532920d8cfe21c477687494b732e6aff47d7195e1e6e632aaac98b1e,708981e2055177001d50c3f82aaa296a69634c4d8c8b4f2233a3b35beb98e603,L1_no_recorded_safety_field_difference,44325,300,0.00676818950930626,147.75,230
Alpaca2-7B-train.jsonl,19647,697dbf7f3e03d9c5597c49f6f72747049d66a602a3835d13b875fe594a0fcfd4,4b9a13d438173710eca38ebb5fe0aa83e3cf4833863530d6061e6f684acd2e37,L1_no_recorded_safety_field_difference,44325,300,0.00676818950930626,147.75,231
Alpaca-7B-train.jsonl,24552,ea6286971fd07ba507bfd9542ea1cbabd2fa122c9db2179d755b37d6c12d828e,4956e398711f53a3b95d3b185854be29c66f33fc1017101472186ade68fa9743,L1_no_recorded_safety_field_difference,44325,300,0.00676818950930626,147.75,232
Alpaca-7B-train.jsonl,5092,82b30f8df3ee16614f41d80da22a46d210a9ea5594167e629612681a07f1fcfb,252ddb78b2d26b78f630aee681dce92695e20d6a632ce212cb76520422ed14b3,L1_no_recorded_safety_field_difference,44325,300,0.00676818950930626,147.75,233
Alpaca2-7B-train.jsonl,522,c4ef7c395dc9a90748e4d25adb146376064089834cc4d01bb5e578ee817697b0,c280c4cb33ad1c80a077922d251b62df0f6427618807d8e7c3bc873d6fb17db1,L1_no_recorded_safety_field_difference,44325,300,0.00676818950930626,147.75,234
Alpaca2-7B-train.jsonl,17581,417fae6b6f3da532b9ededdd0eaf758c09990b3ad361ff640a7c8d7ddca00895,f128bc17fad028958ef1ee1d946ade5760ae3b8e2197970bee1701889a3eb486,L1_no_recorded_safety_field_difference,44325,300,0.00676818950930626,147.75,235
Alpaca2-7B-train.jsonl,12478,3615b5c7f8e03aeec49492dc07dd7f1907975a3a33183c4846b8ba1e8a9ff12b,bce8b66b5a8e4aeeb3bb2bdd0800d4decffefa29566f96c8ee1e50f8a5a01f22,L1_no_recorded_safety_field_difference,44325,300,0.00676818950930626,147.75,236
Alpaca-7B-train.jsonl,1964,e06a7bb2e949b6801c579898d8d3c19b600d0c93b09dc6ef462ce0284f86f90c,c064840ecb9f649c03f59fd155ee5830f231fcfbd5611fbb418d7c9cd1ee7c06,L1_no_recorded_safety_field_difference,44325,300,0.00676818950930626,147.75,237
Alpaca-7B-train.jsonl,12740,4889700e2bd97d9410c332576408e65570864d7a5f854bc741f625b60028d86d,d4aad51743463b5f338e41ea949c456dea474b6791d6a1ce680083830cfc3070,L1_no_recorded_safety_field_difference,44325,300,0.00676818950930626,147.75,238
Alpaca2-7B-train.jsonl,6745,b8c6eb21f8b5b69050081e100b2170059f81ae9750ff88fb633119a8249c84c6,fc1e12cd01d44162a26ece4a7055ed28f4a1da233ef9ed0b591770eb280eec8c,L1_no_recorded_safety_field_difference,44325,300,0.00676818950930626,147.75,239
Alpaca2-7B-train.jsonl,23262,87ca28d979f96f29f88d400c7fc2d0152f87ed566751f7e12e72c6b7f4ab0e1f,e52ae7197809e90865506b232a4556e280b1f95cda0549d81d7c59ef58b12fd0,L1_no_recorded_safety_field_difference,44325,300,0.00676818950930626,147.75,240
Alpaca2-7B-train.jsonl,453,8f1538d6a51118f0c683b44d3c2b8d1ce6e4ddd10ec10e8c45a90d25385b4831,ad3adf6be98965f92dfe9e1108a8c64a1ba26856ade427f9587c1d18622a3ae4,L1_no_recorded_safety_field_difference,44325,300,0.00676818950930626,147.75,241
Alpaca3-8B-train.jsonl,17650,2c370a58f22ff32deeb9b3ed9d89ab6edde9377ff41142e224c7c862c013114e,7947486857ff9ea2cdf2ed3d1d30f2e18c68b8a4af731bd534fd722da192d51c,L1_no_recorded_safety_field_difference,44325,300,0.00676818950930626,147.75,242
Alpaca-7B-train.jsonl,8685,c2658f92dc0b3ebb676ae4fa6e2512acace78587fd02e15ead9a6c0b9472f06f,c13a8e3e69efd7f724046c650eae8332992ef92feeaf5ab6fb325e17d09173cb,L1_no_recorded_safety_field_difference,44325,300,0.00676818950930626,147.75,243
Alpaca2-7B-train.jsonl,14737,40c551ee07a67aba77f7361059267499928cc495d1236a560bb879c7d3dd73f3,250afc71b8d010429c82a84ecd892441442cdbea119a16114d13e1a603956946,L1_no_recorded_safety_field_difference,44325,300,0.00676818950930626,147.75,244
Alpaca3-8B-train.jsonl,8985,7abfccc2b66f8b001ebbe7e1bd47a623003846d4228b74b99e00284001d43484,db43d4ea4de9171a7fa484ab3f29a447830db4a11251f6a8baaeaf774f2d8e8b,L1_no_recorded_safety_field_difference,44325,300,0.00676818950930626,147.75,245
Alpaca-7B-train.jsonl,13899,bad24c164b3d42bd454e7d38cc35dc31d75715fc028ef7e6477106da03377b04,7bf154969dc10f1073cf11ff3c3a39129a51021184924c299ffb545cb9d3feef,L1_no_recorded_safety_field_difference,44325,300,0.00676818950930626,147.75,246
Alpaca-7B-train.jsonl,16048,39986c70835638fc6a2e4646c97e1694fe0a912c98b13b2d8a7ec2493e9a7c49,db7f189797826192e85bd422e30bf63d695712072df07df02945bd44183fb2c5,L1_no_recorded_safety_field_difference,44325,300,0.00676818950930626,147.75,247
Alpaca2-7B-train.jsonl,9429,bfa405490ca54dde50578ae62d1b62c5de40b193d887fdec1077ccba762a3c6f,d84e649c8b17b15361e8d2b3b5850d1ea39c6f408d4c2a4a49ca5c73e3051cc5,L1_no_recorded_safety_field_difference,44325,300,0.00676818950930626,147.75,248
Alpaca-7B-train.jsonl,26257,c12553ad512d654586725a82698fdbbd702d88d96681431b5bd740e1a0ce5900,96857fa5cdc99dd3a39b3e6ca73ac17b1cf37363b9bdf22ced01583db2bdff9a,L1_no_recorded_safety_field_difference,44325,300,0.00676818950930626,147.75,249
Alpaca3-8B-train.jsonl,12082,a93254dd0dd1f747a71f386c6ab9181a0415f368597cf17c1cdf44c1a7183543,7bfed852551d6a96a667e3f221605dc2ddc3e164b759851dbbd4b26112e9d6ed,L1_no_recorded_safety_field_difference,44325,300,0.00676818950930626,147.75,250
Alpaca-7B-train.jsonl,8565,5ab91b4a1977ab87f95fbfa026cc5425345d6fb628700692ce06ab0cbc03dd61,437f3b9399ff1546483627ce153694740325985744e20997410ff6bb581bfdbb,L1_no_recorded_safety_field_difference,44325,300,0.00676818950930626,147.75,251
Alpaca2-7B-train.jsonl,21723,a5eb7619db1fd6d925bc397b699d22d12571a6da2bfc4ee90949eda2f8871acf,e28263e87874813f0c3d06c9f3b58c03fc68f1fc88ed9252650a62c4ec816961,L1_no_recorded_safety_field_difference,44325,300,0.00676818950930626,147.75,252
Alpaca-7B-train.jsonl,25125,73a3436b8f7dd75a263baf343910e17f9c711934e9950bfeb8d1219ae517a8c1,029fb65fdae1e6734859abba83e32c5aa58d04e74bec578d9a18d572d5e63c0c,L1_no_recorded_safety_field_difference,44325,300,0.00676818950930626,147.75,253
Alpaca3-8B-train.jsonl,12934,4cc617aca73dc0a3bec7b490986b170af72791e4aa8311e8a894aaa7f1496504,4c4e66b21f9621cce3371330f8ccf59b21641d55f0b052cf74ba06b0ea5e4b7a,L1_no_recorded_safety_field_difference,44325,300,0.00676818950930626,147.75,254
Alpaca2-7B-train.jsonl,13355,61e1ae79f416d6ae4d275f8e87068a3f22bc25c30707259dfc5d2c8f9610dd11,b70db7e76a8874953848d11081be071edf7cbd26aa75d20451dada651049e1c8,L1_no_recorded_safety_field_difference,44325,300,0.00676818950930626,147.75,255
Alpaca2-7B-train.jsonl,18166,331bca829730e699755c2211eed23d2a2ec4d9eaf166205e352b30a397bf5d02,c4981c2084bd1bda6868838e23964f7396b0545779e1e5991a8be5aebc5cd7fa,L1_no_recorded_safety_field_difference,44325,300,0.00676818950930626,147.75,256
Alpaca-7B-train.jsonl,19641,b9ea85eef27f90c8215b7715a62d7d7ab94be72e003436cf4a8c2ede2e59339d,8c50323cb55b416ac8e44bedb8a1b4f05541ba6258f263eec2f655f76b7c2c21,L1_no_recorded_safety_field_difference,44325,300,0.00676818950930626,147.75,257
Alpaca-7B-train.jsonl,4490,1be9bfcbd51f07014787a9e6d004f008f072bf17ff5c27bfd8a3b1e1038ea052,5724ec756864020fb9ffadbeef228edc19ce21ac89b59dcff24fbc01ca08b3bb,L1_no_recorded_safety_field_difference,44325,300,0.00676818950930626,147.75,258
Alpaca2-7B-train.jsonl,15055,b6e3b1b7f781f4cd12b4191a91d908bd9016d2151e74cf620c2283d7d606fecc,8bd2c57d2ea65469acd0bdf2cfcd50d6abee5ce837b7b784c11a702152fd3279,L1_no_recorded_safety_field_difference,44325,300,0.00676818950930626,147.75,259
Alpaca2-7B-train.jsonl,10885,dd8e9e66040aec81e1fddef16b06022fb826ba19779edcc922bab8dc91e95c2e,0fe389ec8da0d2a9c8c3802bc5707adb7a709f586d1b005e6169587eeb25aedb,L1_no_recorded_safety_field_difference,44325,300,0.00676818950930626,147.75,260
Alpaca-7B-train.jsonl,18262,192aa10bfb12fa6dc103f19b646fecf9ebbc08c124634169a7b1f0c59c971c3d,cf38c717d3be2199523e6c12fc96a18a506b60c61cb8e25accdf4e4eb3deefb0,L1_no_recorded_safety_field_difference,44325,300,0.00676818950930626,147.75,261
Alpaca-7B-train.jsonl,11860,4a8bb3bc10b14528469749451a252628b640523715d12b8e1c178c2a82adffd6,7d30fdec30ae2d2ed1a8164cd30937fe1bd21091c1985023f17f387c150d8d89,L1_no_recorded_safety_field_difference,44325,300,0.00676818950930626,147.75,262
Alpaca3-8B-train.jsonl,20205,933359d05693eb2736a820d519d88e8bb0ac4a7cc3851ae9e718dcc61bce7c67,0ee704f6b2d7b03631b148f486579f4bc723d9fc575a3e3b41627eeb15f7bcb4,L1_no_recorded_safety_field_difference,44325,300,0.00676818950930626,147.75,263
Alpaca2-7B-train.jsonl,10921,2a13ec505cba5352aaa61ac5b9e390517dabfa97ad4492c010ddf2bc89adbd28,79f62a4fbb43a1d0795a17fe3172c6fa50856c42b4db63975a6f505270ad4e93,L1_no_recorded_safety_field_difference,44325,300,0.00676818950930626,147.75,264
Alpaca2-7B-train.jsonl,12865,90d37d7cc3141c1d8bfe5e1925acafca355fdef03e5f4eb670ef3e9f4ea9e0e4,8ab888de71567a909e3baf3693e1a81669bd8b806a92ce458933736b5b413bcf,L1_no_recorded_safety_field_difference,44325,300,0.00676818950930626,147.75,265
Alpaca2-7B-train.jsonl,25300,ec84ac7eecdba128f35ff5034f2ac1f3882d36cf7135c1164dcf9a81cd99f71f,54bc1c402b375408120174de783c7f927f45952e45408c1dbfd936bdd8f990c1,L1_no_recorded_safety_field_difference,44325,300,0.00676818950930626,147.75,266
Alpaca2-7B-train.jsonl,24182,2ee2ed5dab81595de7f723c6ea8d046364ebcca223e054917cfa753cae6ee066,196a08618f73fd2c7e01178a65e4f3e709323173831fa4c821feec5ce0111a68,L1_no_recorded_safety_field_difference,44325,300,0.00676818950930626,147.75,267
Alpaca-7B-train.jsonl,6765,866c278e0bf17fe36eb0ab24bfee9f4baef13b77c2baeedfdf47dc14b0389f39,c26bc38f5113340c095814114892baf4d515b2facc8c0f9c53954a0adeb02a26,L1_no_recorded_safety_field_difference,44325,300,0.00676818950930626,147.75,268
Alpaca2-7B-train.jsonl,8431,2ab923577ec08eb22a154c3eb75a117da8cfdae9474e8f5265e37eae3c23eec5,176f0731e0c47b69972648a1ac1565c5b3b4cb43aeb5ec123447d94e5972ffc3,L1_no_recorded_safety_field_difference,44325,300,0.00676818950930626,147.75,269
Alpaca3-8B-train.jsonl,10957,072752afbf8ff6f87bf0e19934eb58b8a52cb91ddab148d5787b564601faab0e,8c31598aa51ca29080f1d768674a291ffd3b95dc9456a4820e7ef03c6a7433b0,L1_no_recorded_safety_field_difference,44325,300,0.00676818950930626,147.75,270
Alpaca3-8B-train.jsonl,7457,48c73a498b804ad0b30b29a66b7ab7f083b40a6d45163276e8c3c8e2bf3f0bf5,14c4ef135407df04dc12472688cdeabc041ae30a78062cc90d3f137f6368a2b1,L1_no_recorded_safety_field_difference,44325,300,0.00676818950930626,147.75,271
Alpaca2-7B-train.jsonl,1363,0efb9b334f19c82e53bb37ac19aef515848bcd5d247e6c02c225533e99d12d9a,0894168d9b520a2ebe43d346b10d1600d380022c2ae0ad6bdfcd48d6f11cb4d0,L1_no_recorded_safety_field_difference,44325,300,0.00676818950930626,147.75,272
Alpaca2-7B-train.jsonl,13667,8c7421ea5b08c37bf7729a476f4812503890b16abbefa94e42bcd36bbe4a8c1c,e18143cb8ce4cb1beeb388e191c5a278b20ff6fb6de2eb5e604a63ba8a5f8837,L1_no_recorded_safety_field_difference,44325,300,0.00676818950930626,147.75,273
Alpaca-7B-train.jsonl,26795,b6d702e7ba383ae85b83b44db385f363a429744ab56125bb8bd2753b530d5555,86090238c94cb7cff1de8607ac9de23a969029c321550bb3a9b2a866c84f32dd,L1_no_recorded_safety_field_difference,44325,300,0.00676818950930626,147.75,274
Alpaca-7B-train.jsonl,23720,79dab7e94c02b30a1fd33244bf79a990bbee4461d38711f5575927e48a754ace,ed9b616cd84d672c66a86baf302da835b4405a0c471b3bca978c7066e21f2bf5,L1_no_recorded_safety_field_difference,44325,300,0.00676818950930626,147.75,275
Alpaca3-8B-train.jsonl,141,c6c3e434287618fbecaa141b4a9c6bb597d96ee6951dac4f889619f2b5a3f71a,b694200197cceaca4c6bb329a6b23cd5f3fe2681f6f0aa85828becd5617e6b02,L1_no_recorded_safety_field_difference,44325,300,0.00676818950930626,147.75,276
Alpaca-7B-train.jsonl,8241,5ea59fa5cb18743421c357c1b6675fb0ceffb670954407fafcd9c23f1643b1a7,373c452186e3c834b50b381c063428027e0e53e8f8802ab79872171796ae2c4b,L1_no_recorded_safety_field_difference,44325,300,0.00676818950930626,147.75,277
Alpaca-7B-train.jsonl,25407,306b7cba6eb33be90f6c4525bbf456ea99af9cea71abc42542dd9cd1aec101b6,13604cce484fa664861308f4ac2377d69f5126b8565f5d60d68d313755230728,L1_no_recorded_safety_field_difference,44325,300,0.00676818950930626,147.75,278
Alpaca2-7B-train.jsonl,12749,c36acf9a68ec47d66addf50ea10cae56a97c7b44b51bfa07ad805969c7a5f7e3,ceda1c0bed1562b5c4a5673543494892a774dab6d938e77787955b5f0d646f6a,L1_no_recorded_safety_field_difference,44325,300,0.00676818950930626,147.75,279
Alpaca3-8B-train.jsonl,3002,db3cc297779d6b342e7832752a5b457c0a85d735554a0f21e93dee935c6ca545,4ff65554c81ced36841aca10d6831a951f757bc8e4d3ac29a44de7466a19698e,L1_no_recorded_safety_field_difference,44325,300,0.00676818950930626,147.75,280
Alpaca2-7B-train.jsonl,18185,ea5399ec5df4682df5d24e0cbc86bdc8084a7269e7e8c4a404158f5813aa3f08,d6154925e9356d597f1a52f4b4c086111ad3528ab7ff561c7d8332f6c2b77957,L1_no_recorded_safety_field_difference,44325,300,0.00676818950930626,147.75,281
Alpaca2-7B-train.jsonl,14125,c833c80fbf2068d7743ca04d06799ee1db7e3b7f3a149716c49438f7dcdbd00f,f688e43ec0f1959b0b9ed27dec87eb8cdfd8b4615ef111f22cafd7d8c280b5ea,L1_no_recorded_safety_field_difference,44325,300,0.00676818950930626,147.75,282
Alpaca-7B-train.jsonl,2452,8dfa4adc04b2f80c38e77ee308a89f7354eafe17189e052799ed452d6f295d98,509ed5a2993f1f5642ae1e22ac82db0e1393602cf784c85db0cd2e68e94ecd0b,L1_no_recorded_safety_field_difference,44325,300,0.00676818950930626,147.75,283
Alpaca2-7B-train.jsonl,11718,1e7e97350dda5039428500e9a4ce909f685d0314753f24bb41406950de4f8508,f7a36fd5476c93d70b87ae3e7bef6d8d7ec9469dc8377c184034e8b407c2e623,L1_no_recorded_safety_field_difference,44325,300,0.00676818950930626,147.75,284
Alpaca-7B-train.jsonl,22688,efab824172a45e8a4980b30122e3419fde026414cd9b51fd1ea1de9994e3b97e,59c84ebf72b60c9d3c70a82750f6522a485bdfe38aca6d9295ccf7c3bf5c050d,L1_no_recorded_safety_field_difference,44325,300,0.00676818950930626,147.75,285
Alpaca-7B-train.jsonl,20131,1bee8ffaaa871937ad90265c0b7ddba273ab5b4b7d485706e954a263bc20bdbc,4207f3470018ca79b90c8e39d91c4b0f29c91566a594ea7c22d996b6adb83d8e,L1_no_recorded_safety_field_difference,44325,300,0.00676818950930626,147.75,286
Alpaca-7B-train.jsonl,19986,a8af473969f6978a9de6abea29335488208b6e7598be6db8dd96cbd154bd4d3e,3137b32ef0db13923e18784d3ddade16beb5876f41a5172662293a3ba5b913d4,L1_no_recorded_safety_field_difference,44325,300,0.00676818950930626,147.75,287
Alpaca-7B-train.jsonl,19884,c6d4a412d71405a331f60bc7cb91f7eb42b81863ba059a5d41cc93b3ecd64bb1,8a8e15b470d46718e535d8fb8e2e03430018c85c55e268070e28e0bee9aab840,L1_no_recorded_safety_field_difference,44325,300,0.00676818950930626,147.75,288
Alpaca-7B-train.jsonl,3760,f7ed0b24fc258ce0851aee5de3f1da180701a898bfb804edb81176b6b0bb543f,8f38dc1ed0d21a396eae34228e9fc594606f81af7926f10f2241d08574478297,L1_no_recorded_safety_field_difference,44325,300,0.00676818950930626,147.75,289
Alpaca-7B-train.jsonl,8076,70701dc4d9603290786b011283e488e142e680a472fbb960ef040f4fabab2774,56b7185ca19fc6fbab85a43ec0a2cfb2cf853e53a9cf1062f6cfd5a5cec9d75e,L1_no_recorded_safety_field_difference,44325,300,0.00676818950930626,147.75,290
Alpaca-7B-train.jsonl,7365,ddf9fbd9251d9435aca1ddf4b6f1ffaa4caefc008f26fdf4ee754f9c20cb00a3,94d3a5129d1298fa0d4f36885389357d2d9a592635de2345d692ca09b7423741,L1_no_recorded_safety_field_difference,44325,300,0.00676818950930626,147.75,291
Alpaca3-8B-train.jsonl,14423,cb1487d2b3f71bef3765b22875abd9e838cd475600fb7941643f1a56d68ee327,95883f81df13a8748ea8c301b780b2c7caa6ffb63853574cc28e8c189e2d4e7e,L1_no_recorded_safety_field_difference,44325,300,0.00676818950930626,147.75,292
Alpaca2-7B-train.jsonl,17394,f41f7e52e2e4363c86c6ee5d8300c018459ac99941c514c557adf649f8287894,89af41b44b353e8b6b9129ba90ddf943c2982ff45ed3c915ad003bcad0135ade,L1_no_recorded_safety_field_difference,44325,300,0.00676818950930626,147.75,293
Alpaca3-8B-train.jsonl,19244,35071f8818756cffc7598094298c943008a5a25249a64d449ba74d468e04981e,9dd71867b44aefccf4e1a00e9b347f71c2db40b6f6a33c5883a625969ba1372f,L1_no_recorded_safety_field_difference,44325,300,0.00676818950930626,147.75,294
Alpaca3-8B-train.jsonl,2953,2939a020383ff813424d744cbb09b8562205591665df3f6cfd1b8a8a555f5215,56c675f62b88067b37f55053a2e7262e5b97882f54d34013bd08573953f800f8,L1_no_recorded_safety_field_difference,44325,300,0.00676818950930626,147.75,295
Alpaca-7B-train.jsonl,24841,e050c58edae02f11f8fdee7bddb4c81ce3d28e3867b5dfbc640db580d28d24a0,00b349f09ad8cec4933ec99361f548a6c9100f56f22746c1f40b99ef4237b718,L1_no_recorded_safety_field_difference,44325,300,0.00676818950930626,147.75,296
Alpaca3-8B-train.jsonl,2997,dc0a381e403e80fce461762f244b260a6506fe841f7d35ee281e7e64dcbc457e,74a7cfde0c4b16ea36e6095a16d872f5035414f776433bf964a13237e0010ee3,L1_no_recorded_safety_field_difference,44325,300,0.00676818950930626,147.75,297
Alpaca2-7B-train.jsonl,9673,a5383705d62c6319d4850eaa855a325dc4e96056d15872d2b531c2981139abc6,c8ffb453c564a010000c39a0e8b6244a89b8b36a90f37080842e7fa05a625a55,L1_no_recorded_safety_field_difference,44325,300,0.00676818950930626,147.75,298
Alpaca2-7B-train.jsonl,1060,cfe7a628483dc355bd71e461163880c855c9b98721e926c5ca6935b8e2b4ec35,6db2eae7ad8f34d02565c1357a7846db227e5e2e51c2169712db0d4bafc1c63e,L1_no_recorded_safety_field_difference,44325,300,0.00676818950930626,147.75,299
Alpaca-7B-train.jsonl,21175,cfa97a6b921862357aded48996bf36264591fb1a51fb8e76e0f04d6cf8c37fa9,e19a84d5477bb901664111caeaeab2d29ee819ed20515fe77c31efa9190a0a9e,L1_no_recorded_safety_field_difference,44325,300,0.00676818950930626,147.75,300
Alpaca2-7B-train.jsonl,1478,1f7eee238787d3bfbf9e970f098148afc87596823d4b582ec8c3265470fed634,1426d090c203c040db3a0a01eec2fb971bbd6089e2fb8502f593aa693d5480fe,L2_category_difference_tied_safety_and_severity,12828,300,0.023386342376052385,42.76,1
Alpaca-7B-train.jsonl,21101,b429fda65baddc8091b7e681bb3f663da44502398b1d59fd7f8afabc9db50cfd,a4a027aeea44de77a79d92066fc7658ae2eba68366fc84c140a2b1565679ba05,L2_category_difference_tied_safety_and_severity,12828,300,0.023386342376052385,42.76,2
Alpaca-7B-train.jsonl,17807,1833e68cecb639e79fb876d4f5b7922051765ef2d64a4440f4e2823c3426d8c8,e743fcc7da4fcab5bc305058d32fb3229ffcd12f815105f48aaf9c0eefab16df,L2_category_difference_tied_safety_and_severity,12828,300,0.023386342376052385,42.76,3
Alpaca3-8B-train.jsonl,20222,a1ded99c590732d72e6c907efcbf0447c121578d928ba73cfaef52b27db1d20a,c798827dcc46d9e201c63edac365492cab67a603fdfd4b3aa8933b2fd508a6ff,L2_category_difference_tied_safety_and_severity,12828,300,0.023386342376052385,42.76,4
Alpaca2-7B-train.jsonl,1045,163ef17f450984ce088c447683ec39cfca4c6c159b0a66f9677c3cccafacc378,67a3dd2dce750ae62f0bd139bd67358b021d4f8ea74ee2e0f94019697caeb5af,L2_category_difference_tied_safety_and_severity,12828,300,0.023386342376052385,42.76,5
Alpaca2-7B-train.jsonl,4476,55919b5b87f615a1210884deb379410fae16b13d9ed0e26e094cdc62fc09cf0a,8cc6af44bfcd397b6425722bdf3a8296ff50ba062b222935eb5276d84136c9ad,L2_category_difference_tied_safety_and_severity,12828,300,0.023386342376052385,42.76,6
Alpaca2-7B-train.jsonl,6400,011366791a867c88f2c1ffab4b10a6bd7c9ceccadde2c5d59bdb99d9dba07b1d,9ceda56673ffa39aaf57517bff369e388281c66590adfc7c0938337f736677df,L2_category_difference_tied_safety_and_severity,12828,300,0.023386342376052385,42.76,7
Alpaca3-8B-train.jsonl,11418,144d048a18df1247f56d6b6ae5d2e72cb2983a2a3660eeb4e886b75df0270d15,56c49a101585601c4fee2062d6d2d364ea5f234aa2a47df312841f4bc50e9786,L2_category_difference_tied_safety_and_severity,12828,300,0.023386342376052385,42.76,8
Alpaca2-7B-train.jsonl,2401,d993cf56dc15fb95c6fe2c7eb89cacdf7f9e1b1706b5ff3ee78561cb1a8a983e,d7bbdfc52dae26cfdd31fc2d9e2cf14d163f2b406c4385d08c970f819b816e8e,L2_category_difference_tied_safety_and_severity,12828,300,0.023386342376052385,42.76,9
Alpaca2-7B-train.jsonl,20127,3d07ba3ffc9e97875b9279c1a0220015cf047a5da94d8510e69e2250b6a53d70,aaac6157111116cb34954bc63deb950fc2fbbe7156912f84de05281a14340bb0,L2_category_difference_tied_safety_and_severity,12828,300,0.023386342376052385,42.76,10
Alpaca3-8B-train.jsonl,14819,876cdd6a86d2ca0b5e010559f71d66ff2a4f24279ecf19473a1c13f6aadb3a6b,81cd190f9b1ea9876f7d7c7ef99bfb33913e337bc344f9c85c283d6c30d964df,L2_category_difference_tied_safety_and_severity,12828,300,0.023386342376052385,42.76,11
Alpaca3-8B-train.jsonl,1528,c997259f1c0cf8eb131a80c1dada3b8f5dc77edabb7310126d46a35d96c97021,2f6616b3765e369e46f2a16b56c46fc7932efba45d0a1609e70437ea8abae18b,L2_category_difference_tied_safety_and_severity,12828,300,0.023386342376052385,42.76,12
Alpaca3-8B-train.jsonl,12143,9c7e78ebc405aa070cb186eeda90df3380e2143d7b0644411878bfd94c0bf496,b44a8c4de1c1a375e260c2296744558d1ed5ff2fdd986358baebf850a51a8ea4,L2_category_difference_tied_safety_and_severity,12828,300,0.023386342376052385,42.76,13
Alpaca-7B-train.jsonl,16949,6b7c97f7e99143ecfbcffd71061ba5944a829e0997e51a687d4423fbeaf9f36f,2d410640d6f799abe1c07cf881a872853262ace9e109234cf95370bb72573d2c,L2_category_difference_tied_safety_and_severity,12828,300,0.023386342376052385,42.76,14
Alpaca-7B-train.jsonl,11467,2564a0236ae4d58b73534af629b83f60fd18405f67664d21c97fd75ee391cfaf,0d8efb9d74b47e092b595e69411753896b18215e72e6d9bf811c3ffb538b5df4,L2_category_difference_tied_safety_and_severity,12828,300,0.023386342376052385,42.76,15
Alpaca2-7B-train.jsonl,15162,9798676a826bae1e15b124178389ddc4d7a64fade49f6c71ea2833e0d2bd9e51,560ab7e65b437af2e4bc409521695ce30b58d27d03c60f84b5771a926b2c5b7c,L2_category_difference_tied_safety_and_severity,12828,300,0.023386342376052385,42.76,16
Alpaca3-8B-train.jsonl,8725,f1a6b4dd79a718611d9e54546312782a8c99d08d9d848354fc6add20f7649298,ba406eca672f0ad9cc2a99fd27031606505bf64e530113469090fab8b3aaf3e9,L2_category_difference_tied_safety_and_severity,12828,300,0.023386342376052385,42.76,17
Alpaca2-7B-train.jsonl,654,6543cd89dba9366520b31e49f28e2757e43146f871dd4af10c9b1fa9b9b09cfc,35ee1082051387f7e5687538462ef61bb22d83402da3b3ebfb62e3302f4deecd,L2_category_difference_tied_safety_and_severity,12828,300,0.023386342376052385,42.76,18
Alpaca2-7B-train.jsonl,4006,1c055c61a8eaff1e9728aefd42fe5e3604f9e5de716c931083a8bc1e73db6c39,40ad3d953034a735d6c0af4c28773b580b44b9ab3224827ba4dff0fd577094a4,L2_category_difference_tied_safety_and_severity,12828,300,0.023386342376052385,42.76,19
Alpaca3-8B-train.jsonl,7070,2cec2a0a458178b7c8c282ed26118018369eb866aae342637d36f225580627b4,fdc6b85563952ccb2a0ba6a3bfc635abd30df01149aa753d5e15165f28aee22d,L2_category_difference_tied_safety_and_severity,12828,300,0.023386342376052385,42.76,20
Alpaca2-7B-train.jsonl,22146,0371b4f363b198a764cc694ca6a6e78d4f25eb0207557fe0dcef8854863d9f19,5e6fd3d92ed6f870469cc1452542c45e96b3bfaab61ce31e9d5207a44e9e2808,L2_category_difference_tied_safety_and_severity,12828,300,0.023386342376052385,42.76,21
Alpaca-7B-train.jsonl,4317,444fb560ea09a0adc5aa5dd98e10534ab2c53c07e97898c14954cad7d478f774,33cbb6f7f3c309cde62fb0a363ed1570aed5f336edc8f0325184429c74625f8a,L2_category_difference_tied_safety_and_severity,12828,300,0.023386342376052385,42.76,22
Alpaca3-8B-train.jsonl,12692,b21ec3658b3e5cef19de3afb85ba9ceabaa21926f7b68ce294368fe9d9f692d4,b59389e59ddf54ed98d3e2a23d2022c80988290db7468a8f55e0b25dd68b4c71,L2_category_difference_tied_safety_and_severity,12828,300,0.023386342376052385,42.76,23
Alpaca2-7B-train.jsonl,24980,e42e37f6f2dc80903ad58e4d43b9cc47df90ca9e88f539d2a61d6c9cf4510b9d,1ce8d2f42e34697ec6f0d8059feff99e4f3c3001506c84eb04699c644025d37c,L2_category_difference_tied_safety_and_severity,12828,300,0.023386342376052385,42.76,24
Alpaca3-8B-train.jsonl,18361,19408bc4743e02c06394e0d37151182c8c1330e59a0cf557dc92f91e66b7f523,3b0ec7da4a728e1051ab1080e122c11afd72b85df7135c06379c16736dc99f4b,L2_category_difference_tied_safety_and_severity,12828,300,0.023386342376052385,42.76,25
Alpaca-7B-train.jsonl,24556,6fcd7a06cbe6f15af4b9a6be0df23838d9e162567dfc138b63a7bed488f6cdcc,16a1b20c37be70fe4014d534c07fb6a1c9ac50afc5592dd6c8d9b31af0d31399,L2_category_difference_tied_safety_and_severity,12828,300,0.023386342376052385,42.76,26
Alpaca3-8B-train.jsonl,6611,c8aa4e824193804f1ae69d997da9b6b741734f9735ecbe5168170ae447876758,6330706af80a35f3d57903432c1a016e54323d93eea462d586d4b0b44646f322,L2_category_difference_tied_safety_and_severity,12828,300,0.023386342376052385,42.76,27
Alpaca-7B-train.jsonl,16450,caa38c5d21093c5b52d5dd7b8932bf8aa184015fbbe8be6d4f93d4beb9ede10f,c1946125ca9b4ac3f862ecef84d25a729b54daafc1aed4c3922a7e7236d14d8b,L2_category_difference_tied_safety_and_severity,12828,300,0.023386342376052385,42.76,28
Alpaca-7B-train.jsonl,22804,49acb8cf52443c1afa127a26ac81278e821e0a8f15251ecdd9ace58b500b83f0,ebd62b0d543a34cd614b88c3fe89bfe6e84e17b71e30457869c0598287bc7c5b,L2_category_difference_tied_safety_and_severity,12828,300,0.023386342376052385,42.76,29
Alpaca2-7B-train.jsonl,1378,afdb461da2a039d2fd5ceb9ff4b21e1682fdf228bacd068534cf8f7272d24b3f,3c3ff577d3d329a81aa15aec86e1295f18e46a7f296fd28e1b032efd80ffe85a,L2_category_difference_tied_safety_and_severity,12828,300,0.023386342376052385,42.76,30
Alpaca-7B-train.jsonl,10134,3a62f8f60b5b32f0932f0e4f708537e2ee4f254de81e0268fe303e97b4f99935,4d57208eba1a17082bc175c757d8f2985fdb85f1a407aaafe4b9f8542f4741cd,L2_category_difference_tied_safety_and_severity,12828,300,0.023386342376052385,42.76,31
Alpaca2-7B-train.jsonl,21120,d1ac68873f8cadef0ea89119e7aef56f9e7cc8ff04e407d68b68450d08b0e52b,da62c82f4d3e36d6e58c19c13f53ea0e6a51d44d07ce547d0bc3a1bc54a2bd06,L2_category_difference_tied_safety_and_severity,12828,300,0.023386342376052385,42.76,32
Alpaca-7B-train.jsonl,15502,ca186141ee12ae7181e26d8b4a6472d0744d9a05df2ddccae9014475329535b3,d2e458304a836c1b7a6785b18aec20de0131d9c2b53a9dba6ad494d22894ac1c,L2_category_difference_tied_safety_and_severity,12828,300,0.023386342376052385,42.76,33
Alpaca2-7B-train.jsonl,15830,10ca7c14dcaa13ff47d94bd596125b947ba057c92c18863d7e1c7792b8fa51ba,6f3ef3113df9e77fa1a8ae33b6d334b78455e8fadd1362ec85db4a69776129a9,L2_category_difference_tied_safety_and_severity,12828,300,0.023386342376052385,42.76,34
Alpaca3-8B-train.jsonl,2142,a81cb0e11199326e75e01d8c4d5d3fdf722d3557c1d20fdcc3652741746f99a4,5c3de6ed9ec5dee313835b24da8bc08a474edf4930b1fafa232c6e8896f0ea95,L2_category_difference_tied_safety_and_severity,12828,300,0.023386342376052385,42.76,35
Alpaca3-8B-train.jsonl,11429,7b37d69562feb6a5af96fe63f01c435eaeb283d3e0b7bb0efeb4f792cf570d51,a1883c8060647cf3d811b7023c753a530d68e69a63d1048cc6e37bfedcab2e71,L2_category_difference_tied_safety_and_severity,12828,300,0.023386342376052385,42.76,36
Alpaca3-8B-train.jsonl,10429,48b44fb230ff3e68643a61382ca666550343c807924a19c80cba0610e6ecfe20,333e3a8df1bf9ba055a3c1f66d208605b6dc99c3f237d40ff15f00c62e2b8bf4,L2_category_difference_tied_safety_and_severity,12828,300,0.023386342376052385,42.76,37
Alpaca-7B-train.jsonl,9667,2c65287d6073bb2a893386cc262200dc7c6cda45d6c75b67d2eeddcf0d07e696,1e300421f0858837e6d5866e528c2a761d0a612db0c513652449b8ae15c4d37e,L2_category_difference_tied_safety_and_severity,12828,300,0.023386342376052385,42.76,38
Alpaca3-8B-train.jsonl,2529,d316c4474f3750591f883edd9da3881ae3ed9d740294afe13f132cb2023b7853,fc5fdece218674c4e6b9737605ac75755e527761a7faed2739d987ed3bf561d2,L2_category_difference_tied_safety_and_severity,12828,300,0.023386342376052385,42.76,39
Alpaca-7B-train.jsonl,12894,1cca75a03e599cd8650f17349dd305e91407082fd9dd68221bafb113aef7f8fe,93eba10f75d632b44b12b7c34963fe655048ead6200c5d67e4fa8790b5b2ee7c,L2_category_difference_tied_safety_and_severity,12828,300,0.023386342376052385,42.76,40
Alpaca3-8B-train.jsonl,11841,72647769ab08fc4ba7dc5782381b8d93e1011f067bb3cde905db1db4529eb52f,d7a61a2e0f127e0a28591b7415be5cb6c21c4477d338e60220749df37394450d,L2_category_difference_tied_safety_and_severity,12828,300,0.023386342376052385,42.76,41
Alpaca-7B-train.jsonl,3471,b224ffc976bdbd80711ce589dba5f9d438cfa4e1bb518606cc1fa7059537542b,edb071ed845b9701ae2e1c2b42aa39ddeb0894086e7fae225d61a1a0fc901f7f,L2_category_difference_tied_safety_and_severity,12828,300,0.023386342376052385,42.76,42
Alpaca-7B-train.jsonl,23786,548aab8ae6f498e6a035494766364ab5c337d31972ea86d5e8fe3a4b2e9d162b,e60dd5adba0da0d7f74b31c9faaf1bdeade7cd0d9542e12820109db0cecf4f33,L2_category_difference_tied_safety_and_severity,12828,300,0.023386342376052385,42.76,43
Alpaca3-8B-train.jsonl,16564,27ecd1695b5f2747d521dbcdf385be8dc3df16370f8fd20f51cef3b7ebc7cf81,af886991585af54197698ca78d800916df4686b4fa1a83fd8ef9935d85adae1a,L2_category_difference_tied_safety_and_severity,12828,300,0.023386342376052385,42.76,44
Alpaca3-8B-train.jsonl,4710,7a3836fa51b18b54d2f0961aeb71b2975cb370d742f5716b9296070988377d18,4923cba79784f63cafb6f39d20800f5b4d94a2f44714ea85f369315c9fa3531d,L2_category_difference_tied_safety_and_severity,12828,300,0.023386342376052385,42.76,45
Alpaca2-7B-train.jsonl,9850,c01d5597c3971c903ad967f48dfe33c0a7c0c847db63d327193886438d212cc5,a016ce081a73717322a17dc7d0b01b963a2f392649f497d9ae076ffc7fdab75b,L2_category_difference_tied_safety_and_severity,12828,300,0.023386342376052385,42.76,46
Alpaca2-7B-train.jsonl,13798,fe9494ec6cdee4c8b95c89caaa0fad0b8cdafebb18fc5f2044a09fa8d33a1342,b840d02b3b34e48b90f3a3f277f26060fbc27dc9fd668e8135d583d2a6857f9c,L2_category_difference_tied_safety_and_severity,12828,300,0.023386342376052385,42.76,47
Alpaca-7B-train.jsonl,17236,29ac172f3f819789f8721ed4af78ff5344488d784107b75e649fd17030d5922e,d4e8d5e62f9a2debb64961a278e0641b6da7111ce281d8c3a30fef2d85cefe56,L2_category_difference_tied_safety_and_severity,12828,300,0.023386342376052385,42.76,48
Alpaca3-8B-train.jsonl,11036,f9de4bafec24490e3ead28ef47ef846faa5785b6b4406bda983feca9735a234a,79ae0c5dfd77da18c7335530efd67cef2a2097f75eca9a4090a6edb408791cbe,L2_category_difference_tied_safety_and_severity,12828,300,0.023386342376052385,42.76,49
Alpaca-7B-train.jsonl,3376,80c40e01f6076a99b745574da2a56a5c9b9ab4acfd2bc59426fee82ebd5b4166,ee26e8e07e1b808550b817291d8e07f6014a890fd58205ade6eefbe3a653c4e3,L2_category_difference_tied_safety_and_severity,12828,300,0.023386342376052385,42.76,50
Alpaca-7B-train.jsonl,554,8990c9a864e5f45656f433402059d78698a71efffb72541213c96d8ec8b73257,483a38d2391170f91f48212efd15df26aca0daf3190edb1ad5f7e1d88772248b,L2_category_difference_tied_safety_and_severity,12828,300,0.023386342376052385,42.76,51
Alpaca2-7B-train.jsonl,5437,8f9cfc0a8cf355fe738f5e31cc5f2b34270c7ef717e10d98bfc5fdfda648ece5,efde8380617f602811bce28d204a15708e165c5e8f2b14884ee658b929723e24,L2_category_difference_tied_safety_and_severity,12828,300,0.023386342376052385,42.76,52
Alpaca-7B-train.jsonl,25364,32ffbd9451dc98178ad44842ff43825e8ccfc36b926e78c1eca5f492f2088eb4,d187d534a15b239e5a6770ad08151981b438aba16cd1291165cc77c32498776b,L2_category_difference_tied_safety_and_severity,12828,300,0.023386342376052385,42.76,53
Alpaca-7B-train.jsonl,6160,295501038be88ba2f8bf3233fa51cef419da6b2a91d4113a2f76a0c4a5dc1b8b,50bf553e6ec42a6575e7227f2abc291d27fda48b3aa178e71606004b8be57269,L2_category_difference_tied_safety_and_severity,12828,300,0.023386342376052385,42.76,54
Alpaca3-8B-train.jsonl,2745,33ee041ba0e80dd7cc298ef3daf4f680cc190047da0fdf090f3c929fa860aaa2,ece00dd2d250eba15c60114cd0ac4562c2b957d8106cc2c513c4785a97e7c89d,L2_category_difference_tied_safety_and_severity,12828,300,0.023386342376052385,42.76,55
Alpaca-7B-train.jsonl,24209,64ccbdc3a8e4114209ea700b651f08466e35b4bf6132c52c172a090465e3a883,058e371ff0a0b2800d262cd295fa28d0614c0de07e9c55e9b977f09a42985c5e,L2_category_difference_tied_safety_and_severity,12828,300,0.023386342376052385,42.76,56
Alpaca3-8B-train.jsonl,15908,aa8e5b047353d7763b974b642cf522b8c84bcfad524cf437416da7add22673be,6cf59a0e6b5805f8a068d452a485f49adac21741f65251a9f7788e53da269cb3,L2_category_difference_tied_safety_and_severity,12828,300,0.023386342376052385,42.76,57
Alpaca2-7B-train.jsonl,12120,c3354fda3d80f8a1d3ad0340388f057e83c60bf8f48bab55b2a08a0339231d43,0868b5a8c352ce37c30546b8133124f0c80dc37c6e3ef9ea8927866a2926a9ea,L2_category_difference_tied_safety_and_severity,12828,300,0.023386342376052385,42.76,58
Alpaca2-7B-train.jsonl,10197,e27bfaeed5efdfbbc8cfcfb55bdd9e9d073d27f96606956c67ee422211b74a23,bfad1a2cad4ffd5bdb6c22e30eabf5a24c1bed926098e4d5cce1d37cbde59943,L2_category_difference_tied_safety_and_severity,12828,300,0.023386342376052385,42.76,59
Alpaca-7B-train.jsonl,25080,803550596be2964543c0c7b0d521760b186f37fb9cb493a42eb406a9fbf1e8c6,57d3f2d1500dbf6dd7e2e200d460a96ce5921d0d688cfc785bf3c210e177c8e8,L2_category_difference_tied_safety_and_severity,12828,300,0.023386342376052385,42.76,60
Alpaca2-7B-train.jsonl,19538,ba2f2e62232595355c65c8b28888c9799a9419957a0fbd2a152395ebd9aa5305,2616a961880fc40e4cfa518f4354204a72a15caf5739a150e6d0242db489bb04,L2_category_difference_tied_safety_and_severity,12828,300,0.023386342376052385,42.76,61
Alpaca-7B-train.jsonl,5172,96f734d910ed8c2f59a662936b76b140f5fa392126f5afcf71bd585d8703d0ec,a4a6c0c50be82105f8c71df7332ea7a4de9c90e64d856417f715fb5c22ecd79d,L2_category_difference_tied_safety_and_severity,12828,300,0.023386342376052385,42.76,62
Alpaca3-8B-train.jsonl,3790,042b6d8ae272f73b87f8e17c62f84b46d73ca00c17b60cb9c3b9d8cc47ba1676,d5b614fd5ffea176c929cdfaaa10148fca2f5a985a4097d82338bd8d84ba7bed,L2_category_difference_tied_safety_and_severity,12828,300,0.023386342376052385,42.76,63
Alpaca-7B-train.jsonl,8730,8d5d4f715c6ac48e3da22e36d8d79e643ee7c2bf340c8c9bb8cdcd6d6120757c,a9abab01923332f4ca862c11d34357dec2ec545176e4469e2378eceb6c8bc321,L2_category_difference_tied_safety_and_severity,12828,300,0.023386342376052385,42.76,64
Alpaca3-8B-train.jsonl,14633,b15f9e9c58e53dcf79114dc7c9ddc78ef5a3a64a23dfb87e77d975662a5a83dd,7c51dd8c4e5754167356ac1d83ba9ef76dab0d57aaaf3475cdb82bd13e6168dd,L2_category_difference_tied_safety_and_severity,12828,300,0.023386342376052385,42.76,65
Alpaca3-8B-train.jsonl,5905,87a3254dcd7ac375880740d68bfb407a41e0399bb50eb37aa895f2eb436b41cc,5f7c2023eaa0a0482120de66bdecb0b52b2813a8412551cbb830d406c0c52d6b,L2_category_difference_tied_safety_and_severity,12828,300,0.023386342376052385,42.76,66
Alpaca-7B-train.jsonl,9134,df638588064ccc632657453b18646127e9bf92e2b994f4371d9f1ac20c31b395,63dcb75cbab14a266ff4db6cf126903a242b383224db0738493c399bcb3fa318,L2_category_difference_tied_safety_and_severity,12828,300,0.023386342376052385,42.76,67
Alpaca-7B-train.jsonl,515,10be93818bb552f052e2cdbc11c798478bebf57fd2aa8ac73c05e31558d78074,df3cc52f5a2eed83fb1caadc3585beba2ac3cea1825d5669d48a65a5591bcb9b,L2_category_difference_tied_safety_and_severity,12828,300,0.023386342376052385,42.76,68
Alpaca2-7B-train.jsonl,8933,f5c223fe756b6aae7bf32f8c84bebb19c824d1fc61643e6a78059e91768b62e2,0d9dc7d750f5e03cba8fd8bc0a6eeac4dd0bd8a1e8f1c2271fbdca49da928891,L2_category_difference_tied_safety_and_severity,12828,300,0.023386342376052385,42.76,69
Alpaca3-8B-train.jsonl,10729,b5ab785eeb344f7a7102aba4c280a8e3122534248ad0f7493993d0d6bfff0696,63ba545a8544f709681d0fff48c3342af1176ab9502c7e93229f95c403907d96,L2_category_difference_tied_safety_and_severity,12828,300,0.023386342376052385,42.76,70
Alpaca-7B-train.jsonl,15564,56044f860f4941b58f08fba586019ea685c156c067859aa82e077c26b6877d07,26b7ef4367aef26688ed7583d2b1fb6d021ba854e3209d00e54f17d67cc4f677,L2_category_difference_tied_safety_and_severity,12828,300,0.023386342376052385,42.76,71
Alpaca2-7B-train.jsonl,25105,854c81024b3834cbf7bfa4009eacdf7be056dc067b91c2530796f268e2901bfd,915c3f49c72e4ba4f39e73ee32ad2fd065adb603abd9ef0d9108d332c6ff76de,L2_category_difference_tied_safety_and_severity,12828,300,0.023386342376052385,42.76,72
Alpaca3-8B-train.jsonl,20570,25e4f07738ad983e44f8e425c2ee95ddc34c27aef94725270b5c10570e68d812,171b81f8ee0a1cec7bc7e4da8c9f7754cf8b7248b9968b36077a9bd9e68c6128,L2_category_difference_tied_safety_and_severity,12828,300,0.023386342376052385,42.76,73
Alpaca3-8B-train.jsonl,17619,6ef1a2b30117d96492f76e8b59e38b229838575a2627452f071e46e2d08f1968,24f314a29609edbc6eabf0655985ca269fd675fe3121a5b5b684c5377be087ab,L2_category_difference_tied_safety_and_severity,12828,300,0.023386342376052385,42.76,74
Alpaca2-7B-train.jsonl,7373,86709be667e03e179ed36a29bfda03d136ee036bf6d8d56cac6d3074e4cc60c0,492d70a8d08291c7f7aa675316966639098af5af0062bf8ed2f057e4c0f4645b,L2_category_difference_tied_safety_and_severity,12828,300,0.023386342376052385,42.76,75
Alpaca2-7B-train.jsonl,896,ffaf1178025bba848bff613cb65da2e0355c0bcbdb77e98bf53c9f8eb39fa1f9,dbad812cecb0101c8fbd8d548efa1cb902d5817122333708737dab3074c239d1,L2_category_difference_tied_safety_and_severity,12828,300,0.023386342376052385,42.76,76
Alpaca3-8B-train.jsonl,699,e91d1c5f0665e20c089297e9a512f0d85ca32ee35ee514d93a236de001c0c16b,60bbb7a33ec0dd4f03e451e0306f901b1a8f1d56c2eff743943ffcc7e2af5d8f,L2_category_difference_tied_safety_and_severity,12828,300,0.023386342376052385,42.76,77
Alpaca-7B-train.jsonl,416,0ba4b6583e85ac5bc64818163053081fee62b4d120a46cc89686164389eb1447,69340c93adb4a4be54c07f4afddec18429d623064e9ac02d62544ce9edb1def6,L2_category_difference_tied_safety_and_severity,12828,300,0.023386342376052385,42.76,78
Alpaca3-8B-train.jsonl,14718,fbc4ec06a9b7e07925987a7f6e8f146c97e235335f25d94f27d9705898ca3340,cd07d7da93cce1991c2dfb16fdc41de21c69419b7c03fe15967b698f4a24ae68,L2_category_difference_tied_safety_and_severity,12828,300,0.023386342376052385,42.76,79
Alpaca-7B-train.jsonl,8986,6f72dbef0d4d9d08b9bfef4f1c50d18e3282852bd13d502cee08ae7f86001136,640723802c78db08d130e67fa0024cd4bde79fcfff515311d74b7414e115dc53,L2_category_difference_tied_safety_and_severity,12828,300,0.023386342376052385,42.76,80
Alpaca-7B-train.jsonl,26304,552a0f2d59679426f96dba67a948f2a12a70d89326aedb59780dbb1d5695e823,2233ffde5922d2dcabc7119fd9e66bf299366ae048935690fd9089d33f9e779a,L2_category_difference_tied_safety_and_severity,12828,300,0.023386342376052385,42.76,81
Alpaca3-8B-train.jsonl,8103,76c4b2559fdd1e8e4afdcb164a60e9d133e08c0e526e79c23576c3b7a214b789,9c0af86104bb31a0ece70e7e6034366fa05be4282177be259ce11a2c8873cdaa,L2_category_difference_tied_safety_and_severity,12828,300,0.023386342376052385,42.76,82
Alpaca3-8B-train.jsonl,7006,7f146ed2fb79934a1cefa10afa95c0edeb303e86380993cf584198e248c4492e,150550ed6b259986a7130d711f4571f8c01e96a2082643450376773a0705570c,L2_category_difference_tied_safety_and_severity,12828,300,0.023386342376052385,42.76,83
Alpaca3-8B-train.jsonl,8217,c2b88a208e03aaad7218f9bad5efa2772b10be3f44459f89b6c85d6f0857a0cc,6fddaa8ae190f11657402f867c8cf99b5270abac3f4173593161b473e4d8a987,L2_category_difference_tied_safety_and_severity,12828,300,0.023386342376052385,42.76,84
Alpaca3-8B-train.jsonl,20883,77286fe1ad7e6c990890ba327baea6e4406c0e00a1247c91bdf48ad9506e3506,97c618e001f80fa658431daa37c10b9a024f34342f0a23767831e9c92c5b6f5b,L2_category_difference_tied_safety_and_severity,12828,300,0.023386342376052385,42.76,85
Alpaca2-7B-train.jsonl,14215,e13e6455177b8c5bd331a0b2f0eac1f7198cb7b72edfebd12ecce08e25df8d41,7c571ae02f4def34ab2e5b31c4a27b6a73424a0ec9890c4d850b1136956187d6,L2_category_difference_tied_safety_and_severity,12828,300,0.023386342376052385,42.76,86
Alpaca2-7B-train.jsonl,15947,14c1b7233fd095bdbe7a50df312f257cd86b7ad4027c7b09edd77200006bf034,2001930127d670dd205747ac7f5e9bbfa00c43bf166eab367ba57e088bfeb345,L2_category_difference_tied_safety_and_severity,12828,300,0.023386342376052385,42.76,87
Alpaca-7B-train.jsonl,3822,fb5a0e10be75caa8880d11e3f142f2436bb054655914a1afa5dec5c79e90fdaf,8bad1da54ca571dde35d47c2c56958e8b556eee792478f6bb011d4132cf533e2,L2_category_difference_tied_safety_and_severity,12828,300,0.023386342376052385,42.76,88
Alpaca3-8B-train.jsonl,1243,8133de5bb4d8b7d167ca38a99067a4be9a4fe34b2e70982e45826406bb1e2e75,36c01373defe74337ad284c30fbb5711aa0d4aa415430fa258ffb8fdd4e47f46,L2_category_difference_tied_safety_and_severity,12828,300,0.023386342376052385,42.76,89
Alpaca3-8B-train.jsonl,10344,bfe40a5bfde65b569281ee5d4ee7702d53a250fc5fafc889459873155681e943,4b212f992f138abfed0d9968c020aef1bac093defe101b74b28c317110f53172,L2_category_difference_tied_safety_and_severity,12828,300,0.023386342376052385,42.76,90
Alpaca2-7B-train.jsonl,18085,0d484e14d544e994e9276c44316eece20d42550767ba904ac123eb5f4a4e92ad,a4aee69cba432e03a43c1e6e8e71f1bc97ec539af12619a0fe4ac302eefc2677,L2_category_difference_tied_safety_and_severity,12828,300,0.023386342376052385,42.76,91
Alpaca2-7B-train.jsonl,18501,90244d11ff0bfeedb2f10080913213807a96261de14392169139fb47a3e62eae,8d7ee518b317458b7caf122030237a39e5c39d29b4e08a9a05f17d7b3192e56f,L2_category_difference_tied_safety_and_severity,12828,300,0.023386342376052385,42.76,92
Alpaca3-8B-train.jsonl,15975,966969797c882bda7a057fd919ddaa78780583626a0dfd454388109611cfc402,c23569d85fa364a98f24f3cce3e1d137240c4a23514219adc7b2a8574bb3456f,L2_category_difference_tied_safety_and_severity,12828,300,0.023386342376052385,42.76,93
Alpaca3-8B-train.jsonl,2305,5245de7508c5a560bbbdb4e40e917ed22f53954a3272875e5883ec3a11e28d97,7a588277b91c3fdd6fdc9f9cda66fe34804fb0d53106281b8e7623f7930c5966,L2_category_difference_tied_safety_and_severity,12828,300,0.023386342376052385,42.76,94
Alpaca2-7B-train.jsonl,7955,60302be803e95b59dbd94336679ee49570400c88117f599fb799424e5b947b73,6d0fd206f8bc7c013b0311e3492d3c0dbcdbb9bc1cccc1b44b9c47d1b6cfba21,L2_category_difference_tied_safety_and_severity,12828,300,0.023386342376052385,42.76,95
Alpaca-7B-train.jsonl,15387,79cf12948cafb567da647bf0bff2cedf8e05f461fc9a32633210f0fb86916e4f,822344f8154de13aa87921b867e4054585e1c5cd9d8d21a24646aa7fdc7a9b8a,L2_category_difference_tied_safety_and_severity,12828,300,0.023386342376052385,42.76,96
Alpaca-7B-train.jsonl,4994,aecad6a8a7489a048d48f7954a18662fde5a47130237456ea293b012225c97cc,e2870d0174a735a3a69c6716144ff8b65e2aa5030f88d09b1b8db2c1d58d2343,L2_category_difference_tied_safety_and_severity,12828,300,0.023386342376052385,42.76,97
Alpaca3-8B-train.jsonl,5250,dd57147fecaff39583ee219b993869c7e6eaeab8f84d2da504b81076d9e950e3,69057f92fa126e43b1b0f91fc091250e6ce4845194e294a9310bafc486881918,L2_category_difference_tied_safety_and_severity,12828,300,0.023386342376052385,42.76,98
Alpaca3-8B-train.jsonl,2516,f790888f28feab4f9927a41c503706d8f6499707cb6b10281d1eb6b08cdbc3a3,bec221b372bd0dcf6661df8d914940d316cb417cee7d5d3bf71aae3942282362,L2_category_difference_tied_safety_and_severity,12828,300,0.023386342376052385,42.76,99
Alpaca2-7B-train.jsonl,4521,055104f455980245cf431950737eadb51c78eaf4071c4db4843fddabfee569fb,995fe309e3b87c5fe05154534cf007da823d623995210163351d48d37f4a2ea0,L2_category_difference_tied_safety_and_severity,12828,300,0.023386342376052385,42.76,100
Alpaca-7B-train.jsonl,1302,4b9fbd2258d4b059c23ec5ecff91c56e98e87a9df799490b2675bc29bdafb32d,7a42ed3ffd3993f98766322d9434e5d258992d8fba99b79b7b9cac70ac46ef59,L2_category_difference_tied_safety_and_severity,12828,300,0.023386342376052385,42.76,101
Alpaca2-7B-train.jsonl,16405,1230cfc4039c25fb83eab861b59b782abc0f5d8e19e721ed509a805dd1914781,c8b3bd008df53bf3c95c75015e7a10d9e173306b464f05dc72976ed774bc021e,L2_category_difference_tied_safety_and_severity,12828,300,0.023386342376052385,42.76,102
Alpaca-7B-train.jsonl,7282,c6baa247cd989caa7465f997cb24877d00494dd30886e9f71c668ce7245885f8,07a4e48ba25938dc8a2304173b0774a9ddee974a638f32cd58c94770472549b9,L2_category_difference_tied_safety_and_severity,12828,300,0.023386342376052385,42.76,103
Alpaca3-8B-train.jsonl,8159,f4381b8bd8a54ba0e092ad72902bce77033a3be44dac95048e363fb342ad16f7,3aa0776fa6b54c1e33277d57591fdacf215970620a6d9adf069f92a840205911,L2_category_difference_tied_safety_and_severity,12828,300,0.023386342376052385,42.76,104
Alpaca-7B-train.jsonl,6144,60988c2092da17cd889c621d4cc6c81b878e5ec01baa96edd53b3e316e3b4631,1d76aeb92d86c6e9107439be593957a1696b8673fc9fb70b69fde9fd9de93bb6,L2_category_difference_tied_safety_and_severity,12828,300,0.023386342376052385,42.76,105
Alpaca-7B-train.jsonl,15422,b95e6410d24eb8abae42d7d6d70d0fdd5cc136e3584117819ffe06955b46b015,7f8bf0f5385ff0e630b738d06c425e6534c05bef997ac440c20f210dae10e991,L2_category_difference_tied_safety_and_severity,12828,300,0.023386342376052385,42.76,106
Alpaca-7B-train.jsonl,2671,9ced0bdf877d0a333e719bbb4fd7b9f867fde4e4dd4a595c33d71dfed307bbc8,4c442796eaf5ff47689b2e066345175b80c6a86fde8f78e3ccf895a2904d9823,L2_category_difference_tied_safety_and_severity,12828,300,0.023386342376052385,42.76,107
Alpaca-7B-train.jsonl,25217,973cfe3a726ede2a114bc2443caa208485053097b6fccda9890c4f157c98348f,9a8710b349157863d6893daf5a96386ba6d95bf8f778eebafe5209bce13a60ff,L2_category_difference_tied_safety_and_severity,12828,300,0.023386342376052385,42.76,108
Alpaca2-7B-train.jsonl,7331,7875e4ff562e1d9c58fe42830713acecc65ba9f245858d5b93bd2b509384c8e5,1f8c4cfff9e28c50c57ec4c2314572e53d7d3ba5b14826808156d005af8a2b34,L2_category_difference_tied_safety_and_severity,12828,300,0.023386342376052385,42.76,109
Alpaca2-7B-train.jsonl,18126,9013f5a0b6a72261bbb85d8a74fa348de824f5d8074ae7842794b380051e49f6,f778311fb82ae2ce67c9279e6d8ab3426168d0a3b3e6e40d551cebc2f63d013a,L2_category_difference_tied_safety_and_severity,12828,300,0.023386342376052385,42.76,110
Alpaca-7B-train.jsonl,14437,de6258c50021bd070322b8a1cff2e69faf52a0006c498e08c2984667311957e9,8fe9cffba7d0310361497f87e4018400ddf2452986bff2151d91db2b038512fe,L2_category_difference_tied_safety_and_severity,12828,300,0.023386342376052385,42.76,111
Alpaca3-8B-train.jsonl,19047,c11a405c4af68a8cf20ae4e55a804d3b9c9c3893f1f108795d7e41b55407267f,15eb43995d0710a694ffaae834627b5620ab388431b08a7e86f0b03bfe88d8cf,L2_category_difference_tied_safety_and_severity,12828,300,0.023386342376052385,42.76,112
Alpaca-7B-train.jsonl,12118,580dd4e9052219235ad8b2435dd26501e0723ad6aedcdb74c3820df028b30ce7,e59bfba58f6e3dab4f9e678d2fd2fb68230ca1c728b372b61c3adfafbff85eb4,L2_category_difference_tied_safety_and_severity,12828,300,0.023386342376052385,42.76,113
Alpaca-7B-train.jsonl,18792,6a4961afdbea2a21ce5b0cc4e226d0532583d802c1ccb98e205c92181eddd231,231bfccd883527469ac813971abbaf126ff47b13ae72d24f085dd957555f444f,L2_category_difference_tied_safety_and_severity,12828,300,0.023386342376052385,42.76,114
Alpaca-7B-train.jsonl,27266,20f434fd6ae34f50c1c4f52a2966e65db1493b4b0da51bb5300d948d096a1687,2c18341fa4a39a251adf74db6109e7a0138b39017643c6c1c317b126abb50759,L2_category_difference_tied_safety_and_severity,12828,300,0.023386342376052385,42.76,115
Alpaca-7B-train.jsonl,26392,df22e4c7eaf824780076a1fd225d76dfbcdf274cb60f87b4d07795f220878b93,53100f5dff65dbbf4f23587783915b2b7203b33344f5c3b7cbcf849c95696bc8,L2_category_difference_tied_safety_and_severity,12828,300,0.023386342376052385,42.76,116
Alpaca2-7B-train.jsonl,13880,16014cd9b242d36aafca98cb30be425faa71c02b42a779a719b18fea97975322,b402ed4c7a63c7e7289c79d476309174ac4dce5d3b95320a483fa9b9cc1bac13,L2_category_difference_tied_safety_and_severity,12828,300,0.023386342376052385,42.76,117
Alpaca-7B-train.jsonl,927,881d9d9e8e37acba3726826f575874a329b6b37417f4273fd5934da9b7d75e70,a897b86f85503108ce45d6826ab02af1594c9a142763cf9ed54f90d4e6cda60d,L2_category_difference_tied_safety_and_severity,12828,300,0.023386342376052385,42.76,118
Alpaca-7B-train.jsonl,24948,02bac338a34e0541922b0e7308d2fa787ad9d1fa2c049937d8619c85712e1a62,0cafed035cf04a7640473fb758fc580bd80e7690da95e6dc9c729625b6c3e92d,L2_category_difference_tied_safety_and_severity,12828,300,0.023386342376052385,42.76,119
Alpaca2-7B-train.jsonl,17858,02f04aa70271b9547593cac75acf8cf7814ea58070f2d8456ff4ccf200c2d252,f1d5e1f3bfd465defc9fb7a7f1fc69e012055502f285efcf7bec67418a2f831f,L2_category_difference_tied_safety_and_severity,12828,300,0.023386342376052385,42.76,120
Alpaca-7B-train.jsonl,19184,fc6fe336c170f7d4f4ff571dbc7834bbbb9d01bcbaf4637275a51713095e3863,2ba50fbb172ee14b2b882bddc1f1af9a835749a89c7ece42c091a2b25bb6b98c,L2_category_difference_tied_safety_and_severity,12828,300,0.023386342376052385,42.76,121
Alpaca3-8B-train.jsonl,2680,55397d5bfb8bab002c124b86f9d62bee72f930e14635aac5e1ee26a1f4ce6204,12d844ce02af92d8294f1b60c7286bd9c3e3df3b274a729a4fee19069064ca59,L2_category_difference_tied_safety_and_severity,12828,300,0.023386342376052385,42.76,122
Alpaca2-7B-train.jsonl,12301,5bc0f10fd02476ad93fb48fad0af3e062b41450a1b717d6d615782b8ffb73b0b,01079b0747b6f12a09f90f4098410781d4b58674f044236e62988a3f9512e125,L2_category_difference_tied_safety_and_severity,12828,300,0.023386342376052385,42.76,123
Alpaca3-8B-train.jsonl,3152,a25e23f8ceacc0a30ec3db23ea8b4b30a5bb2458a6c5423a49e7d1f7d31fe368,eea00b034e1155dcc3634e34e14cd56bd60d13031be6f130be865cca9dd05c6c,L2_category_difference_tied_safety_and_severity,12828,300,0.023386342376052385,42.76,124
Alpaca-7B-train.jsonl,25032,70c3bf04a7326a59dc24bf65256f786fd71fbd2c3caf1876b255d0ccf825bb97,dbf7850dc176898636cbf4515736e37f5ebe9b4be4de39db65918945a2631578,L2_category_difference_tied_safety_and_severity,12828,300,0.023386342376052385,42.76,125
Alpaca2-7B-train.jsonl,13998,7053272140939c6bd467ee6c0157d4e31eb8c97fe1abb097b049674028d15c39,d78a3654478436b42dcf4744d77422c9d5621c672a533032ca9b2dfd4cc9b5d3,L2_category_difference_tied_safety_and_severity,12828,300,0.023386342376052385,42.76,126
Alpaca2-7B-train.jsonl,20780,9114781f7fd243b652814c34a665833c1b6091569b246e609956ca5ab2863514,74cfd29f82c9ee1c9305d510ab2254a4617dee7722d93da8aa3e7bb4ddfa7947,L2_category_difference_tied_safety_and_severity,12828,300,0.023386342376052385,42.76,127
Alpaca2-7B-train.jsonl,5607,fc94098a98b6a2b5858c88f4041860a2cfe8bf4f04c5a70331060fcc4caee565,f4a1ee1b6605c5b488c4f2512da1f4daa20641684c72d6c99801b0c5373cf846,L2_category_difference_tied_safety_and_severity,12828,300,0.023386342376052385,42.76,128
Alpaca2-7B-train.jsonl,10173,c0678daa41893852314cfa13191d364cdd1339fb365f146573fd255ae1c841c6,a26b6fa35510c45e4196d5eb6dd193a600da17a430a4c731006f9c3ced275995,L2_category_difference_tied_safety_and_severity,12828,300,0.023386342376052385,42.76,129
Alpaca-7B-train.jsonl,15989,74e1e3061c9f097228deb00d5be808300615bd9f38cd1639a6693a1c079cbee5,b946f3457b3e98721cad406c3134d3b8212a6aa2018aa8c28b0f1f7b815f3c25,L2_category_difference_tied_safety_and_severity,12828,300,0.023386342376052385,42.76,130
Alpaca2-7B-train.jsonl,11768,f9df1b66d6e31bcd34f68bb583f4fbc10a96c1e8f8003d442a5b4151ba686fdf,507df4214821bc07895659d8879a0ef9e9c296cce66b3b9d27431c71bd31b109,L2_category_difference_tied_safety_and_severity,12828,300,0.023386342376052385,42.76,131
Alpaca2-7B-train.jsonl,6330,be03babb9e0e41368192e0c9f81b6edfed4f6a5761dc3feac88d12c8049dc2b3,72b3ebee4d1f8f3f5c87242d845e16914a35ad8ca283776a8c6ba1ed7302e84b,L2_category_difference_tied_safety_and_severity,12828,300,0.023386342376052385,42.76,132
Alpaca2-7B-train.jsonl,22395,c08dfa83147ea92f02b1f775852c0203553a3fc3939fecf66b83692cf7c04e51,930599744004681c4cb4cc747dc9216fa167b1bee2fefba5889dd4360e590f51,L2_category_difference_tied_safety_and_severity,12828,300,0.023386342376052385,42.76,133
Alpaca-7B-train.jsonl,20763,9219854d4afa12909dba43eb01eaf5394c105241c848ea89de5f5ccdbf650b76,27ddbc672f7accd2c549e254a9f838c4888af08b163e5ba632d0ef6e2954c086,L2_category_difference_tied_safety_and_severity,12828,300,0.023386342376052385,42.76,134
Alpaca2-7B-train.jsonl,11578,6fa281f728879e75e00b41168ac63bca4ad94504d87b0d44f1d6fe9c9f923154,80ebd3af02fd0210b6cdd934decb4893640c59f9f9f3b5f230e6822d59716a39,L2_category_difference_tied_safety_and_severity,12828,300,0.023386342376052385,42.76,135
Alpaca-7B-train.jsonl,3721,51ad8eacbd4ae0b2ae8b1988b41537c96617d49e492a06a029276272ff13f09e,bd81dd6a2f92ef33b7a9f4bca17f4a23dad10351f41dfb0f4bc9434f88b39772,L2_category_difference_tied_safety_and_severity,12828,300,0.023386342376052385,42.76,136
Alpaca-7B-train.jsonl,26211,a7baa25afd1b7dd5e84ec33609a4391c90a059c137d54246295d9ebb16deec22,72c5c77a41b2e718e53f8e93da4342b632ac6a7bfc14f58bc8080726ee208f31,L2_category_difference_tied_safety_and_severity,12828,300,0.023386342376052385,42.76,137
Alpaca-7B-train.jsonl,4421,454941b3b7050b692862180eb998acef9033b59f7ed7b6b8c7e79673801ac31a,84d232869b09e7888e9fa647e0b7d81671672beb0be0ce6312ab2547bf893d29,L2_category_difference_tied_safety_and_severity,12828,300,0.023386342376052385,42.76,138
Alpaca2-7B-train.jsonl,17502,d6df4ccd26d939be1ee0529377f6fb3f77d71b820e4e73cd533911a932b8cc25,7a80ab49980ef8e9b9ef8174fb2cec0020c649126ec8ee0f44b8bacc9a6ab2e6,L2_category_difference_tied_safety_and_severity,12828,300,0.023386342376052385,42.76,139
Alpaca2-7B-train.jsonl,9113,f376bc4ae7b8a9d36d8bec916a80c84b5a7bce36702d3ac3662e100416142856,0347715bcd6905784866b85c5fe6bec954bd7c52f5d691d81264cc6c92e80c0d,L2_category_difference_tied_safety_and_severity,12828,300,0.023386342376052385,42.76,140
Alpaca-7B-train.jsonl,19313,b8fd9f718926acd7caeed13ebe7ec8b1b2759f32672c241379b21463becfecd8,1c950fd66f1ae11da5e18cacc68a6cea0068039a68bbc0c41a0229c9c737bdc7,L2_category_difference_tied_safety_and_severity,12828,300,0.023386342376052385,42.76,141
Alpaca2-7B-train.jsonl,15507,66ce208d13cd955b9d756de7b4da7ce8e2dd47414d1375e0adeed62257154b36,fb086c6b6724d5eee138fd2d99af6802377d203910b8e5d203516087fdf2a092,L2_category_difference_tied_safety_and_severity,12828,300,0.023386342376052385,42.76,142
Alpaca3-8B-train.jsonl,11387,ded860e8f955fd292290b2204c69716e93914873ad969ccc05bef5424938e5b0,deefe6aa00c26aa5bed112c80187b2b1bb8d1a0258abfb21ecf523de6bae8b2b,L2_category_difference_tied_safety_and_severity,12828,300,0.023386342376052385,42.76,143
Alpaca3-8B-train.jsonl,4139,fedc68ed39c6f47cb2117e27ca13ade5ac908fe7c75718d91c52848a7e04aaef,adf2f3ecc725ee32509bc261b351b52731d2a4aa7f92f54348f5659825d3d2cc,L2_category_difference_tied_safety_and_severity,12828,300,0.023386342376052385,42.76,144
Alpaca2-7B-train.jsonl,15745,eb5f9d3b296695fe14e3687861537a7a1662c93c01888028811644311378f5c0,6e8d312ce5f553dc0e98ad43db98b22c1c8ce4d1ef1d65b76cc037518096bee4,L2_category_difference_tied_safety_and_severity,12828,300,0.023386342376052385,42.76,145
Alpaca-7B-train.jsonl,5022,ad3ae1a78f11f34701a61847b27d980f5c4aaa2f0ea9eb721b969a6bfe4d67f4,89ce54b033dea6418fe729a0a9b07e4ad2fe8a89b0645f761c1cd1f66eff815a,L2_category_difference_tied_safety_and_severity,12828,300,0.023386342376052385,42.76,146
Alpaca3-8B-train.jsonl,17460,83a5acc7351cd8b8a9bfcd92b2b0b3056c136df124df75bad172ed587c759f05,4fd43275cd673b14e066e21fe7ff427d081bbe2e07cf1a49ae6979792581096f,L2_category_difference_tied_safety_and_severity,12828,300,0.023386342376052385,42.76,147
Alpaca2-7B-train.jsonl,12701,e0dfa5ee6319a673ce0c119cc210e4c482c29fea52304ec98803549fea681746,a215b9f904be976616a9b0f6b66755596d93a234f3d967383f19bce004358641,L2_category_difference_tied_safety_and_severity,12828,300,0.023386342376052385,42.76,148
Alpaca2-7B-train.jsonl,4068,7c6459fe7366a737602407bd70cb08bc4694b97a79604fc8b3da5ba33de964f5,631b02a38a25d3abf498d8a4c6079edfaa88a34b9e05a70036059172c8d3c5b9,L2_category_difference_tied_safety_and_severity,12828,300,0.023386342376052385,42.76,149
Alpaca-7B-train.jsonl,10481,595b273f62b50b00e975bc84a73dd9b15129a1207475e1aaf782f4b8a59a3d46,176d536c2efc4b0ef9e23b6b7227ce06f0229469e30643a007954e5102b8f57c,L2_category_difference_tied_safety_and_severity,12828,300,0.023386342376052385,42.76,150
Alpaca2-7B-train.jsonl,16099,0bdff5ad9196bd010673882e4c7194e8274b70dc974e3bcf08b914b67e178470,9f0fcbcff4ca34335436d213e38ae0f28389fff7ccb7900550e178e9bc80d35b,L2_category_difference_tied_safety_and_severity,12828,300,0.023386342376052385,42.76,151
Alpaca-7B-train.jsonl,22401,75d069bb4b4729a157cb2d45c0ecde6433b818c7252e9efb542a72d3866d7d42,b5182b40e4b1d19e03db5cb1487e18710eb73f2aade909760a6f099b7a04aa43,L2_category_difference_tied_safety_and_severity,12828,300,0.023386342376052385,42.76,152
Alpaca2-7B-train.jsonl,11442,4cc149b189989a009d6f6cc676e4b265d8f5ed9a4ca45b2c02e878665d7d70f9,542c2f927e0884168984f4df4cfe85c9d3cdad831de5a97e99799bcd020a5669,L2_category_difference_tied_safety_and_severity,12828,300,0.023386342376052385,42.76,153
Alpaca3-8B-train.jsonl,17423,bbeb51a40890deb9099726c6460f00cc65f604f9d9badfc609723590a1d8c020,a3a79c48233a569b7c14d285617fc1210497246d32f8a1fc6da52eae1c01a108,L2_category_difference_tied_safety_and_severity,12828,300,0.023386342376052385,42.76,154
Alpaca-7B-train.jsonl,6596,ca9c61f48b27454e374bba02e8acd8012c51aff0e827f833ff9d4db8714d7840,e3aee5c72e054c10c4d7789d95b57150db1784a5872be5cd6b73f44927b3f12d,L2_category_difference_tied_safety_and_severity,12828,300,0.023386342376052385,42.76,155
Alpaca2-7B-train.jsonl,23979,623dcd0d2205bba85800024f07fc654c8e3b168c5c3c627ba98d13ac47671403,e767ca4175c935854a7a53233a33bde87a4297360ec693a44058af2ea35ab6b9,L2_category_difference_tied_safety_and_severity,12828,300,0.023386342376052385,42.76,156
Alpaca-7B-train.jsonl,8019,0a2c9f3467a490442015e0d6ca56908aaed566dc428b4413d6bca60af0353bc7,ffb0078e43ceac852e153c0763317b3d1c8803e7d9d05b1cfa9605aa1344af93,L2_category_difference_tied_safety_and_severity,12828,300,0.023386342376052385,42.76,157
Alpaca2-7B-train.jsonl,3625,429f41a42d5ee1fe25d74cc9287e00c882c713041b306bec05252631aa4f78ea,753ca35c083bf5dbefddbfacfe8a0cd84092a857463bd01d366dc5254a75e5be,L2_category_difference_tied_safety_and_severity,12828,300,0.023386342376052385,42.76,158
Alpaca2-7B-train.jsonl,9018,cbda8d879e8c0e7ca5b91bc3a7635627683500537c1b65cef7788ee5ba61ca5b,6ee0c6cd630e8892a298e024799308f9fc89f5237993066be58c41f5acf1246b,L2_category_difference_tied_safety_and_severity,12828,300,0.023386342376052385,42.76,159
Alpaca-7B-train.jsonl,22280,1f120e5f218a6688d9c46f2240b68fe7316f7e8385d7af236df0a3d9022886e3,3dffc9ba1e251bb46a3e446e10669542a3d32af0df9f41d8a9dfc165391da868,L2_category_difference_tied_safety_and_severity,12828,300,0.023386342376052385,42.76,160
Alpaca-7B-train.jsonl,9450,01c781ff876b4f83e604cb9c7cca4d5aecb9b0ed34687a1928ee513047f56077,5192d33577057c763b7716ad74ecf82651214303fbe52a09fbe0f6d1a886e77b,L2_category_difference_tied_safety_and_severity,12828,300,0.023386342376052385,42.76,161
Alpaca-7B-train.jsonl,15708,58553510caf831321e2153aa00a05d471e6c22de314f3650046718d1281f7eea,bd6f1bfcd4cb41a760dc963d638c1b2984f404ec6b90a09f4197327ae97a9ac0,L2_category_difference_tied_safety_and_severity,12828,300,0.023386342376052385,42.76,162
Alpaca2-7B-train.jsonl,15876,ae01f2b59f61523125502193077b3ed126d29b60e6cd603445d171e7c5827931,9a1c88e0cad12aacba1a91e1b8b766aa857f1b019a9ca4514a55d8829f5aad8e,L2_category_difference_tied_safety_and_severity,12828,300,0.023386342376052385,42.76,163
Alpaca3-8B-train.jsonl,7005,56589cd675171b3481ebfa698d6e0814eaeb02dc10b4d5995c7fce2bedf5d6de,ef6c2026d828e4821dc5ef7f4d4caae5bd7c4d2870d38482875e2d0dfb26c5a0,L2_category_difference_tied_safety_and_severity,12828,300,0.023386342376052385,42.76,164
Alpaca2-7B-train.jsonl,8459,f3117759ebddc3d55d96d9d775c20259d8468f1dd1909e56a66536454510ecab,8e41e98ef07e4f617da5943f56e3d32377ca4c997b3af63dafc223473f03a3d0,L2_category_difference_tied_safety_and_severity,12828,300,0.023386342376052385,42.76,165
Alpaca2-7B-train.jsonl,10762,b1326cad64bdcb7f9253937d8a55895f5ed62a060857e2fb12be1271d78f07f4,f43c13b1aa8dd11b6821e1acb871374a1903841bfb46fab95dd39c08206e67d3,L2_category_difference_tied_safety_and_severity,12828,300,0.023386342376052385,42.76,166
Alpaca3-8B-train.jsonl,4882,7207d42f24f62a26e0db94f2ba7d98c1acaa6d4f562e5713f422197054d023ad,9ed3d210143faa5fc2a55a9ad4e6810b5d3e8aa39e0a9b05b86ec657c86b65a5,L2_category_difference_tied_safety_and_severity,12828,300,0.023386342376052385,42.76,167
Alpaca3-8B-train.jsonl,9503,d1d9372f28137ad408ba1e8823ca60a99fbc16dc619858d0193488921135a9a0,7e9629f743d9e549bcf2ccd074290744bf37bd03aa820e90c1c5347caffcc1ff,L2_category_difference_tied_safety_and_severity,12828,300,0.023386342376052385,42.76,168
Alpaca-7B-train.jsonl,13320,5a9f1b4d18ba7df68c53db684fe17f261c4181709f23aed423499430534c7ec2,a46aafd9a9a3a9ad64082b1884eb97d97803c5b9ec25b2799b75abd54b286d6f,L2_category_difference_tied_safety_and_severity,12828,300,0.023386342376052385,42.76,169
Alpaca2-7B-train.jsonl,18063,8093f4e45924157427d1e1b9ef2c6d61fc5be0216146fb9f1eedaa3972390f16,cea663be75f4c1402c3e08dfaf7d38f07147d8597a5e1ff8270e47971393e426,L2_category_difference_tied_safety_and_severity,12828,300,0.023386342376052385,42.76,170
Alpaca2-7B-train.jsonl,22792,1fbb17ab9194a52034df759b8c9df795fc79245c4fa8c499bda8375600408767,c7da8b13bd252bd7e9eca2f5c659b33f56f929d0eeab7d7841bf23d2ea3b5e2b,L2_category_difference_tied_safety_and_severity,12828,300,0.023386342376052385,42.76,171
Alpaca3-8B-train.jsonl,5308,b11507f3342d50363152bc58543346ded26acf35b10d05e2933a6675402daccf,f8c4a623063f109499a7210df5299f68ba9b5519aaa5c2900769cda7ad4516c8,L2_category_difference_tied_safety_and_severity,12828,300,0.023386342376052385,42.76,172
Alpaca-7B-train.jsonl,5915,56de61ffcffedd163b41cb9a649be92daa1220b17ea8d81ad7d0fd946b465200,e53672950012ae5f57a16a022bbe5b2c871c7d8a2a277432747934fad78bd10b,L2_category_difference_tied_safety_and_severity,12828,300,0.023386342376052385,42.76,173
Alpaca2-7B-train.jsonl,91,fa6f2753668e7e769dc3835c9d6dd216a30d337bca235dac74b7aa61a3f02b16,b4ecb8560001fecaa4cb3c956b35126b5efaf982b0189904185dd626f9d62501,L2_category_difference_tied_safety_and_severity,12828,300,0.023386342376052385,42.76,174
Alpaca-7B-train.jsonl,3106,ecf8855ed65437669760f60571febf47051cf2623137648ec806109e602a948d,4932b2c816241da871dc782bb4678601c66a5029db3228cb183031318e87114f,L2_category_difference_tied_safety_and_severity,12828,300,0.023386342376052385,42.76,175
Alpaca-7B-train.jsonl,15376,93f837aff8504743497cf5537dfda0bc2bc7d5f74382e444c9dd0d3929f0a072,3a6c7d6ca307dddafae276cf71584838283c58e81666687728aa4680475e96ec,L2_category_difference_tied_safety_and_severity,12828,300,0.023386342376052385,42.76,176
Alpaca2-7B-train.jsonl,1481,6e4ce04925b387b9fbb8b7b62af4293de4eac432e06ab6bf9be9f0eac45a49b9,6f532b97d387d37e96fe03d88a7edbfbb5a50e7df5a4421f0a6149e311572cce,L2_category_difference_tied_safety_and_severity,12828,300,0.023386342376052385,42.76,177
Alpaca-7B-train.jsonl,3108,7c5f75e503277a0ae439f41d11c74f0001bc13b83c88d6684aa1d151f4f002e9,f7201a2c610baadd23dd6ea8a6becbc11d178cbedfac408e39d0a3e39f6c1d0c,L2_category_difference_tied_safety_and_severity,12828,300,0.023386342376052385,42.76,178
Alpaca2-7B-train.jsonl,25114,80b63c1693a7ba43d39a1df14132d0c0bfa1133ef6ae1c7a1472b1b890200aa5,149290574565e63c4a0094f2520f4d5f90cf37e6a81699bb1f1b4a8958c28704,L2_category_difference_tied_safety_and_severity,12828,300,0.023386342376052385,42.76,179
Alpaca3-8B-train.jsonl,7947,ffd443c0ac3bc1331b60a56e8faa77b3c6a31fda69cec3259f5b293feebdf310,618a0411cc0a3f14b4ad7ab40844cd62b0aa89585b288cbf3a6a8aabbac56ae2,L2_category_difference_tied_safety_and_severity,12828,300,0.023386342376052385,42.76,180
Alpaca-7B-train.jsonl,27101,6ab9a5032087b1368f0641f4aadd76525b792a637b71a4f3c01563619a5fd6b3,a5d75875abc25012b2ae6b06b32fa8a4f3c1f035e5c7e6c8037d8199b1101939,L2_category_difference_tied_safety_and_severity,12828,300,0.023386342376052385,42.76,181
Alpaca-7B-train.jsonl,12138,91bdf4467d28e6cac51c69bdaffc02ff5a397a8b2cf02dacb50c81fac5b3399c,1a33e5edc6057da69c9e0c296fe02ca066e98452fcfc0de38ae80ebb2e15b4f9,L2_category_difference_tied_safety_and_severity,12828,300,0.023386342376052385,42.76,182
Alpaca-7B-train.jsonl,4238,3435edeec1a9053727c737fde0d616525b7372068e3eb0906464cf80faa94ad7,c209f60c6640fdf47559025344540f7a13b7edd470ebba6dc7cd23d65cce470c,L2_category_difference_tied_safety_and_severity,12828,300,0.023386342376052385,42.76,183
Alpaca3-8B-train.jsonl,13442,8fe09fc52e45b1bce65b49548c807351bbfb61472ec61b77ab7b59f48e66ef3e,63c12642e8afee6a8cf87bd47ee8d750ef113b54b157c81ef095fb6a62fad1a7,L2_category_difference_tied_safety_and_severity,12828,300,0.023386342376052385,42.76,184
Alpaca-7B-train.jsonl,20160,516822137ba94e2cbf94fb7cb0690f54bd8b4f782cf2d6b1f77ddd1410763649,0831cedc44080ff1f79dcb10636506bc657f3308ca4cb4d3aab9571dc4fd948b,L2_category_difference_tied_safety_and_severity,12828,300,0.023386342376052385,42.76,185
Alpaca3-8B-train.jsonl,10489,2d7efedf4b167ff868464029047b47c59ad56052c9097596c06ef42111db15f7,c69574fb2502477ed1151a0a59af5acf43ed6fccf3755e9a8d9d7d26dab9be54,L2_category_difference_tied_safety_and_severity,12828,300,0.023386342376052385,42.76,186
Alpaca-7B-train.jsonl,9106,75b564907df4906082dd9cee502d6b35b61ce937514195831d50fa042b0a8820,512175bdfbb6ad422a150aa6540f3f7bf923250e0494c3b36b7d249082436a75,L2_category_difference_tied_safety_and_severity,12828,300,0.023386342376052385,42.76,187
Alpaca2-7B-train.jsonl,4099,45063712b0534d503bd5615af1f375fd1c1ad8dbb63be54ad6a6055690d49c60,1cdad203d3a3fc968c8f2f767219e7255a676647d0066de271747882251d9fac,L2_category_difference_tied_safety_and_severity,12828,300,0.023386342376052385,42.76,188
Alpaca-7B-train.jsonl,21417,38d18019bdf1e80801eb0be1150cefeeaee2f726877141195b86c8cb28c54e78,b781564a6ee7854833520c9d70238da125d10f6decd31c4971b43d09d6d003eb,L2_category_difference_tied_safety_and_severity,12828,300,0.023386342376052385,42.76,189
Alpaca-7B-train.jsonl,14496,67494f300546a9fbacd84cc3e31c36e56fc94a47f75c054f47008ae91789a85f,1525a1ce1c966977848516bf09f46fded22c820ae2c390139a30e273b01e1f75,L2_category_difference_tied_safety_and_severity,12828,300,0.023386342376052385,42.76,190
Alpaca3-8B-train.jsonl,13711,afade61b03c65c5c286aa1c211a65f982734f2fc452bc33c4e15a5d5fd35222d,f7ac389aba719c3eab8056c822a88110321172cb870710a26ab2c22d0dc82be0,L2_category_difference_tied_safety_and_severity,12828,300,0.023386342376052385,42.76,191
Alpaca-7B-train.jsonl,21479,f08ef4e24a2e2c927b22fe48878f2c10b1b631fa9a71749589e8131608acd17b,b55ef9f542490f4a7d5093c08244aa301554b2e336b24f6a198350ea3e068658,L2_category_difference_tied_safety_and_severity,12828,300,0.023386342376052385,42.76,192
Alpaca-7B-train.jsonl,12280,c0386b0499d95afb7c5ff5d9119ddf859072840d7707372e16c04d6b71521a26,fea49bbebe2017c809df111faccd1e18defc7208fbc8d2b957e1e8c98df05b90,L2_category_difference_tied_safety_and_severity,12828,300,0.023386342376052385,42.76,193
Alpaca2-7B-train.jsonl,19403,848d063e911788afcbac91421759ad78b24c98459d2b17051dac22fc2cf534a1,a000c515e2b0895b609e185a26eaa6d9ea7368082f1761446f2e5d25f87a0654,L2_category_difference_tied_safety_and_severity,12828,300,0.023386342376052385,42.76,194
Alpaca3-8B-train.jsonl,12491,df0feb534764a731bc754fdfb95e0bfb4f21b5cd93faebd637a515cc1a994bb7,ed1090932095b33f8b103fb1d2b81e3625bfdfdd55b71054aa8c784d87e83023,L2_category_difference_tied_safety_and_severity,12828,300,0.023386342376052385,42.76,195
Alpaca-7B-train.jsonl,15808,536fd9c0273a4baef0ca7306dacc6f9ecb2309ae608f3c2650dadef027c25bac,50d143211f3ddfc7730564889dd4219fd0ca025116989751bcb467a8ccd284e5,L2_category_difference_tied_safety_and_severity,12828,300,0.023386342376052385,42.76,196
Alpaca3-8B-train.jsonl,6230,e69799dcf90ff423d49b999cc999daa802fa837c981fe19724c8f83ea11d85f8,d2ca22065e44587084f040d230732651250d51628dfe974c6c3e10a055f7aa04,L2_category_difference_tied_safety_and_severity,12828,300,0.023386342376052385,42.76,197
Alpaca-7B-train.jsonl,20011,5b8a3d234492791cb6329d254ac0323dce7b36f44b5ce6c54614bd2ed7b0ae17,cef16935cf28d8056d851ed1c21b5fab1c17da42687a352c51576ba85c08ea0f,L2_category_difference_tied_safety_and_severity,12828,300,0.023386342376052385,42.76,198
Alpaca-7B-train.jsonl,5347,659a65dad43b6cf643eef2ec9d2a70be9c2c180dc5fca87a6f8b2b86544aec2d,b6574f11ae525a87c797209ebd619a7b2508e9fce15fc0a952141e9347b52af8,L2_category_difference_tied_safety_and_severity,12828,300,0.023386342376052385,42.76,199
Alpaca2-7B-train.jsonl,2429,d81c4691367ce559993e53fa672c570965580b248388e3d192c9cbcf9f7ebe24,952c474e6550bcc617b8b07795f36924aac4fac0dae2c130d7125a1410a83c2f,L2_category_difference_tied_safety_and_severity,12828,300,0.023386342376052385,42.76,200
Alpaca3-8B-train.jsonl,414,e3e49dbe38123aca1b8c7da70aa13610400417d769b1962b940050e1b2bd72f8,2a2b147625ba4759ceea4849a85d8895c98155e6eb680f3c23104391b848e576,L2_category_difference_tied_safety_and_severity,12828,300,0.023386342376052385,42.76,201
Alpaca2-7B-train.jsonl,17966,256956919579384734fd8d024a6ff88fd62fe6e4b9621ac2bf7f936b295ec3b4,102afb054736bc59173f76928ea0d606607f16d8209a808e67cf60be521a7bef,L2_category_difference_tied_safety_and_severity,12828,300,0.023386342376052385,42.76,202
Alpaca-7B-train.jsonl,15297,b4fa061cbfd139717ee284a90dd8112799d6ccbb5ee37820d8e48c33a8799de8,650dde0340ebd8fbb1129d82dc3efbca86350ffe42a7a843deca6d41bda543ef,L2_category_difference_tied_safety_and_severity,12828,300,0.023386342376052385,42.76,203
Alpaca3-8B-train.jsonl,6171,59953f26c8f3353b6af0cec427c3c8a4f996f781952daaee8c5634c2c194ac1d,9185fa3cd154e9f45f487cd8aaed675b472e544597106811f7d7480b233df403,L2_category_difference_tied_safety_and_severity,12828,300,0.023386342376052385,42.76,204
Alpaca2-7B-train.jsonl,19009,252278687b6ca49bed782efb9fccac69616f74936d237f251491e3a35bd1c98d,e5ae7f453e144260d4ad9271371deba5656cbebb19f63358594b320f1b2c0dac,L2_category_difference_tied_safety_and_severity,12828,300,0.023386342376052385,42.76,205
Alpaca2-7B-train.jsonl,25238,93de9da38d9af14c9c520130a09303d829ffee591c8ade75b99f1b3a178cb2b6,2db44a8c036b8f44e50571cf9ed26d494ca62d3ae9785bcff891e3fb5d216917,L2_category_difference_tied_safety_and_severity,12828,300,0.023386342376052385,42.76,206
Alpaca3-8B-train.jsonl,874,5d282326df3c98f0435dcbc10724c4d7bd27abbe648155ccc0719f75a357d690,3a9c9b1d82b30e99b59bbd1b643cbc204cb12f39fe8a457feb18ed1c5addda78,L2_category_difference_tied_safety_and_severity,12828,300,0.023386342376052385,42.76,207
Alpaca-7B-train.jsonl,23517,ef8558a8dc8c3d1bb8c958690e95638c42e00de8326c6e79dc137a8b595c8f4c,13be449afc0be1fe37e59428faef15d71aa0bb3e532949bf44f598711d02e556,L2_category_difference_tied_safety_and_severity,12828,300,0.023386342376052385,42.76,208
Alpaca2-7B-train.jsonl,5615,d70486f8c7a79327333e11cd0c88d6e6947e4148a230f8b51a02bcdc94c76461,6716f0dcdaaa06827c989d788a548e586b54d22702dd7375dcfa35a372df12cf,L2_category_difference_tied_safety_and_severity,12828,300,0.023386342376052385,42.76,209
Alpaca3-8B-train.jsonl,18473,fff469a349f7593b183925615a567d47df7232dad8abf89702de60fb7fcc3883,ac3788605fb53d5d8e57b30b5801246129c6e8993fe82f1510f92c53d787fd73,L2_category_difference_tied_safety_and_severity,12828,300,0.023386342376052385,42.76,210
Alpaca-7B-train.jsonl,11934,3f37edbfa93e5ea4e652f26bdc77430b796068d2212a3fd383c1594e86704e0f,2861426eefdf85dc5d01461341720508102efbfb670f4e9719b677f42fa9d726,L2_category_difference_tied_safety_and_severity,12828,300,0.023386342376052385,42.76,211
Alpaca-7B-train.jsonl,9597,07fed023fa4f94a43c6e66ffbd8d6997985db13892809ca57f1770c324a15dcc,0d086d427d53cf07b5c9a2f39a0de85b4468e28eaaf739d228bb6cc9eb8aba75,L2_category_difference_tied_safety_and_severity,12828,300,0.023386342376052385,42.76,212
Alpaca-7B-train.jsonl,21346,d48a45543b0917fe294acdc3f7f3d6635d237ca2f2db1a5657b1afb91d0c0bb3,98f5d52170df5b5fb8216db0c6c81f032bfb2efcd44da8511a308294ef44487b,L2_category_difference_tied_safety_and_severity,12828,300,0.023386342376052385,42.76,213
Alpaca-7B-train.jsonl,26462,7c0fcd72827f3ad60c9d81813ebe04df85c33bdd85c231940a97ab87cb7b63ec,b96a4f7f16c35fde5f296cee12d0b9ba1c1dd652d507e45ca0fcb4f28a87af60,L2_category_difference_tied_safety_and_severity,12828,300,0.023386342376052385,42.76,214
Alpaca2-7B-train.jsonl,539,79741adb42f4ee637d3aec40e1cb422f3eb6a91a0f50d36c0a182e5f8e87117c,9edcf6cac5ba913cf476de6e4c6f2ad724160fbc5b0cc4c543876c6693425033,L2_category_difference_tied_safety_and_severity,12828,300,0.023386342376052385,42.76,215
Alpaca2-7B-train.jsonl,17812,6aaa3b369bae5522c3f36d0dadc466f3200a08ce3b5ff1cd390b368892b11343,1c103dee5a736a3dde50f0a1f7a60ccf6f8a12803d57b381cc18532b3ec91f76,L2_category_difference_tied_safety_and_severity,12828,300,0.023386342376052385,42.76,216
Alpaca3-8B-train.jsonl,17814,ed87f33bcb82719ab59693a50345f5a21d80302994c97356a57649ddc6434972,122c87ebb81b43d7ee453f8f6ae075c033a4aea1d0ed9d47ab9f6977ac806e97,L2_category_difference_tied_safety_and_severity,12828,300,0.023386342376052385,42.76,217
Alpaca3-8B-train.jsonl,12071,c7568a6554edb4c8ac07c582de41a061054e24b43a9a61b4035c95c913ff2e38,82ebc9e84ab6a1d289b22749e636f82191adac2d699f6b04a103064bfce2cdaa,L2_category_difference_tied_safety_and_severity,12828,300,0.023386342376052385,42.76,218
Alpaca-7B-train.jsonl,8429,c4a4fa3fe847f3581a6568f70c9393901e8c5b783ac73d17d0632857be5cbeea,50853003b5cd82f178d4dc42f7168a6efdfa9423d4a374160f4c2ea2eedd64f4,L2_category_difference_tied_safety_and_severity,12828,300,0.023386342376052385,42.76,219
Alpaca-7B-train.jsonl,24824,3b696f36c6b23d74ac41e80cab12767e07fe6c141694ebc222e6ded96dc77566,701be5608bbe6ad3d9d91243a93562566f01ffce3120761bbeb8022b8016040f,L2_category_difference_tied_safety_and_severity,12828,300,0.023386342376052385,42.76,220
Alpaca2-7B-train.jsonl,7673,d3364600e0db5d03c63521bbb8cd01cd500218e0ad32addc7e7a78ec955f3cb6,cb3fa01bafd22898831644974e162a72974a2362bd709d6f811bdf0d11405ed6,L2_category_difference_tied_safety_and_severity,12828,300,0.023386342376052385,42.76,221
Alpaca3-8B-train.jsonl,4215,65d74ec7deb9a30622574e8bdf99b0e86b1a7622a9bfd3a74cf049500ed50d01,8ab1e3d9af4acb267ec51840ad3dbcab5c94422820ed94b25bb64223d0f25c61,L2_category_difference_tied_safety_and_severity,12828,300,0.023386342376052385,42.76,222
Alpaca-7B-train.jsonl,5316,edcb31d83c0a4fe60895c3368bc44530327e8bfb4135fb70745093bbc04555f6,c27be09d8453d1cc1fc9666c2091c6037a84344f8e826e39736e0b8216e78c71,L2_category_difference_tied_safety_and_severity,12828,300,0.023386342376052385,42.76,223
Alpaca3-8B-train.jsonl,3803,23b58910cdb0c19f0089c5bf7ecb224b3936c5307fe060edc6b2f8ef5860db43,947d2de0e58f2fabdc6c403adcfb2aa490b0707a7b318cdb702057b47a59766a,L2_category_difference_tied_safety_and_severity,12828,300,0.023386342376052385,42.76,224
Alpaca-7B-train.jsonl,18386,44476902d3e384bec1b649eb8798e1226eec67450aa3fb9a9fd6375e87a525ad,f3b0bf504e19b79301d4009374c84587d79c77a2785af1095055972e22e114e0,L2_category_difference_tied_safety_and_severity,12828,300,0.023386342376052385,42.76,225
Alpaca2-7B-train.jsonl,1945,9644a08a0d120a861589b1479097d1e356f68ab19fdceda8836bc2fedd173e92,5f5705f4daab32fb7c13fe519a216190497818aeaf532770f21b70667b289588,L2_category_difference_tied_safety_and_severity,12828,300,0.023386342376052385,42.76,226
Alpaca3-8B-train.jsonl,19462,b9f68501433db0367d1a6a1813b35c3ba83bb64a7b2044a169c071dbaf49a766,e0d6d854c97a7710173b2dd2cf8362c06ae0844a1a0de1f15227ac711e5530cc,L2_category_difference_tied_safety_and_severity,12828,300,0.023386342376052385,42.76,227
Alpaca-7B-train.jsonl,26985,ccbef41db8a6417242db215f61d4261c7771faf7e6012c236fd7bd5e87288ebc,67e9defb4a60c7b5d2bf2518e92a9760bcbe7e6fb845959f70cc099bd6189df8,L2_category_difference_tied_safety_and_severity,12828,300,0.023386342376052385,42.76,228
Alpaca3-8B-train.jsonl,2367,591786845bc2ec09337adb02718e8d322824bb1b0c94d7b25cc775aa5ed26ba5,169f5b509129115bf96375c291df10e974964da3aab10b8c77605d697aaa2fea,L2_category_difference_tied_safety_and_severity,12828,300,0.023386342376052385,42.76,229
Alpaca-7B-train.jsonl,15665,148987c5b35bd791a88e44767af377a908a5a507b412af62ad163e297f64b8dc,86a4e7fc467f1d4f4ef77d6c35d3420c30b566fd3a3a3ae4d9025c10c209c73d,L2_category_difference_tied_safety_and_severity,12828,300,0.023386342376052385,42.76,230
Alpaca2-7B-train.jsonl,12900,e7ec81c5092b9ba70912cf6d74d47b57a76e18ca4582475682c2ac6614a611ef,4b6ca052c6c11e035cadbefb4f3c6c268f71a4add2e2b267127a0db92f5aba86,L2_category_difference_tied_safety_and_severity,12828,300,0.023386342376052385,42.76,231
Alpaca2-7B-train.jsonl,15270,605becb5e411ed2924dbe68b8eb39de1eabe3e89eaa93e693a61ffe781bf0dc0,a6420292961e3385c45f612eeede2a92e0742f381fd000379159118059bb2011,L2_category_difference_tied_safety_and_severity,12828,300,0.023386342376052385,42.76,232
Alpaca2-7B-train.jsonl,24640,4676af1b1ff1baad723fa530c56c8083d33f6bf567dca369cbef980fe2ee9d47,1c89d50a9238d3dfa181b37f3e2bd93de7a0524fb6383755bfd4858c9ef93c11,L2_category_difference_tied_safety_and_severity,12828,300,0.023386342376052385,42.76,233
Alpaca2-7B-train.jsonl,24890,00735e968b367c72943f753ec4c6cfd942de905295e73fffb5c1d062f77982c2,c2e68ca5482dacde61ef0092cb85af198cf4f6308626aa4077aed6dc33ff0baf,L2_category_difference_tied_safety_and_severity,12828,300,0.023386342376052385,42.76,234
Alpaca2-7B-train.jsonl,4139,a9dd4397d4aa93dffa43900f55552022356315cc5d078ec4fe2e7a97e72bd8ef,9af846f4341ba42a1fce4907117378e3c2485f78bf8913aec32fd3bfcb6346cf,L2_category_difference_tied_safety_and_severity,12828,300,0.023386342376052385,42.76,235
Alpaca3-8B-train.jsonl,9511,a2b984c76941e91088200f75a71ec3cd75e349b89d4dd11a1cc05ba5a45f73da,2f271c5f6ad9e03f122900ac05e12e5f031edfcfd83086f952598467705197f9,L2_category_difference_tied_safety_and_severity,12828,300,0.023386342376052385,42.76,236
Alpaca-7B-train.jsonl,12164,d0f95642d226b7729b6cb026a5cf94ed9a97ca677de9b58203312abf5d22e222,424b0f75a6a7cda71650bbed2b5b3ed19228a31767ea51def8c4ca423723bb3e,L2_category_difference_tied_safety_and_severity,12828,300,0.023386342376052385,42.76,237
Alpaca2-7B-train.jsonl,4853,6776465cd1186c9c7d47b63a2de101623c4a27c8552a3df02fc8ecf08b3d099c,51054fa044bb4d04efbfec266c71a73e93b0fb9f9b3c48c06a174e378ed9ae94,L2_category_difference_tied_safety_and_severity,12828,300,0.023386342376052385,42.76,238
Alpaca-7B-train.jsonl,22000,9d300479c38556db8d0412e41fcb598ed2b9892e9ddd3ecdbe2a8660ee3209c3,b6e44800d3480a8e66b6fdebfa37a1d374aca9fc94aa201be12a6554bb3ba112,L2_category_difference_tied_safety_and_severity,12828,300,0.023386342376052385,42.76,239
Alpaca2-7B-train.jsonl,24058,8c6524a33c3848142f443ea606ffebff8964903e1f6857ab9a14ed837cc1826e,eb078f455b5786729321b2bee8e8c7b88acf8c9ce46f88b1f546b5585483e736,L2_category_difference_tied_safety_and_severity,12828,300,0.023386342376052385,42.76,240
Alpaca2-7B-train.jsonl,4940,70c32ff0733af465f8b1c8df0a1d6d25da1c7acb0b5fb44bd1caebc5ba36fb1f,3a3a5759e5e5554034442bf9db1886b4db04372deac7d7c1f0541c7bc4642941,L2_category_difference_tied_safety_and_severity,12828,300,0.023386342376052385,42.76,241
Alpaca-7B-train.jsonl,26942,800eee8dcc6b4e3cc2994d0166da64e207f7629a8d7f7dffe69290785b7e480f,7fbfc3bbcd337fc7ab8f08563fe1c5633aef1d4a68316ebdafaae606033b8272,L2_category_difference_tied_safety_and_severity,12828,300,0.023386342376052385,42.76,242
Alpaca2-7B-train.jsonl,25359,b70452155bf739ba8c2890de0b64232282c239931a8f1c33555c11e3a6f02a46,624af5814b40fbdcb967c8ce2545f5e16a9081bc6897224878bb308fc936f560,L2_category_difference_tied_safety_and_severity,12828,300,0.023386342376052385,42.76,243
Alpaca2-7B-train.jsonl,17365,621700b0e54690749b3d6b1db92b6673a228ec3a4f46e727fc6690d066150fae,92a47bdac9ce420e0174b752e8f22b845631da55e8ab9ac8e4dc0cffafad2bb1,L2_category_difference_tied_safety_and_severity,12828,300,0.023386342376052385,42.76,244
Alpaca3-8B-train.jsonl,2751,142144179e29337852fa415897aa48dc6d9fb33902daf6b24d5fd1601de7e05d,4e2d538b9842505f7a9d0322e5e1e19f21042672b26dc0ac76f1f9b02d4646ca,L2_category_difference_tied_safety_and_severity,12828,300,0.023386342376052385,42.76,245
Alpaca3-8B-train.jsonl,5421,d1603a1f61491a9f7dfaca8a102e39d61c679ffcb60854084a51db1fdf0fad66,e7d35918c832fe16bae72628889a8ecc335f4fc0f8c590403fd5dae51db07843,L2_category_difference_tied_safety_and_severity,12828,300,0.023386342376052385,42.76,246
Alpaca2-7B-train.jsonl,4879,855cd2def25a16aab6f25d98c1cb1f4889d21094b1578ec6305c6dab5b32f2f7,014b3e553850017a859884cc89da954b22d3b319a5c40632ae096bb4440c734b,L2_category_difference_tied_safety_and_severity,12828,300,0.023386342376052385,42.76,247
Alpaca2-7B-train.jsonl,4212,2bba9647f924c1d3ddb82e3b48e8560dfe6d7a5da5b07bbba9847a76d872281b,58e8eb87c8744fb413cba771cd39b63fe485576f9caa3067eec9cfdc48740fbe,L2_category_difference_tied_safety_and_severity,12828,300,0.023386342376052385,42.76,248
Alpaca-7B-train.jsonl,26477,3d9110a349c70263f080cb86706b7742c45364637291a47f58ded02634386843,e0fdb1889ec0d861c303841b9bfa3667e2c4a12c3d54624e1919baa589105372,L2_category_difference_tied_safety_and_severity,12828,300,0.023386342376052385,42.76,249
Alpaca3-8B-train.jsonl,7198,99f985a4d012acf4277c999bf3310ff1bf82d10e58cafba1dc92a841f789cb86,528b59064d728453c92d26129a008cbb76d492d511d3b6fd8d07cccb908664b9,L2_category_difference_tied_safety_and_severity,12828,300,0.023386342376052385,42.76,250
Alpaca-7B-train.jsonl,25783,99b30aaaa3c1dc6cfec3ee35f4e56b2461bdcc02a76214f5d3ff03dcb552a8ff,2f4a5c89516f6e13609606801d7410c27ebc8eeccba798505709ed62a915892d,L2_category_difference_tied_safety_and_severity,12828,300,0.023386342376052385,42.76,251
Alpaca-7B-train.jsonl,23084,8c739a27b1e4965285c66293614a586a87eb9c5dadb3b7eeef9a9a7977a10759,7ff25fd24d4b5b5c22a5fcf915d81c7e899eeccc68a4c07f88e1c597e3a3aa53,L2_category_difference_tied_safety_and_severity,12828,300,0.023386342376052385,42.76,252
Alpaca3-8B-train.jsonl,20310,e52fda44d3c79aea22d4f69a200ab0f99cafa706d59e3972e0f8af7cc5af18ea,a9c75b2222e3a2784544c70067d16c489d2cbab4821a9381caf1b97016aa8e98,L2_category_difference_tied_safety_and_severity,12828,300,0.023386342376052385,42.76,253
Alpaca2-7B-train.jsonl,16486,b74248e5519c6327d2d54c37bad1b1b12e66cf05d2c5bfe0c23626b80b175761,07f0f574ad2c3c9a398d8ede05d6933e02e3d796fe213fe66d85cf4cf7a05b16,L2_category_difference_tied_safety_and_severity,12828,300,0.023386342376052385,42.76,254
Alpaca3-8B-train.jsonl,6773,e003bf9e06673ebf87beb0098fe9d53e16e84a908cac3087a4b7196eda708f2b,936568408d1eca4a11053df3ba76d8c069536bd852e742cefcbac8b113cc6734,L2_category_difference_tied_safety_and_severity,12828,300,0.023386342376052385,42.76,255
Alpaca2-7B-train.jsonl,5469,15ae3b6d36390dee97c79b697a7895f48e58c454aae58b59ba7317ee59577f01,e6c309dd8d792cc30a77abadca027740af85c4c2250c84528b0d3008a62b2397,L2_category_difference_tied_safety_and_severity,12828,300,0.023386342376052385,42.76,256
Alpaca3-8B-train.jsonl,12171,268eaf40d0ab1fb7c79a42063841f20249ea4b3e8f31055b49d81211be164ab3,6a567da60fcfd411a2a135082af73042101ef1747b23957b125d31591c58c310,L2_category_difference_tied_safety_and_severity,12828,300,0.023386342376052385,42.76,257
Alpaca3-8B-train.jsonl,18139,234d708873c9cf43ed33a686e101c88f27d180029ec250293e51dba72ce7fd9e,4a4e55c80e0e75dc87456171093eb001b7557e7cd3786735f0ba7225d56d4459,L2_category_difference_tied_safety_and_severity,12828,300,0.023386342376052385,42.76,258
Alpaca2-7B-train.jsonl,2424,1411408e12517283c913077e906dc9106aa2fb24f9aa9c8b660c64d2b9bfc53f,5d3c64d0630bcdc791823e220298aee0f44f80b6ac68d9a6092347c738a7172e,L2_category_difference_tied_safety_and_severity,12828,300,0.023386342376052385,42.76,259
Alpaca3-8B-train.jsonl,14512,35501c79667dc9858d3ba56322059c93f8bdf94f1251cc7fddbfc01ec96f5a22,39185cb0d14839aae48e0de7bea54ac5e6be7deec38d52a2e08a5be6194902c9,L2_category_difference_tied_safety_and_severity,12828,300,0.023386342376052385,42.76,260
Alpaca-7B-train.jsonl,24101,dcd3c79ac86610ac748a2232123e0c39b1ca32a2cfe2c9a12f6edf521da40abd,c8d8336cbfd46b6a8f1a06c613b1aeee3edb72b40985722a2805f1d2aef9286d,L2_category_difference_tied_safety_and_severity,12828,300,0.023386342376052385,42.76,261
Alpaca-7B-train.jsonl,23396,3541b4b5fdc5e48f2f1e9bdabf3387a0e45a3a9a9f5d9e20dfee6af807835086,7d2afaed691340d79c7c6d2c8ab95b380f106b7fa221f353707eee165cbdbccb,L2_category_difference_tied_safety_and_severity,12828,300,0.023386342376052385,42.76,262
Alpaca3-8B-train.jsonl,5908,68ea52f698c12636bfa2631b00a45f7c085809147cbd960f415cbf763ad9c542,88e629627c85792af358c4177af2f905fa695fd688b7343e8428f7716b4c52d5,L2_category_difference_tied_safety_and_severity,12828,300,0.023386342376052385,42.76,263
Alpaca3-8B-train.jsonl,19481,99db088dcae2f89173cf56803c668d5de42e8652c8b7a5f0c219dbf508d74258,a630a9d0da5129c9b55536fb4773c7a1af9e41e04c4b1af3425b0d6eccf7a8f5,L2_category_difference_tied_safety_and_severity,12828,300,0.023386342376052385,42.76,264
Alpaca3-8B-train.jsonl,16597,ec0ca6fa5c758bbc041c96573f207233ce5d090297edfd1e8b08c077524fe031,a36d081b23b5890b8e985966672168f20b8d1a7cdb6450d99a39ccc46c61ec7d,L2_category_difference_tied_safety_and_severity,12828,300,0.023386342376052385,42.76,265
Alpaca2-7B-train.jsonl,13919,68d216d7b530fd6983f2e320d24836f33e33d9c064f6d9903665e8e01cafe2bf,757e4cc11a21a6b817524efac00b03f4ff062d3df4d3f6dd81a77235c554f96b,L2_category_difference_tied_safety_and_severity,12828,300,0.023386342376052385,42.76,266
Alpaca2-7B-train.jsonl,18592,a3f2738ee32935ce4da8afae912d64a06916713a39b20a4483944be8dc94ee2f,81b5cd225d76f486a97c0d4cc666b8062261643c670a839a12ec46aeec6bf8ed,L2_category_difference_tied_safety_and_severity,12828,300,0.023386342376052385,42.76,267
Alpaca-7B-train.jsonl,24008,3e51f4dc788559e00d3008f57f3583de865179a147539dc96bc2015e5758644b,b297dcafc171ce952d1836debc29c82253d9dd6d4b118ba9f1eccee1383bc3e3,L2_category_difference_tied_safety_and_severity,12828,300,0.023386342376052385,42.76,268
Alpaca2-7B-train.jsonl,5084,0fae4b1dbd58dd23ecc3a1635e0be1dda55a480afffaedf5ee65026d185d0b4a,b0e9fe8bad2fb0146479212a465315d5c721cc79ab93d63d757bd2bdc44c63ef,L2_category_difference_tied_safety_and_severity,12828,300,0.023386342376052385,42.76,269
Alpaca3-8B-train.jsonl,4562,6b7cfd80bf2b42db9b87f2abe4eb609f5507b17461cefb803b2ee32af876b400,3ae7080296ddbf739a61d9b02a098e58499eec42fbdb1f78b3b6aef1f897e852,L2_category_difference_tied_safety_and_severity,12828,300,0.023386342376052385,42.76,270
Alpaca-7B-train.jsonl,906,ee0bbb1ab9c34485298c604b0af22a3514c87bf114a41c8f30a210ad49b5ca50,e8798fa7c7bc67ec47bfa27061207d3a127884b10d90439e09f7937aeeb1f2a0,L2_category_difference_tied_safety_and_severity,12828,300,0.023386342376052385,42.76,271
Alpaca-7B-train.jsonl,15111,c0a3c7186c89cf7e1ee95a6ebf8a9c6365d21964156ffc049c180b9fca487a08,b9f352fe46b79d603cec88164bf0823eb4ac412d394981e6252dc34979de21b1,L2_category_difference_tied_safety_and_severity,12828,300,0.023386342376052385,42.76,272
Alpaca3-8B-train.jsonl,3368,971ddd620e5cf2d991e3ac02aae9c4d30dcdb111b33e6741b94bc7f82637abbd,453f89076e504527e4e320cfeb7ad9438e3e8e02d30e36a1b3d2c4d60c54c426,L2_category_difference_tied_safety_and_severity,12828,300,0.023386342376052385,42.76,273
Alpaca-7B-train.jsonl,25917,92fe144c950cf3cb33ba90abca1c9f5e3f1140b3d5ab846dd709eee4ce3f338d,5194a700da4aa043ba8f7fea56810675d0e237953f4525c272178fcb5033f5e8,L2_category_difference_tied_safety_and_severity,12828,300,0.023386342376052385,42.76,274
Alpaca2-7B-train.jsonl,9493,fcaa4ebfb5ab611ba6e484331ae4623478a10e70f645faa94eb0c142c0402901,fb880cf7dea1bccd7fe7d75368973886ff8589afeda11f23fa26cd51cd45e4a8,L2_category_difference_tied_safety_and_severity,12828,300,0.023386342376052385,42.76,275
Alpaca3-8B-train.jsonl,2105,47786f5720581b6cac38120b74d86122b6dc7447dbb09a90ea6a11953ee03cb0,42401d0c98f5fe5b5c902319c2a059c4841b560008a9ac321eb54aa5b022eb2c,L2_category_difference_tied_safety_and_severity,12828,300,0.023386342376052385,42.76,276
Alpaca3-8B-train.jsonl,3476,171e79cae9134122045a2b4d5edd6eb282ae6aad8803e8fa38c1aaefe48bba49,75c127daf70f1f981457c9380bd469d2af8793a1eadc8bc29a1248931581b6d9,L2_category_difference_tied_safety_and_severity,12828,300,0.023386342376052385,42.76,277
Alpaca2-7B-train.jsonl,7243,a166c93f90ac65394b074cceee99cec060971dcdc03a7f5ba34b6b6d1a812e25,361b286bae71fc39728817a3531efd91a599ed725c98e9ff40fcb231d9ce482c,L2_category_difference_tied_safety_and_severity,12828,300,0.023386342376052385,42.76,278
Alpaca2-7B-train.jsonl,16851,38dbef1042a9369e0b66a3208f8e8ed900e692d8c858faa180a4be3d5b637707,07b429d708195a5db8dc455f9ce1dd08f9f8fec6b92efa327d7a480641d4d7c2,L2_category_difference_tied_safety_and_severity,12828,300,0.023386342376052385,42.76,279
Alpaca-7B-train.jsonl,2678,a37c605050ec1a50c85a85e60e641141c31ff69e5d3464567f176e783728403c,b6ffa3eb50b2d81bf4db4b4b61b383a4ba5240841e69a9df017794bb0f55c26f,L2_category_difference_tied_safety_and_severity,12828,300,0.023386342376052385,42.76,280
Alpaca3-8B-train.jsonl,5768,b8a645f1106ea3f1930c18d849c7707dd37bdc312e6c706db254c701e3c6ccc9,f80d04a300d6cd329e7f2ec84123ec289d7bd8c83992cb65d2f2725ffdbe8f1d,L2_category_difference_tied_safety_and_severity,12828,300,0.023386342376052385,42.76,281
Alpaca3-8B-train.jsonl,16527,f12588163a78fa5cd95b1d23e011bd7965667c22119bd598a964d0d983294f9a,0ef4180ce7cdf7bfd88d17961f8551367358de57f61cab225dbc0c5b5813b49c,L2_category_difference_tied_safety_and_severity,12828,300,0.023386342376052385,42.76,282
Alpaca-7B-train.jsonl,13554,29527470e4fdec4690aef27857f4743cb3c96dbe8d9e4c884cc23f9f9494ba60,9c4f81ba5ab3d59f4f359508a520244b7c7ce7e9f841eeb4593f472c33445d9f,L2_category_difference_tied_safety_and_severity,12828,300,0.023386342376052385,42.76,283
Alpaca-7B-train.jsonl,16878,fb5a0e10be75caa8880d11e3f142f2436bb054655914a1afa5dec5c79e90fdaf,efabcea104144d55c07cf1e8fa10b76c56d7828b82dc69142b3c673fb26616ab,L2_category_difference_tied_safety_and_severity,12828,300,0.023386342376052385,42.76,284
Alpaca3-8B-train.jsonl,4666,4f5a1f6e37e0d5bdc6d22be3ec2f877181d7f21141b34f3aebae53ff76c5c823,814d77ad3e5a944436f18d0dc3226da49e6466589b5c07a155883f6cb047e034,L2_category_difference_tied_safety_and_severity,12828,300,0.023386342376052385,42.76,285
Alpaca-7B-train.jsonl,26584,6ca499c1cd2349ef30cf12a67c05d5cbcf14e9345b6d984ebeaccd31628ada0c,231f7b118ef2a0bdd25952a9bd0a6c41dede1e8c9d577fb56cce8c7021298f4f,L2_category_difference_tied_safety_and_severity,12828,300,0.023386342376052385,42.76,286
Alpaca3-8B-train.jsonl,11268,229b76edfef60d7a9d67074da96907855724c5837571ffc0837ea8a74422953a,35e868cb5079d39f769e7b5c8fc58d393e7c2d0c5568f90c0dc118ab71de2f4b,L2_category_difference_tied_safety_and_severity,12828,300,0.023386342376052385,42.76,287
Alpaca3-8B-train.jsonl,11713,81d3cd9cf97fd9e0cb16faab9da8e2a65a5fc248be22e20f4d4cce07e7a41eb4,fe495337cfb1b1f6c0facae8d1a309f2c5673ce240b4ed31dd8f0d7e4ef16755,L2_category_difference_tied_safety_and_severity,12828,300,0.023386342376052385,42.76,288
Alpaca2-7B-train.jsonl,21270,b2b38fe76040dd3960fecfbf062f42f5147623e9d2fea70d2d94ffcfd3ae74f1,98dd2670892f8eb6ca66ae650db1fc2fbfaa56730e7639cf5867f4b41c728307,L2_category_difference_tied_safety_and_severity,12828,300,0.023386342376052385,42.76,289
Alpaca-7B-train.jsonl,10269,984abb7a5acd10fef5d520003d5eed2b4499b236e33fa1858447a7ce0508e7c0,398563dd51cade8d979a726b1baaefcb33140775a90161d42cbf0d74721dc0d7,L2_category_difference_tied_safety_and_severity,12828,300,0.023386342376052385,42.76,290
Alpaca-7B-train.jsonl,8374,54d0fe81f147a79bbead0297e65ba9742d56c643d64f9878bec4668b066129cf,ffd9431dba8a9b4011f603f36c6ce972edc8ea0d9bb1a361cd125b291200867a,L2_category_difference_tied_safety_and_severity,12828,300,0.023386342376052385,42.76,291
Alpaca-7B-train.jsonl,24331,43ea110b322355c4ff5f4f0428c55dd0680c00101f370e6a053abe54ad70de50,b93ddc624d72102dbbd3c71a94366778dcab1ab21707d3ee0261bdf6fc7ec330,L2_category_difference_tied_safety_and_severity,12828,300,0.023386342376052385,42.76,292
Alpaca-7B-train.jsonl,12474,8e8b07a143c612c55367e57be58c13e71fc2cf0af720c60ed7b39876ddfbdedb,1acce35115236354be1cab37fa52c9909c12cc51cf1a0f7ee286964f1b169b8a,L2_category_difference_tied_safety_and_severity,12828,300,0.023386342376052385,42.76,293
Alpaca-7B-train.jsonl,12500,22c63fa899d41bb066fa4ffa676ddf618a4dee05c3052313f9fda1be2ba64dbf,fae7811d0505f55c9226332242a13ad302681a8fc2c438cbd635cb37385b7d0b,L2_category_difference_tied_safety_and_severity,12828,300,0.023386342376052385,42.76,294
Alpaca2-7B-train.jsonl,2641,5aa25b2e9531efac97dcc6c4030d03a29e24e6ced2db489ffe3bc4eb4264cb50,41378237541012a21380d1a1aef761e78d8ebdbe6e3aceca5bf52418d8dbd4d7,L2_category_difference_tied_safety_and_severity,12828,300,0.023386342376052385,42.76,295
Alpaca3-8B-train.jsonl,3826,aa11c996b0fb7029d5878d203101170b4fd51cda57fac9d71b6d260480ddb8ab,12003537e6528cd64a53ffe07ef1cd4b0c504dac61bddd7e7461a659f85c2f85,L2_category_difference_tied_safety_and_severity,12828,300,0.023386342376052385,42.76,296
Alpaca2-7B-train.jsonl,20294,f02c08d9c6e7e91de206a1a36aee02f8b9b75d0864cee358d02b050abcecb8a8,ffcdce1315cf43e4255ec1844e70032a79fbe0c0645bbea4cc7edac62cdcabd9,L2_category_difference_tied_safety_and_severity,12828,300,0.023386342376052385,42.76,297
Alpaca-7B-train.jsonl,23977,eb063a050b6ed6561373dbe327d082417109e1dff58bb6a044c2191c5db5c54c,f7f8d8dcd2bae98be160ff6127c072de57528d945ffef6545f6706fce498c0dd,L2_category_difference_tied_safety_and_severity,12828,300,0.023386342376052385,42.76,298
Alpaca2-7B-train.jsonl,1069,9a2f9ba797f3922063b7a66c530bba0c43992e1f9a43ca7703c6ec5108030250,d16b5314e3376a0810eadbbbb9baa82f5ce7fc5733e7f60a124620475350a2f3,L2_category_difference_tied_safety_and_severity,12828,300,0.023386342376052385,42.76,299
Alpaca2-7B-train.jsonl,6778,8c2eb011027da7c97f5ebeee7c3967ff2e680bed9fb489ed2d19d6eb7c4e4791,59ef8dff3b1a5d133e89cc00776bddfba2ce81c002991986d4fb6470e5e7194d,L2_category_difference_tied_safety_and_severity,12828,300,0.023386342376052385,42.76,300
Alpaca-7B-train.jsonl,21922,0ea42f6b10e1d5ea466a7c782a4587d2e14e6843a6240b8748a5fe497370e493,1792a11cd0773622cfca7b17dd0b5a277304509129328473bd7601cc96fd09d1,L3_severity_difference_same_safety_state,5941,300,0.0504965494024575,19.803333333333335,1
Alpaca2-7B-train.jsonl,18678,6056e4ddf727f15d41002beaa3d2745cbce808290baf5e8f87d0764c9c9b78b3,fada2664551bb0183b3c382e1880eddf4742c34213f0d034480b7d299a34f09e,L3_severity_difference_same_safety_state,5941,300,0.0504965494024575,19.803333333333335,2
Alpaca-7B-train.jsonl,2487,97ce8dc613bd50a840cb72742b71b92e9e338f18ffa1775a5cb6c9baa5328c36,e1f7a6ad3c1759845f56714d10d97f1befaa6657c3617d283f1363c026e8dc61,L3_severity_difference_same_safety_state,5941,300,0.0504965494024575,19.803333333333335,3
Alpaca2-7B-train.jsonl,17905,04fef4b5bdb7d118d672bf92fba3ec530051cbd3774e8ba6a6444990f5846940,ebd74953d33d7da8e8304995b3a126e063668c8941768364289f6f2093e94c11,L3_severity_difference_same_safety_state,5941,300,0.0504965494024575,19.803333333333335,4
Alpaca2-7B-train.jsonl,22543,b57613037fcc2c614dfb11048deec8772fa82cdad8b67a14c9322202b76387c5,bf107dd9e3c844f9f9a3daca8315f32c74e8f5cbba06e62fe7ca646be00c07de,L3_severity_difference_same_safety_state,5941,300,0.0504965494024575,19.803333333333335,5
Alpaca3-8B-train.jsonl,1719,8947eabd2b23bd85babfc8e6b83ea29c443ee65d6e4428d8ee75903913806a62,188ec05ea395ba7512e00fd43a103864a0ed2c47324b67ab6bdba9233ca76c7a,L3_severity_difference_same_safety_state,5941,300,0.0504965494024575,19.803333333333335,6
Alpaca3-8B-train.jsonl,10575,042aeb93c2f43e58a34b0a989cb997049eb3d816c22136640d38e05cf3798381,444ab40d2004acc1a5720245fe420a2349a70ee83a40e9c55fa21048a6c4a0cc,L3_severity_difference_same_safety_state,5941,300,0.0504965494024575,19.803333333333335,7
Alpaca-7B-train.jsonl,17287,3011b19f0757918cf2c19fa3c92495ea09d8336cc32d7f6e6f8f43998a62227f,1d56fafd59b6eac25a958fb10dcf18ae66cc340ab2841d44230d04d515218508,L3_severity_difference_same_safety_state,5941,300,0.0504965494024575,19.803333333333335,8
Alpaca-7B-train.jsonl,3056,2efd14b414155f41a5988b07f27bc18fb0a5fa5f2a8770067b83ebe3223847df,ffb694b73367b4ac987c20925fd562101859a19fca3ef891b66245a9e076a207,L3_severity_difference_same_safety_state,5941,300,0.0504965494024575,19.803333333333335,9
Alpaca2-7B-train.jsonl,5058,bf3a0d6b0c89771f02811ffa30347c2f15f2edbf24acc90e74adbcb3960b6079,66e6709d95b2efcba5d876d5ce1a9e6de44f96d3b1b6bc66fa8fdef0c315facf,L3_severity_difference_same_safety_state,5941,300,0.0504965494024575,19.803333333333335,10
Alpaca2-7B-train.jsonl,20058,cde4a67351f97417a2bb9c03b5dbd77a5c24718d881510ff4627f1490427adc2,4e2306d300ddc7139b19d13a05e8e41d6121a700031b5fba30ade2ae35df9d5b,L3_severity_difference_same_safety_state,5941,300,0.0504965494024575,19.803333333333335,11
Alpaca2-7B-train.jsonl,20340,f2f2caceb890f275beaafe7c80f1b8ac032dd7933a626f41cb71623f623c54af,38bba3021c2793d5370ad0f07c8f5434fe513be52a6e220cc8f0d1f16e9f5110,L3_severity_difference_same_safety_state,5941,300,0.0504965494024575,19.803333333333335,12
Alpaca2-7B-train.jsonl,14815,44fa68836c8f4298ff24b205743dc24ac4fc9d0e4380f830b897bd8f574bf686,6db60441ddb96102110c1c2f67b4294fe38eaca2f66511d6fbb70200dac8ac09,L3_severity_difference_same_safety_state,5941,300,0.0504965494024575,19.803333333333335,13
Alpaca-7B-train.jsonl,21683,6e744847ea2b06801fa16033f2f2b968088abd9a04c7355dfd3d2f5fd6f1606a,e9d756af54156da9b2d550dc1e79161c32472c4bd78c3a9e88ffb9da1ed04ed9,L3_severity_difference_same_safety_state,5941,300,0.0504965494024575,19.803333333333335,14
Alpaca-7B-train.jsonl,27379,6327e5375b1eb98a3d58e73b5f52381ce4272b0f9ad94b30fdf16cf6c624dc25,fa17cb6da01903a582270b61f7309bd3a60847373a235017f5f8795144bf45ef,L3_severity_difference_same_safety_state,5941,300,0.0504965494024575,19.803333333333335,15
Alpaca2-7B-train.jsonl,341,a007e5e496dda9074e2377896174c83c1b7bfe0ab28f10e6d31095dde90898b1,c1a8fac85042ae8c398ca914bcfe519486c68969bf7b701fa910d9883425954b,L3_severity_difference_same_safety_state,5941,300,0.0504965494024575,19.803333333333335,16
Alpaca-7B-train.jsonl,13045,fe4f3e1c8836bec7f128bbfe4871190f2d0c1a8b2eb64cb0c2ff11f39f08e330,f1256a8c4b71f3282488f3894f65ed8dcf2f4475cb441258c17c90b2d5240c30,L3_severity_difference_same_safety_state,5941,300,0.0504965494024575,19.803333333333335,17
Alpaca3-8B-train.jsonl,11950,7f5ae8554570afe4561ec88b6417debf52dda6f94b498d395055c5f7a31b44d3,1f7104b429f163d83a503e1584771cac6279997ee922a8fb639a22552cb2a003,L3_severity_difference_same_safety_state,5941,300,0.0504965494024575,19.803333333333335,18
Alpaca-7B-train.jsonl,22429,aa7ed3dd144525cba858d93f910a05ea31d1b89f16b6d88e652a9db1a446e33f,a4a67356667aa7076e986e75419c5d6f2e06b7ccdea593aab6cd8fdcdf62a276,L3_severity_difference_same_safety_state,5941,300,0.0504965494024575,19.803333333333335,19
Alpaca2-7B-train.jsonl,5239,e7696ac216498ac488fe3121856f87dacd893b275fa9df4021c12c7b5bb020b7,320db0bceb380fe0c13a24ebfc372a5b9eb45723ca745e1319ea98b99992057f,L3_severity_difference_same_safety_state,5941,300,0.0504965494024575,19.803333333333335,20
Alpaca2-7B-train.jsonl,6516,a711dc043e03bd6c013b69f88079b9ce35b76a5385038f5a3e072aea8128f848,0f9448f2790a588f67dca72fd89f3c905b0670be5e087ea72c7bae7f7a5d7803,L3_severity_difference_same_safety_state,5941,300,0.0504965494024575,19.803333333333335,21
Alpaca2-7B-train.jsonl,8347,8bf6fbb9037fd77467e59655c734a1932634c2d165a3831798f601702b3ad5ca,5b77a45c677cd0fb8f83fae249172ec52c92d4c3715d68d35055836b909fbbc2,L3_severity_difference_same_safety_state,5941,300,0.0504965494024575,19.803333333333335,22
Alpaca3-8B-train.jsonl,18128,238c65c9d4c623abcf2a97d25e79f89fc4c721c708f4caed99aec623c07972d3,8c58912be3919fbf4a058eb9454f0b78c9a9c483d80d912ead72bc77ae806c7a,L3_severity_difference_same_safety_state,5941,300,0.0504965494024575,19.803333333333335,23
Alpaca-7B-train.jsonl,10957,dab346be2e64f33de7f488bc23b3248c5d8f2ddd00bf0e1e624be1e3d3d37bc1,d14eebaf4ac82fc61fe8ac2540d18e3fe9c96283a1d8293f44cc699c04cb738c,L3_severity_difference_same_safety_state,5941,300,0.0504965494024575,19.803333333333335,24
Alpaca2-7B-train.jsonl,15099,ad4eeae5956c467239ad55160e2742268e0d6282081e400521d1d6123f0864b5,0252ea3e5a9815854726f71c306e3e3c2c27426c01f825eb897e22c534a666cb,L3_severity_difference_same_safety_state,5941,300,0.0504965494024575,19.803333333333335,25
Alpaca-7B-train.jsonl,4383,3823edf475e707222ce7d2bf033e2726a256cff14db039fd4aafab3653aec1f7,5ef034eeecd4d33fd23177f7c7e6d2e7cb165356ba47f5c206aafe6cf847e1aa,L3_severity_difference_same_safety_state,5941,300,0.0504965494024575,19.803333333333335,26
Alpaca2-7B-train.jsonl,23482,9d75275161825607e9f2559f9ddacc15b64bcc15c86e9d5165169e2bb235035a,bd499233786b8c38561d76e4da4b6d6d8aac0e9aaa31651d9470693814157926,L3_severity_difference_same_safety_state,5941,300,0.0504965494024575,19.803333333333335,27
Alpaca-7B-train.jsonl,10644,b3ea630fe132e398207e9a635d2aebb9964e8d113a5b9cbe12ab92de24946e2c,3a735b66e8f2d3e6c94f5a6c8ccfa430aa019af4082b936f823b376d850b9768,L3_severity_difference_same_safety_state,5941,300,0.0504965494024575,19.803333333333335,28
Alpaca3-8B-train.jsonl,11915,53943c63ece2fdce227fd8cc95f0876c0fc736b22f1fe94ed15d1546be309044,fcd7c531fe58ecf8f3fae198ed79bc1df657e8d433d6966b1b93069344e50ce8,L3_severity_difference_same_safety_state,5941,300,0.0504965494024575,19.803333333333335,29
Alpaca-7B-train.jsonl,17201,006ae96e45f5eebd6f8edd7a525ed80b267d8aa2b0538ebac555e2c3b700722c,617a4ab6995f9aec9c2ee25f2de3b28994cb71ea72dd9147ca351ff3b650079e,L3_severity_difference_same_safety_state,5941,300,0.0504965494024575,19.803333333333335,30
Alpaca3-8B-train.jsonl,18368,4768f7fdf2b293e067cf5ffe4181d4aedf1c313f6dc1a7fada13099f07e3dacc,ca74ffc1dc6d2475dcca24d202ba7783b4b9975e134d62b62a2b9640d95e5286,L3_severity_difference_same_safety_state,5941,300,0.0504965494024575,19.803333333333335,31
Alpaca-7B-train.jsonl,10812,650dd357060e1905ca49c161422fe9a7900e743c1ee937f201089de719bfa969,84d2a19c2e9c1f5c5363c093ab4e906505e991aee546ca6491d4680a52d7a9d8,L3_severity_difference_same_safety_state,5941,300,0.0504965494024575,19.803333333333335,32
Alpaca2-7B-train.jsonl,17026,dd9adeaa7726d3d5c377be1e1ae76a0855331da6f2df367eec3c9ecac3c4684a,4f7079f35aab677ceb7c6e2e303097e38eb9d3f463a328477b59a599169f1be0,L3_severity_difference_same_safety_state,5941,300,0.0504965494024575,19.803333333333335,33
Alpaca-7B-train.jsonl,1550,4fed83260187ed7f20f2977b66cacef749b19063fbe95ca106132284d3e992ec,f1654362b3224ca6ac1ff4de4d1da15e4becb8ac1dd5f8fc63ed63ac8aa86f9e,L3_severity_difference_same_safety_state,5941,300,0.0504965494024575,19.803333333333335,34
Alpaca2-7B-train.jsonl,17192,6ffff8f5e41d89cce82419dfb450820190547ec6e935d9b26503463cb47e8ed9,0cf3a28225b89c774e6e6f228529ab3146d63fe7afb665944de6438e5f36fc47,L3_severity_difference_same_safety_state,5941,300,0.0504965494024575,19.803333333333335,35
Alpaca-7B-train.jsonl,6005,09b35efba0831422d71456436b781cfd4b774b8293081456b4a4af824961a5de,4525796f565711076421b02e0dfc94d1d5182bddd91a150f4ba2c2ba6c47313d,L3_severity_difference_same_safety_state,5941,300,0.0504965494024575,19.803333333333335,36
Alpaca3-8B-train.jsonl,6489,7917000789dcb05347a190bf7d59084ec60cd7692cc3406493908d948dec2d70,b6e85ccd107a4e429ac3e695c38e9a87d4edfc1273b98ea25115984c901ec2fc,L3_severity_difference_same_safety_state,5941,300,0.0504965494024575,19.803333333333335,37
Alpaca3-8B-train.jsonl,18263,f1142d5a2e9226730ad36d75ba07c7383211bf9e4158b85644d1511ed3117d73,1c050cd71dc2960afc8e2507f942867c999cb6cc579986ad23f73a755de6cc92,L3_severity_difference_same_safety_state,5941,300,0.0504965494024575,19.803333333333335,38
Alpaca2-7B-train.jsonl,10837,302a4adec5e3e2ad83ba17877371b5a1a41fa652f9b4a9140a202415ed7d7a85,69c5762df38e1a19c1e52b5cff68ed6e395ed0f099ea0fb3c995e8aeafd7c6c9,L3_severity_difference_same_safety_state,5941,300,0.0504965494024575,19.803333333333335,39
Alpaca3-8B-train.jsonl,9123,bfa34b5a89ae58292e9818b20074995815123520d90a179ce505c61c025a1dbf,08dde550b4660d481db20d7156c2aa39f9ed6cf0d9118edeeccc030c9de03548,L3_severity_difference_same_safety_state,5941,300,0.0504965494024575,19.803333333333335,40
Alpaca3-8B-train.jsonl,11396,0b126914cca36abda292cebae9df293f55996c9fcf67d1ef9ba087c44aabc73d,b6c6f9a76e865d9b08349ed763c4321bde5534c74ec87c69c4445e25073cf123,L3_severity_difference_same_safety_state,5941,300,0.0504965494024575,19.803333333333335,41
Alpaca-7B-train.jsonl,1234,d9820898e5a1a929d81c921a35a46ab447476fefbf56988b291de3886037d44b,c0a0db9b4aaeef150dd0b148862e0dd1a8eeed7727bc5df4109964fbfe7e86c2,L3_severity_difference_same_safety_state,5941,300,0.0504965494024575,19.803333333333335,42
Alpaca2-7B-train.jsonl,15739,0a16f94201606d9770e2fd68a6a67da6f8d0c6206854340be26bb502b7b8e1d4,7e1f222acce1b1601ab99e616b80097e38658747e4f7b2324cd6251f8f5db7eb,L3_severity_difference_same_safety_state,5941,300,0.0504965494024575,19.803333333333335,43
Alpaca-7B-train.jsonl,16913,4519eb7815f640175b622fdb7a8acb3c3f105b6d82a827e4a640bd8c13b4d800,3534694cfa8e90ad756a4dbc5e8ade08f839c4bf611baec2eb72043df4441174,L3_severity_difference_same_safety_state,5941,300,0.0504965494024575,19.803333333333335,44
Alpaca-7B-train.jsonl,24377,cfbdd650ce3098c6d80573da5861ebc71278af5d79d2126bc74f09fe9eca700d,07698887339bce0baaf209be9d751611f24736e571aae9e46a900c2859f2a212,L3_severity_difference_same_safety_state,5941,300,0.0504965494024575,19.803333333333335,45
Alpaca-7B-train.jsonl,25502,3879f9252da19f7e35fe358adceb0f6f540fab3c76946c759c8b66d06439c02d,e54e3b8ecc91e41ab2c6c36ba7b14c654f8acc9d26f0cb0f10b08b8ab36a4e2e,L3_severity_difference_same_safety_state,5941,300,0.0504965494024575,19.803333333333335,46
Alpaca2-7B-train.jsonl,8522,0ea950ace14f00839422d04c0636f571a8efff1f82e43b4d302c2593ec356af8,f8b1de4f6a48a454287e76d4bb893b4237c8eba7b1594e7b2684f06900a12649,L3_severity_difference_same_safety_state,5941,300,0.0504965494024575,19.803333333333335,47
Alpaca-7B-train.jsonl,23231,ec1370495687b3774c630d05797a5d36cf066ed3640d88c7d68099d47047b7a4,ccd5e0d20cf8f8ae599e9a184da603e80bfe1c8e77b042c19dd973340b2e98e9,L3_severity_difference_same_safety_state,5941,300,0.0504965494024575,19.803333333333335,48
Alpaca3-8B-train.jsonl,20714,d56e68be00a9d6a768f4f3adf37ac289607cdfbc745cb48aa9b670c00b4d1a7e,5b7222f686cb02da36877994abe43d423520244d97e2ed042396fd0ec79a8156,L3_severity_difference_same_safety_state,5941,300,0.0504965494024575,19.803333333333335,49
Alpaca-7B-train.jsonl,13834,6cbfd18ac8f12912a22eca0daa26bb90e3c9d6cf0b84ea30334237d282f0a077,6484df6468623d671bd28253585e1c252db0ee970ef19d24ac176e5e2d595a8c,L3_severity_difference_same_safety_state,5941,300,0.0504965494024575,19.803333333333335,50
Alpaca-7B-train.jsonl,18382,8494c70713e6f7b8a9082a536c835706a96a1da3407f8c159fd601b7205d65f6,be4b9e9a5ffe3d63459af6eceb80314c298671d7232083a94fc1525f35cc8351,L3_severity_difference_same_safety_state,5941,300,0.0504965494024575,19.803333333333335,51
Alpaca3-8B-train.jsonl,16395,b71f448fe86c10284725fe912d77c7581839ee4fefbc2dbd4a9c592520794bf7,fbfa48821414545b62a582b53ed1a68432e66ee90b466d0ab6272609db670128,L3_severity_difference_same_safety_state,5941,300,0.0504965494024575,19.803333333333335,52
Alpaca2-7B-train.jsonl,23629,3f98e3b88c9e11551496b8a9a7f97e113a3959a919876b3d276702ad5a89f905,f97ab9aec16c2372a09ed3772952d2ea1120e92f47f4f2ee8e46544568dcf373,L3_severity_difference_same_safety_state,5941,300,0.0504965494024575,19.803333333333335,53
Alpaca2-7B-train.jsonl,7250,4d58494d3c2c7d6115557c1c3be8442e76225560d23dd63d2fd1aaee2ed40a33,13514ac3ed51142380efb1a1786a4dc21ee5b33e97125d1c19ed47efdab6e873,L3_severity_difference_same_safety_state,5941,300,0.0504965494024575,19.803333333333335,54
Alpaca-7B-train.jsonl,4520,6bfa272316cbff181b81ce1f078961eac9e13dbe85551af4cbf9cd61846c285b,07eb390dcb2fb50c0684965cdbef8ad180b363519ef5689291c83292777b2763,L3_severity_difference_same_safety_state,5941,300,0.0504965494024575,19.803333333333335,55
Alpaca-7B-train.jsonl,2195,1576513bb0914d03e79555a8c88d702c9de84dec78b0290b8b8a0caf17ad1c24,1293870fd206831b9e385c5a94b6eb131f2f9a6c5ad8940d37f90c5fbb5bffc5,L3_severity_difference_same_safety_state,5941,300,0.0504965494024575,19.803333333333335,56
Alpaca2-7B-train.jsonl,12674,3977f275a44967dde8899f998d4f40662bb0cc506343ae0ce5135d9b93b1c51a,eff44438dd045a216d892b61901ef381bc8061c8dc6cdb0d09829345d7db04b4,L3_severity_difference_same_safety_state,5941,300,0.0504965494024575,19.803333333333335,57
Alpaca-7B-train.jsonl,5763,a23d360b6d5f223126b282fefbdaedce8c91073221c55286c2bf7314fa7ef153,076d5971107b9c1b095400659f9a27965aba0d20a447d2d57319a8e3a5b13135,L3_severity_difference_same_safety_state,5941,300,0.0504965494024575,19.803333333333335,58
Alpaca-7B-train.jsonl,1147,0c81778df50aecc4abeebd695ba19e7e4cb8d90064fdd1d63c76be139a6fe433,899f03d36f8e5ae220b85ee02643d6e6e112bd1336cf0e39e00b09f261692586,L3_severity_difference_same_safety_state,5941,300,0.0504965494024575,19.803333333333335,59
Alpaca3-8B-train.jsonl,16360,52e3603f277ad3d80221b2d2db683fd326ffae0d8c80b931872cec5fafdc6d1f,4a7f85fb2a0a176347499b4b2678ef15f701b9162a5d6c38307bb97976a1f75e,L3_severity_difference_same_safety_state,5941,300,0.0504965494024575,19.803333333333335,60
Alpaca-7B-train.jsonl,2784,04736b1507972ce5d71fec4e23c070d4e2463d10d75e67a6453405a01f13aa9b,90bb67330cb64971a9639729b3f2dd2da9318b5c2daa67b00cffcd3bb696f09d,L3_severity_difference_same_safety_state,5941,300,0.0504965494024575,19.803333333333335,61
Alpaca-7B-train.jsonl,20511,654d8296f4bfb74b3e3090856c582947738f58110eb5b61b5821c87bd40d2cb3,8cd2044ce9d5e8ab67f485090cc961e7edd87dc8e425895361725a4066e9d3ee,L3_severity_difference_same_safety_state,5941,300,0.0504965494024575,19.803333333333335,62
Alpaca-7B-train.jsonl,13223,952df8e9151afba03d9dbdb357508c08b368c909438e840e070c660429058394,6bda30c369b373356de442e5c3c7c2e82d6b61b3dff9adeb3f15b12636b65730,L3_severity_difference_same_safety_state,5941,300,0.0504965494024575,19.803333333333335,63
Alpaca3-8B-train.jsonl,18652,e124416d83f32978e8ff10e3a28fd3f6ba2c5a02a8cbf39de36ede2c82cc1511,720f13b3a487ef0ac5dad29f32f9bc001ca085f9cc5354d5a0b460a5012a49b1,L3_severity_difference_same_safety_state,5941,300,0.0504965494024575,19.803333333333335,64
Alpaca-7B-train.jsonl,24570,c3fb96065788ac201239c3f2160924b0437dae69d9e035d26f63244c14144856,869178bfa8f90669012559edf13d8e16b898a335371440660566d8ad4180dc2f,L3_severity_difference_same_safety_state,5941,300,0.0504965494024575,19.803333333333335,65
Alpaca3-8B-train.jsonl,19818,6af4440eea30293d1625ea656bbc23349065fb292631419dcbfe6462f43ceae3,f9d6d481a37e11859183626ca53d47c5d77b2d7b10f28d016733617fc9347e07,L3_severity_difference_same_safety_state,5941,300,0.0504965494024575,19.803333333333335,66
Alpaca-7B-train.jsonl,18817,70fd74d64a7957cfd169613e7eb9c73aeaa411aa73669d027bd09fe50bffa1ac,b93ddc624d72102dbbd3c71a94366778dcab1ab21707d3ee0261bdf6fc7ec330,L3_severity_difference_same_safety_state,5941,300,0.0504965494024575,19.803333333333335,67
Alpaca2-7B-train.jsonl,7258,3f706463c0e7b879c1f2fd906f1597a20a7d73bc5dc3a2186a8aaf06a4756ba7,d04491c905957a96b87d1344b80b4879ece1472755791159e7d5b64de993ec5e,L3_severity_difference_same_safety_state,5941,300,0.0504965494024575,19.803333333333335,68
Alpaca2-7B-train.jsonl,4863,5e06a838a479028aa8d32a8032ecd997a2c3d3e588e137a95c0e563d5353b549,69feb3c384e11605d2032dd0095adb21cddd12b4f8682ecc95343248fbf74380,L3_severity_difference_same_safety_state,5941,300,0.0504965494024575,19.803333333333335,69
Alpaca2-7B-train.jsonl,5938,4162e82ab4482ff15a806d2bf99236ff94d8cbb40344aa16078deb30e96d8e94,5595e942f7333c89d1c54b2948e92a7245c32e68b00b3cc64c868e795bb460dd,L3_severity_difference_same_safety_state,5941,300,0.0504965494024575,19.803333333333335,70
Alpaca-7B-train.jsonl,21516,73a3df3e12ca70b5b8a2aec202def9e914cfd82340d676649b2501c0a13de212,36ad650fc5af2b240cd078ee327ada06c68d5f55219d272d1c73a795bf970eaf,L3_severity_difference_same_safety_state,5941,300,0.0504965494024575,19.803333333333335,71
Alpaca-7B-train.jsonl,22599,a3d9ecf3197b91a7e1210e86d9539f48961bf19c897edbe4dad91839d65145e8,9e66558642aca97049f3649de74335968c4cd9b78f88631a4f43591cb2526236,L3_severity_difference_same_safety_state,5941,300,0.0504965494024575,19.803333333333335,72
Alpaca2-7B-train.jsonl,24070,29e0677f507b5069ddb79951d01d0e6aa92c3fb515f84912253bd4209bf1d05e,365e85c62667c7ed244e291b9c54e125be0d87a350bb6c3d34b8cdd3f4b2ad79,L3_severity_difference_same_safety_state,5941,300,0.0504965494024575,19.803333333333335,73
Alpaca2-7B-train.jsonl,24629,14e1cac92fbc9f3d76552ae9e5c19f17708c69e05ebbfb1e6de8752c1e7ce587,bffd91b3a8bc76ba63081fd4034dd614e948812cd3bc77ae2fb4dbf24e3cb6d8,L3_severity_difference_same_safety_state,5941,300,0.0504965494024575,19.803333333333335,74
Alpaca3-8B-train.jsonl,7675,2a441311a11c3969f2edcd2d0b2ce2b33c949ca50475b47ffd1e24791d46c4f8,dc7a994d2909ecaf8791ab514b65d9fd41a2b2fb4182418a1dc0ade58e70b1ae,L3_severity_difference_same_safety_state,5941,300,0.0504965494024575,19.803333333333335,75
Alpaca3-8B-train.jsonl,9793,711a2859d70b00832b6071dd093f47e07714e177403c63b373bdaa3c3a52648b,e69c0d2567c1ae8370f7b808d9e8414b09db8a725e2419fef96298da9c13bd86,L3_severity_difference_same_safety_state,5941,300,0.0504965494024575,19.803333333333335,76
Alpaca2-7B-train.jsonl,19849,ebe9861f08ff382f430c419760a9b1bc54117ae8f8d48e2f74bb69867429345b,495759cd89255a1241eb3417c1dc7950ebb568749dea70852e9d56e6c43f8ef7,L3_severity_difference_same_safety_state,5941,300,0.0504965494024575,19.803333333333335,77
Alpaca2-7B-train.jsonl,25077,ad3385fc7f04286530dbc4f6a0de80b118592220c9bf0a10e4ffee325ff73b84,4348b9f3dbc4138f7f190b177f397cfe8654870d20ef46ba0275275f05b2b45a,L3_severity_difference_same_safety_state,5941,300,0.0504965494024575,19.803333333333335,78
Alpaca2-7B-train.jsonl,15589,8cb1a0b12bbe0a7d3a7b5d00f87509b1d3605dacb2b73fc9400d265ab3e968bf,b768d0d9e961211cdedf90ec88cdf8448eb146a2ce59dac71db8f93578ef9fa3,L3_severity_difference_same_safety_state,5941,300,0.0504965494024575,19.803333333333335,79
Alpaca2-7B-train.jsonl,20950,ae883fcd34462d48c9f55c7fbc4dfaa76574cde8902322e17f095427169bd3d3,f6cfa1f44f6ed3fc8cbd98ed6ad9e70a130ae164ea7fb6fd908c6f4375c143b2,L3_severity_difference_same_safety_state,5941,300,0.0504965494024575,19.803333333333335,80
Alpaca-7B-train.jsonl,5440,38f70ba1e45a177b1144ead53626f771d71e3bf364318f7f7f68b571b44eacca,4d17e87422a491cb733552cb23eeb79f419a1e73c65d235503933278a9f85e81,L3_severity_difference_same_safety_state,5941,300,0.0504965494024575,19.803333333333335,81
Alpaca-7B-train.jsonl,15585,78c64340ef113968725cb99179bf25f24e844776fef57aad7e3590170d61680b,0ccd9c400a0ba120e1136ff08f66b5b2223afd3438fe9554a302fa6222016e77,L3_severity_difference_same_safety_state,5941,300,0.0504965494024575,19.803333333333335,82
Alpaca-7B-train.jsonl,19850,bf8c758a9a33c27621ce92d9023c92a6ce649504d8837e65278242967e36be4d,0eb4cb85345efa1293f75461186cd6da9b374d710c2f4669859f55baf8521c0c,L3_severity_difference_same_safety_state,5941,300,0.0504965494024575,19.803333333333335,83
Alpaca-7B-train.jsonl,25459,574046f3223fb984e722525b140f9ffb4f8bca35b7142d710a373d53d9228a55,d2c42cca32d402eaebe9e1e31381f9f06e3fbdfc87e7115886e4d26447894ee0,L3_severity_difference_same_safety_state,5941,300,0.0504965494024575,19.803333333333335,84
Alpaca3-8B-train.jsonl,11878,f1d70b48dae500cf75e38f92a22b1af4fb01a4b8ef446b793c8f7fe250ff4b2c,4c8c5c8887a0b8a38db2088ab92e3dae974685e7749c835f8f102e5086e0fc4e,L3_severity_difference_same_safety_state,5941,300,0.0504965494024575,19.803333333333335,85
Alpaca-7B-train.jsonl,16184,6c1bdb1b7e8211540532fcbaa8f7022e85d5141062d67baa40983f88051b8454,7765cf2bd0f734b0e9f9b2eb97084f13a602100aad7ac5684f856224ec33d9a3,L3_severity_difference_same_safety_state,5941,300,0.0504965494024575,19.803333333333335,86
Alpaca2-7B-train.jsonl,7722,755fb959efb1e7c84ee4113335d85d01c397cce303350afa96e547ac6ae53468,86c3d86f3b9365982e593343ad89bc82726fe099965666edd4dd8095815472d0,L3_severity_difference_same_safety_state,5941,300,0.0504965494024575,19.803333333333335,87
Alpaca-7B-train.jsonl,7529,d84aec88f8f9be5dd82b02f9401b831c631254e0abbad1dcd7b2828082c58da3,84beecc6426d5047aef0389095f051d80afa7e9db3f728bd9c1355d0dace10d3,L3_severity_difference_same_safety_state,5941,300,0.0504965494024575,19.803333333333335,88
Alpaca-7B-train.jsonl,22467,4c35396b6cbcd618cfe693f3543c3ebc45eac73b86131b5fb882104d6688fc79,797b1a608548b997eecbbebc3c2fd3660367340acd9b32dcc781853191781670,L3_severity_difference_same_safety_state,5941,300,0.0504965494024575,19.803333333333335,89
Alpaca-7B-train.jsonl,10620,467ebddd51ac84dafce5ae375ee4b0bc3eba2fcd0d8d2ee17256ae2ad00c6b82,484cd6bfceeca14b8ceeb99ccd110f46dfe2d7696e26f1ccc3b33674fc5a7391,L3_severity_difference_same_safety_state,5941,300,0.0504965494024575,19.803333333333335,90
Alpaca-7B-train.jsonl,14550,fd7bc8871ed9861cadc4dcfa04d5d45c0b0f9662478aaf0a826e51e812bc6044,934731f19f45d976229e6dd6805c89da0040ff06fa709d7c7102344cb018107d,L3_severity_difference_same_safety_state,5941,300,0.0504965494024575,19.803333333333335,91
Alpaca2-7B-train.jsonl,14797,326114c089fabd620f9702d4e29415017348991015574a8b715b06d8853788e9,3c7163be24448ab7fcbe0dbb4a8f42cff40c2ed306d69c6d7c3be0ed188d7802,L3_severity_difference_same_safety_state,5941,300,0.0504965494024575,19.803333333333335,92
Alpaca-7B-train.jsonl,27326,42647fa56a1064b3e47f26e5d4f40e4391cdacbbfe41e6e922f0da52bf341296,5ecf8ec5dd2d8d0458b4dc4294a52d81e73858962c74e3b726e8e0ecf083cd03,L3_severity_difference_same_safety_state,5941,300,0.0504965494024575,19.803333333333335,93
Alpaca3-8B-train.jsonl,9438,badd1ea736c3dc68493fdd03bff3a17e7b4510879ef1e0a958105e39786ad449,96c6af8ee675cf630bcb9e5b0748dca122816709b25f85068906cd990e6e895e,L3_severity_difference_same_safety_state,5941,300,0.0504965494024575,19.803333333333335,94
Alpaca2-7B-train.jsonl,17257,7831c4ee8b2e2f31d67a86ca9c0e7e524392e3d2614b69967eb7f16aecd6f360,4923bb6f2c4f701643bf1ed6510c4770797a6b256f62b42659117bc2bcb8d62d,L3_severity_difference_same_safety_state,5941,300,0.0504965494024575,19.803333333333335,95
Alpaca2-7B-train.jsonl,21195,ca65f5e23a28e1d68f5168f8864a020b9e5cc77f5bdd250ed9c888085041d111,21b3c3a63efa735ead98467777785ede32b7e7bfd7c2ee7fa84c9a47b18e9f96,L3_severity_difference_same_safety_state,5941,300,0.0504965494024575,19.803333333333335,96
Alpaca2-7B-train.jsonl,20748,564dc3b5d8c82cd826abbe40d8edd63ed40750beb56b0f17937f150a5475ae28,64f65e73b3756e62eed1803136fdbcbd2c13fd832b3701e10ad962d6f5d56264,L3_severity_difference_same_safety_state,5941,300,0.0504965494024575,19.803333333333335,97
Alpaca-7B-train.jsonl,16502,fe31b22f200c2de657a53a488160de06ce0b4e50f0843a31f92ac503a98b1645,867c537f90f0d2903bf3feec62f57e647ff24af010210757d27d94182b8daed9,L3_severity_difference_same_safety_state,5941,300,0.0504965494024575,19.803333333333335,98
Alpaca-7B-train.jsonl,17095,1a1a6b2566bd45f651920a2b439d04dfc3c25ebb0d50d32db721389f1299f1f5,5aea35bb96ca3e48426ea255c6b890efb3f2f025365ebb033450fe9d8a0ac574,L3_severity_difference_same_safety_state,5941,300,0.0504965494024575,19.803333333333335,99
Alpaca3-8B-train.jsonl,11791,3372a5a04bcecf6206b4f9dd1a89040110c4c12afd63d1f585042cc0f83399f7,accccff6dc1abab674da55c27520b9d0924afe7f695adc12365da833c7c06cc5,L3_severity_difference_same_safety_state,5941,300,0.0504965494024575,19.803333333333335,100
Alpaca-7B-train.jsonl,3446,573260f6d58dba5423e2eef44c956454cbbe0139cb5c0fff5dea4183c8914f2f,3ba0018779dd51266c97a72f5fbd64bc46df63b5ea8a6d9df65420c7bb9ee5d3,L3_severity_difference_same_safety_state,5941,300,0.0504965494024575,19.803333333333335,101
Alpaca2-7B-train.jsonl,25192,19e1934e1b7780906f53efcb5665137f6e7860666b11a3f8fef0ca7a052306b1,5178c8ea194733dafd4200bdd43b1da85475b7bf8311e18d32e252dbe4093687,L3_severity_difference_same_safety_state,5941,300,0.0504965494024575,19.803333333333335,102
Alpaca-7B-train.jsonl,20600,243cd7ef55e72afac57e2559cc60bcc25673446c7386248fc47995ca4abc8d30,ad4514479c5a7485715ba792036efa793ee87cb6e8da5e6a7460a6deb93a5796,L3_severity_difference_same_safety_state,5941,300,0.0504965494024575,19.803333333333335,103
Alpaca3-8B-train.jsonl,16577,29a251734b59ce2874d2930580022fa6562083c54e34209dee3df95134e9fd5d,0ebebb3ab971fdd38565cfd9c3e10b33a0fbe015cc660ab7a875987bb7cfd1cb,L3_severity_difference_same_safety_state,5941,300,0.0504965494024575,19.803333333333335,104
Alpaca-7B-train.jsonl,24928,56c5d24d2276f1b350108acab1bc97aee119129018a234281b3ca1aa00ddeddf,02ef4520be69aca571677e44051a85313244f854876cbaf3b728b68342b167dc,L3_severity_difference_same_safety_state,5941,300,0.0504965494024575,19.803333333333335,105
Alpaca3-8B-train.jsonl,13252,e882edd3b00dfa84f2e41aa46179c892adcbb3c9c406cd602c2530f10e72be66,4861c8f14e26a73109e4f77715c8e79d5f6c09b786f007cf95398eb975a63890,L3_severity_difference_same_safety_state,5941,300,0.0504965494024575,19.803333333333335,106
Alpaca3-8B-train.jsonl,12364,35897d87864e29fc58e0996730dd737ceb2d52d3a86c10b7e894828a32851624,87861d373e160441b2773a0fe68f30ffc1a08e63b0e4120b5c52f7d9b3357570,L3_severity_difference_same_safety_state,5941,300,0.0504965494024575,19.803333333333335,107
Alpaca2-7B-train.jsonl,9122,eb031b930bd4e1ac509dafbef0db058cde29cd4e6d7def8b068ea279fe70cd86,6deca97a9858f8100952d6bf6793c0fd399ea798d290327a6abb9ea09aa13bb9,L3_severity_difference_same_safety_state,5941,300,0.0504965494024575,19.803333333333335,108
Alpaca2-7B-train.jsonl,15432,c7ac70429b54b96e25d741a41518e7dab8da93fea7a58239813e6ad0138a49e7,cec1d04f5cd53f3cc34d12a3ad4d3f55655b3fea5e33c5e16917d3ad9492b3a9,L3_severity_difference_same_safety_state,5941,300,0.0504965494024575,19.803333333333335,109
Alpaca2-7B-train.jsonl,10662,b2e6426cdd08c891dc3be37be4fe5e0b5ea80bd9c2847c6179172d899d223b99,9b51ca28e5c2cc92d475771e3595827168a76798d0dc1e4803f1ba9da848b3c5,L3_severity_difference_same_safety_state,5941,300,0.0504965494024575,19.803333333333335,110
Alpaca-7B-train.jsonl,10422,de447c4026049a642514911e382dc9bf9a50dc11a8aef4ac6cbcfebf30725dca,bde444dad91c49f3ea21dd33ea1e650ba0cf03377b700c1cae1fe64694ab6995,L3_severity_difference_same_safety_state,5941,300,0.0504965494024575,19.803333333333335,111
Alpaca3-8B-train.jsonl,16104,1ed6ffa463e62a35b662a244de4357d299685d8e13fcd9db7ddc96bb5d094635,ae265e39f5b600d3b48a6213976221b41ee2085ec61e1b0ce18c1bb8ea9d43e9,L3_severity_difference_same_safety_state,5941,300,0.0504965494024575,19.803333333333335,112
Alpaca2-7B-train.jsonl,21922,99dbd1ad1b0846db2d35b1a8eef15681815838bd83f8845db365254daa7b69e7,2bc2c80adf1962da655c67eb78b1934e806e8e7f0ab151a88965805915a29923,L3_severity_difference_same_safety_state,5941,300,0.0504965494024575,19.803333333333335,113
Alpaca-7B-train.jsonl,26410,4f4ab82de696b6a8ce6e1b1f73d37679549d8b8e8b49dbae075f5ea329073119,acdf643b3a5ada4f1b70c6fd4a8ad75a3e806459d5b6a6d70b1c6e54ac0ebb05,L3_severity_difference_same_safety_state,5941,300,0.0504965494024575,19.803333333333335,114
Alpaca2-7B-train.jsonl,7735,465ea070c5119e1dcfd81e7afb4d65664a6db95df3ef549f7d7bdd2bfe7e2560,615a93dcac5d03301ce075cc9203123e81a373dc27bb23c8068ab8d4e9103d48,L3_severity_difference_same_safety_state,5941,300,0.0504965494024575,19.803333333333335,115
Alpaca-7B-train.jsonl,16359,ba1b3cedf06b5df6c9fb912734324ae13c0eb0b278402ad7b82a89121ab771a2,8449e837120df0ba64af6fbe43ba9be3a1b4782ef24766eb539c4bd198b87ffd,L3_severity_difference_same_safety_state,5941,300,0.0504965494024575,19.803333333333335,116
Alpaca-7B-train.jsonl,24217,4ef9aa3bd5f6fb392ce9a4c144a87db90b98854bbfd6ac405e9a453e810eab86,c6463f507e0aafcedb442e429dae8ae740e73265abccc47ae712d645ebbe6187,L3_severity_difference_same_safety_state,5941,300,0.0504965494024575,19.803333333333335,117
Alpaca-7B-train.jsonl,16297,91b2c6653417d4849b45a2f0ed02e1bc8234f96e7d335ed94a3393e07ff737bb,1adcdf97a484d28166fd8ead8f90fe7df09921f1a9e2dcfadb6a27c0d9cddfbe,L3_severity_difference_same_safety_state,5941,300,0.0504965494024575,19.803333333333335,118
Alpaca-7B-train.jsonl,24136,9d9c7c12be800cf4b194ae46aab1f58fec38434a9ece7db8363c0ed6deea60b8,40bcf955975630cb9008776c5a7745352c2c603528e85b8b296ede358b84c627,L3_severity_difference_same_safety_state,5941,300,0.0504965494024575,19.803333333333335,119
Alpaca-7B-train.jsonl,2483,32f07173b9f28fd7852404bab41e0acfbb86f0354e96aca3da9c3f7a66fa074f,08b9f46eddec0cf2d60b2f71e3aa806651aacba41176c076c29f84f7ebef4e63,L3_severity_difference_same_safety_state,5941,300,0.0504965494024575,19.803333333333335,120
Alpaca3-8B-train.jsonl,16533,6a170d8570af9f5d1dc8d593a61746a4122d55a9529b8d5baab6dda6f319440c,b4be0f0233adb049b05f160bcc45965819f6b547528020daebfb2d2e87e420fd,L3_severity_difference_same_safety_state,5941,300,0.0504965494024575,19.803333333333335,121
Alpaca3-8B-train.jsonl,7406,a376e3b807ce4594070f5890ec3f8c2a5c663d87eef2846772bc4ee4ceb2c7af,dab3354c813ea8ffc01b26e35bbb34f2073be380127ba47e15c79af78f087614,L3_severity_difference_same_safety_state,5941,300,0.0504965494024575,19.803333333333335,122
Alpaca3-8B-train.jsonl,18930,ee6247cf9ec4462e537b6dd099d5b60159e1007a80e6c9e28aef222752289169,432b027abbd81086fb1a61779f986759e98fc2f8e6bb92b18395eeba56895e5c,L3_severity_difference_same_safety_state,5941,300,0.0504965494024575,19.803333333333335,123
Alpaca3-8B-train.jsonl,2883,153d62ed3c26ed9c6f123ea3cd3bf055f68f769b36f547d340dccd4fb8044b1c,25bba70eb72860e9b88b89c9e772f577ed4168678181cdbbde6f17edc40639a5,L3_severity_difference_same_safety_state,5941,300,0.0504965494024575,19.803333333333335,124
Alpaca2-7B-train.jsonl,10420,b7d3569b8e8e3e052ce6449d40c738bc5d3604af896414f02610bb31c0da1a56,38bba3021c2793d5370ad0f07c8f5434fe513be52a6e220cc8f0d1f16e9f5110,L3_severity_difference_same_safety_state,5941,300,0.0504965494024575,19.803333333333335,125
Alpaca2-7B-train.jsonl,15166,7bbf4f8520c58c5b1490a5c7f2d4d885ddce1cf6b1f78c3f89ad3adcf9e66070,56703c188d94e02b15ec1bbf413ad90827888b055cd654b6de38babce5c1e58e,L3_severity_difference_same_safety_state,5941,300,0.0504965494024575,19.803333333333335,126
Alpaca2-7B-train.jsonl,3629,8da99dfc8fbe4bb540830c8e533aae0347325b2a66d81cfb34274b568063b0e9,fda4c8abecacfb93271fdcc11f31d94617f8987dd55f4977991b59d1448d0aed,L3_severity_difference_same_safety_state,5941,300,0.0504965494024575,19.803333333333335,127
Alpaca2-7B-train.jsonl,23939,75cf60c3fe4aa217b8fedf9a21edc63a57c3506c889502f50db3a4347eadcbc6,bf54dc32fa67a681216bb4b465895153b77236b734ed9d5f9356a8bf84542974,L3_severity_difference_same_safety_state,5941,300,0.0504965494024575,19.803333333333335,128
Alpaca2-7B-train.jsonl,21953,2e1db3a68996dcadefcce4f534c4bb89f94a1b9aff823d44469cd088b70e8150,34f26f063a23336bf6ff9500835456a6f4071fe3bcc098aea8801dea615bea38,L3_severity_difference_same_safety_state,5941,300,0.0504965494024575,19.803333333333335,129
Alpaca2-7B-train.jsonl,9643,1bbc87b359262fcd1a7ac493207684f9b358a1f589500009fb6c9b0646bfb243,8a7afdfbd8c0942ba42a75d10541eeabcdb4a459fd186750822463114e73c0e6,L3_severity_difference_same_safety_state,5941,300,0.0504965494024575,19.803333333333335,130
Alpaca-7B-train.jsonl,27023,aa062d670d047493dcfaeef6aa0cdefa49a346fbe20b88a0be865d28863f238e,188200756356cfeafcfae1fda38b23ddc0727e6655b8915ed611aa70a1148a28,L3_severity_difference_same_safety_state,5941,300,0.0504965494024575,19.803333333333335,131
Alpaca-7B-train.jsonl,10773,ebd5bd99113ade3171eb6792317f40edb7de33bb1c0bd3c2b2993266d39ca5bc,ce1e7b1ad03657002359eef9ded0ab665c799b02246fd43b3c9828b9e5c45d9d,L3_severity_difference_same_safety_state,5941,300,0.0504965494024575,19.803333333333335,132
Alpaca-7B-train.jsonl,14381,ccd81ae5f16040711529af61f39280555cfd9bbeb0386c07a144dac706aee2f7,6dd2d60081c0bfb236cef76afef7646b57c9f767d74f5d415facaae28fee67d1,L3_severity_difference_same_safety_state,5941,300,0.0504965494024575,19.803333333333335,133
Alpaca2-7B-train.jsonl,16648,a7f01cc0177119094c7caf8ea265d20800f1303826bad319514d530631d3d0b2,96b813cf6de98169893bf42e14e0b04d95c4f3de7574a6a252dfed9eddd931de,L3_severity_difference_same_safety_state,5941,300,0.0504965494024575,19.803333333333335,134
Alpaca3-8B-train.jsonl,5094,dae860cb541f4ff68557552c05ae347f1dfd4202817a3b60c4ce9002d5f0b690,c38d17ee57c42da784340d4cbeb29b50b6a5e456e4715897fa4d1956c4adcb99,L3_severity_difference_same_safety_state,5941,300,0.0504965494024575,19.803333333333335,135
Alpaca-7B-train.jsonl,5328,94ff05a2548c13f5902cad77844f85b42d180c4a349a1e32145c125d2068e317,6b230c19b737d0627dda13c85d376a8eb94856dcec5ffdb627b9e680e4a3f4c2,L3_severity_difference_same_safety_state,5941,300,0.0504965494024575,19.803333333333335,136
Alpaca2-7B-train.jsonl,7797,13383efae36dd4f3c3cdc08a8b8e004aac88895d204f9f761687c0738cb58691,b6dcd6048d7b705b672972bb11e3541ec61e1311b2273bac58a050bc6ae28dc3,L3_severity_difference_same_safety_state,5941,300,0.0504965494024575,19.803333333333335,137
Alpaca2-7B-train.jsonl,13240,cf4464f9fe836f11142d76624b9bee673e0759ac752b20157df2991671951340,31379918c27dca87f95a69d16494144eedd4fac1fe11749607d79c38201e7c89,L3_severity_difference_same_safety_state,5941,300,0.0504965494024575,19.803333333333335,138
Alpaca2-7B-train.jsonl,13641,1dca811e11ddca9f596cfdbd941400351bc66f085ae85a01b87d42c4cec6e954,ec92b63084f058bf8d5cefe28759d722c55652239a0e96f51db3ad5deb7505b0,L3_severity_difference_same_safety_state,5941,300,0.0504965494024575,19.803333333333335,139
Alpaca3-8B-train.jsonl,18651,f7c7e26d6e29e9f00ce858414ee49c3138aae1c8befc2212982787fe35e98112,84bca406ed16a5f1ec92b9d4441237b98b3386c6b3316dd6d21fc72c137025d9,L3_severity_difference_same_safety_state,5941,300,0.0504965494024575,19.803333333333335,140
Alpaca2-7B-train.jsonl,10497,91898f6c7eeb99e6b52a5e8a1dc3a226c21e0f1714e174a9d850709195d4cc99,0cff908c6f2315941e581e3100d5d3684c90d0c72d584198dc478dff8d264e8f,L3_severity_difference_same_safety_state,5941,300,0.0504965494024575,19.803333333333335,141
Alpaca2-7B-train.jsonl,22769,18cf4e343a7cf440185600748cab75c4c161b682aa93dc86b4ad34d198e8a81a,a5161a5c8e958fa1b8afc9e7e361ef5055d6053e0d8230c842acba8ca14450f9,L3_severity_difference_same_safety_state,5941,300,0.0504965494024575,19.803333333333335,142
Alpaca2-7B-train.jsonl,2948,69c9e954a55c606de195015ef0cb4e953eacb3ddc1c7b58ce8a8712c1869a8ab,60eecb7a835014eebf3368d5cdf9c9c10d361460bfb41d39a32d73b53dd7dc0f,L3_severity_difference_same_safety_state,5941,300,0.0504965494024575,19.803333333333335,143
Alpaca-7B-train.jsonl,20998,815c7b3481123e521f81dcf567173735d3bbfe977f4e6c1a085495e7343878ec,ea3896c2f655bdbb80c4180af77658239adf168d9109b2423fb3e8a796a87043,L3_severity_difference_same_safety_state,5941,300,0.0504965494024575,19.803333333333335,144
Alpaca-7B-train.jsonl,6762,ffb6d361ade3b7ffe0666bedc7fb3c19ac78d0d0234177936cca1cc00ea6e2d3,ed39224827ca07af21a78611eb99ad4b4955389de70c45c41a50d5a9dd7edfa6,L3_severity_difference_same_safety_state,5941,300,0.0504965494024575,19.803333333333335,145
Alpaca-7B-train.jsonl,12843,6cc8982a22efe70e9a4fe62c975f605cf68854388ede3c62c6a67507ddfb3158,b1817251236ec7e9f7da3d3d6ebc414ad0f0191eabdf4a1d8d9484177966be61,L3_severity_difference_same_safety_state,5941,300,0.0504965494024575,19.803333333333335,146
Alpaca2-7B-train.jsonl,16766,90931237c8de9ded94b2d27bafc2cd986ac1c9b2e0a66d2717e9829c892ae2f7,783628ade8988f7a4b455f67d1627efc43d98bf106eda713be5f139b40197336,L3_severity_difference_same_safety_state,5941,300,0.0504965494024575,19.803333333333335,147
Alpaca3-8B-train.jsonl,11093,d730810e352c633ec0ee6d4057a530ea44ad54b39222b34cf9a74cb3721fb908,a846256b1367fc89b34bc8b949b9cfc4d2bb30ca823f1e7898dafc2c56f51125,L3_severity_difference_same_safety_state,5941,300,0.0504965494024575,19.803333333333335,148
Alpaca3-8B-train.jsonl,16473,49639caa70e94a8857fb2de114564566ced3b9db18ab1a441d1ecaff28c572e8,68ea09d8ad442449f6f8d8789958a55a4b74b0d842e2f72f479a5f69dfa4318c,L3_severity_difference_same_safety_state,5941,300,0.0504965494024575,19.803333333333335,149
Alpaca-7B-train.jsonl,682,c00cc1cb20c7a2dc7c67e3528da84aa7097d2fc93c9823d38a35d740415f4d04,6b1c80aab0353e9b59baeedafc339daf9b58817ab7428b22e5962765a127400b,L3_severity_difference_same_safety_state,5941,300,0.0504965494024575,19.803333333333335,150
Alpaca-7B-train.jsonl,11739,30c1a926b38d66bde0153e37634dea50a9116bb1d1d16dc8076e6f7c45b47934,46af3abe4101bfb2ec5444bda45ce1bf0fc2b6073f4077591357fcd714ea5854,L3_severity_difference_same_safety_state,5941,300,0.0504965494024575,19.803333333333335,151
Alpaca-7B-train.jsonl,2543,cdabc929231ca88aea8cecc293bcb3cf0eefcc17a337c003167b5042829005c2,c4e3386cfd9f399f2f9466b1fb0628fe584ba7063b96028ace88802d6f1a5fd7,L3_severity_difference_same_safety_state,5941,300,0.0504965494024575,19.803333333333335,152
Alpaca3-8B-train.jsonl,3855,db3e234a95ea3155ac007afb5c25a77bdf1a94cbc5d3cb861686f50a456be1bc,5a4c591c29cca6195ab3d23c932a4feab396ae3e392a0bb1e9306fd98d38fe27,L3_severity_difference_same_safety_state,5941,300,0.0504965494024575,19.803333333333335,153
Alpaca3-8B-train.jsonl,18548,c2856769919fc6dfad13d97ac145a9c93adb184ee75128c395b6a7603c511862,da830be08e4e6e8b72f364dfbd5a89c2800a1df2a30f63d2eec790edd65d0f17,L3_severity_difference_same_safety_state,5941,300,0.0504965494024575,19.803333333333335,154
Alpaca3-8B-train.jsonl,15753,9dcbb435ea7304dfedc10984ff2fe3eb52dddfd5b6eb8efeb15ea1e7f41f059b,b4514e80c6bc0f930cad82129200025150f39828003764de8f739f1a61588283,L3_severity_difference_same_safety_state,5941,300,0.0504965494024575,19.803333333333335,155
Alpaca2-7B-train.jsonl,15758,be90dee8476eb0a09255573628137878a32d5108b6659d51c234a1f6480ebe25,a7b4f0cefe3f6427b64a703247cdb10ffa13136fd04a7298316f2820a202b08a,L3_severity_difference_same_safety_state,5941,300,0.0504965494024575,19.803333333333335,156
Alpaca3-8B-train.jsonl,6549,eae213c157956fec9b015b05720d638b9bad4b39460b03b222ea5730648dee19,d8c4202a344043a7696ba72b7822a79cfcf0b8061acc76546b62a41a444ca933,L3_severity_difference_same_safety_state,5941,300,0.0504965494024575,19.803333333333335,157
Alpaca-7B-train.jsonl,12025,06abdb5828536e93d569e30bdf65e7e7cff87e21eb1e2a4d2915ac14442927da,bd3e65f573dbe8836c00053da6a605def6f1e18b29f52beabdb4d41abd8c0fbe,L3_severity_difference_same_safety_state,5941,300,0.0504965494024575,19.803333333333335,158
Alpaca2-7B-train.jsonl,18767,e0d7c034e8c5011047fdfff4ac7c50cb328cd53f46a82bc8197c8bdbdf7a2e58,7a30d203d47a34cee8eb31eac6fabf251b72748d5a9e15662a9c48a771d306ae,L3_severity_difference_same_safety_state,5941,300,0.0504965494024575,19.803333333333335,159
Alpaca2-7B-train.jsonl,10556,2cfd3b068af146520e22ae32ba96153b033832924d553524af0d007295cd1e19,544a573fb7bdc6cac74636c2cc2c5304db8df3ebacac263cbba4b48e99a89bf3,L3_severity_difference_same_safety_state,5941,300,0.0504965494024575,19.803333333333335,160
Alpaca2-7B-train.jsonl,9184,f60e0008203f1516db5aa7861df3d49e01715020dd998866350713fbba3e3ac5,71fdc033b1ccaf391b0986d8beb6cbb6cedfc9bd7b198bf4e94862d9f8e9c1dd,L3_severity_difference_same_safety_state,5941,300,0.0504965494024575,19.803333333333335,161
Alpaca3-8B-train.jsonl,1004,3ac94e0d6a146531e3e91963d94cb412a0e0299b68608bc8dfac0168884f451e,415ad244dc52c82a5ce41da897721d8f89756ef13111d86ef9571d213db4b7b4,L3_severity_difference_same_safety_state,5941,300,0.0504965494024575,19.803333333333335,162
Alpaca2-7B-train.jsonl,4646,f4b8eabfedb306a5a651e0fe98c2393540aad10bba74a8e89b4222fdbf62fde2,8f6288a00ba8a2974b335dd4f645804c25e81435fea516d6de026997af207c50,L3_severity_difference_same_safety_state,5941,300,0.0504965494024575,19.803333333333335,163
Alpaca-7B-train.jsonl,13515,d342bf377326673bf0ff1180e74067b1e7b5d8cdb36df53ca1014a38b7b9ca24,43516a9391254b38a86bc6ab253744a27d009f049c31afcb3efb32fa93ba0320,L3_severity_difference_same_safety_state,5941,300,0.0504965494024575,19.803333333333335,164
Alpaca-7B-train.jsonl,13806,f775f9523be4a99b574d8e38712f3c74590046e53622f57d2bf220c655c38843,1e9a8d8d49eed7708f0aaf254f3a803c1aebb0f10332a71f05d3523c23aec19c,L3_severity_difference_same_safety_state,5941,300,0.0504965494024575,19.803333333333335,165
Alpaca3-8B-train.jsonl,13265,0984c894952c12653513d82cba65e0ab4f88867b13e4e7df86705ac5fe5be328,483dabff812f4e5668ca4b98195f1b5fe7acf0a144b0c815e10adf57ae3330a1,L3_severity_difference_same_safety_state,5941,300,0.0504965494024575,19.803333333333335,166
Alpaca-7B-train.jsonl,13507,475de81b85c1c938c8f56b3c0d6c3b7e7c2573b5fd93d9c29ea8fa84cf3286e7,ad494ff804d2903a8551858ac4e92d3911f7c19e39bc07ba135e3a89f6bc5a39,L3_severity_difference_same_safety_state,5941,300,0.0504965494024575,19.803333333333335,167
Alpaca2-7B-train.jsonl,16593,144eba47ac7e6930d5b935448020583b33edb0f8bbf41bc3e8b9d0ce18a137cd,f2753b0ccb6fb3b3a7af525bd9f5825d878889272abf70f4b6adeadc4991476f,L3_severity_difference_same_safety_state,5941,300,0.0504965494024575,19.803333333333335,168
Alpaca2-7B-train.jsonl,14706,25f9f3d80c8ee164333769b01e614d1b5d68c72059c69bce078f0c4e8f9416ad,405aae477e5bc2358b8db89294574403d7a2843344d3ffae3fd5948cb8a6ca9a,L3_severity_difference_same_safety_state,5941,300,0.0504965494024575,19.803333333333335,169
Alpaca2-7B-train.jsonl,15332,5857b5b01c271d502fd816245b9d4ec3ff98653442e04e1ddf067bb8a4bb64de,af4e3e237b3268bd073b5420b5699670ad7b1dfa92c0d7351420d9244d8ab3ab,L3_severity_difference_same_safety_state,5941,300,0.0504965494024575,19.803333333333335,170
Alpaca3-8B-train.jsonl,15902,450be02d93daefb1fe9223af554f293ed1ad9cc08a8a2e3e343b4c6c2adba73d,3c7af53871acae2dbccddf78cd99db9b2ba9a3832dc7f88bce36db4dcfcb69fb,L3_severity_difference_same_safety_state,5941,300,0.0504965494024575,19.803333333333335,171
Alpaca3-8B-train.jsonl,14166,eea4ce5e4b68778ca3a9d61d2ad9448b90a211a70ab08bfba20e613d7e8a92b9,56c1bec07523a252757372f2240c835f3c4594485f0c07551b32b622641efe60,L3_severity_difference_same_safety_state,5941,300,0.0504965494024575,19.803333333333335,172
Alpaca-7B-train.jsonl,14066,2773a19f221ee70676cd196a77d6ba4d967671c8026d4ef67f768b7a0047958f,7c8a05b823413a04300ff014a67918a170d4f674e811bf1ef4a5e7a46a815f6a,L3_severity_difference_same_safety_state,5941,300,0.0504965494024575,19.803333333333335,173
Alpaca-7B-train.jsonl,17115,24a27d67bf57aed73142d23db07d3712429970fee7531831250b9181a37f5197,12cce22dd7fc3b031aeab9a14ec49001a62ed8a143472ef1780fbe9745faef8b,L3_severity_difference_same_safety_state,5941,300,0.0504965494024575,19.803333333333335,174
Alpaca2-7B-train.jsonl,20328,41fde752753ef2156224368bcde25637543354c2dac933cae0f0da05e45d5a9d,d598825dce8ed62cdbdf3c65063698a5ffbbd6c3f523e2d83d94082f408af8eb,L3_severity_difference_same_safety_state,5941,300,0.0504965494024575,19.803333333333335,175
Alpaca-7B-train.jsonl,11949,448d01a5fe8ce0749a6b47a12914e60ef5cae1f894a632bf7af1bd40f40518e6,9b1c54465356f37f6b780d5b7a551c39dee1a4943400bf1310fbea96278d1582,L3_severity_difference_same_safety_state,5941,300,0.0504965494024575,19.803333333333335,176
Alpaca-7B-train.jsonl,5938,1d689a62c8a0e0fb2be25af377b9273a508fe02a818c090c4bf95e1d58a76359,4caccba79df9cb2b91e17e3bf1cba1c8ff4bbe24393682dd3cddc925aaf63544,L3_severity_difference_same_safety_state,5941,300,0.0504965494024575,19.803333333333335,177
Alpaca-7B-train.jsonl,111,33748c6fac4d973d2370f3e59c6edd72ce88f146afbf4e80122e4165372c0cde,880005b77c6957682c7c2083a48f1565f17b3d8a9b97ea6589472ec45fd29618,L3_severity_difference_same_safety_state,5941,300,0.0504965494024575,19.803333333333335,178
Alpaca2-7B-train.jsonl,19018,b7d3569b8e8e3e052ce6449d40c738bc5d3604af896414f02610bb31c0da1a56,261ef0cc6f6ee4a9a9c16dcd2988bbd41009eb7db7938909d472154eb2503c62,L3_severity_difference_same_safety_state,5941,300,0.0504965494024575,19.803333333333335,179
Alpaca2-7B-train.jsonl,22371,cf1081a3c8cc5d87af9ec094648f21390c07171b24ef30abd47b45e4f41b98f0,473df78df1a842556dfb5ebd9032e50317ea722306aeb52ff47ee063350a7a4a,L3_severity_difference_same_safety_state,5941,300,0.0504965494024575,19.803333333333335,180
Alpaca-7B-train.jsonl,14133,4e9655b0dd0b529b592cdd11c70ef045d9fd0b85a80f2ce4fe16baa78a453577,c47cc4a98bcda624006efc18bfcde8a9a9c7087ba7ab70a11d53d488dc871075,L3_severity_difference_same_safety_state,5941,300,0.0504965494024575,19.803333333333335,181
Alpaca-7B-train.jsonl,19004,0bb8478926975676c9fbd11535b07966819d97ecd1173da76c737e632352f535,4a50454aad42fa052bc1f647561881e01fccd1c6477cf060a47e65169282966d,L3_severity_difference_same_safety_state,5941,300,0.0504965494024575,19.803333333333335,182
Alpaca-7B-train.jsonl,20569,4848ff618ec7bb6e37f4d0b39ca0f736e0b0ae7277a545fb96d263746bb00aba,740d1168c90c95bb35f3de082767e50760d87f9db6b8e6fedafcff61cb072bc6,L3_severity_difference_same_safety_state,5941,300,0.0504965494024575,19.803333333333335,183
Alpaca2-7B-train.jsonl,5252,971aa89393e6283ad367ee05d2f2c18035fab416df6280f53650138c9aa3633e,aafdcd890d72b452571ee57e729e644f2f6cef4f936dbadba133ee745ca1948d,L3_severity_difference_same_safety_state,5941,300,0.0504965494024575,19.803333333333335,184
Alpaca2-7B-train.jsonl,1828,f0ba0a34c8f37adcd7c6b7970ad617a8426f91269e016504ba26231790aa72c7,61da8dfbcfbf6cc23875382da54fb4268234213200c91bbf70f9e352a2fe4d83,L3_severity_difference_same_safety_state,5941,300,0.0504965494024575,19.803333333333335,185
Alpaca3-8B-train.jsonl,16017,aff9b548501e5cd22e57d1c014d07a25da923a9151d0743e1460102820dfb6dd,c541836542f51f661c21ec061e37469e37aa21595f9936da4433efa696778675,L3_severity_difference_same_safety_state,5941,300,0.0504965494024575,19.803333333333335,186
Alpaca2-7B-train.jsonl,21049,1142aa8e02fc543f67fca6ea8336bb613ce7949bfc138c2453514ddb617e6f8d,0530caf884346054e4b1a1a29061dac6549ed6c362fceed91ff1e1d84c178d10,L3_severity_difference_same_safety_state,5941,300,0.0504965494024575,19.803333333333335,187
Alpaca-7B-train.jsonl,15332,c00a529a7bf613a0ba228032bf2d0da089a15deed6615ae5e7cbf75049bb9296,02f6f0139280b6e588890a8cdfb0f45df68e8c9766cdb49100c3157bdbd26866,L3_severity_difference_same_safety_state,5941,300,0.0504965494024575,19.803333333333335,188
Alpaca-7B-train.jsonl,92,01c758f46033d55344c3cd15188501b76d50e72bbba049518088f96259eb73f0,04913d220e01ef199f59aea3c2f69e63f64b74b3b449f738d0ad80c43b196edd,L3_severity_difference_same_safety_state,5941,300,0.0504965494024575,19.803333333333335,189
Alpaca-7B-train.jsonl,10808,7cd367974cfdc10bdd8f100f6eda9caaa14b8afdfc4df84b4279f6cc9269e9d9,09dc462c13669d78ab764bd12203058a877586b27b0ea2f8dbc0faa1ecc4008e,L3_severity_difference_same_safety_state,5941,300,0.0504965494024575,19.803333333333335,190
Alpaca-7B-train.jsonl,14041,515ecce367320aa15ab826fdc2cb3cfba47c056ef37e9f31da8b9b905707fb16,c81ee0fc24d58d30dfed39165257597e5fc655d49baacacd7988ca5d7b5eb298,L3_severity_difference_same_safety_state,5941,300,0.0504965494024575,19.803333333333335,191
Alpaca-7B-train.jsonl,7706,28e637e6d9f5052750aba8910f0eef6ddc296876f05c78dca93d7fca994c27ec,6874c809e2bab702f1e473b06547c9015345e423aca1a5ec8306b043f1df0a86,L3_severity_difference_same_safety_state,5941,300,0.0504965494024575,19.803333333333335,192
Alpaca2-7B-train.jsonl,8363,d9d438014ab2eea0c7d0e51078527012beee72c3175b0c26f9112b6d9ad65e30,f214dbfc67650a01fc5e5ff24572113377ccd7bf7805d8ac895b889f925ddd5c,L3_severity_difference_same_safety_state,5941,300,0.0504965494024575,19.803333333333335,193
Alpaca2-7B-train.jsonl,2614,2e8aaad67688f591a9f90ed31b25ac249787d5ea753b8134a5eda2e3f0ea4187,f04999d9d8a6c8afdaaa9861a210326cbc57bc1079bd160178f628e2ba02136d,L3_severity_difference_same_safety_state,5941,300,0.0504965494024575,19.803333333333335,194
Alpaca2-7B-train.jsonl,15429,9edd08236bb391fd955b4b55525b9d387bb770c0eaa9721697116b749a245927,a046db52d3a8ee443a2cce8038ad34dc4fc333ec9d69b6c55cde257aa52ad160,L3_severity_difference_same_safety_state,5941,300,0.0504965494024575,19.803333333333335,195
Alpaca-7B-train.jsonl,21736,c718c57a50864abd10517ea98ef5055a015af8e22038a60e64f0ac5736a94514,8fb56679539fab7ad50365176cfac86dd4f517ae2f3c46a00d10dcf6cb7facf9,L3_severity_difference_same_safety_state,5941,300,0.0504965494024575,19.803333333333335,196
Alpaca-7B-train.jsonl,13347,c299177c519626976f10eca8467de10d229f1cfc873e8d06ecd088200e88052c,43085aeb53afbfdfde390e00d5227c7b33f65cb193efa2bdef8dc47d41d4f4af,L3_severity_difference_same_safety_state,5941,300,0.0504965494024575,19.803333333333335,197
Alpaca3-8B-train.jsonl,20902,233320fd1c0045c94288713fe7905c7bd7f78fdaee6a755f66b40ccc190cb2da,2a9a20c908567585fc789224376d4084213eafdafe8b203221422db25eb747c4,L3_severity_difference_same_safety_state,5941,300,0.0504965494024575,19.803333333333335,198
Alpaca3-8B-train.jsonl,3371,9f6586753c611c5f2c8b2ea6c27e1611458e06f0ff4d0c9a49d26280524997dc,d2e6f9e49fe3541bc386d5ba8d598284b8a34fa0fd6a9242dde3d75abbce4178,L3_severity_difference_same_safety_state,5941,300,0.0504965494024575,19.803333333333335,199
Alpaca3-8B-train.jsonl,3485,4808df5c10e0c1c37703b1769331b6c2ca7abc2f019bdfcf5b4a5ccd865d3033,383096d65219836502962fd7027e2fd5d69fd62d2e0d90a99182d6afd18ad9dc,L3_severity_difference_same_safety_state,5941,300,0.0504965494024575,19.803333333333335,200
Alpaca2-7B-train.jsonl,22644,564dc3b5d8c82cd826abbe40d8edd63ed40750beb56b0f17937f150a5475ae28,bc3e81c64a764038326903f8ff751de477ecbe2cf3c05c89832aac87de7f22e0,L3_severity_difference_same_safety_state,5941,300,0.0504965494024575,19.803333333333335,201
Alpaca2-7B-train.jsonl,10804,1f4baf9e1b2e43bb5363a4350c59d8e2542cd4c381b0349c61129180cc5c1c09,8f00ad0530ca2ec4fc72ee5a7eb0c2be82ff39e76fd28e4f94c5905543b24d95,L3_severity_difference_same_safety_state,5941,300,0.0504965494024575,19.803333333333335,202
Alpaca-7B-train.jsonl,14783,1dbabcc47754eb52ab3b19f747a01c036a9309895cec64453129faa1fdd209ca,08e07e1e828c70c57b507e241f04808d5fb78594ac3df815b581d9f8f63d0fe0,L3_severity_difference_same_safety_state,5941,300,0.0504965494024575,19.803333333333335,203
Alpaca2-7B-train.jsonl,8141,4ada9aca5fe19f1f96f21ad2e422faf8330dabcb5a83aec8fce3b273bc97c344,4fb29f0398df9bcadd151dc1b4d101ca5cc3715405019867cc3f23da9f3233e0,L3_severity_difference_same_safety_state,5941,300,0.0504965494024575,19.803333333333335,204
Alpaca2-7B-train.jsonl,8814,e0d6d6883867c5f34b2af8fa04e8b7c314ea74922190ec74e261cb9a2ee3ba03,ae54b964fc2a7377d926b4c167da113d5dbc9b25304517ee36e276d2b62f7f3d,L3_severity_difference_same_safety_state,5941,300,0.0504965494024575,19.803333333333335,205
Alpaca-7B-train.jsonl,11469,222b4e62b3c4155087991c91294daab17ae099497df2395c3d067b0e56434953,e923121fcc1d5781cd882f1b732efcf89bd3be34516a05beb278d647886967de,L3_severity_difference_same_safety_state,5941,300,0.0504965494024575,19.803333333333335,206
Alpaca2-7B-train.jsonl,23837,f65aacefca0a3e134bd275b685a49d7dc93996ae20c74dc1026e93a5e53569f7,3a526d94699b47378e6d1d241ae8ac584c6942f30eb33ab429c7aec4000ed5d2,L3_severity_difference_same_safety_state,5941,300,0.0504965494024575,19.803333333333335,207
Alpaca2-7B-train.jsonl,5971,fce6ee7a8d8c3ab3e7128a817be936596f58278b766f1e3a18e8def4767f115b,d59217017da32a5e790efa7cf0e2308afe27fd36d40d9738612973a819c503d8,L3_severity_difference_same_safety_state,5941,300,0.0504965494024575,19.803333333333335,208
Alpaca-7B-train.jsonl,10798,ec11f642d82b66f01cf764d144e716340e812d0f642e952ec9fb79a3b253c23c,7908fa64d2fd051bb12c03ace6d66baf95ee6ce12d16b85b5f297930e9acad12,L3_severity_difference_same_safety_state,5941,300,0.0504965494024575,19.803333333333335,209
Alpaca-7B-train.jsonl,4593,14b32f5fa67612da8019aa2a26807c9e246c920f11f06b63b2f2bcb26c9dab41,2447eeb7f490f2432ca48f2db437b3e456888eaeb386be2b4c41ddcde530b1d7,L3_severity_difference_same_safety_state,5941,300,0.0504965494024575,19.803333333333335,210
Alpaca2-7B-train.jsonl,23514,f0031840a2d1d7a4ba411b98a0fda9f815606978ecb380da939bf3702012657a,92e339337b2d579d53578b37f9d5994d276df47bcffeeea9b5d21d2f3644903c,L3_severity_difference_same_safety_state,5941,300,0.0504965494024575,19.803333333333335,211
Alpaca-7B-train.jsonl,11024,4746905502d241b169f90b347b448db448793ad9153f7556183030204b3ca2dd,cdabafa8550d22a193aa79222e5896ad4be5bde3edc61a00c469c97167ddf5ff,L3_severity_difference_same_safety_state,5941,300,0.0504965494024575,19.803333333333335,212
Alpaca-7B-train.jsonl,23585,7956fce8fd539fc81d5241e9518569bcd11a70166bb841c69af6f1a1f125cad7,c114c63864b8f6126cb2ef51a9d5b31598f329f8774fb38d99dcf02be19c3f1a,L3_severity_difference_same_safety_state,5941,300,0.0504965494024575,19.803333333333335,213
Alpaca-7B-train.jsonl,26417,6fd5324bc43aeabd7a76c8ba56b3b9e249f934a13950091a385f9d726b18e255,2c3d5298efedc11808872554de715acd40a3518b118cbec73ef6d7e723eb24b3,L3_severity_difference_same_safety_state,5941,300,0.0504965494024575,19.803333333333335,214
Alpaca-7B-train.jsonl,1065,e0c076ecced4943d17696dde35ccc177d4c05627cb20f1206c51575fb67fb37f,8bad1da54ca571dde35d47c2c56958e8b556eee792478f6bb011d4132cf533e2,L3_severity_difference_same_safety_state,5941,300,0.0504965494024575,19.803333333333335,215
Alpaca-7B-train.jsonl,16006,d769e2462d43e5de39c68ac0fac27e0117106cca253ad48abb0816c03a110e0e,ee43edfca7bc882d5d8d1bd2941de7b26eafc42f6f95c28cfd69af8e14e4df93,L3_severity_difference_same_safety_state,5941,300,0.0504965494024575,19.803333333333335,216
Alpaca-7B-train.jsonl,24662,c916020e87f233d4bb9471d97474ccd769798a380c4a1824c30e43bd6548f23d,566f502aece2cf33b26dd8ff3c87fdf7b652f6ef44998ecf60be31fd24c93663,L3_severity_difference_same_safety_state,5941,300,0.0504965494024575,19.803333333333335,217
Alpaca-7B-train.jsonl,11297,9ac268ba75f35ae38a91abe4c5b3845371e209bc5831c07b61accd7217aa68ad,f1d59313f70853bbadf54cd0fe73121ca239b875c4d32541a6b66747f9ccd105,L3_severity_difference_same_safety_state,5941,300,0.0504965494024575,19.803333333333335,218
Alpaca2-7B-train.jsonl,1204,22d6a8990217054daba8f338d8d6c8db710f5f421e93ead6760b46f1403f4c34,32c426e4afcdfb7fcae06d2d14538341a78f5d32dae33f5a5f88773671d37f81,L3_severity_difference_same_safety_state,5941,300,0.0504965494024575,19.803333333333335,219
Alpaca-7B-train.jsonl,2111,43ea110b322355c4ff5f4f0428c55dd0680c00101f370e6a053abe54ad70de50,cc015221f4d682e45689515bef261780d61f80fca314c31cd93cd65e4dff812c,L3_severity_difference_same_safety_state,5941,300,0.0504965494024575,19.803333333333335,220
Alpaca-7B-train.jsonl,2444,4a5301a2622bf9aaf1116fe3ada256edb8cb511de681c803c519f370449cea54,9b3ec848beae72260fab9312549c7b953adaf1ee88f3f4f05a422747640520ea,L3_severity_difference_same_safety_state,5941,300,0.0504965494024575,19.803333333333335,221
Alpaca-7B-train.jsonl,11426,941e9174e8f1ed56fcbfc397ffac191e8409885f08df9b2753ff22b7ba2ced8c,366f12b9cc3311e087af1836038fb65095d0dbbfbe16b0fa64186a9239ba4837,L3_severity_difference_same_safety_state,5941,300,0.0504965494024575,19.803333333333335,222
Alpaca2-7B-train.jsonl,20355,96bbc081fd9581317c44ab4f57f344a946df3e014de77256198f9d68b0002a2d,45a23ddb0f005ad4e6c438441e14b5e3c5ecbf6a5eafbee6ec7f49bb985d029e,L3_severity_difference_same_safety_state,5941,300,0.0504965494024575,19.803333333333335,223
Alpaca3-8B-train.jsonl,9183,dafb38f01ab764cf48f358abcf2eef246561624d5d494b393b0051bd01cf548d,79c5924148c71f2e651049dfda00d787d30e4deb95bdcd4084ef1496cd9d2d82,L3_severity_difference_same_safety_state,5941,300,0.0504965494024575,19.803333333333335,224
Alpaca2-7B-train.jsonl,3419,d574db6f90d99def902b8c81e9bd70c11cb02e611828b10c97d273c5dc2cc8c1,122ed9cc9b638239b9cef30d11f3d35088bea2d62ef0eba1fedb7599a4ffd5af,L3_severity_difference_same_safety_state,5941,300,0.0504965494024575,19.803333333333335,225
Alpaca2-7B-train.jsonl,546,24941595d9d2491e7d198e738648bf18e6e784ab613ef81373e42e9502352df1,6d3b9f2e4c0bd8a0bee42e0f321c2621964505648774e89ccc4a38276dfafc32,L3_severity_difference_same_safety_state,5941,300,0.0504965494024575,19.803333333333335,226
Alpaca2-7B-train.jsonl,1358,0b3754cdf8f3450de4b6cc91bb57f7cf99a90a9fd2d1d1b874be58d9f33fd597,f1236899554183a68281654d52d33a95c67094f14c736968856864270c439d00,L3_severity_difference_same_safety_state,5941,300,0.0504965494024575,19.803333333333335,227
Alpaca2-7B-train.jsonl,24691,78c706fdc2ae0d099ab97d87d117715491aed4e27f054ab938c3f5d8aaa959d0,c7577272a4a8cf3c09ed873850f69b1dda029000562ac4872093f04a51d98602,L3_severity_difference_same_safety_state,5941,300,0.0504965494024575,19.803333333333335,228
Alpaca2-7B-train.jsonl,248,9351ddde5f1cb35d0723551d2d4b6360ec4fdbd667e1d88f9ec26afcaaa0335c,5959e16e4e5dd5b8c4efd2b23b3ebe50bf0002ea416f2cee373f12be577e729e,L3_severity_difference_same_safety_state,5941,300,0.0504965494024575,19.803333333333335,229
Alpaca2-7B-train.jsonl,327,a743ab21cfbcdff77a721e942d019a4c59868388f43baf030ceeb2d6d55955a5,d4a08d11b51e91239171c331b8e111c5932462989cb9993961c9fb3849b1f80c,L3_severity_difference_same_safety_state,5941,300,0.0504965494024575,19.803333333333335,230
Alpaca2-7B-train.jsonl,2492,ba87117da61bff00d273cfe057779142006345de8016ae1f1236d7bd0c16a3aa,c87604891023dd5862f315f62647bd23fc26f17809435851e59e523a2d53dacd,L3_severity_difference_same_safety_state,5941,300,0.0504965494024575,19.803333333333335,231
Alpaca3-8B-train.jsonl,1753,a8607377e770cf0daef418c4e36545738049844c15964acde8981c1dd99d2347,c67069445bcb8f0cdb4ee2ac96adf3682131a92ed924d225ec9725be0b67aada,L3_severity_difference_same_safety_state,5941,300,0.0504965494024575,19.803333333333335,232
Alpaca2-7B-train.jsonl,25525,b94fdd1f5e4a200a065a295d0706c7595abbfe65c7ab0c2e6fda776b0ae60f9c,61fd1086eb940a072406a8cd32f80a7d27eecfbe4fcea45ce4e37f891c070c90,L3_severity_difference_same_safety_state,5941,300,0.0504965494024575,19.803333333333335,233
Alpaca3-8B-train.jsonl,7080,e9c8fd9ab3b26f70413667dc106b1745550ba458c8f57fe05705ef0db08264ec,2045415a7c89c885d8d704b2ba90dad2586d1c2226ff8c93836079942ffaeb1e,L3_severity_difference_same_safety_state,5941,300,0.0504965494024575,19.803333333333335,234
Alpaca3-8B-train.jsonl,4316,dbede0facd7b157daf1e7f70009a5b019530c339d378ac267e038f57011ab215,735f1855c27ce706dfe45fa8fbed946b2b0a78b0ce01fe5465af1495ce6b996a,L3_severity_difference_same_safety_state,5941,300,0.0504965494024575,19.803333333333335,235
Alpaca-7B-train.jsonl,12171,2425ef754942644a1d240225a24d1b8d8b737623e3a568ebeef0ed7943b54443,0707f324e626bbef3f762c90e1b04a87b18f29bbafe12c48a719ea880d036cbb,L3_severity_difference_same_safety_state,5941,300,0.0504965494024575,19.803333333333335,236
Alpaca-7B-train.jsonl,22519,f7d129f2611e338e3b95da9deee4522ff2dcec08a649715347c9639f30beaf8b,7b384aba6c06217ebaccc55cd026bbf9afd5b9a4e9cfb53e159b7ac804cdedf6,L3_severity_difference_same_safety_state,5941,300,0.0504965494024575,19.803333333333335,237
Alpaca2-7B-train.jsonl,16236,78e291292eb631ca7e0d9648a3612ae24fc7aea787285d9e0ae8cc5fd5ebc084,88c261a0f4d884699494d05183be71f7fef5f8a10b8716950991f507fb89b2a0,L3_severity_difference_same_safety_state,5941,300,0.0504965494024575,19.803333333333335,238
Alpaca3-8B-train.jsonl,11886,9052241c32c6f3fbe193d42fe8aab2b2e3de4eddb26b5d062cf7c6df235ef856,01d77766ef031d7ebf4d13372e7b49de1485d11b2d14399af70e36bf1617034e,L3_severity_difference_same_safety_state,5941,300,0.0504965494024575,19.803333333333335,239
Alpaca-7B-train.jsonl,25927,62d8f9d52e92c0e3a073c5f880a96fcae217cbe21c5c8513c769c3c34e2f6958,d83f320a061bf62f3e361d48f3fd46b908042b40be7c9c7d7d1e330d778b2790,L3_severity_difference_same_safety_state,5941,300,0.0504965494024575,19.803333333333335,240
Alpaca-7B-train.jsonl,14551,1381ef7ad083d688df3d6411daa546ec7f85018cfec434e964827f6764dd1792,e83daeb7bbab0b0c4447b3e9e4c94dc27f9cb99d7dfe6e61e5d2dc48cef83b47,L3_severity_difference_same_safety_state,5941,300,0.0504965494024575,19.803333333333335,241
Alpaca-7B-train.jsonl,22515,06174788950dff20be9de5377001296610e34ce9d9b0c967b0ca600b364c9455,e82809fca3ac56f98ddc0456b95bce363fcc192e3b9fdc821f8838499e054ea4,L3_severity_difference_same_safety_state,5941,300,0.0504965494024575,19.803333333333335,242
Alpaca2-7B-train.jsonl,17205,075ed505e62a59d34ba33eaf3ad58ec3ade62f89d133a49b04050e275333fe03,3e6e0a187fd4e529855587a7e5f627a77c7bc1eae166918ef78274f2ca2571e0,L3_severity_difference_same_safety_state,5941,300,0.0504965494024575,19.803333333333335,243
Alpaca-7B-train.jsonl,23395,fe205505945875ce9dfd233af3d9ec39444eb0ebf530d939c3cda391ba9a03b1,9784ae208a095d24fc9f3453606323c0a34ef1cef7520618bd257bdd121f5694,L3_severity_difference_same_safety_state,5941,300,0.0504965494024575,19.803333333333335,244
Alpaca-7B-train.jsonl,20852,b9ad276af7a946347a74fe2ba7a6f1379152b16d4452278ef5d8ff438bf344a3,34b4ee949dcb1de2d2d8ae67c5e78f3e8f56fb17b16a29b21e610a29a9267e04,L3_severity_difference_same_safety_state,5941,300,0.0504965494024575,19.803333333333335,245
Alpaca2-7B-train.jsonl,15104,55c514b5c1315f585c63836276307357d7894e9d5ddac6460fa052254c90abbe,b78c010d26be61f41f3a4ef0643717ac1ef6e7d3434503bc29291bc13a3467bc,L3_severity_difference_same_safety_state,5941,300,0.0504965494024575,19.803333333333335,246
Alpaca3-8B-train.jsonl,10210,b88369cee07dd5d0d91e3a1b21e57cb519ce1f8d6864ba91e8f6bcf59972203a,3dc4769ec58fe3a950827ddffdcf7cbcc36a9af0da720e6043abe4d1f1808a83,L3_severity_difference_same_safety_state,5941,300,0.0504965494024575,19.803333333333335,247
Alpaca-7B-train.jsonl,3519,d442b959fb571feab6c39764640257fabe2d840b3fef25edbb760ccfd8f30e46,52094f48c58781958f34351c4f4dbeae69298faaa2649e1a398763d8fb81f49d,L3_severity_difference_same_safety_state,5941,300,0.0504965494024575,19.803333333333335,248
Alpaca3-8B-train.jsonl,17139,416e591c2bc908255fd12e5a28705dfa414a69def40d18a7f26090a554d5ecf1,88be0799737dff548cba67c1e7691e74a53fa42c73fd0d488cc41dba5139705d,L3_severity_difference_same_safety_state,5941,300,0.0504965494024575,19.803333333333335,249
Alpaca2-7B-train.jsonl,9012,9ccd858db2ddc5db04e6573611e19eb8642bd8754edc7b8fad91bc7d5e52baef,c80a95bed4f1de4f6be475c5720f25d3079235303ed7b14a9c2617445543299d,L3_severity_difference_same_safety_state,5941,300,0.0504965494024575,19.803333333333335,250
Alpaca-7B-train.jsonl,22007,a9328ece96557cbb7b2a8fe3c7b2dabad974e4cbd56e91be54b2497a41026a44,b1d8296214449a54cfd9dfddbb53c7e7277b1830ba9860294531bc43823d25d3,L3_severity_difference_same_safety_state,5941,300,0.0504965494024575,19.803333333333335,251
Alpaca2-7B-train.jsonl,15084,84d38bb1afb61b6a7d85ba16278d2c864c3b8b39bfbe867fd7db85586289ddf2,414b5a9df788a94d22805d8a711d062e7abe623ced3a21259bf4008e49509c98,L3_severity_difference_same_safety_state,5941,300,0.0504965494024575,19.803333333333335,252
Alpaca-7B-train.jsonl,21642,24f3fd07f8a301e7d36f9942374670b97c8a8e8c72d632e0394363bc0722b9a1,821d02206d911f6ea0dfb3ab73da15471f886b60042f29fcf24f229904024ea6,L3_severity_difference_same_safety_state,5941,300,0.0504965494024575,19.803333333333335,253
Alpaca3-8B-train.jsonl,8707,9e969a75b1fe2aa10da16107db3e312ddfe229fc2dcd4803e97c31a5eab4439c,dce3297335964a3005e6cfd9fcd576b2e951ed81766e2672986296b8f49b13c7,L3_severity_difference_same_safety_state,5941,300,0.0504965494024575,19.803333333333335,254
Alpaca3-8B-train.jsonl,17429,efc820f12c0bcb4fcb7ba3b242b8562f79865df10c5a3d51b3b314a8b90dc632,3a5151965b49ee927408d48d4b89777ed8a0a8aed4d64bc2a1fa617ffcd4a6f3,L3_severity_difference_same_safety_state,5941,300,0.0504965494024575,19.803333333333335,255
Alpaca2-7B-train.jsonl,16505,379c4e4a6027ecb5dbbf07fd292b5f7596c24e1303c4bd446e398ae5d7aeb7de,e8c22a83d9725801fe240f05bb50c17902dac7c271ac9e98c1c123d7928e7537,L3_severity_difference_same_safety_state,5941,300,0.0504965494024575,19.803333333333335,256
Alpaca3-8B-train.jsonl,13193,c558e7c0b979d144f74338a99b8364e217982ccf973c6afdc3f0203847b8d8a6,60a488b880eff5c8615f135e82422341855bee5fe975687e5833eeca26b89ece,L3_severity_difference_same_safety_state,5941,300,0.0504965494024575,19.803333333333335,257
Alpaca2-7B-train.jsonl,6525,e6db5e5e5f329be129693a67da5d3b34d8164049a4bcbf38b76a1fcc768000ba,8e69ef3dddbdd826dc140b2eb62b9a70489e7c53866c74043e7fa09759c17c67,L3_severity_difference_same_safety_state,5941,300,0.0504965494024575,19.803333333333335,258
Alpaca2-7B-train.jsonl,8032,94e1f758a891cf2cbefb038e0860812602434240cfc3256152577088a48074f6,570bdcae9b161e40ffbe8cdc113f7da8a06ca3276eada5b5cf677026596b521d,L3_severity_difference_same_safety_state,5941,300,0.0504965494024575,19.803333333333335,259
Alpaca-7B-train.jsonl,4948,162cd9bfaadbcdb3796351e838210718a851f31e6b82c4b93c8e220525b42ec8,87c9ba843dc5d5491de17831cd4b089199fbc912019bf07568f01373de68f3d1,L3_severity_difference_same_safety_state,5941,300,0.0504965494024575,19.803333333333335,260
Alpaca2-7B-train.jsonl,7563,ba5bc19432f9ac2b13482b0da47d4e8d7ed52d849d43fa54ad12d7d69fc681c2,ca77dbbec16b00a895e47a93a3745ebfcee523b808e355dd24f1854b6a437dc4,L3_severity_difference_same_safety_state,5941,300,0.0504965494024575,19.803333333333335,261
Alpaca2-7B-train.jsonl,8989,f6fa187fb8da3f207726d1106dd97f97ef79284c45a76399c5e9a7894279fd16,cc89da4b6f3c5a25bd281146d3feeddfcc0582e6d9f6d0a232fcd4925bea5155,L3_severity_difference_same_safety_state,5941,300,0.0504965494024575,19.803333333333335,262
Alpaca-7B-train.jsonl,19465,e0c076ecced4943d17696dde35ccc177d4c05627cb20f1206c51575fb67fb37f,ee3c6312a8d91147602f390dcbc09d782ae856b1e3f50a432234e6234a5e98df,L3_severity_difference_same_safety_state,5941,300,0.0504965494024575,19.803333333333335,263
Alpaca-7B-train.jsonl,8733,b3c6d2e4d0d176e68263ad6ce49be8b250ff55801b4c9ef7ba13d31a42056eeb,9674b7a41c6a906b7ff2c6684e8db21a3f25086018c9e6f579489e6179bc6899,L3_severity_difference_same_safety_state,5941,300,0.0504965494024575,19.803333333333335,264
Alpaca2-7B-train.jsonl,4389,03972b607f4be232e6cb18dbfaf94b62f63a4f89d7a34bba6a65d76bd44d2cca,e08904ec41ea33638bddda0e664402ff1332352dc526f33bc0e07c3223997ca9,L3_severity_difference_same_safety_state,5941,300,0.0504965494024575,19.803333333333335,265
Alpaca-7B-train.jsonl,16158,cf2f82f13de3e11fa81900fedc6e1c59077d9f70bba8c7b06763ee961bb1e9b2,4cc8be08d41aad48386084171667072e2cc9cf5670bd921114db83b40557a7b4,L3_severity_difference_same_safety_state,5941,300,0.0504965494024575,19.803333333333335,266
Alpaca-7B-train.jsonl,5062,0a269687e2a0b9cecc602d3d74e64241cc2a80cc490fe5df4e43be58ca0e2a3e,b0901d13618dd34d4df4ee3c4a8a6ad3a74a398bfd4014a4a33a28472b498723,L3_severity_difference_same_safety_state,5941,300,0.0504965494024575,19.803333333333335,267
Alpaca3-8B-train.jsonl,8546,24e1a5ac2f99d1f8012abda17fcb72724ff3f02c0081bb4813adf968969da0a5,64028f4e5fc1b0060691424fbfc74a727618fdc5e8e1ee416f35a34846803585,L3_severity_difference_same_safety_state,5941,300,0.0504965494024575,19.803333333333335,268
Alpaca3-8B-train.jsonl,9272,9e12ae9e6469f65bf39d3cfd0f220e543bccffe80067374a488a83043de0533d,0b5abc6a8dfaf840ebb010c16ab5c455d8c5791bcce79a941626953275295681,L3_severity_difference_same_safety_state,5941,300,0.0504965494024575,19.803333333333335,269
Alpaca-7B-train.jsonl,5189,b52e84d4d13c6d654ee3b0c90d3cfa458ae609edf7ad7f977c471125ed0db778,9e106eb3885f74a29c38625daa9aaf7410b35f252a5f48880c8d6b6d6cf47866,L3_severity_difference_same_safety_state,5941,300,0.0504965494024575,19.803333333333335,270
Alpaca-7B-train.jsonl,2449,38857757d33118194aab7e3ee36c16da4c9abd5209aa8c2b42896bf8beb513ad,d839d37e6bcb184ceab95b151a62bfb56a6ffb0cde7e47c0239754cc335d3e8c,L3_severity_difference_same_safety_state,5941,300,0.0504965494024575,19.803333333333335,271
Alpaca2-7B-train.jsonl,8162,333982d1066914d5566355242b0537096df771c5b2a0eac865a3421071c7c4be,7bed918a2dd69a2d10047222af13c7ee1b9c7628204e5372b152ded43b708da9,L3_severity_difference_same_safety_state,5941,300,0.0504965494024575,19.803333333333335,272
Alpaca-7B-train.jsonl,4107,14b6b7e5df1b6fc77b5b2d8e93d3be23ea6e44f12a7a5f13d1dda29bafdfb71a,26c93bcad9677b3c9b22b932829c068c12d2a62622aa78a08ab2e307af4aacde,L3_severity_difference_same_safety_state,5941,300,0.0504965494024575,19.803333333333335,273
Alpaca-7B-train.jsonl,17526,6928055a57f9714f3177f479e89858db8eb3f50e30bcf3bbdd0d87402402117d,633d67d7900cda4ff711ccf298b28ebb630f823f081439c90fc16f1b10d2288f,L3_severity_difference_same_safety_state,5941,300,0.0504965494024575,19.803333333333335,274
Alpaca2-7B-train.jsonl,18020,eceabb2accb0e860a835cc854cf1ce57a0503bbb80c1044e57bf3f6154ea8891,4222b7778bfc4966f93097ce84a3a9d590d7cb1e4b07cddae9fe25f1f204e35c,L3_severity_difference_same_safety_state,5941,300,0.0504965494024575,19.803333333333335,275
Alpaca-7B-train.jsonl,18285,ef9e787be8930d407e994a6086644b3d8c390ebb202099318e7671eaa1a6ebc1,9267d71be0b9b31f6063ca2660480e1e072aed4d485017b51cb00e2efa09db28,L3_severity_difference_same_safety_state,5941,300,0.0504965494024575,19.803333333333335,276
Alpaca-7B-train.jsonl,19642,c0c6f5469f60d81f38ce5eb208c7003d92d5ba6ae37413fb830197396640aa1e,72f613c7003233449fd5e76e5a63a3e01875aea724d375f4b5de2502351ae82f,L3_severity_difference_same_safety_state,5941,300,0.0504965494024575,19.803333333333335,277
Alpaca2-7B-train.jsonl,4082,49a1142d253ddcbf63b3fa21d32ca8233ae8d9514ef06330e34c26545b0e3491,464dc4d2b30ab08de0816a8ba507c64583e619cddf73fa42a5bcc3cfdda196a4,L3_severity_difference_same_safety_state,5941,300,0.0504965494024575,19.803333333333335,278
Alpaca2-7B-train.jsonl,5114,a18bb431664a9d07dbef70470c618a377f2879db0f93bdf9caec861aca195f23,38df2b740ab1d32466edf68617e0368b9f1dead5e70c618b57803725f885e7b2,L3_severity_difference_same_safety_state,5941,300,0.0504965494024575,19.803333333333335,279
Alpaca3-8B-train.jsonl,2929,ed5ac94c153651a57833283207f0845884e30073f0687512e60aea21ea6930c1,618cfa2ccc1ab8b795eb0d29968c1b8de9dc1cb7ab328eb5e27d7e1e9e2204a5,L3_severity_difference_same_safety_state,5941,300,0.0504965494024575,19.803333333333335,280
Alpaca-7B-train.jsonl,16237,582d9e3063c1034dd4d6499676799df9656a3cc93067928f0cbf5b031073c6fe,0afd8805bdaf81feb59e8c2269e6d401d7fad624aac8b504853d9346a569cb95,L3_severity_difference_same_safety_state,5941,300,0.0504965494024575,19.803333333333335,281
Alpaca3-8B-train.jsonl,9356,a86d9875a4bbb3e2f427d17055cf58051c1a6381eb17835e69c7c043940140ad,b60ee562f20ffb7c327a6da1d36ff441c51ed464d6778b0d67d1cfb5c74c71cd,L3_severity_difference_same_safety_state,5941,300,0.0504965494024575,19.803333333333335,282
Alpaca-7B-train.jsonl,22133,86eb90cf926f51fc96c00b7b4a7caa035908c02389d59c1afda73d87c61dda0a,ac392bdc87fbf5442f88afa43108755fbdd0f49d9af8da00c2d559352a4d3d60,L3_severity_difference_same_safety_state,5941,300,0.0504965494024575,19.803333333333335,283
Alpaca3-8B-train.jsonl,3619,f7bca682694452412f633b2665d7f482e23073f6651a586d6c270f12ece26ae8,3be4e8adc16fb8d015f9dfa689d12e29a40365f0c713767e4c57fc00d6174de1,L3_severity_difference_same_safety_state,5941,300,0.0504965494024575,19.803333333333335,284
Alpaca2-7B-train.jsonl,12652,27cdf8a2aa591242996f4cad81a85d2abbf45970e6fdc7d46d952b36f09939c3,580a4defdc15ede055b05d2f56633a40ef2e90ac68b758554a3515407438eebe,L3_severity_difference_same_safety_state,5941,300,0.0504965494024575,19.803333333333335,285
Alpaca-7B-train.jsonl,15809,e5359b575651b692ecc7d5421b8c629436bc54b433e18ec85209b36cf03f38d8,df3508d43f6cb8b5037076e9027bf498ad65df7a4baf9b41df883c75cb003f12,L3_severity_difference_same_safety_state,5941,300,0.0504965494024575,19.803333333333335,286
Alpaca-7B-train.jsonl,20814,7bdcd194ae9bcf4bb45091ddaa289108386e8ff3e1f87bd7b281d97f9771b1a1,b5830e69cfa1adf1298f57ba4db7753040ca57212671ed9cedef5c77583a2f75,L3_severity_difference_same_safety_state,5941,300,0.0504965494024575,19.803333333333335,287
Alpaca2-7B-train.jsonl,14530,df8020a8bcc586b64730ec13a6c862b92efde8b5cbd0e855cacef0794dbd8d6f,f1f8cda8cbbedfc493f6bf3ffcb385595ed5cc0e70ca1d2abb66cb7b037fed3c,L3_severity_difference_same_safety_state,5941,300,0.0504965494024575,19.803333333333335,288
Alpaca2-7B-train.jsonl,15468,7a1ace2fc54ebeb3819b244b9964083ee55d6826a9e0cb74b5c4197b9c6b58a9,0d288a0140392534daaef1744be5db8bc8a8b94b82520b2c366ca5ef10682949,L3_severity_difference_same_safety_state,5941,300,0.0504965494024575,19.803333333333335,289
Alpaca2-7B-train.jsonl,15291,fe31336d89f54fb3cfc0b859b2c647d212d2f6e255c45be61441c0bb7f2019d8,599293e66b1ff35a63070a04896b04d378ca896f0b6a14ed15b53935822e408c,L3_severity_difference_same_safety_state,5941,300,0.0504965494024575,19.803333333333335,290
Alpaca2-7B-train.jsonl,13552,5abb0c63736360bab66014d2c3350e40733f37fc96e417a3e1c065af92a3a425,4189084033a767016e43ed6de363734eadf3c88cd48bd30eaa4fe4b3465a7e0b,L3_severity_difference_same_safety_state,5941,300,0.0504965494024575,19.803333333333335,291
Alpaca-7B-train.jsonl,23466,754d91cc7679b6f2dd35a9fb20e146ac7ad55040f6317fa68f9b7fbbd7857989,d4749441448df2816c1a23ad8a14551bf2c05f1caa71ff6469d56cb0c014f4d1,L3_severity_difference_same_safety_state,5941,300,0.0504965494024575,19.803333333333335,292
Alpaca2-7B-train.jsonl,23811,8b8a5dd7b786e3b867f1f3539f844fb9b2e21de3c07531e6b4c2cafc5b3adb60,5a08e22ef64f62e9b42369811d02d356ec4a76262026294755c2eeb2d1de43b1,L3_severity_difference_same_safety_state,5941,300,0.0504965494024575,19.803333333333335,293
Alpaca2-7B-train.jsonl,5926,a4864111fecfdf6bd530355575342297ec27e27a4fe485f9d01895516ea6400e,e77c27bc661fa352ec3a71d5cea13740df0ede3f52ff7697bfe09c3affab5257,L3_severity_difference_same_safety_state,5941,300,0.0504965494024575,19.803333333333335,294
Alpaca-7B-train.jsonl,20383,036575a6eece631323183a0e5a4a39739f8ea688ca062464263c12807fa70d00,d28461b1d2658ee423dc0fbc1e3d90340bbbc59ccbbba92bd5c36daae8b0e698,L3_severity_difference_same_safety_state,5941,300,0.0504965494024575,19.803333333333335,295
Alpaca2-7B-train.jsonl,23746,ecc8faad9aa8a5ce6875cfcf38a3e46f6af4e106232b47788d56a993e5783f29,8950ff2aef1577ac58e8c9ac53d9638e17bb8130b918bd64f36e047154671a7b,L3_severity_difference_same_safety_state,5941,300,0.0504965494024575,19.803333333333335,296
Alpaca-7B-train.jsonl,8137,649998d9f8178360270938f9205391c34d96a24791d3961574ace9b9e2860f41,5c5352152f5ac66d1ec979ad9615f465d9928c9689bc2ea5bb9647f14b9f6ef5,L3_severity_difference_same_safety_state,5941,300,0.0504965494024575,19.803333333333335,297
Alpaca2-7B-train.jsonl,23086,cd452d0bb0d2231a2e1dbbd19059d6300da966eb7503f59ac6f4c096b1dbbe33,5cf4574de83a3b51194212d42ba974ea039002362efe7eee8e2ab9f4d8449c2f,L3_severity_difference_same_safety_state,5941,300,0.0504965494024575,19.803333333333335,298
Alpaca-7B-train.jsonl,15028,b4b6d8e4a9520b4cc801f2bb96e78dbc333ea16cf3fabededa9793ab951e5da4,90f3b8857ab07d58968c5baf021925ee3d9414f4c82743ae01591e76fa414e0b,L3_severity_difference_same_safety_state,5941,300,0.0504965494024575,19.803333333333335,299
Alpaca2-7B-train.jsonl,9983,8a35df791a64e9ed8581a29df68583500e2246db261ed7ed2170614660fd5d37,8672fea978cca0032c0438bbd90310b3834ec19013e6543071cfdf6459441bd8,L3_severity_difference_same_safety_state,5941,300,0.0504965494024575,19.803333333333335,300
Alpaca2-7B-train.jsonl,19856,c3f0f9e35d3371975b01699939b9547ce3591014d19183c4193f409dd112954c,469ff9868a837bec8208ae3c8f89d29b29c0ad30beb1dba0ae2d5a7251cae0f3,L4_safety_boundary_difference,10813,300,0.027744381762693053,36.04333333333334,1
Alpaca-7B-train.jsonl,14775,7a50acaa896f233f00809bf12f114829823d900760043479e63762ce5b300a92,e56246617597ea22ef9dff8b6db9653345445df886bbb06a5869d0b38c4f53d6,L4_safety_boundary_difference,10813,300,0.027744381762693053,36.04333333333334,2
Alpaca2-7B-train.jsonl,23180,dddc0a4fc101a9e1433a939d535535f172c15347089acb03c00e4a4c0de9077e,c0dce8816262f10b25b133df375ea8ffa281048d4a5f9e804ff7820f7a3f8ab4,L4_safety_boundary_difference,10813,300,0.027744381762693053,36.04333333333334,3
Alpaca-7B-train.jsonl,25333,e4894740c36cf8bacff074852d175db2f5dc23d0c26f8b9258aaed2c22188213,58cd69b5c0d6f5254beab62d7fde698ac187cf979ad2a03cfc8fb7ab2793bfb1,L4_safety_boundary_difference,10813,300,0.027744381762693053,36.04333333333334,4
Alpaca3-8B-train.jsonl,7587,83bf2590d4ecdb694794b1eeda2113f4b925a130f9106d5cb0b890fa837a6559,6bf915feb9b804fbc8a096e3121f36d03392ca8c902dbd383ae06b5278931044,L4_safety_boundary_difference,10813,300,0.027744381762693053,36.04333333333334,5
Alpaca-7B-train.jsonl,24504,651ed20cb5fa675c8ca195c3434710cdf64ded8f94d5ae0ea8b3d514c9357a40,a68cc0910e0e9c6fd1f4059adc58d76a491fafd625f1dc511e6208cf67adbd62,L4_safety_boundary_difference,10813,300,0.027744381762693053,36.04333333333334,6
Alpaca-7B-train.jsonl,3342,d419b728ff3a4936ced6db121acaaa484d18cfaddf70e5a5029694d618f729a2,45bf7900bbc3ab772d788b5c53357682a6675b2bcce6d5c08697b929e5ab2396,L4_safety_boundary_difference,10813,300,0.027744381762693053,36.04333333333334,7
Alpaca3-8B-train.jsonl,10994,131abb8a46115c33deedc98f7df491dda841f703e85b5fc6893d0fee8d413958,696027a90b794a39254f08132e820bb9c4bd97e7e9209faad0714b3d77a1de93,L4_safety_boundary_difference,10813,300,0.027744381762693053,36.04333333333334,8
Alpaca3-8B-train.jsonl,1787,914e26fef2ccdf84c323b061ef7be859ccd911a8d5303090e8d130f806bf9ba5,5c65396ebf800574ca886ac62d9dc13416974573eda1af656a6a964d7fde9df6,L4_safety_boundary_difference,10813,300,0.027744381762693053,36.04333333333334,9
Alpaca2-7B-train.jsonl,5441,716994faf2902cac6572230757de4f6a4b730f699260902f47dee1c279513e19,547224db14709040587150de235145437f551d99f28ecc1bb364f52665057e11,L4_safety_boundary_difference,10813,300,0.027744381762693053,36.04333333333334,10
Alpaca-7B-train.jsonl,15682,ae084aa0e60ce933c3e507a52545d0cf194e69531b5fa24ecab8ab7fd322e782,7c019ee0c4cfdd797b5718bfee039e395c72a10d38813accb7ae2ba9b6483ab4,L4_safety_boundary_difference,10813,300,0.027744381762693053,36.04333333333334,11
Alpaca3-8B-train.jsonl,401,07983d2e11ba92a78909eafa4595d3abf660284b0ee98b9d325503f57a79543f,dd644dc110315646acc31557b37cb21683e431fcc2c4415b21cbc6f4342f189f,L4_safety_boundary_difference,10813,300,0.027744381762693053,36.04333333333334,12
Alpaca2-7B-train.jsonl,23021,b93a5a15916c9ec666f821f57e1ecbca289f6d82e7141ef8899eece33be60804,27e232414be0406dfd1ce3d5db4a73ff766836223baf4c16d736c12e9b5cf9c8,L4_safety_boundary_difference,10813,300,0.027744381762693053,36.04333333333334,13
Alpaca2-7B-train.jsonl,23383,196de42a7bff20e435fae6c15b90a4c5dced42b2ac0c0e290b376be490f79c2d,a803402481bf65f98bc68c1a8b5080a517c17dc29d8ccae1c723ef5b3a6ff7cc,L4_safety_boundary_difference,10813,300,0.027744381762693053,36.04333333333334,14
Alpaca3-8B-train.jsonl,14291,70f2197b68e51a578356008c43f7c29d92f3fae2793db7acc05049814fdc0c58,71c263382947cc11491ef7bdce2989171db2beeb237a4f32298f53375c157aef,L4_safety_boundary_difference,10813,300,0.027744381762693053,36.04333333333334,15
Alpaca2-7B-train.jsonl,3986,573b18ce69c60d52052217cacbfa752ebe627308af988b17dfe7f0dce78dcebe,8bce703937f8498666678c7b84f91fed3f779fc96965704d276c76697ed3f899,L4_safety_boundary_difference,10813,300,0.027744381762693053,36.04333333333334,16
Alpaca-7B-train.jsonl,5339,7af97848fdef91d56eb8e896532c841f8118595eef6151a37dcac4788cf19b8c,c9060eca659aed9265d54ff7c7d5258ea2dc3c944245ccceeeba368ed4544128,L4_safety_boundary_difference,10813,300,0.027744381762693053,36.04333333333334,17
Alpaca3-8B-train.jsonl,8848,7942fcbd25c7f8e844c2486cbf15a7d3176d93e433d7da11fa0ec6722e36db8d,a32ba4c50a33208139da32222cd2aa95f5a556cf465202ca6102c60fb8143899,L4_safety_boundary_difference,10813,300,0.027744381762693053,36.04333333333334,18
Alpaca-7B-train.jsonl,4178,d828ee20d689a8dc092fdcd397b5893b73a580cb2429ac5a696169f5477f6f47,c53d0d99c9ee33d942d3c538bf4bed0b2b8c5953d9cc9a8f92f1df79ac07643a,L4_safety_boundary_difference,10813,300,0.027744381762693053,36.04333333333334,19
Alpaca2-7B-train.jsonl,10445,d784b255aeb0750c3816a10d6e5101483417d719fb5ed3e778a86e06d3b64f04,74de85e41a4448175d0603b4d18d382838ddd522525c9a957c3bfbb7e6f55c5c,L4_safety_boundary_difference,10813,300,0.027744381762693053,36.04333333333334,20
Alpaca2-7B-train.jsonl,8994,f1f56fb31989b5d8c9b768f551948d25609884d3eef8813e2c9c2569a2cc96a5,faaefb75f362fcfac7225530530838fdad969ca8c9810c0263d93e875fc1da56,L4_safety_boundary_difference,10813,300,0.027744381762693053,36.04333333333334,21
Alpaca-7B-train.jsonl,11186,06240881cfc7adde6993a663fe6141362913ad8f0ed4b15e6272b974c274c98a,a0e3b5b1d862bdf001b3d87f886202861608f7601e59acb0d3cc062d0094e33e,L4_safety_boundary_difference,10813,300,0.027744381762693053,36.04333333333334,22
Alpaca-7B-train.jsonl,6937,a3ed08a1f22a5cb77252a40a0614792ae276484c09b650c1878ab7f60c6ecf2d,07dde0690bba2d07121281bb4faf81e6d8f30541dc957c0c5ed114b3886d1a01,L4_safety_boundary_difference,10813,300,0.027744381762693053,36.04333333333334,23
Alpaca2-7B-train.jsonl,9314,717d856fc05ee7e924a82c2ff9e305caf744d0e00d359ffa0acabbdb543e5508,e94449e7a41d0e1c70621828f5bc25160277fd8aee86f12bc1d8b5dc4e3fecec,L4_safety_boundary_difference,10813,300,0.027744381762693053,36.04333333333334,24
Alpaca2-7B-train.jsonl,21913,9ae4040e8a11673fc7711e1b54318e6ca70b779c99ea6061b0925b8d868a1c79,bb2575f1aba3730f320ad92de2279ca5913a0bc624c90a4f47b323acfc98ab4e,L4_safety_boundary_difference,10813,300,0.027744381762693053,36.04333333333334,25
Alpaca2-7B-train.jsonl,12987,e5f861dec26af5d6e9114dc57fafecdea51eada201be2dc6de0b95daaae96011,b949b97e8fab5665b949d7ab1212c0e75c4c6cbb4757d63c44bb66635436523e,L4_safety_boundary_difference,10813,300,0.027744381762693053,36.04333333333334,26
Alpaca-7B-train.jsonl,21129,435191faf745f1bbacbf637bd9d2fdb3e0a605e8ec966cfdaa3055deea451c35,5f944fe109bb1b1ae5ec5269abea9446bf38582db270966ae05372e40dbc0762,L4_safety_boundary_difference,10813,300,0.027744381762693053,36.04333333333334,27
Alpaca2-7B-train.jsonl,18951,cb3e83aa6fbe5aefc6e1e76339cf8474660e0da80e78a347784d7445e4cf6080,8f68dbaa590a4ae7b77661189c4e19cd25b8d035dfeaf21fb6de21cce71197e7,L4_safety_boundary_difference,10813,300,0.027744381762693053,36.04333333333334,28
Alpaca3-8B-train.jsonl,19303,232333e32e28743689f32ce16c746cc789186c0f2d35f807b49fdb646e896c43,9451054f4f1d4c76526360c6ff498cf0d3c0cb13f058e068c289070322d13b38,L4_safety_boundary_difference,10813,300,0.027744381762693053,36.04333333333334,29
Alpaca3-8B-train.jsonl,14028,cb4e0ef39206b470f595f28ebc669d59bf44d4b8309104ea1004143e9ac6a3cc,0aecfeb092be50e0bd5fba2f38c324250e947ff945b6a1723d217fb4c365c882,L4_safety_boundary_difference,10813,300,0.027744381762693053,36.04333333333334,30
Alpaca-7B-train.jsonl,10459,1d83433fb43237d91fd95f799a84dfacd1f2b5d971cb132192bcccbb99ebb963,be21ea587c2a285a4cda8e4754dadd9d943748c6aaf8b33ee9f89b060a893f88,L4_safety_boundary_difference,10813,300,0.027744381762693053,36.04333333333334,31
Alpaca2-7B-train.jsonl,13330,78fdd83c62abd8ad609338cee0c354f7a1bf48801fdab8403206d695df8106f1,40e049eb1f882f6bd593eaae24a8739952ae9bec3c6e53ee7225241c26447598,L4_safety_boundary_difference,10813,300,0.027744381762693053,36.04333333333334,32
Alpaca-7B-train.jsonl,22917,548ff6340f8f8997f4cd8571eff194e6b1417ea9e9e165641c320554422d34a3,9fa276863428fead893c22f93e56383db4ec0c8bbca0b0d379b8122e757c8e42,L4_safety_boundary_difference,10813,300,0.027744381762693053,36.04333333333334,33
Alpaca2-7B-train.jsonl,3870,fcca5d8418792ab78994f450e5f2df83bd4b1408b9b814dd8adf3575d7cfa068,52c3d1cdd7a68ded26cee8da20673a5c53fb9523e4d454c7b2c28f9668428202,L4_safety_boundary_difference,10813,300,0.027744381762693053,36.04333333333334,34
Alpaca-7B-train.jsonl,3509,ef373601daaf72c42f5dc2cd53818b2dc67b243a8e2fb0091153504ad8b245f6,b0cdd80f9ee6e62a77f8a66e0a45e7ea80ef62b804e2873ae0962e54e45dcfa8,L4_safety_boundary_difference,10813,300,0.027744381762693053,36.04333333333334,35
Alpaca3-8B-train.jsonl,16495,efd126e439ad08c488559ab1da547870077349764ad6d193334d55a7a1cbad61,8787fe9b0d0fb2cb5a863e791bccf35e9e64d30756433e62c10bfb1ab1f1beaa,L4_safety_boundary_difference,10813,300,0.027744381762693053,36.04333333333334,36
Alpaca2-7B-train.jsonl,2763,7cb46e308904315a629b2193c114382cf2bca3f52caa854ee6ab805208dcf75f,aa112abe3b9838f934cab6c4c103523570704c76337fa6edd22152b01812ea51,L4_safety_boundary_difference,10813,300,0.027744381762693053,36.04333333333334,37
Alpaca3-8B-train.jsonl,2942,60b683468dfbb67f1c2cc0f5d6f029beacd19d84761a55e2ef3e42f506f50692,9ee2b5974849ab0e3a1e8539dc4250f47458f3de0d6b06d13dcdaffbf36030d3,L4_safety_boundary_difference,10813,300,0.027744381762693053,36.04333333333334,38
Alpaca-7B-train.jsonl,7734,3e24a1fe8bf171aaa3a91b8a2a1097b689783e96b47b78b5efa69ad5afaddfde,18cf3e5321229c3f9e3f213be5d23649983f5d6fc8b430376141243ee76c731d,L4_safety_boundary_difference,10813,300,0.027744381762693053,36.04333333333334,39
Alpaca-7B-train.jsonl,12370,39233249f39920c947417d545098cf2bbd9b20c9f71d2a1b76fb7b968de92c98,1f5335adea2501101cae5a9d30047256fe6a177b59b2480e4650377ed2e6915f,L4_safety_boundary_difference,10813,300,0.027744381762693053,36.04333333333334,40
Alpaca2-7B-train.jsonl,13029,2e994d8c990bb9ab58ec3082bfd29aa41b8b8a30ed9761043685a9df470d0992,a48191f568c05f2b26a05a379ffad3dc5005eaa35d0703294cd5bc875ee8c957,L4_safety_boundary_difference,10813,300,0.027744381762693053,36.04333333333334,41
Alpaca3-8B-train.jsonl,6472,e15f4ce338c01b68d64729233eddec80d9aabbb5b3b7664908e9de02d6eb656e,978d3ce7406406f09be655f18ea5aed2cf19d9ca9d692205146932c0f36229f5,L4_safety_boundary_difference,10813,300,0.027744381762693053,36.04333333333334,42
Alpaca-7B-train.jsonl,6859,ab1303ff2f4b75def4ad699464e57153b73ef420a5c61183f10343f00eebfac2,5311331c490b9a2be05040a91bcbc175b3f91799a2b0efb50db6a31770b72e37,L4_safety_boundary_difference,10813,300,0.027744381762693053,36.04333333333334,43
Alpaca2-7B-train.jsonl,10525,ef34d4df36cfa281ea70191c7d2ad8f5dc81c8f4043d87cab9785ee3c53407bf,37b722c858489b037f60230905c3e6a6b57b3de6b1577295727ca13bf8b33759,L4_safety_boundary_difference,10813,300,0.027744381762693053,36.04333333333334,44
Alpaca-7B-train.jsonl,24698,149a98df5bdeb35783f3ee2875a06a14193ce3f19f4a0f76f7a426aeedc4fbfd,3d31db38be071030b80d4d37722e1dea254d244e2a2166f075aa8849e87479dd,L4_safety_boundary_difference,10813,300,0.027744381762693053,36.04333333333334,45
Alpaca2-7B-train.jsonl,5226,f918741136f868d8e9e2418dad795e32c9aec261d1dbfb00a810a8c5523e9010,a59ca68674bd908f91554088fcc22c4ff4c5fd20faf96644d1ccae7f67ee78b7,L4_safety_boundary_difference,10813,300,0.027744381762693053,36.04333333333334,46
Alpaca-7B-train.jsonl,1932,f87b5080eec899c5da66f7269b8bd538608b601b1dc4c793ffe4dabf35e7a5dd,e7377ccdd0305357f1864f5eb5e508fac197590e6ed9116a99cf1ed3091bcda8,L4_safety_boundary_difference,10813,300,0.027744381762693053,36.04333333333334,47
Alpaca-7B-train.jsonl,25819,d7c5f12b0099bc1798172614e506ec0f962d1f70b355e19bea97993459578513,32321c24dfdfd1fc923dd6634fb8f70131e1104baa48b927a387e8c22a7eaaf9,L4_safety_boundary_difference,10813,300,0.027744381762693053,36.04333333333334,48
Alpaca-7B-train.jsonl,19536,68bba3b3cbfae59d2edce2d65b36de0419c2c6aeba0a737d7cccac6528d241b9,e73eee03304c9a82ab07eaec1c9631f7114e05563a88ea9573f7c73a93fb61f2,L4_safety_boundary_difference,10813,300,0.027744381762693053,36.04333333333334,49
Alpaca-7B-train.jsonl,25446,564c052e40eea281090a4bc733c97e48531542b92ee3c885e1162d44e79d5a2a,22f2ab6388136646303a5caa06a4e043558646cad93af1e997c0bb3f5029fc11,L4_safety_boundary_difference,10813,300,0.027744381762693053,36.04333333333334,50
Alpaca3-8B-train.jsonl,10328,0ccb087977cd66926ad0d64daab18f3b640860570589d3a5d45cf77d89f80062,bb17f0d68cb2e315ef88ae4ccc8015d1b05420912e9ddb5415a2307593f02c16,L4_safety_boundary_difference,10813,300,0.027744381762693053,36.04333333333334,51
Alpaca2-7B-train.jsonl,11309,4b4bbc2ec018a66f8b221961893c4922b6f05907b7f69f6d5d9736e266f8d8f2,5dd1476157e5b4a9c05f7cbe777d1d903524d720bbf3ec236a432f6a297f672d,L4_safety_boundary_difference,10813,300,0.027744381762693053,36.04333333333334,52
Alpaca-7B-train.jsonl,19510,d7354db17b548d3bf05c424c355242a05e59ff2fc4e37ad62814ae85727103df,5d64f3011f26d2f743d286a4fea56daf6e8141f35e0650b365af3d5aa347b844,L4_safety_boundary_difference,10813,300,0.027744381762693053,36.04333333333334,53
Alpaca-7B-train.jsonl,9207,9601efb092921bfb78d0490d68de09a732e408d99ca342d781c380767181de7b,adc39b2876061e476f68f9b9cbcb5ff0701a2080e30a8f2c7050aa81f60a5657,L4_safety_boundary_difference,10813,300,0.027744381762693053,36.04333333333334,54
Alpaca-7B-train.jsonl,9798,95bcda3d19de33ae9a597560592ad8d57fa981e333df139ef0a7398e8ea4bea1,8d9dbcd885f0f6957703f8e3ac21f5bd8f78adbf90e5c79b0ef05fbae448ab81,L4_safety_boundary_difference,10813,300,0.027744381762693053,36.04333333333334,55
Alpaca-7B-train.jsonl,39,ebc9141fd935c72beb22e44dcd53ca1d1c39a7dd02a072be6a6ab56d1d76193b,3285d3d59dad4138ea08b2bde301c4c29e744559db1bb0cb22086b96ef166438,L4_safety_boundary_difference,10813,300,0.027744381762693053,36.04333333333334,56
Alpaca2-7B-train.jsonl,20278,e55145f5bd6481f2da7e4713a776367a27cc55f41c62d2c8eae70353d01779f6,bf6852ca741f5e7c806669019c6f289ffb5301baf0fdfa2a8a5d0f2edf3b2d83,L4_safety_boundary_difference,10813,300,0.027744381762693053,36.04333333333334,57
Alpaca-7B-train.jsonl,25937,0fa6ccbff11a8ddc72a13e12b67de8d7a32a60b4c7b68f05fc9e1c7cca8ddc51,1fba22f658472ee7dbe6f8915377096ee684e28f2f0ae23014b274420d3f3ebf,L4_safety_boundary_difference,10813,300,0.027744381762693053,36.04333333333334,58
Alpaca-7B-train.jsonl,23210,46d5a66ecd7706286bcf570464790d39a8c86d9d69eca433a255a866fd65438d,2e798773147702e09b19a821e65d1ed585792f027120153aa7b0be3415849330,L4_safety_boundary_difference,10813,300,0.027744381762693053,36.04333333333334,59
Alpaca2-7B-train.jsonl,12340,b72d52b46e8eadad3d843b2db0dae6453c297ccc932e776121d587add13a27e7,02caceeb454a87cb18f90a2572a58d7410b5c965be2128357658d58df3e6bb9f,L4_safety_boundary_difference,10813,300,0.027744381762693053,36.04333333333334,60
Alpaca3-8B-train.jsonl,10569,8e759668c77cf82fdea9b129a212eb158f130ecc3b3f72cc80dbda6c248b544c,df4b903542393cb2fae389ddad851f4dc81be30025a2b1e271217b4631f15035,L4_safety_boundary_difference,10813,300,0.027744381762693053,36.04333333333334,61
Alpaca3-8B-train.jsonl,15402,04f7050a8daa4f699b1bd0f855d03b34d17e28961964c50aec3ff5ee00717bdb,9ad64cb372c403e4696b610273285cb2acb9ec95ffd114f524c3eebe328b1cd4,L4_safety_boundary_difference,10813,300,0.027744381762693053,36.04333333333334,62
Alpaca3-8B-train.jsonl,17415,76fdf05a161ba698d13343485496c037cff3302c056abd29c7669f600db79f64,f81aa7d6d9dbedbb4029ce8aa86040dc43802da4095fec18b6450d2f1f84b7f0,L4_safety_boundary_difference,10813,300,0.027744381762693053,36.04333333333334,63
Alpaca3-8B-train.jsonl,4784,ffc4c328c8b1bbe0054f472a856dc04dea1ce8ceb499f65aa255039c31b578a0,c66aa91147eeba559bba1c917cc5407d97c3e50a01d2a8074551a360b751e41f,L4_safety_boundary_difference,10813,300,0.027744381762693053,36.04333333333334,64
Alpaca2-7B-train.jsonl,22430,31e21806cb1fc5687ed075bea4024c3efbb3b610b975ed33ba15538af9448ebc,9ea5a3194fc060345267ad6248f232d67b377a21d2654c45b85fd1863b38ba83,L4_safety_boundary_difference,10813,300,0.027744381762693053,36.04333333333334,65
Alpaca-7B-train.jsonl,12941,c447f8a7e5edb393fe29b430f454cd194c95c2cea62d34c18c2d4f7a6cfbfa7c,a59fc1220b2c9bcfd133c6a213ab14c7e7505ac5864accc9d042bc3c40cd45ae,L4_safety_boundary_difference,10813,300,0.027744381762693053,36.04333333333334,66
Alpaca2-7B-train.jsonl,22035,4e28edadc53b80aba4af5d5b9b23a6ff8e981bd613a4b1d76925c62635fb7e0b,66ddea2d7dad79f8d840c891e00c8f80fadb4d195fe1d986281d8a1d97ffa292,L4_safety_boundary_difference,10813,300,0.027744381762693053,36.04333333333334,67
Alpaca-7B-train.jsonl,6517,88bc7f27bc21f77f6b952e26a8c452eedc521278bbe14947bf97f85fe1448990,f5929d0a764dc0ccf6ad2100d11848098cf402442f81377df0e954e7ee3d4afe,L4_safety_boundary_difference,10813,300,0.027744381762693053,36.04333333333334,68
Alpaca-7B-train.jsonl,23566,8089b0ce8b82b3edcc4e2ecaae117a55dea4d565ff1f20bbffc2d63ef96c108e,b541d393fe5f287d4834fb6b195922f706589c3226486b59db15299ce9a3cd33,L4_safety_boundary_difference,10813,300,0.027744381762693053,36.04333333333334,69
Alpaca2-7B-train.jsonl,21246,688c9577d8414f855dd60613051ca476c41eb83c7b4928e615edf0597a396762,1ace6c5dd4217568261b778e0a1bb437724a0e7dc0a584529d506c6006530cb5,L4_safety_boundary_difference,10813,300,0.027744381762693053,36.04333333333334,70
Alpaca-7B-train.jsonl,8030,734203c714c1ffc62f3aa1bd7d95046685556a328b3db6ff83e36598a0310655,98b2cc771eaca846251c3c8be868000128487b0b1d77f5e7d1f8fdb9bc72dbd9,L4_safety_boundary_difference,10813,300,0.027744381762693053,36.04333333333334,71
Alpaca3-8B-train.jsonl,11107,e0c3dc4224f39ff2e4938bfcfb2ed6d6ecd135f9876c2495b0dd8e78360dae2d,3e23fc4eba4ffae1816ee2271526bc81c0437341deaf472a3df36b2c438db881,L4_safety_boundary_difference,10813,300,0.027744381762693053,36.04333333333334,72
Alpaca2-7B-train.jsonl,3864,0d32501c9f477b2a3214ca77dbb2aeb29bf915d9e8d76827392978358a738764,d085195a18857f41fcaa24b7dc285336736d7c004216231bbed52bf21824e40b,L4_safety_boundary_difference,10813,300,0.027744381762693053,36.04333333333334,73
Alpaca2-7B-train.jsonl,6226,78220749ce245e463e983b641470d58ff307c7bd2e2d5c4a8429aa21da33af1d,27c8ab114323f911ebfb2e7de68e849987d1e4ca40c13c517f44289da17ebd2b,L4_safety_boundary_difference,10813,300,0.027744381762693053,36.04333333333334,74
Alpaca-7B-train.jsonl,11400,a64d042e8b963706da38d0c0b921a4c9172ef4353ac1611791a8fb8940145c33,118984aa6c945b886db1b6a891ea12ad4a7ba87a61bc95573e101853766646ee,L4_safety_boundary_difference,10813,300,0.027744381762693053,36.04333333333334,75
Alpaca3-8B-train.jsonl,8880,9dac42020e210bd1e0e028d4026b1c5ce68b88d891294807d3d5c8f18c9930e6,834e86df7a1d324b03bcbd61585dce7fbac8ec747166dbd760baf8c5d729817d,L4_safety_boundary_difference,10813,300,0.027744381762693053,36.04333333333334,76
Alpaca3-8B-train.jsonl,4483,e83b3b2a860ab563c0941037be4a2240718b7ed2ce5ec861b3d30f0b929a18b7,c6e1e152e09e7e1b67b6c48af18d77b697afae2ff8e41a81a91be4d9e36f2f3c,L4_safety_boundary_difference,10813,300,0.027744381762693053,36.04333333333334,77
Alpaca-7B-train.jsonl,18076,70a692559fe4c624807ecde16a3bc6553227394d7446cef50d0de3b66a6c5936,2dff9e8ff015d011a72710b3192d30b367fdbaf2422498b3566858ce11466dc1,L4_safety_boundary_difference,10813,300,0.027744381762693053,36.04333333333334,78
Alpaca-7B-train.jsonl,17092,b771407de944c69ca7fe42a513c8b36130dec6a621ebe0ad1e127cb87f7dabb7,4f57a1dc52681b627d0444edf6df28b7e772b416efc4202b046b9d592c376932,L4_safety_boundary_difference,10813,300,0.027744381762693053,36.04333333333334,79
Alpaca3-8B-train.jsonl,2498,8fafdbe45f9df9ab3083587300cf220bc793e7c3f25cb0fd235d5ed7928e27a9,3a551491bbe308911139a6b750e48a028d1dd8287f01c62b51a2aa8f7ddc1899,L4_safety_boundary_difference,10813,300,0.027744381762693053,36.04333333333334,80
Alpaca3-8B-train.jsonl,7495,0c1d1dd9150beb6ad280c4f85366cf4f21fac25d745ca035b04a743056b84aeb,5f75ebab3d29f8b92efc053b1790ca2fc4af754bc198e0711ffe46085ee54999,L4_safety_boundary_difference,10813,300,0.027744381762693053,36.04333333333334,81
Alpaca3-8B-train.jsonl,20235,095e25a9d9e11bdb9385227279dcfac1db30399673db213ec3357a734aaf4fde,e3a7cf1f2c45d904e5202ba40d9f27071dd1e3e46fa4928a10716eb632133ea6,L4_safety_boundary_difference,10813,300,0.027744381762693053,36.04333333333334,82
Alpaca2-7B-train.jsonl,3074,f99fa74f8210ea2b69403c2e153c5f8bef979d4eb943144375a1cade055c3a28,672c6a09d76bf1eb1edc0c63f29b4ef8a027db401c2a93fb4e13b734616ea90d,L4_safety_boundary_difference,10813,300,0.027744381762693053,36.04333333333334,83
Alpaca-7B-train.jsonl,13080,c76fc00d0c3d14f851252d937a7769a8f4b5f5dbf39ca414d80aea7e2cb97577,e081da50e79b0708306b17d4ac1ba98cbc9e50b14ab820d28d343a5a7a6d71d6,L4_safety_boundary_difference,10813,300,0.027744381762693053,36.04333333333334,84
Alpaca-7B-train.jsonl,1699,16d0d48c0f2f243f42b40b79894f29463ebc4922057dfda53241d9eba83c7906,e2c1a5087a54bdcb0a2d93d7faa65f1975dcd32545e1ad62fe3957d65b970bf1,L4_safety_boundary_difference,10813,300,0.027744381762693053,36.04333333333334,85
Alpaca2-7B-train.jsonl,16093,6fb1662837327a7849cba8999949db7dc86ad1ff7ac2ce370b40def7c7ba7aa5,6bb890f00a4e5f931bb2d84c6a5ed26e58a86bbc51507cf02ceacfcac5bf2b64,L4_safety_boundary_difference,10813,300,0.027744381762693053,36.04333333333334,86
Alpaca2-7B-train.jsonl,18560,6fe88e95a594a46419ec4032610314ad126075b34baccd5212e7a8edceda3b3e,ee408c9c5b35f4c6e9ecca3a9eb0d06db7a4a282f1bd8bbf06a786a3ff84df8a,L4_safety_boundary_difference,10813,300,0.027744381762693053,36.04333333333334,87
Alpaca3-8B-train.jsonl,9010,fa834d61397e7fa403c51d6c339fe41d26cdf041c7c06fe0e207413407c61d32,ec6c810cf9b05b4b0dc1d7b259f4a3991201d9e9a703500e99b6c2b4f409a274,L4_safety_boundary_difference,10813,300,0.027744381762693053,36.04333333333334,88
Alpaca-7B-train.jsonl,20291,d575cb2af9fe8b8f54d7ee82072afadafdc8548ad3cb81195cc0342224547c0e,58e09790fe2a9747f0f7b6a03419e0b4f5fb7893b11f60f8ea3fa9e8c7f26b30,L4_safety_boundary_difference,10813,300,0.027744381762693053,36.04333333333334,89
Alpaca-7B-train.jsonl,4949,5d3d799d837871abb1ec30f6ec9a53c48dd16f69408a8aeeec829742a34dfb23,b928d82ab0417d8978263559819770868bc6042daf42e2d03cd1b38c4681f8fa,L4_safety_boundary_difference,10813,300,0.027744381762693053,36.04333333333334,90
Alpaca2-7B-train.jsonl,19100,b1f98edf4b43e1f9c9ac05d969572ccba8b83c185461ca6b53159e359de45147,257159ad0d5ec0a1b97610dc49240cd8d52f9d9327c687e7713228011de1d7c7,L4_safety_boundary_difference,10813,300,0.027744381762693053,36.04333333333334,91
Alpaca3-8B-train.jsonl,16554,6e4f3d88e0f3c01bda3b6fd0d214f0b850bc9af6f599e09c6bc90d65a5f934b9,a31256441ff84cf131bc575a71fd8c8f394143eac1151355fb754c1ead82c59e,L4_safety_boundary_difference,10813,300,0.027744381762693053,36.04333333333334,92
Alpaca3-8B-train.jsonl,18518,d5d55f1dbf3d102881ec6df2aa1379c9ce453b7c04c06d4dec28193680b00d17,618e79cd682a5aa5a5df2477bf3d3a17694c3bba032a85a1aed1d8bad8c08a5b,L4_safety_boundary_difference,10813,300,0.027744381762693053,36.04333333333334,93
Alpaca3-8B-train.jsonl,16100,1e118b16eec5494719140122c1691ba7f2c09cb915ddbd3fb09aa5a265f75077,985325954e566f316ce6253a69ce86c17e27f4fd4a87adb09ab3498733453bcf,L4_safety_boundary_difference,10813,300,0.027744381762693053,36.04333333333334,94
Alpaca3-8B-train.jsonl,9023,4909af428deb351b5796c54056f38d7c3b1998fed052c3b8cc56ede2ab0e042d,82cd0883f5020803e2b0a4effaff8a66568437b58505752d21f5878faa117283,L4_safety_boundary_difference,10813,300,0.027744381762693053,36.04333333333334,95
Alpaca3-8B-train.jsonl,10004,8cd2a6b2eefd6a9d5895fa9318699fc419e13788d5db964149f6209701e7eae3,b457b641259abbca732b87a4c37841cb8433d9395cab5f62b8cba2976f576928,L4_safety_boundary_difference,10813,300,0.027744381762693053,36.04333333333334,96
Alpaca2-7B-train.jsonl,13139,8a393bfa4ef36b06de45bced1c98f35466b85176f1326e75b49f26b19553a568,82652f160d615374ea6d4f69536277f2de7ffcbb9fc0f6970c2cf209cdff384e,L4_safety_boundary_difference,10813,300,0.027744381762693053,36.04333333333334,97
Alpaca2-7B-train.jsonl,9856,f5f71d8b56479749a944d2b8742270214a581f69384363130d60a943d9169e43,ae6265933140e5910b252e0f40d7178b89f50011f8a2a03894bc4885320804e1,L4_safety_boundary_difference,10813,300,0.027744381762693053,36.04333333333334,98
Alpaca2-7B-train.jsonl,836,dc948e22571f95210c65f9463eda60dab75802dc289426a075b1ff8d42d13712,90921535bf3a20a426a8e88189d5e25ae072bf6fd8c857db98e19dd293ac0150,L4_safety_boundary_difference,10813,300,0.027744381762693053,36.04333333333334,99
Alpaca3-8B-train.jsonl,4289,abe321f6aefc3b77750ca70fff339b31b3a6c8573c5c182416f5cb7e38339c38,fcd706f211e27baa4cd4f444cca435af1985162cb408587d3b012bcb8ddba822,L4_safety_boundary_difference,10813,300,0.027744381762693053,36.04333333333334,100
Alpaca-7B-train.jsonl,11240,7319c6b4c1dec9deae06bce3cfaf13104ae94e569e080c226c2c3703bfca2e21,ebbbb6c305621e047937b2ff42076e38ccadbdaa41a3110dbc80624a91b4891a,L4_safety_boundary_difference,10813,300,0.027744381762693053,36.04333333333334,101
Alpaca-7B-train.jsonl,3749,a8c2ba9de0f2e4039a49d8b6d8c5acfebf44a10a5106dec361eb3f47cd5dc97a,1ae754f5479ac93a0bddedf705042974b3e5b86e9b2d7f7464d150e8d52aec3c,L4_safety_boundary_difference,10813,300,0.027744381762693053,36.04333333333334,102
Alpaca2-7B-train.jsonl,13461,f9f3784fb728d48d4f970cad4d29b0f49b8e670abf82971c09e37ce572d58ca4,80528a7666f6cb9dd2675006b796acaa0d615b64edcf58fc54745b07baf05683,L4_safety_boundary_difference,10813,300,0.027744381762693053,36.04333333333334,103
Alpaca-7B-train.jsonl,15938,2a782f3487e510030798c1d1530f3948dc3d5f2670cd17d6ded4a915d66ce43d,22057b705a04e29d123495ba0e2ae489895c9d4f8af10e81dc9793b96279fee0,L4_safety_boundary_difference,10813,300,0.027744381762693053,36.04333333333334,104
Alpaca3-8B-train.jsonl,19941,da6265389069b0e85f3f2b8456a7fa06de3e633c742141925ea1ad747f9487c2,7009b53dc571c35dd2b538d42f64d82311376c9a477ccf1d213bd27ef6933300,L4_safety_boundary_difference,10813,300,0.027744381762693053,36.04333333333334,105
Alpaca2-7B-train.jsonl,7036,8a99b5a8f5a8c4190d3ec99f8bba4ad40da0dddd1447206fbb9b866b5cdfe07f,37e7d8f537e16559243b49a7c186b454dc4ca2e29271060d65a512e4f4212f47,L4_safety_boundary_difference,10813,300,0.027744381762693053,36.04333333333334,106
Alpaca3-8B-train.jsonl,20931,c89678a76b2bf4eeeb8bae458edf3ad51ead6ff0bf16726c679b20056d0df565,0ff7db15d84a864acb7ce9fd1ba598524908a4bb76e43111e4f8cb9d2f8b23b5,L4_safety_boundary_difference,10813,300,0.027744381762693053,36.04333333333334,107
Alpaca-7B-train.jsonl,21162,2d6237cbddabaeb1994e8ae5f5783aa8064354cb97f4afb88a48d74a3c2acbb4,85475b2140c05a948eef85564de175101484068ccce677b545aa13f2cbd0d810,L4_safety_boundary_difference,10813,300,0.027744381762693053,36.04333333333334,108
Alpaca2-7B-train.jsonl,8551,92e6c04d84ab709d1011b961c066421f00cf093eab9438e99856fce6261fd8ac,287876ecccfce54952c535707da6a02f8e73d051fefe7ba1bbac91ae1f348bc7,L4_safety_boundary_difference,10813,300,0.027744381762693053,36.04333333333334,109
Alpaca2-7B-train.jsonl,14627,9700574ddd40024971edc69a0c2a3e5cff1c6d552bc3faf7fe0369ddf44aa836,d841d70efbe456235a12a966cae35a48ed50d320bbf7f903b494f605b4db4c27,L4_safety_boundary_difference,10813,300,0.027744381762693053,36.04333333333334,110
Alpaca-7B-train.jsonl,359,c93b61906543e20e4d26d7f114d1a4eb4add23e614b2d08e8cfbcf7da2223042,673c5102fe29a4bcd3e8223b24b4d8fd3c6190a2ec4b91fcc9b58114ef7a2bed,L4_safety_boundary_difference,10813,300,0.027744381762693053,36.04333333333334,111
Alpaca-7B-train.jsonl,12461,004736e6e7f0f3799f0f9f8145cbe57fed87eadac8b192875b1278484786607b,46b5a7a6376f691ee57fcfc62f8e1c33e58a354b244301c000d4944d654d2147,L4_safety_boundary_difference,10813,300,0.027744381762693053,36.04333333333334,112
Alpaca-7B-train.jsonl,26642,aff617a3aedf12c1a6981794be66318cb41346021f7209df3b23d90d00d98dda,de99c24a6026a9d0b1d7f1b8f82ded202ca8f77906b95ab44b6cd52791b18aeb,L4_safety_boundary_difference,10813,300,0.027744381762693053,36.04333333333334,113
Alpaca-7B-train.jsonl,20374,20cd3aec2c87770b7f881875a6e10d9bd94b00f3066620a419039d4db0ab177d,f6b06cb852ba548386f0490c2236927985300be0ee9fadf2c9a15cb0db0fd5a7,L4_safety_boundary_difference,10813,300,0.027744381762693053,36.04333333333334,114
Alpaca2-7B-train.jsonl,9816,00d764cd45c338eb1182b07c793b2a9b47b44da89c1e00e9e801458e4e6a0bee,2e8a836033757e0b3381588f50325dc93cc43187e4ff879eb7d499fee906f95f,L4_safety_boundary_difference,10813,300,0.027744381762693053,36.04333333333334,115
Alpaca3-8B-train.jsonl,18302,56b8ee3ad8e8b9a14a14120734faf3cc4634e7f46654eff4435a36f6b6430dc3,71c967ae6e71a5fd034c0e4e01056dcfd0478bc1ca0b89a7c2c6e52607864534,L4_safety_boundary_difference,10813,300,0.027744381762693053,36.04333333333334,116
Alpaca-7B-train.jsonl,18148,26040dd15ea505cbc61a7f56945c55d0780c5e399c72dddeb464b6918b4bdaee,ba486dd16b2f1cd767a5afdc32240fed32b85ec21c2318ac4675491e623c6d4d,L4_safety_boundary_difference,10813,300,0.027744381762693053,36.04333333333334,117
Alpaca3-8B-train.jsonl,3977,765a043419c2f2a03bdb9d8efbc4dc19b2042e29e545fda6365ec674727489c9,9dfeea552eed1a9d59bfe71c60cb9b9ed32a60d542a44db3b9fbe87047d558e7,L4_safety_boundary_difference,10813,300,0.027744381762693053,36.04333333333334,118
Alpaca3-8B-train.jsonl,18074,de5685646195d30572a25627cd00c69860ca91b48447be46503c18c84c8c42e7,bb133ae969ab6e4417a6d738db54d3d5513541a5cec604c64eb99aa171e62331,L4_safety_boundary_difference,10813,300,0.027744381762693053,36.04333333333334,119
Alpaca-7B-train.jsonl,16117,8c83524ee43cb0492c09b85f90b906fabcf5d68ece3bbfa1ff4bfd0798d99489,4119f87c83b667cefda80a19d65fffc0f44277b2ff194b657523018ce5b36d04,L4_safety_boundary_difference,10813,300,0.027744381762693053,36.04333333333334,120
Alpaca-7B-train.jsonl,9101,1c1009d9a6b458d90e38e30e62c203bfd2aad59a6ad76a094d6006cf0d7b3ff8,0338717b9546704f1a95b65429a87989168d09121b1b599e69c4be28fe171e9a,L4_safety_boundary_difference,10813,300,0.027744381762693053,36.04333333333334,121
Alpaca3-8B-train.jsonl,13391,bc835ae825189fac060c5e9f5541382f355483f75703511776fe34f9bb6c026f,43a71138eabaeb4152d49067f0c39dfc64662dfed12718f25fcfc1724433bb2a,L4_safety_boundary_difference,10813,300,0.027744381762693053,36.04333333333334,122
Alpaca-7B-train.jsonl,4046,e90ba0a73f6cd6d86aba043dd8ad55f52d24a5eb8efd53ea277e0c5d460ded50,6ed18b178a71fa3fdf83ced8a58e45ad93d964d972e4f7e024540a5b87f0f530,L4_safety_boundary_difference,10813,300,0.027744381762693053,36.04333333333334,123
Alpaca-7B-train.jsonl,19908,df7ea349b01712dcf490b8a7de33218864447a38663bccd72e2deb301643e202,18462141c6501ab4c58b5e2cec67b95439e842665a2c92dea2aa4ff2004a5cb0,L4_safety_boundary_difference,10813,300,0.027744381762693053,36.04333333333334,124
Alpaca3-8B-train.jsonl,15990,ddcdea2eb150db6efabeee9dbc24d6bf5e6ca31c00695239378c67ced038f752,144d2df9869928c7840f3a45d87c290792a9b47fa22e90223ab8a89cabab1bdc,L4_safety_boundary_difference,10813,300,0.027744381762693053,36.04333333333334,125
Alpaca2-7B-train.jsonl,10195,abed8c7baeafcdcf59f01479d180fb8537fac0bffacd0e1640f1925e792d5874,fdef5643a2dbf83af1d1339c6d88764da43f057cea78a9b1353304757bd74d3d,L4_safety_boundary_difference,10813,300,0.027744381762693053,36.04333333333334,126
Alpaca-7B-train.jsonl,14880,94467eff34a891be64024d5c5165bdae2d25b9bce981eb55d046988551754468,6b6bd7148d42e382c6453e92e7452730e8e12e6e4884a0d16d33476f48dfbaf4,L4_safety_boundary_difference,10813,300,0.027744381762693053,36.04333333333334,127
Alpaca2-7B-train.jsonl,23712,3a3fbc7b1ef5059657cbe985221df908303eb3ab462c326b278b9539fd38e4dc,27cbab84f52babcf3f3287e62eca1138d6e795a142d52b7d81fe668a504d67c7,L4_safety_boundary_difference,10813,300,0.027744381762693053,36.04333333333334,128
Alpaca2-7B-train.jsonl,1418,c8b8f8862b511c17bac9ea70d5cc571dfcbe06ad24d5593434a7cecb5e90e7ec,b75378c0080342e2337a45deaba718c0d734d7e2604da2446001bbfe23dcbfd4,L4_safety_boundary_difference,10813,300,0.027744381762693053,36.04333333333334,129
Alpaca3-8B-train.jsonl,20747,f1a21bc7ea6b7ab62327b38becd58f68deabb29cb3b4fbce9479b051eab602c9,b90101aa5b8ad2c923922cb4fc3d353136879846b576ab2bae23fb906d4a4250,L4_safety_boundary_difference,10813,300,0.027744381762693053,36.04333333333334,130
Alpaca3-8B-train.jsonl,16629,b6ea6ebad24421948c2a28efe77057b489a041f7afa59e028df0a00fd19ad3d1,58a7b24f3e84180c15932162a8990f72dfb36b25307b225cc5f6372a09c12be1,L4_safety_boundary_difference,10813,300,0.027744381762693053,36.04333333333334,131
Alpaca-7B-train.jsonl,11848,24efb62be6b15804545dcfe5828e98e0c876efff237e407e15b7f88334b43040,c1eb13fa0168d739859125693b9a15e0499a289691d6d33b22275ddebfb40b04,L4_safety_boundary_difference,10813,300,0.027744381762693053,36.04333333333334,132
Alpaca2-7B-train.jsonl,8627,c44f8246f455c49c7eb36aac0d78dbc51b67969e0f65d43e4cf74a9eab4bf082,1975151acb19fff8155ac179cbd57d7492e9e71fad235a06bdc108135a71613a,L4_safety_boundary_difference,10813,300,0.027744381762693053,36.04333333333334,133
Alpaca3-8B-train.jsonl,6622,709ec3c3b19b1786761f78b6a2b35f1c5d751447ddf218d38b1b269738a34b0d,28cd31f7544d9dcaa02335d9a6d027d8eff6dc37d215f8756d1a04b5b04924c5,L4_safety_boundary_difference,10813,300,0.027744381762693053,36.04333333333334,134
Alpaca2-7B-train.jsonl,12926,490c470ff3e5cc03cf755a4e8ab9f3345760df0c3450bf38fb95b409a9155967,c55871ce2499be0c08998b599ca9bac13c50a699fbbd3e335b1334c3cca69f8e,L4_safety_boundary_difference,10813,300,0.027744381762693053,36.04333333333334,135
Alpaca-7B-train.jsonl,818,d5e155e0ba7e01be3d05e43c5e091dcca3b39f78e014a3a479b540a4143d2039,f95ec9b03299da1ab4cab4178ef3d8bf124da352969391577dc8ed8b76dcadab,L4_safety_boundary_difference,10813,300,0.027744381762693053,36.04333333333334,136
Alpaca2-7B-train.jsonl,5185,5b9cdd48d8213a4ab5beec5dcec053529d3c007b290601b8b63287a9388f5721,80e5bb6c5f4471dd3c50a3f734c506114eb9e7b749cd9e191ba461d6c12ac573,L4_safety_boundary_difference,10813,300,0.027744381762693053,36.04333333333334,137
Alpaca3-8B-train.jsonl,9422,5dc7e187841761ac43abba97f5343baf398bd6d106b64824349668caa0909be7,bfb9423d0993645d04c875700414de1b09d38bab6cd91db8cc5e425c23192d25,L4_safety_boundary_difference,10813,300,0.027744381762693053,36.04333333333334,138
Alpaca3-8B-train.jsonl,20950,191332a9949a8522d6d04779d3e1691526c459ff79886b78524d4cb86a218078,e796b7c0c419ceab915a43061ac3039a178717fc9cb3852b162c8d2dcad205ef,L4_safety_boundary_difference,10813,300,0.027744381762693053,36.04333333333334,139
Alpaca2-7B-train.jsonl,21294,cc11d498299cc7fc679e7185c44c3ba0f2e70e129030f44e03c636e51e3611f4,d8c0fd4a0bfbf569d0a3aa18ead02a561cb38453ee09e1d4f3e7e32a3c66856f,L4_safety_boundary_difference,10813,300,0.027744381762693053,36.04333333333334,140
Alpaca-7B-train.jsonl,12448,832cafa9d1e638da9a932193b552f0ff5002804862c9cb7709d6e98a522b977f,4fbf510b5c2b23cfeeda9f317b22f48d158bbb22a43785b89b8729c0485a3ea1,L4_safety_boundary_difference,10813,300,0.027744381762693053,36.04333333333334,141
Alpaca2-7B-train.jsonl,7002,ff3b7315b9fe21a8ce6abd94be735795b1836d6763cd993783e8f23d6d1ca5dc,a82f10296270b711dc5146df62a527e27fc1fbac25f14b8eb6ce08af71ef0cad,L4_safety_boundary_difference,10813,300,0.027744381762693053,36.04333333333334,142
Alpaca3-8B-train.jsonl,18711,ba6fa71d21f1e539ffc6321bdeef895f531fc54dae0c703f39800c120750fd4f,54983b05c6f933014675e3b4da42968f5265d6527fd0150efa45678dfd57eba0,L4_safety_boundary_difference,10813,300,0.027744381762693053,36.04333333333334,143
Alpaca-7B-train.jsonl,19434,b8fa345733d6e5396fd5c6054712caa51221f8bd3ea758bd661cfbc598b36272,c28b169bd4735861d8e1230499469faadc6d413ee1ff18c5951a792d745ebb04,L4_safety_boundary_difference,10813,300,0.027744381762693053,36.04333333333334,144
Alpaca3-8B-train.jsonl,13079,ad5f6d1e229ba2ec6faebaf2196035107192d60231d3c44f7c34dabb991b0b54,c590ba52972df300ef3f0fda9b8555b4004e24e47fce1a1c7093269872fca866,L4_safety_boundary_difference,10813,300,0.027744381762693053,36.04333333333334,145
Alpaca2-7B-train.jsonl,17487,e26ee0b8e19eed4650cc9456195a82b541df74fb2e9001a4ef6aadf6967dd5d4,7459cc1bfa3f84b867682d9bcc1c08963392859ef6223dbeff913af86ea873ea,L4_safety_boundary_difference,10813,300,0.027744381762693053,36.04333333333334,146
Alpaca2-7B-train.jsonl,15351,cec650abdc814b1f1311710ffa00f6422551ff76663540efca70a0c2fb0dadd7,d9e2afe2eb582ef1842a335f0689d491b0459e2b2edbd21a78208f7e7d3c57f6,L4_safety_boundary_difference,10813,300,0.027744381762693053,36.04333333333334,147
Alpaca-7B-train.jsonl,18538,b727ad5b38f27f66661aed19f02825f836c8f888e5cb7147b6fe3bcaede1a7a5,c3aa3c3a2cd36c6ee1e094b4ca57c0b70787907f7fc2afa5a6942306b1bdda45,L4_safety_boundary_difference,10813,300,0.027744381762693053,36.04333333333334,148
Alpaca-7B-train.jsonl,9485,7491479656f48197a425f16cfcee6db4be46935e9d7ec05c7d1883f02b320eda,2b77490bbf94fdc86442449b710b36e61b72f2c6612fb754e8473c2d20e520de,L4_safety_boundary_difference,10813,300,0.027744381762693053,36.04333333333334,149
Alpaca-7B-train.jsonl,20869,748a3e60133a1fcd0c0751ce75145c8a612a570bb67a8d385d32eb3d685eb8b6,b5aa8fa226523e3a02b256588038530774f668e8c5ba6448f0142e41401ab281,L4_safety_boundary_difference,10813,300,0.027744381762693053,36.04333333333334,150
Alpaca2-7B-train.jsonl,545,f8848f4649477ff2fe27842671d4bc91e8b011d9164f3c740e031ef52283d146,7aca3b836f3063af3e5359000df370859f131f0042f2476cc75b04dfda1e9f3a,L4_safety_boundary_difference,10813,300,0.027744381762693053,36.04333333333334,151
Alpaca2-7B-train.jsonl,12042,13251a2104a3e5de86da94c303813aace8a9e3ad53bb719b73a3ca56b3328948,7debc673af0b321d7b08be49171ca1b953f779fb455d8fd6111c65d67316220d,L4_safety_boundary_difference,10813,300,0.027744381762693053,36.04333333333334,152
Alpaca-7B-train.jsonl,5636,8d039364ab66b71226985f848ef10e6ec8dbaab6e272cacf9698147fce214d7c,a3ee0e28d96d37da504a87a102d6dccbc0ea45cd71add853b64bc3d901e27b70,L4_safety_boundary_difference,10813,300,0.027744381762693053,36.04333333333334,153
Alpaca-7B-train.jsonl,22313,508cc0fa99101d0e94ce393180309422f898805854b9e8e458423c27ece6041d,96869493ed1ca0ac0ce73180396b987b2685e4487877a855bc6ab84324f51f72,L4_safety_boundary_difference,10813,300,0.027744381762693053,36.04333333333334,154
Alpaca-7B-train.jsonl,26869,c287f44e3d157611b066e106ed72a27a82da545334ac57990e62072ab4024533,d2b5de3eef54089a2e9a8518d2469304c94ad4d0f739e57ed9b6f67bed71462c,L4_safety_boundary_difference,10813,300,0.027744381762693053,36.04333333333334,155
Alpaca-7B-train.jsonl,26157,a6de7af145ee1781476c1d395a2e1b193432076d3857ff75e9878526a7d41550,161fb9020a1d4a965071102f6fe749556ec745ad2ebabcf7d505b264b5f7de10,L4_safety_boundary_difference,10813,300,0.027744381762693053,36.04333333333334,156
Alpaca-7B-train.jsonl,7049,5c245abd67f25c3d0ea1b47480aacbde4fea4952a07d1c075720538291401ab5,94aa81dddfc6f0ef74200b2a3b8fd3601000a3f4e9117b3aa558318efcaa9f65,L4_safety_boundary_difference,10813,300,0.027744381762693053,36.04333333333334,157
Alpaca3-8B-train.jsonl,4857,cedf0f15776361f7b4b0a62d928881eddf5a2023f78a37345dbb3c90f813d566,11e4309edcc6922ae2c3ca79b09244b13e4ad893226d0f84ec96d86af4476a58,L4_safety_boundary_difference,10813,300,0.027744381762693053,36.04333333333334,158
Alpaca3-8B-train.jsonl,4351,ce4ae8c35fe87cb248f0d9763b467d8e1cf0acc1f27a3389f00035b72c0b15d1,e9a52870a99e75bdf50010502d5e4a874e149387b2158425d22c9f27c58ebde0,L4_safety_boundary_difference,10813,300,0.027744381762693053,36.04333333333334,159
Alpaca-7B-train.jsonl,3152,ec6dcd58b4c91488f61983c25c3fe6f669182674d9829748ee2c4cf68b177faa,35628f8f08cae5d73b29cd9b25ad59620d8403f9a905ed8d79a886e60e497acc,L4_safety_boundary_difference,10813,300,0.027744381762693053,36.04333333333334,160
Alpaca-7B-train.jsonl,6368,2c0192d83087d71efc9ef09989f7c3bf5829f180a71dccd596bb180dae3b1c63,2e40d7ad0d1780a9cb2521ca75728b0e08ba8111417d41c1e89e9676edbb6ad0,L4_safety_boundary_difference,10813,300,0.027744381762693053,36.04333333333334,161
Alpaca2-7B-train.jsonl,3622,0ac69a76f936b2bd42187c935231e46a85b2d466f3f7c285d682dd196e5cfa93,6356ccc3fda5a30ee9fbb0004d688343a900e0697d4d1f3245e12fd517dc510e,L4_safety_boundary_difference,10813,300,0.027744381762693053,36.04333333333334,162
Alpaca3-8B-train.jsonl,19802,a021149ae8bddd3fdcd6b1341c3fe50951a2feddebf8d574d6088ca4e5053766,fa9748fc8d508cd284ad1d15721253253543a6c21ebd0faec0b6f418e119aadf,L4_safety_boundary_difference,10813,300,0.027744381762693053,36.04333333333334,163
Alpaca-7B-train.jsonl,1036,7a87fd433ff32df000d9b1174567ab59876d3980ffc78558b85f5f18383f9933,5892541701d7d03dc9bef245ed47d5bf60b3e37b84c21cb8ff7476ef3c065d49,L4_safety_boundary_difference,10813,300,0.027744381762693053,36.04333333333334,164
Alpaca2-7B-train.jsonl,20161,d54bbaf3220c015b0ee89eb193c3f74cf63beccd5d8ab69a1bce9f3fe57f3718,715c568272f42a0bd28efa50f17b9f4b75c7e99ecec3b9bf93e0655df0a9c520,L4_safety_boundary_difference,10813,300,0.027744381762693053,36.04333333333334,165
Alpaca-7B-train.jsonl,9863,03613903e6a249f821f5d1189606a5b2f64a459126bc4eb48f9ba1b6f8a11667,87b9b2b727287c4c3a268079dc6ae554868b5b9570ae99fcb222d43e300f15c6,L4_safety_boundary_difference,10813,300,0.027744381762693053,36.04333333333334,166
Alpaca-7B-train.jsonl,16692,e534ff061e20330051d12242c6ec771c04bfd1e2b00255b83870cc006ba63eb9,3c2750b77505c0304577527d7b4c41876aa7e7ceef4c13ea39e0f5d31b785754,L4_safety_boundary_difference,10813,300,0.027744381762693053,36.04333333333334,167
Alpaca2-7B-train.jsonl,9719,7ad7a57cec404aa3209f1bd8c695d9245a8a41c302de9a9247f5e6571abd77c1,dcb76ceb204284b012d34623ce451d703579f9b6fbafa6ddbfab42e887e446f7,L4_safety_boundary_difference,10813,300,0.027744381762693053,36.04333333333334,168
Alpaca3-8B-train.jsonl,13939,dae17c4d3120283977dd2fbc83991c8fb388b0540c5fa9c3ecd21d5f14cec1dd,78bbeb19499628e2478012452edf19d8f55210972d3d48b9a9d2b6de0d43293e,L4_safety_boundary_difference,10813,300,0.027744381762693053,36.04333333333334,169
Alpaca-7B-train.jsonl,6061,902dc3664dd5d901445157114e76795271f7372ec580384820c4f8eea3e0c23d,d644b0033c192bd3912a6d42b72fa59ec58343132eef9e7f2223d223695d8197,L4_safety_boundary_difference,10813,300,0.027744381762693053,36.04333333333334,170
Alpaca3-8B-train.jsonl,18992,16f0edc9ccbb27de99b9e74e2be10131c922832dc040207073701b8f2939205b,1426c7733f51a6880d812801803e96b9f8e08f820160d3c3eb9ee4cf44be326b,L4_safety_boundary_difference,10813,300,0.027744381762693053,36.04333333333334,171
Alpaca2-7B-train.jsonl,3041,26679c10c722848ac80158c47583bffadecf14bd6f2018c95185fb3d33ec3424,7e5f9380c926dbe83514f1199485342c587dbcb6346e9c858cdaece3f9650b08,L4_safety_boundary_difference,10813,300,0.027744381762693053,36.04333333333334,172
Alpaca-7B-train.jsonl,8375,f7a21ab7538b74041f220b7e61b503afbc39300e6790542645a29bc5eb5030fe,b82d3c13a7ca2722aff41cbfa6e7fe7cac9c636f0296108847b6acdbe1293f71,L4_safety_boundary_difference,10813,300,0.027744381762693053,36.04333333333334,173
Alpaca3-8B-train.jsonl,4364,01ff2e6ee20cdb63c4da73ae91fec7510887486dcb2fe078925eba3d14ad95c2,2f75b38f1dca070d17f7332f0b97dbbffe7a5179ab4983da225b15567aec86ff,L4_safety_boundary_difference,10813,300,0.027744381762693053,36.04333333333334,174
Alpaca2-7B-train.jsonl,25127,bfda18b3f91e8f00f652b3b927f8eea6e4ede129d1ca3a967b888d1c006bf4a1,9796a41df56b5e358a1176dc05150cd319ef4fd86d9414c37c58c59327ef41a5,L4_safety_boundary_difference,10813,300,0.027744381762693053,36.04333333333334,175
Alpaca2-7B-train.jsonl,9843,3bfe2e72621e2dc468bcd2aa83bbac22bc835b40c8880352309b6728642211b8,0aa2c64c72de110418cb4fa5d4a6e1387acff2aad85d9d1e2672821566b049d6,L4_safety_boundary_difference,10813,300,0.027744381762693053,36.04333333333334,176
Alpaca-7B-train.jsonl,13294,e43fbfa722c27ae0fa955c8f0e258d532d8135dd10f628ffa0dc9d17b14010e8,653d27c954060155f35cd408287718fc27c249a295b28df4efa1f6102321fd52,L4_safety_boundary_difference,10813,300,0.027744381762693053,36.04333333333334,177
Alpaca2-7B-train.jsonl,21978,ad1c52096b4a9a85a7cebcd5f55f274a086947f08815f1de3c283e6d6c0123f0,19c2dd85a5556843440613910850bc74bae82dca8cffa83ba747714e48ce5f05,L4_safety_boundary_difference,10813,300,0.027744381762693053,36.04333333333334,178
Alpaca3-8B-train.jsonl,17203,44e961df3f0a99dc852f7d40ccd77ac736cd69d2c1852ba9be4bb180899cca28,3e35f2f768e31db458665f21dacd7adfcc74be6fd47d11492ff22ea0ac37b91e,L4_safety_boundary_difference,10813,300,0.027744381762693053,36.04333333333334,179
Alpaca2-7B-train.jsonl,22993,10f3a78d8204b8bf150afc82e6f1d7be6bbe48f6da51d57c0a0cae0c8837488e,ce83775e13d14941538eda65b9da414e0f49073e3052fbd49c807a2a98d6378b,L4_safety_boundary_difference,10813,300,0.027744381762693053,36.04333333333334,180
Alpaca3-8B-train.jsonl,5802,5b86b0f63afa782b21bf4be7ea4d37b1ba29d1f8221cf8d610b332febf96863f,91ac6f305ffd8b6d9ccc13e57e8a0b98331a8e0d4033da592cf298c4a0f6f4b7,L4_safety_boundary_difference,10813,300,0.027744381762693053,36.04333333333334,181
Alpaca2-7B-train.jsonl,20975,10eb69de76be7d191c329176fa69fcdabb67ebd1d4a8f83790928a3fd14ca6fd,0392a359adc8eddd0446cf3a25a2e49eeb0982b5a2c541faa802c92abfe3c581,L4_safety_boundary_difference,10813,300,0.027744381762693053,36.04333333333334,182
Alpaca2-7B-train.jsonl,621,78bbc22b0cc37c6b88bffd762e9e42a23b0e5ebd22447f64d4da934c68fa2a35,18fcc22d3eecba55ab33f172fe823126f6f4f3ea86c9669cb933668786eac7a0,L4_safety_boundary_difference,10813,300,0.027744381762693053,36.04333333333334,183
Alpaca-7B-train.jsonl,14106,9a29502645d41bd5247db8354956f3e2271ab32838426cd3626c191b0f5933a6,11b0fe8b65baeb34242c474d89f2e0c0e1039893074f84468856dd9a0d916242,L4_safety_boundary_difference,10813,300,0.027744381762693053,36.04333333333334,184
Alpaca2-7B-train.jsonl,25410,0143bbc9c673f67d83849083c84ed3b59478c50a987282e79c113e47da972a82,46b0d1c5fa2f60d730d2afa8d9acb0f9ea6eff55ef1f01de92a5ab03a81ea0d6,L4_safety_boundary_difference,10813,300,0.027744381762693053,36.04333333333334,185
Alpaca3-8B-train.jsonl,10436,3c65d79c145d20a023660de73c5197956ec5c3cda099796cce2bcd9e69a67b3d,f415719e1b7bb28e62756935986014272b5ad9de9f93a9a65b6d74a9d620563e,L4_safety_boundary_difference,10813,300,0.027744381762693053,36.04333333333334,186
Alpaca2-7B-train.jsonl,4504,d4059fd0bd2122a78ad4a6aabdb5c784b091331c9be50b7f5311127a8ad1f372,a0ef85752ec85fce3c0c25310a2593557a622b7b28e04a56e5f2cc4d7a93d219,L4_safety_boundary_difference,10813,300,0.027744381762693053,36.04333333333334,187
Alpaca2-7B-train.jsonl,3078,4c418f15c3ae73d33ff5eb2754dcd1af99fd456b12bb0e679cdc64f52e82a5b5,b2ad05dcaee2ee15d7fd679eaf321aa6e8488d751d64a1678f106b95ede5775f,L4_safety_boundary_difference,10813,300,0.027744381762693053,36.04333333333334,188
Alpaca-7B-train.jsonl,26757,dcf1b21b608f57c240454925e12947d74133d3ae211f23b46a54e7884d5d7bfd,d184b9e4db861ac222f7f2580cf41b7ca2e1f8a1152b47854ccd6f0ee3327e0a,L4_safety_boundary_difference,10813,300,0.027744381762693053,36.04333333333334,189
Alpaca3-8B-train.jsonl,20771,94fafc9815e805543d9ff466a9df0725af53a4468d079e311fdf4673eaa58882,e31ac9cd0bbead6c8ad564e1db36ba1513d91f1a0fbb6411c719e2a329744f55,L4_safety_boundary_difference,10813,300,0.027744381762693053,36.04333333333334,190
Alpaca-7B-train.jsonl,11919,07b1c48cb38d78151cfaaaabcee7bb004de1dc4d262043f2d1719820a16351ab,8f76651cc426b44ec8d6db2fa636041a7ce4dc0566a16dce8e446ddc46d68e6e,L4_safety_boundary_difference,10813,300,0.027744381762693053,36.04333333333334,191
Alpaca-7B-train.jsonl,731,85ac79b75c5728d1217b231f5f9e30cc9d57cccc02d20f8bdc2eb688a3c3df5a,ddf0fa1a834159371613504884670240aa6d65ba303cefac7553b5c57a1d5cd8,L4_safety_boundary_difference,10813,300,0.027744381762693053,36.04333333333334,192
Alpaca-7B-train.jsonl,472,0efb9af4b2fd36d889fea967f6c88a60609678f052b8eb759a4c0128903bdc61,8174df5cdccaf0626a26c42e7aeeb29c8e5672824a56988240fee3816f48ebd5,L4_safety_boundary_difference,10813,300,0.027744381762693053,36.04333333333334,193
Alpaca2-7B-train.jsonl,9993,9a9868ece3b4a9503f7b3eab73cfc308e3aee272c1c790caeb9b0341a4cadf51,c2647e052ce10c460234e3081192859992c9361f4662e1786aa3b2c262d29bb8,L4_safety_boundary_difference,10813,300,0.027744381762693053,36.04333333333334,194
Alpaca3-8B-train.jsonl,16038,fa6466bd714f7169a0a85419262760d7c51d3c9865d4076fcdc38c0b9c4f69cc,e5ac9250fdfb4c8ad2b562daacb9ef272703e9b7b3841215cfcc659d4d9a2e69,L4_safety_boundary_difference,10813,300,0.027744381762693053,36.04333333333334,195
Alpaca3-8B-train.jsonl,9601,c4f40d3f4094607b060caabff85f7bccb5c0f2a376636430bbf6a2b0b46ffff4,7fc23819a1c1c49c5e14e51c0d7091603265bda36b7500f2c5ce401c7af88ba2,L4_safety_boundary_difference,10813,300,0.027744381762693053,36.04333333333334,196
Alpaca-7B-train.jsonl,23173,45f334a486a8651cd287bdab81df037d80189c739e4d1d92e38251ca7aaad468,75ca260ad2f042d15f3f8deb1607d4ff14466821819e7869135fc8db158ad313,L4_safety_boundary_difference,10813,300,0.027744381762693053,36.04333333333334,197
Alpaca2-7B-train.jsonl,24472,7f2805d79486074523575ce690674be184e399d5591077f579c595b5db6ea2fc,7ed243d9a58b3d3b87aa1c402fccefd288e2a750eea5a947812a73c61f943616,L4_safety_boundary_difference,10813,300,0.027744381762693053,36.04333333333334,198
Alpaca-7B-train.jsonl,20451,b8798906a8627b063431f7bf639e3dd2de865d22ae8779e094495f18c2661b93,d24c2dd73d346314b8d15a0cb6231aa27bd1c27d57d3ea1fb2052020082b8ea0,L4_safety_boundary_difference,10813,300,0.027744381762693053,36.04333333333334,199
Alpaca3-8B-train.jsonl,12896,895a9d55b6b616ab66101840ecbb2306f989a9ac27cb4e415b66ec2046192541,1323f49e9cc05032b635d8be9adb19019e51db22f2989e0702535f14048ac536,L4_safety_boundary_difference,10813,300,0.027744381762693053,36.04333333333334,200
Alpaca-7B-train.jsonl,241,8f3f8bd76c3e13698d7e0e9cea8b3885d2854ca05259f72d4afefce8ca53f142,ed37d9825097f48cab15e39bb9bd3d792024ed1fabeffe56899c8ff3ab949965,L4_safety_boundary_difference,10813,300,0.027744381762693053,36.04333333333334,201
Alpaca3-8B-train.jsonl,14988,f8d56e0ac5f492b564307c93b61f6d9c6a0ec18b6134171b518bfef429e78beb,f3c173eef97865c14fc5ea0083ae4d68e4f9a5dc86182b14b3e2a321071cb679,L4_safety_boundary_difference,10813,300,0.027744381762693053,36.04333333333334,202
Alpaca3-8B-train.jsonl,6328,51cdf58c8b9961c33b3d1d6c55dc8feb9834072189718c6152a7cdc5d92c4561,f0c280a218f6c6bcf8bbfa4ccecf192b0f78f89d428dbad20ead2e8c317180b8,L4_safety_boundary_difference,10813,300,0.027744381762693053,36.04333333333334,203
Alpaca-7B-train.jsonl,2305,9e520addba7d2605ebc4c23aa9913e2bbebb29386f1fd45731d3e5d21a856cbe,75d990fe9b373b9f5d8e7df2bd7987dd11b3b0ebb3fa812a906e0a219c603bd3,L4_safety_boundary_difference,10813,300,0.027744381762693053,36.04333333333334,204
Alpaca2-7B-train.jsonl,14435,a39d6bd2f61c01e9f924f5f58f75cd916358b637b2e6903551481016c8f19ed9,0046a4786bd3247163865a04568878723a707166e7311878b85a6470073faebc,L4_safety_boundary_difference,10813,300,0.027744381762693053,36.04333333333334,205
Alpaca2-7B-train.jsonl,12200,5145b6a2b4caff3e4cef6dde2f9ab9b6e51e89fa2b3eaec3aa5e48f4bc51cda4,a2347237779ae0affb893f0116ff1dc508398d858f432ca0ca5092d891174cb4,L4_safety_boundary_difference,10813,300,0.027744381762693053,36.04333333333334,206
Alpaca-7B-train.jsonl,10868,6b9661e1350510b75c0d7060882868018f39b31fe312880c84b75c82c58c6fcf,723ccf3df171fe738b8d8b5ae2926f3cea7e9c17a3b2318413f445ffbaa8f527,L4_safety_boundary_difference,10813,300,0.027744381762693053,36.04333333333334,207
Alpaca2-7B-train.jsonl,2435,6bada6c4f817732bf26139dcafecfd4282698d5980ad847cb82e0e2e12cf8768,5f4143f71b2b61098616ffcf1423cb8b487e737697ad8e363b2fa54d2f6bd71c,L4_safety_boundary_difference,10813,300,0.027744381762693053,36.04333333333334,208
Alpaca3-8B-train.jsonl,14986,2a29f3174ec76e7df8b0d13197c4a86bcf39efc3b04726e3af49ec42f4ecd566,62bee2c423ee427a1c8f67e549315986a9d5f188422efa93b8f6200cd2f24fdc,L4_safety_boundary_difference,10813,300,0.027744381762693053,36.04333333333334,209
Alpaca3-8B-train.jsonl,13766,fffa8b7ec7a9351e0e0d77d00820950058c22fd6b1b0d0dd2a0619dc363f86f1,da7c96a7ce5853ad05759a4061441758eeb71274477defcd0747abe356a17e5b,L4_safety_boundary_difference,10813,300,0.027744381762693053,36.04333333333334,210
Alpaca2-7B-train.jsonl,9584,0390c7b822d027482637072faf5a7d15f0096bea8ea50dcc17688120b0faf089,1b2d2a27e06df791460715890a9fad63566791edacefa0d885a30909b614b0ac,L4_safety_boundary_difference,10813,300,0.027744381762693053,36.04333333333334,211
Alpaca2-7B-train.jsonl,4172,f2d110b847350a80651e7e5ac9b09978511ce95409bb9b83394c5300c392073a,9a2568f0d71739ae0bf23d0739fc0e965f91dd6eff67f708f51653212211d04e,L4_safety_boundary_difference,10813,300,0.027744381762693053,36.04333333333334,212
Alpaca-7B-train.jsonl,23442,fa06d6649da11961a8e07f38738c998fc061077e7f1b23a7e9f8fa15ba4dc71a,757b3bcce26b81bb781054a410f291e13a3d617a917232759b099803280d85c9,L4_safety_boundary_difference,10813,300,0.027744381762693053,36.04333333333334,213
Alpaca3-8B-train.jsonl,6262,cd9b3ea0ef0f28f3c1eeac6e7676b185fd3869c6f46601f8c8604ed8b1ad5aee,e634b8bcac3599547e043dba6d90988a3672757186b8e7b9de40ba2a64c35f00,L4_safety_boundary_difference,10813,300,0.027744381762693053,36.04333333333334,214
Alpaca-7B-train.jsonl,3167,b5c571f6c536b3644d4190d02b9a344981e856070ca398955f86bb081e1eea98,86a2a2dd0cf8a11fe01d7332923fb19978121840c77718167de0e124ec17e706,L4_safety_boundary_difference,10813,300,0.027744381762693053,36.04333333333334,215
Alpaca3-8B-train.jsonl,17998,e0169e90b5992c630483d1b02f1a636f2c65e3adafc0098478ed508a6183ca72,bc68b823384d693b1052a55f1589a23e47abf741c323dfd0692c42a9185366cd,L4_safety_boundary_difference,10813,300,0.027744381762693053,36.04333333333334,216
Alpaca-7B-train.jsonl,15971,2a495c71318e94f029fec7d2a252f83e64cc4641dbf4c9af99e9bbeaeceee7f8,e971506cd20c7be24ed5a875e60d5182fca106386d23e039ef8d9939bbc6e9de,L4_safety_boundary_difference,10813,300,0.027744381762693053,36.04333333333334,217
Alpaca2-7B-train.jsonl,1878,f7c70341d7c0683904f0b4fd5e99d0fecc319398377dc414ef5826cb7603a95e,5340629c3256b29f5ab6f10864b1319a14f90b39983da87efddf5911b37f8402,L4_safety_boundary_difference,10813,300,0.027744381762693053,36.04333333333334,218
Alpaca-7B-train.jsonl,1659,4b3e8efa6fe97786b7db79e4f80701ce555c0076a36c6275a5fbcbfd5f66b501,197faf656dd28b37a40b048789d0271012c0022c0bded7aadc5a6256176a175d,L4_safety_boundary_difference,10813,300,0.027744381762693053,36.04333333333334,219
Alpaca3-8B-train.jsonl,18245,a2969dac5323dabfc4e381434cf6675d654c04368468ceb7131c9bf4141c1a90,a27347a5ba5e1d8f969d4bd96e9300abe39f340bb13ce0fd5755fa1e0ba370e1,L4_safety_boundary_difference,10813,300,0.027744381762693053,36.04333333333334,220
Alpaca3-8B-train.jsonl,2990,89cd9afc223960872ed20ac6c9fc9d0656b8140609f4cd1ced31c10d037aa8a1,a3c10a47e5d59bd0b6957089570259a4b735fa3eb3bc48624fc5a49b6a43daa4,L4_safety_boundary_difference,10813,300,0.027744381762693053,36.04333333333334,221
Alpaca-7B-train.jsonl,24000,8bba724fbf0267bb311188bdb2829b00b78585e56ac16ae8d822482a3ba0241c,6902e899d361a0a41fd53ca38754f62352a078d824e8b3fdd02a8b31ac031c66,L4_safety_boundary_difference,10813,300,0.027744381762693053,36.04333333333334,222
Alpaca3-8B-train.jsonl,12046,2f4d93990641e4dd64290b71a176ceba3a2099ded1381eef6f8da7996b2bb96e,99c25490b240eb73062d5da02ea82bbb000554cb97d37e0ea45199b4b68f3e6f,L4_safety_boundary_difference,10813,300,0.027744381762693053,36.04333333333334,223
Alpaca-7B-train.jsonl,2958,0217710cf0f10f0c5f8d9d742677553f76cb175670961ca0bd3909d094c110e2,81b12efdae9c4bd07df6e8bed11a48b6891ae4c2d54c680f89470d24968b186d,L4_safety_boundary_difference,10813,300,0.027744381762693053,36.04333333333334,224
Alpaca2-7B-train.jsonl,6963,3504cc736f74cab3096f527d376cc4286bb201045bb9831865af4648291b0302,36ed3308f559675cbfca7f4dd7901878f36ded7420d771648b28b8cca8997408,L4_safety_boundary_difference,10813,300,0.027744381762693053,36.04333333333334,225
Alpaca2-7B-train.jsonl,2284,8516a38fbda6610758f3048ff669e5edb295fbd817f5b5487aa348c833e06659,2e8dc428cfec856a8b9d90bd7ae66767c6909d65677ce032b4f0f062f686a016,L4_safety_boundary_difference,10813,300,0.027744381762693053,36.04333333333334,226
Alpaca2-7B-train.jsonl,24504,a42eafcadc6ae7fc1f545352f9b815902de1e4c7d574673f5d0926726f64157c,3d9f8c81a1bb5592a56942a26257c53364a08061deb6bb42ae2788e3d739aa76,L4_safety_boundary_difference,10813,300,0.027744381762693053,36.04333333333334,227
Alpaca2-7B-train.jsonl,20062,544a99a3fc16ea972930d1bb94b2cb9517a4889503081b0a2b7f213a21e15fcb,6b7dd34c99bd2d1ace4244a29c7c436dcc8efd67a12f1377be707039aa0db02b,L4_safety_boundary_difference,10813,300,0.027744381762693053,36.04333333333334,228
Alpaca-7B-train.jsonl,25805,166ee2832d5b6c589648d8621fdfff5ceda5d8a2b3a070356380548ff1f3c478,2b45b08328581944ba70fe4adaf970e3ca8bb5ad6f28bb37f91bda3998850842,L4_safety_boundary_difference,10813,300,0.027744381762693053,36.04333333333334,229
Alpaca3-8B-train.jsonl,16903,fbcede4d3f024c96096e076fa54e8df09190d783f28157c037bc8ff78c38620d,b623691cc2a06f3506102bfc165e8dd21a5d758c5a4ef607c5984085ff3803aa,L4_safety_boundary_difference,10813,300,0.027744381762693053,36.04333333333334,230
Alpaca-7B-train.jsonl,5097,1e8f00ff17e4f4bb7c26b1959562c8f39f70cef14da99f43ac20cfebdbb7dc9c,31ca11f49df8cff265d1a0a2e43cbd13948e6398188caf0190df6c7bef4fd9ce,L4_safety_boundary_difference,10813,300,0.027744381762693053,36.04333333333334,231
Alpaca2-7B-train.jsonl,8609,f88943e9dc3f212b8f0dfbc9dd7fe191c64bdac8854da1cc975679de65098cc5,e281949624f270ba176e5cd87422ff9751f888247cc553a6553c40e564ac7250,L4_safety_boundary_difference,10813,300,0.027744381762693053,36.04333333333334,232
Alpaca-7B-train.jsonl,11049,65788a694587257271f4bccfd7b96b693766dfbb6ca9251faf57d68f57c8c05c,a1066577c19902294e955a6019f38bb286ce10d8275b28e192b286798710f6bd,L4_safety_boundary_difference,10813,300,0.027744381762693053,36.04333333333334,233
Alpaca-7B-train.jsonl,5462,166e9913f6092187f1b74aa80a8aa21e7f2a69188a6f7fa281a6547de215845c,49f83fd44ba6286b14ac08f8b89335b3aa99f70a1ff9219168c1746145bf51b6,L4_safety_boundary_difference,10813,300,0.027744381762693053,36.04333333333334,234
Alpaca2-7B-train.jsonl,21521,54882836fba097b519f762072e2b9227b630091a5fcab2f560db97cb8b1683c3,56128337f13ef2422dca7c0dd51be52ab6caefe5894ba3431a1aee2a5aa05b22,L4_safety_boundary_difference,10813,300,0.027744381762693053,36.04333333333334,235
Alpaca2-7B-train.jsonl,24502,40e84c20b51b559828470156b08a0e1dcd1a780ebbd30d9a5d2d0c31e0dd9a2f,f233cd8cccb7fb5b67a0370b87cb20e0e139bdfaac8f059c316f42b2ac144c80,L4_safety_boundary_difference,10813,300,0.027744381762693053,36.04333333333334,236
Alpaca2-7B-train.jsonl,11874,e70c7e8c2dccad1717c9a2f23fec6ebc84c0f8eb2d39c51d6825197e013d1403,1b635fd032cb139cb26225da81b0c48fc79f23308a1329ed3e1789f647d9e1ce,L4_safety_boundary_difference,10813,300,0.027744381762693053,36.04333333333334,237
Alpaca-7B-train.jsonl,8748,61cd0d63773bcd0ed4793c6835de8204c91665d8734dc7d7ca942539ffa3bc44,e7aef821d421551b5b8fa9ddc1eb2f300d7a85eeda9eb6cc5690019dc02c65ff,L4_safety_boundary_difference,10813,300,0.027744381762693053,36.04333333333334,238
Alpaca3-8B-train.jsonl,13594,4ee7fdf9c345241b7b45fa065abb195ee2d071f50fb2e0e124af3a981ffd99c6,ed3ee2545db70ad03e87c73008cef725dcd4caa58fe32d0ed17f26daa727ef60,L4_safety_boundary_difference,10813,300,0.027744381762693053,36.04333333333334,239
Alpaca3-8B-train.jsonl,18944,66b7a8836d64302fb566dee9c9efc5cc57fd7b6f6c77a5bcfa422e192387cfd0,8a93fb720939f64a6a4473b2000eae7bf210f203c196f3f31fee535019e4053f,L4_safety_boundary_difference,10813,300,0.027744381762693053,36.04333333333334,240
Alpaca3-8B-train.jsonl,5831,4fce3e537dc717693f321794960bb58623c36c5c1ede4b87f7e8e80e94a6ee91,9973ced23932f82f85e0b09d18ce6059791fda3835beb4f97276cceedc5f5161,L4_safety_boundary_difference,10813,300,0.027744381762693053,36.04333333333334,241
Alpaca2-7B-train.jsonl,6857,73f07b52cf12c19e4fbf536883bb7cf4abb81d9f06dd96a335ed35b4f5455509,88cb27b8776d9107ef50f4105e3c5af832af361eb5279545b0f6a1f867d52d23,L4_safety_boundary_difference,10813,300,0.027744381762693053,36.04333333333334,242
Alpaca3-8B-train.jsonl,7037,f6049f6aa3e2793ec7fc2a719337ac66d07e592af155eebe087903f90b6029cf,ac34c8e1bac4a59a16878b1049fa51239ce18bcccf4a08178595947ee41b6c68,L4_safety_boundary_difference,10813,300,0.027744381762693053,36.04333333333334,243
Alpaca2-7B-train.jsonl,4326,6c3699ba2974f5eba4299c0d4a01650a5fbf75e91995a244e3a9b728e3d766df,b45b54eb6eac840f41220167be022f2ed3b5df163470e9d5b06be66fae6e1cf9,L4_safety_boundary_difference,10813,300,0.027744381762693053,36.04333333333334,244
Alpaca2-7B-train.jsonl,14209,6b84cfb39403415fc0a51160f90335916928c8bee10c227130c006ef4d5b8912,9f771b9602e6aaf691adb8cdb24972e519cc62326d0cecd515a6d420601af09a,L4_safety_boundary_difference,10813,300,0.027744381762693053,36.04333333333334,245
Alpaca3-8B-train.jsonl,6699,d47f85782f60c204d9d5f7f5ff01bbc4e091cb72e4177b4b1cd30b9bd11925a6,b14ae39c620c1becfa2971d4ba4d0b34f4ebce4aca7137a5ddb7e90d2e182002,L4_safety_boundary_difference,10813,300,0.027744381762693053,36.04333333333334,246
Alpaca3-8B-train.jsonl,13422,d9ce436cc68343bf3d8340da3348e88205cd65caaf2ee1d1d65e0c9d9c2abcf2,c5a1ef79d9e969e13db268d988aa2f4af84ac38d62f63f659b651c965c875c95,L4_safety_boundary_difference,10813,300,0.027744381762693053,36.04333333333334,247
Alpaca-7B-train.jsonl,23658,517a53f2541557d75f368dd1d05cca513fb837a883d6de6a6aa678b4c63b3920,8a1c2d12f57ab17f27371f78a25ad2380f4aace98502de2b4409133b7321932e,L4_safety_boundary_difference,10813,300,0.027744381762693053,36.04333333333334,248
Alpaca-7B-train.jsonl,11866,e2033f0036f3b724c4032eb3530ed4b8f9e215ce7f1a64d17dc86f180ab631bc,637b1da5d0317ec5aba56b1b733daa8ef90d60a7aee19679497045c727239778,L4_safety_boundary_difference,10813,300,0.027744381762693053,36.04333333333334,249
Alpaca3-8B-train.jsonl,11451,f5a580de9ec90bcaf8ccdbfa52a50117dfe60d8e1586da6c468ad06bbe4d5b9d,7ee5c0b9dfba456fbf8cfcdbb5a31fdecb2ac43e92476e81c685c43de111b7c3,L4_safety_boundary_difference,10813,300,0.027744381762693053,36.04333333333334,250
Alpaca-7B-train.jsonl,2475,8dce501b2f615c3f85b33dc9f1f94b8c47249c3144863ae7c4be31681ff1d64c,ba529fcb2675bfc885f8424cbcd47bd373966f14df52b1f3f6305203b2acd7b9,L4_safety_boundary_difference,10813,300,0.027744381762693053,36.04333333333334,251
Alpaca3-8B-train.jsonl,15060,28e8f7f5a8285cc32d5a07b053c7ed8158221d075102a7d04fb08dfe32622730,b8937057b20671676af902806cc56664f01bcb5f0cb0d1b5d67b9df7b473d5d6,L4_safety_boundary_difference,10813,300,0.027744381762693053,36.04333333333334,252
Alpaca-7B-train.jsonl,485,2552cdf3dcaeb6ddace3303894c2a23813ef903d54c9b786e83ef3ea9f3d8c18,670d794fa031675a3efffca3369b2cace2d41ebed7b2bd96065cfc97f68ae648,L4_safety_boundary_difference,10813,300,0.027744381762693053,36.04333333333334,253
Alpaca2-7B-train.jsonl,7337,8f78bb93d178e9ffd62251d54fab36050777d12deaa663ef610965d6e6942735,81113233747ac09ea79b28576d3a15f8f81374b1a56bfb6014e5e502272fa5cf,L4_safety_boundary_difference,10813,300,0.027744381762693053,36.04333333333334,254
Alpaca3-8B-train.jsonl,1968,bed7bc072e4ebedb5618125d6901decf2af152193450875c362c600b3245fab6,2b47eafc2689121e49fc4b36ae035264ff099af7465e79c22474a36c2cdf490d,L4_safety_boundary_difference,10813,300,0.027744381762693053,36.04333333333334,255
Alpaca-7B-train.jsonl,23475,791f574544fdb38d0007b4ea31501ba7284e88d4518bb10a8a299e7ca393bc6e,bd1a103f51a93ddbf17e399b84fe1aaae43f487bae7494e203fafa03b6f26a21,L4_safety_boundary_difference,10813,300,0.027744381762693053,36.04333333333334,256
Alpaca2-7B-train.jsonl,10872,22b12254ec48deb6d3d31070a5e71d16b6d924a793df68f002541ff9ba330351,a9030b0796dc10cc8ec8e177de666853efc0b9818d2c792fee3953a93c78fbe0,L4_safety_boundary_difference,10813,300,0.027744381762693053,36.04333333333334,257
Alpaca2-7B-train.jsonl,24819,f8b779afb4ecbef02aaf19e6d80e6edf6ffa7176fb6c18d1f178b4504a8461f9,5c1340f72e97258e7ec90f6bda4892aabc5dde9717f9d69629b71148c5a7296e,L4_safety_boundary_difference,10813,300,0.027744381762693053,36.04333333333334,258
Alpaca-7B-train.jsonl,15409,827e5e649c7b064ae332b666b6aa50733659b7e3ed993b9a3b5017df74ade43f,ce89b9c4bfbd0a56ece056ee5e1858b84c1732c2dd6cb85879cef6deb7529f38,L4_safety_boundary_difference,10813,300,0.027744381762693053,36.04333333333334,259
Alpaca2-7B-train.jsonl,10710,1e304805dcda5d35badec43f26fc9dd8ef175faf22748fc443e71d23ce555e88,e4abe55f5b16ecf86ea9243e5e1989c8e16d2e0026ef5e90be1006eea878e605,L4_safety_boundary_difference,10813,300,0.027744381762693053,36.04333333333334,260
Alpaca2-7B-train.jsonl,15444,d8a42ebcc9124b85b5ce17aeb56c4b8e74e7c855e301ceb4ef7ee92ca5912815,097953a1a61fe75746ed3a59a6031679bae45781d0da6820d8c69ab0ae5655e2,L4_safety_boundary_difference,10813,300,0.027744381762693053,36.04333333333334,261
Alpaca2-7B-train.jsonl,14021,e65f179ef8fec4c465e70092f0479bdfa98f49e4a01a19853c936fd093534e4e,21bf06427c71597b3fa88286e9ecb37047eb77867ac6c7c1fb70747a09f511d0,L4_safety_boundary_difference,10813,300,0.027744381762693053,36.04333333333334,262
Alpaca-7B-train.jsonl,19126,9c688d541338969043679a011b747ebaccd087c30aefa1e08b7adf642198139f,2c175c43bc8ef2c0dcb03d3b88545965cb193b3c757d9ef4b532a1b3957327bf,L4_safety_boundary_difference,10813,300,0.027744381762693053,36.04333333333334,263
Alpaca-7B-train.jsonl,2735,44036f7dff61a018690e04dc774ef122335b7a85262a85ca1623dafc8558b7ba,56c55c6cc403a6b4006a90e004f8e7a6f15559ab5c12db5a11ea8f189a18a667,L4_safety_boundary_difference,10813,300,0.027744381762693053,36.04333333333334,264
Alpaca-7B-train.jsonl,8289,ac956a3c51f64ae99aa7b83c489334b289dbdfc5eb1044ab4e5c8f18ec9a7bec,8346d63af178872caa5cd147e92bc6e8c0a23e7f1c47f413b41e2888ca651a87,L4_safety_boundary_difference,10813,300,0.027744381762693053,36.04333333333334,265
Alpaca-7B-train.jsonl,12084,6725a169b4f24d1a479a443c4fae2f43a6abd2ec0834c1b7d5bb124fde9d245a,c32a30a6b8b4c9f9703e23e396db5eaa02aa9b81cceee5474aac259dda003998,L4_safety_boundary_difference,10813,300,0.027744381762693053,36.04333333333334,266
Alpaca-7B-train.jsonl,5284,14d7d4454f6099790194db6e2b653fafb5578b5b25fa6170722881dba2178d5d,60107d3c62d44514ef174443d54ab7cd036a0da4fe530c3ca470136db444e543,L4_safety_boundary_difference,10813,300,0.027744381762693053,36.04333333333334,267
Alpaca2-7B-train.jsonl,10736,61f5be4ed7a5903c443b6cd1a1fc75b402cb820520dabe07240b3826be4b818c,42598c773a7925e7896575884fc4f7d4638ed60dadad47b6374fe5f38b4a525b,L4_safety_boundary_difference,10813,300,0.027744381762693053,36.04333333333334,268
Alpaca2-7B-train.jsonl,4034,361e807330f41ac31963a8c249df0ad51cffb7bdc8692e79927d58a0926fb46b,719f8f7c1d906a08033b69099ef7770586b1856a1ce8345e882efebb17d3e7a6,L4_safety_boundary_difference,10813,300,0.027744381762693053,36.04333333333334,269
Alpaca2-7B-train.jsonl,18698,563220d7ed744d9dfddb615ba5306518498eb5a5a0b49b0195cad32bcc6c78b4,a798391e91d27311f9367fedec5e1d2c2de69bd72949cff1b8da4ce49865eba1,L4_safety_boundary_difference,10813,300,0.027744381762693053,36.04333333333334,270
Alpaca3-8B-train.jsonl,5736,666599dfcb6e3ceaaace88a4ab982154312861d4cca661b0a21fbdff37ccbd9a,39718d17b9433fcc30e39efdec1ff7023e1c7ee92b24d49d13d0774cee14ab6c,L4_safety_boundary_difference,10813,300,0.027744381762693053,36.04333333333334,271
Alpaca-7B-train.jsonl,21087,fd869c617d0eb98d21d7fe5482aec6c82f7c05966989c84952e426a6809f3a73,03485e3892a5fbbb2c31484a2103cd65fd53253c4ddfd03a1ba107ced7497a57,L4_safety_boundary_difference,10813,300,0.027744381762693053,36.04333333333334,272
Alpaca3-8B-train.jsonl,7116,7f765eebe6b761004ae274cbbf6b08932177c54e233aace0453f972655899912,2ca55984b5e32950b25e94d5e34990b2797f03436452304419911bfa343e962d,L4_safety_boundary_difference,10813,300,0.027744381762693053,36.04333333333334,273
Alpaca-7B-train.jsonl,26125,5d17582df9de43d5ea5aab891667029c4c0e365b0ae4cf26bfe29bc8ea6ec59d,79bf3b40732e90ff38b8bd2dfe955ddc7bf398e4844ad58a4b8f7567cba0936a,L4_safety_boundary_difference,10813,300,0.027744381762693053,36.04333333333334,274
Alpaca-7B-train.jsonl,13156,9a022c80fb6adec68885cadd379495b293fd0793d01efb597488455b2fd9cf40,2200809c453138f0627aa70131aa6a0ca8fcf3b1b8073813c48a4e6b00f08e7a,L4_safety_boundary_difference,10813,300,0.027744381762693053,36.04333333333334,275
Alpaca3-8B-train.jsonl,8381,2990acf0eb8c062fcbccc55b7eccaaa3b5dfb83b74a5d0e1c7adde302cc362f7,cd67a76c2f78266b0063b5cc054d6ce2b3d52ace3c00f0867446623e9eb244b7,L4_safety_boundary_difference,10813,300,0.027744381762693053,36.04333333333334,276
Alpaca2-7B-train.jsonl,588,cba081383db658c5db086aee059087bedc528921b21852c664af83752751d6c6,e1389281ad243117490fa457f516fddc19f0d5e1b11b3ff4a7da22610a6179f7,L4_safety_boundary_difference,10813,300,0.027744381762693053,36.04333333333334,277
Alpaca-7B-train.jsonl,11080,7a7e10de3d652bea5cfe7da9617518a3366bcf685f455013b471daf5bcfe2a61,0df6e4c6c6be14da849e788474c22ae5c2351926564e55c7e537319389bb0963,L4_safety_boundary_difference,10813,300,0.027744381762693053,36.04333333333334,278
Alpaca2-7B-train.jsonl,2211,d4274f546f587efaeb458d960800b38a2277cbe610888cbd55910cc96f800204,cdfcbd49e4a764721f96f621540a8191ad620114f2da9d434b0e79ca9c3b0f96,L4_safety_boundary_difference,10813,300,0.027744381762693053,36.04333333333334,279
Alpaca2-7B-train.jsonl,19986,8f79974504c4f3774dd20d6fb27f34ecd93394b958b44ea13856062a5aba41ee,61ecd116ecc4f5a12b72b3a72103459d29744afe22d9661827bf4b2e590f4439,L4_safety_boundary_difference,10813,300,0.027744381762693053,36.04333333333334,280
Alpaca2-7B-train.jsonl,3397,8bd72bf044f10a3fee406dd33b8cd6da5e2dff0e7c74b9b5a2a794efa9a46ebc,5543ce311caddec9ac333701c5ef2428132766ed878a757077b13c133451b6a4,L4_safety_boundary_difference,10813,300,0.027744381762693053,36.04333333333334,281
Alpaca3-8B-train.jsonl,20076,fd58c62f0e15525483ece04f596b64e7d771898008e7b571e6402a619f36e1ea,d51b9e9ead4fabb37f3ba98c07b11c8e9fba0350a57f500d3bff7094b5148227,L4_safety_boundary_difference,10813,300,0.027744381762693053,36.04333333333334,282
Alpaca-7B-train.jsonl,24408,5771ad9521afb2aa27c4c14aba0fefe181278d26b7044b5817220c8b431ecc00,2ff91477b24be352acf956c299bd2ce82492844c5885e32669f4eaf076cc3518,L4_safety_boundary_difference,10813,300,0.027744381762693053,36.04333333333334,283
Alpaca3-8B-train.jsonl,10873,065a9d45d957f644fec7279a0913db92533606ba43ab6ebbe0a75e52040a6199,df616738f99ee21b4563f9da3e94acc7666912ea4b5beaf7060241115a5ccefe,L4_safety_boundary_difference,10813,300,0.027744381762693053,36.04333333333334,284
Alpaca2-7B-train.jsonl,13145,a43608bee28f24e55b357329983e9ffe16b363d8a894f625cbf1430b8c66e0b6,4bebe9220c809cc1ea921bd2a680473ea33f1e067b9626b720f818327f97b365,L4_safety_boundary_difference,10813,300,0.027744381762693053,36.04333333333334,285
Alpaca-7B-train.jsonl,8073,378c188de046546ca65e4bccb287ba19113809b871f9df489e043f8a32378416,bf22f3834ed5d94e1ae89762be325dfeb47357f05fcb6e515e05d43a42ffd537,L4_safety_boundary_difference,10813,300,0.027744381762693053,36.04333333333334,286
Alpaca3-8B-train.jsonl,14843,3d38d7120114e9b300aafd3769d67037e844248131f7cb6f6114ea6d0d65d7d9,ee82cc8b1b1b75b5b8e77797103d85c6d26e6cad5ba7f9a861a4cb09f515d87c,L4_safety_boundary_difference,10813,300,0.027744381762693053,36.04333333333334,287
Alpaca-7B-train.jsonl,19148,219236df621dc657ec4428102ed1bdae4a1357885d807d60a129dfdf7cce724a,dbc8cee526472e07426852b3c39cc97650b72576e0683c41bec32e7d94810b86,L4_safety_boundary_difference,10813,300,0.027744381762693053,36.04333333333334,288
Alpaca-7B-train.jsonl,3718,bc315a383c99362d64e2d7ba4501cf14261d45882db1f9759fb1266ae9875421,6642eff304a6dd8affa3b12aabf6328b84022b58a5b39439e87d3b5f2e785b71,L4_safety_boundary_difference,10813,300,0.027744381762693053,36.04333333333334,289
Alpaca2-7B-train.jsonl,12568,d9066786a7bfe2e65e198d48290b5347fab38f0bbdaf467b718d6963e589739b,8a79f5f8969265542a84e4ed525af92056a19e226d9b8c0da1737c65a842c27b,L4_safety_boundary_difference,10813,300,0.027744381762693053,36.04333333333334,290
Alpaca2-7B-train.jsonl,9992,baa43a9efd2c100b3342fcbd020857ad5cf35fd75ff46b328f6b17bd87fb2ae7,4012058de9de766cb13be363fb3a47dbb5f80a2d94af495e092268523f37542b,L4_safety_boundary_difference,10813,300,0.027744381762693053,36.04333333333334,291
Alpaca3-8B-train.jsonl,19560,b9dd6ab9a9c79d2dd740ef25e9195195b72daaec4d72ea0119621297ec0cfb67,e2304feef01424558548dc1bb6987ad08cf6eeb41355ff640fbe95cb3a449785,L4_safety_boundary_difference,10813,300,0.027744381762693053,36.04333333333334,292
Alpaca3-8B-train.jsonl,11008,f1d30414080261e48f3aa323fe744136e73aa864100647531cf8a7eb6e311d51,0f1a530c9fe1f6ae8647aa68af22eac9ba3317e588947208294fe2eacf8667cf,L4_safety_boundary_difference,10813,300,0.027744381762693053,36.04333333333334,293
Alpaca2-7B-train.jsonl,24741,04292f93b34e15c7287f53d40b4f9a36483a7cc0d0038d5563a8ddb30105f946,9b7e8675cc0245e9f7382e63fd2a624a463c3bd3c26cbbc725bc78325ae6b0e4,L4_safety_boundary_difference,10813,300,0.027744381762693053,36.04333333333334,294
Alpaca3-8B-train.jsonl,14342,602e8294d660951547e41385af19890e9bcbc4421e5873a4164b97f10fabba9d,0eb0a28694758985ccdd2bd449ec26edc6a428257fa7bbc5675b0f5223b5fa74,L4_safety_boundary_difference,10813,300,0.027744381762693053,36.04333333333334,295
Alpaca3-8B-train.jsonl,16368,a843153cb3ffd81557f13debd8e7e9ee5b714164811acb9f2cec265181043372,78ccf94a820c98ccf24a0145be9b5c8fd683895be5abd36791b3d21047aaa7b7,L4_safety_boundary_difference,10813,300,0.027744381762693053,36.04333333333334,296
Alpaca-7B-train.jsonl,19615,b3814d6b40d8098fbe7c0c5bb3f1b08c70d237b249eba14de49f84bcaab446b2,452798ef7842ed914fb557fe742c1eb13e87ccacec610228eb134bcf3288acae,L4_safety_boundary_difference,10813,300,0.027744381762693053,36.04333333333334,297
Alpaca3-8B-train.jsonl,59,201e703c56d237f9e8520f3a89236f3015c4be47e4792efef3cbc6c90cde8477,0c4140573a3310fcc81010c002caba07b3ae8e0ac9b86b8e291d4021bdda1a73,L4_safety_boundary_difference,10813,300,0.027744381762693053,36.04333333333334,298
Alpaca-7B-train.jsonl,15956,f597a9687e498ba29e6906c911214ae575a315fa79456767798353eacec1ab51,4c824acfed9fde6fe0932f4c33f3e7f4ecd5b2e05f2d2fb3dfaa4a1e26d541c5,L4_safety_boundary_difference,10813,300,0.027744381762693053,36.04333333333334,299
Alpaca3-8B-train.jsonl,20397,8a88a73bd8f7395f85826e570df5272f6b761716d0dcf9a0e81a57a68b79dba2,7ebb67eb1c76239e1a9d759845e81dfe2a7ff21aa2b37390ed107ab845892ce2,L4_safety_boundary_difference,10813,300,0.027744381762693053,36.04333333333334,300
