source_file,source_line,response_0_sha256,response_1_sha256,stratum,stratum_population_N_h,stratum_sample_n_h,inclusion_probability,design_weight_N_h_over_n_h,within_stratum_draw_order
Alpaca2-7B-train.jsonl,10612,8a0915c6d6820354f3e913f04b91f8016f3777dfd75c7abb48872da1b486382c,bd5162517e66ddf47948f209ef0e852c7bbd2dafd98c046aa8642463f8e695c2,L1_no_recorded_safety_field_difference,44325,1000,0.022560631697687534,44.325,1
Alpaca3-8B-train.jsonl,13319,49ba48727fa937434b5a0637443eeb08e510cceeb88abc91c08183784c8043db,880c75a35d109dbae5b8ded06a5b7af0de979058dac271fc2723299bf02ad746,L1_no_recorded_safety_field_difference,44325,1000,0.022560631697687534,44.325,2
Alpaca3-8B-train.jsonl,5007,b215fce6c09d62a48269e7051b4cb0cd44f0a60ede8bb4ea8c80b6d2b1428be4,c90c2c2e9f27a8b088613e55ebce4ddf978d066ce4c3d9455fc3d18ae2c78603,L1_no_recorded_safety_field_difference,44325,1000,0.022560631697687534,44.325,3
Alpaca-7B-train.jsonl,3893,d57bcb9e002afa8560e793dabd947140e495c90f4b250650ad8c67710abc83f1,4ceee5d88b073724bd86005367cd5713a1a4eacadf60a8bd247191972388e91e,L1_no_recorded_safety_field_difference,44325,1000,0.022560631697687534,44.325,4
Alpaca2-7B-train.jsonl,12959,df6245e7ca8932cd8bb7f07f3c67dd61dc208a83a86180c990fb15f2b6888ec4,d479186a7f04f945e8ee8104ec68f9d4d1760ae2207a11da4cf477dd2269ff98,L1_no_recorded_safety_field_difference,44325,1000,0.022560631697687534,44.325,5
Alpaca3-8B-train.jsonl,3351,968841b19682764a063edd1f8a0ad8aac6bb945ab433cd0aeab5568fd5623418,50b653596b25cc2201415e08d4c0d57a73613358f5ab63bab679fa0962512a14,L1_no_recorded_safety_field_difference,44325,1000,0.022560631697687534,44.325,6
Alpaca3-8B-train.jsonl,17343,bdcc4cbf32ba16b44a52ac8eaef5231e15278680c7d95c2ce3bcd3017795e028,1ff1084a45344d4f0b6f5ecab9837b5894d1e8e6cdaf5461ecdb7212cfcbd52d,L1_no_recorded_safety_field_difference,44325,1000,0.022560631697687534,44.325,7
Alpaca3-8B-train.jsonl,10334,72bf7a09555b23814a720af71049a41cbfec1f00354976e45e6ea228846f3083,5e66d6da62ecf061cb0ec9fd49d9a069dde36a05ac4a3c039dfbabbe2bd1043d,L1_no_recorded_safety_field_difference,44325,1000,0.022560631697687534,44.325,8
Alpaca-7B-train.jsonl,6652,7f9e122156e771359f35ad58ff3f2c4dca32656a08dbdafd57f37f751d10d14f,5941de232b3b3beb8fb465cd7aedfd892ab828fe9243789002ecde2b15e1a899,L1_no_recorded_safety_field_difference,44325,1000,0.022560631697687534,44.325,9
Alpaca3-8B-train.jsonl,11452,d773e95bc9e08a5e8eb7b3188147f90cee951208adbfc6ce165dfdca48cd4860,ce66bf137cb3c081b54a1ea54d4661d7bb9d179449b7ec750c379b3aeb828c36,L1_no_recorded_safety_field_difference,44325,1000,0.022560631697687534,44.325,10
Alpaca2-7B-train.jsonl,20771,8b6256053bf89200878cc1a92dbbc4c2e72fc759374c9df783e07fe61213aeb8,3821616b100e460c5f1aa78ae43ec0f356e7cd6413aba1e8a927ea0ec7bff3f4,L1_no_recorded_safety_field_difference,44325,1000,0.022560631697687534,44.325,11
Alpaca3-8B-train.jsonl,4382,fb2b830de314569bf19d63ba29c365b4722ba655e7d649cf35453bf43b08ab13,802ff7cec5ab5703ccb425611d1cb04b469b230e021f5239de33942ba08642d2,L1_no_recorded_safety_field_difference,44325,1000,0.022560631697687534,44.325,12
Alpaca-7B-train.jsonl,13206,f875ca66f17211c77b576afd487b21e28e9453beac3212379bc2def3276c4d20,993f9d370fc67f6e175d03c3d01ab61c5ef18163611d2dd630351db88fb72c7d,L1_no_recorded_safety_field_difference,44325,1000,0.022560631697687534,44.325,13
Alpaca-7B-train.jsonl,11650,628a78c8179cb947ea1121c2739b63898bcdee3283863370bef4e6052bd7e761,f0ef564d12e7650fb8cccecb257f2944ee261c96b54fd90618e36951a564f718,L1_no_recorded_safety_field_difference,44325,1000,0.022560631697687534,44.325,14
Alpaca-7B-train.jsonl,17219,9d6c7fae7874d31bae261263dd30d9fff3bca6534f7666427eb01f30b589f96f,7fccfbd2461a055d1c391bc306a003b4a83fda83db1ed928e426d7d895a9a201,L1_no_recorded_safety_field_difference,44325,1000,0.022560631697687534,44.325,15
Alpaca2-7B-train.jsonl,1363,0efb9b334f19c82e53bb37ac19aef515848bcd5d247e6c02c225533e99d12d9a,0894168d9b520a2ebe43d346b10d1600d380022c2ae0ad6bdfcd48d6f11cb4d0,L1_no_recorded_safety_field_difference,44325,1000,0.022560631697687534,44.325,16
Alpaca-7B-train.jsonl,4490,1be9bfcbd51f07014787a9e6d004f008f072bf17ff5c27bfd8a3b1e1038ea052,5724ec756864020fb9ffadbeef228edc19ce21ac89b59dcff24fbc01ca08b3bb,L1_no_recorded_safety_field_difference,44325,1000,0.022560631697687534,44.325,17
Alpaca-7B-train.jsonl,22349,1e84710475ada6e18ee7bd4c73f3c026f03d4208b1c40b325156ddf9a1e7925f,43bfdd13ab267c20845e089c4a54a066d57e77ced64a86f543e2d245269b1fcc,L1_no_recorded_safety_field_difference,44325,1000,0.022560631697687534,44.325,18
Alpaca-7B-train.jsonl,15003,cd503830b3523b7b876c1be17ebfb83d3e1e65a6c7c5471254ecf5976807026e,133cfa6fc0d2b7b3c0f9154a1255240448f22f897a0f2ccbbed1957ea941db69,L1_no_recorded_safety_field_difference,44325,1000,0.022560631697687534,44.325,19
Alpaca-7B-train.jsonl,1753,6618c9349fe70cce1fd1b03ccdbe08602a05b5171bbc8e827824da35b30e669f,3d1ac14bbd07817c843e4d952810e8cb8f5437450d32f8ea6281c716a731f4ef,L1_no_recorded_safety_field_difference,44325,1000,0.022560631697687534,44.325,20
Alpaca-7B-train.jsonl,25520,e43dd9d6a6af587a104b1f2dd21adacc02edec66942b478f7d82403eb22f5802,745c6e9affcba496d874d328318549ba39fb103e064002f8b89fbf4fdf81fa31,L1_no_recorded_safety_field_difference,44325,1000,0.022560631697687534,44.325,21
Alpaca-7B-train.jsonl,19599,80de3320fbf8b446ff3129f9fe83bcf8e6e19d88349e49f05d7b2f581661b183,6bf42f2e5d000296e1874793116ec6455922d4b55379039ed889c74b14831d06,L1_no_recorded_safety_field_difference,44325,1000,0.022560631697687534,44.325,22
Alpaca3-8B-train.jsonl,17041,dbd19fdbc2a73f28b1e22b12fc0921117e29c9162faec66904e50499def9770e,dfd7aefd8edbcd5e5d4ebcd165c6c6fdbcb120a7e1de6443a9c328dcbaf19a35,L1_no_recorded_safety_field_difference,44325,1000,0.022560631697687534,44.325,23
Alpaca3-8B-train.jsonl,18401,01405b6da366f180c61c3ff8f8b944656474f1007a63a1da8a916392f0554963,8a7a129e129e62005f134f83eeb6b68998621a20318ac78995fae8f68c660f2c,L1_no_recorded_safety_field_difference,44325,1000,0.022560631697687534,44.325,24
Alpaca3-8B-train.jsonl,2868,beb5de3db8fffcb6a2175c4b9ad754bc7be6c7dca510f0c920b18c7f6127fde0,4a70e8fab8dde7f2d89a8d199edb8fedd3767ed073438fed78ededed955b98d4,L1_no_recorded_safety_field_difference,44325,1000,0.022560631697687534,44.325,25
Alpaca-7B-train.jsonl,24004,13740236e9e8a7e984f1ea6a6a7d10d4ee48e94cbf686f3789f57ec7ae5efb5e,6fba680b647c102d0f8a34fa48a061bc864b1a6e7ab5bacf25ceff375caf99e5,L1_no_recorded_safety_field_difference,44325,1000,0.022560631697687534,44.325,26
Alpaca2-7B-train.jsonl,23820,b23b38da436f6fd39d0ff795b63ed1b8ac40e83851f2e81095acbf831e00a23b,a02b80a490a81a07d7e3415a88e18a69ebb30ed99014d8e94244a439277dc20a,L1_no_recorded_safety_field_difference,44325,1000,0.022560631697687534,44.325,27
Alpaca2-7B-train.jsonl,15601,0980ab3856021c26bc54a37c9183a9aa5bcf420c54d1d3cdb3f17effc6808af2,f515436511703c957521b6cdf4715db9c27d27571cbcb45454cf8274a787b7b5,L1_no_recorded_safety_field_difference,44325,1000,0.022560631697687534,44.325,28
Alpaca3-8B-train.jsonl,13994,0943ca5173a1e195c3605e68f85d3e0a63c823714b0441f53011cae3c631b58c,84c13be2ad94cc5eefa8f40b786f0a873fb52386c2a06373392549af733f129f,L1_no_recorded_safety_field_difference,44325,1000,0.022560631697687534,44.325,29
Alpaca3-8B-train.jsonl,4158,c9c9461abb8d1d86f8f6a9c96253425088752939db51cd584e82d9b6ce1dcd1e,e5382927d9a155b26c1e599395c7598c4fcf1183249dc2aa28d239a835ab2897,L1_no_recorded_safety_field_difference,44325,1000,0.022560631697687534,44.325,30
Alpaca3-8B-train.jsonl,14358,b89d8128af1b2bef2d2c406e1c15496a293adb479594b51f17ef3d5edccf9a9f,8d1533120c6e8b950bae597cbff8fcb75ebae7597ddea0d57a05787d89fb08c4,L1_no_recorded_safety_field_difference,44325,1000,0.022560631697687534,44.325,31
Alpaca-7B-train.jsonl,5754,2385126b79763c2cc3601ed1cb99d93e9137173b205f21354c62e25e762b58c3,417d825fe62ba702c87878f5596c8ff50da4db119dd2b7b3de309376f6324713,L1_no_recorded_safety_field_difference,44325,1000,0.022560631697687534,44.325,32
Alpaca3-8B-train.jsonl,3471,594e2bd9606e19a0b474b2e4d9139868b248288dbcbc019d3b78d58f1847aa88,75ab54206303f7ef27b7710aec68024da9d955de1633cdc873d90342c160153c,L1_no_recorded_safety_field_difference,44325,1000,0.022560631697687534,44.325,33
Alpaca2-7B-train.jsonl,13731,d87962da66c8dcd71339e514cfa6615def998aa0df899f13ca1f90275f82518e,bcb90537dabb282d0173610a43065b533e5b1435767b8a5794cfc6fa3135b19a,L1_no_recorded_safety_field_difference,44325,1000,0.022560631697687534,44.325,34
Alpaca2-7B-train.jsonl,2998,f81b3d3e84ea9de65f8b8b429fffb65ea9d7e3ded0166f131bb51d828fc61999,9d33d5454dc7acd179881615a3e4c7aaceb43cedb148c797b3f28ec36f23a77c,L1_no_recorded_safety_field_difference,44325,1000,0.022560631697687534,44.325,35
Alpaca3-8B-train.jsonl,12082,a93254dd0dd1f747a71f386c6ab9181a0415f368597cf17c1cdf44c1a7183543,7bfed852551d6a96a667e3f221605dc2ddc3e164b759851dbbd4b26112e9d6ed,L1_no_recorded_safety_field_difference,44325,1000,0.022560631697687534,44.325,36
Alpaca-7B-train.jsonl,15061,7efbc711786d25bba65bc281780bd06f93426022a6541395b6ffbc20597656bd,6ebd1b97d422b7e5b1f90975460c87723643187f65debbfa85bbde9d8857a4af,L1_no_recorded_safety_field_difference,44325,1000,0.022560631697687534,44.325,37
Alpaca-7B-train.jsonl,7687,78d41b863aa8b34e65d5036b4d848234dd8b0165e6b436969ddf4970200a8eb9,b552a7b030f7647d30cd285e8714ea95008772940233b481ad7cbd91d4f12582,L1_no_recorded_safety_field_difference,44325,1000,0.022560631697687534,44.325,38
Alpaca2-7B-train.jsonl,12204,ed7adf4bb79fa7d7b2aa05947b5965d6201557820aada77d25b378da9c7f1120,8a812217ae9daf3e749255011cc7efa1ddd6411513ae9d45e839dc8e63363450,L1_no_recorded_safety_field_difference,44325,1000,0.022560631697687534,44.325,39
Alpaca2-7B-train.jsonl,20454,4f426716a9ec26665e8919a013ad6ce1c07a6962fed125ee09f284b292761b5b,ebdd895d05be57f3095eb413ab3e8f379c5697672b932f154d1d7d3f74fbf3f0,L1_no_recorded_safety_field_difference,44325,1000,0.022560631697687534,44.325,40
Alpaca-7B-train.jsonl,10031,d417d20db37980cc8d6f3d8c49ed5f4ba9771ee68182a5964a2ce17642ff5d7d,1e5f704f954202126bfe012d4f90bf5b3eaee21636b012d07bb729e603f90657,L1_no_recorded_safety_field_difference,44325,1000,0.022560631697687534,44.325,41
Alpaca2-7B-train.jsonl,14362,488a37b684d4390daf0620aa5f7577c40621f468bdcb88b836d59447f15ee9a3,8362564e3eab99575eac4eb244222a1b17297e20205b3f5d92be4dbc6c0ef9a1,L1_no_recorded_safety_field_difference,44325,1000,0.022560631697687534,44.325,42
Alpaca-7B-train.jsonl,6288,4fd391c59fdae5cc958bc006bf59c6357301f3c81fc74d8f064b9e74fb1843f2,84f836d63eb09c0384a7f023e0fb88063983a7e97ff9e7c5e6e56af5602bee91,L1_no_recorded_safety_field_difference,44325,1000,0.022560631697687534,44.325,43
Alpaca-7B-train.jsonl,5249,108982ce5862603b537878f6d8adbc2c15c47bb1247eddb6921d3a597d6c57a3,91135710c26df28893ca56aefbf9ace2ad75eb7524da5db3d94e122809b5dca4,L1_no_recorded_safety_field_difference,44325,1000,0.022560631697687534,44.325,44
Alpaca-7B-train.jsonl,13899,bad24c164b3d42bd454e7d38cc35dc31d75715fc028ef7e6477106da03377b04,7bf154969dc10f1073cf11ff3c3a39129a51021184924c299ffb545cb9d3feef,L1_no_recorded_safety_field_difference,44325,1000,0.022560631697687534,44.325,45
Alpaca-7B-train.jsonl,12767,727eb248e5a0a9cb527d00bc60c8c6c3a0747466dd210a606dd8b6e32e5eda71,775eb905b97f11b6c6c1a8ed96b36bb4b1aec0a941a71a38c7737e84d1ff2ca5,L1_no_recorded_safety_field_difference,44325,1000,0.022560631697687534,44.325,46
Alpaca3-8B-train.jsonl,8839,1d5200f97aad21635fe9b3e7c0455c626ef829cee057faefa4efd99e576365d3,1eff44cd97705fc6df3dbda67c751959623a0ed37a2c06ca8c62ae8d2309a1b7,L1_no_recorded_safety_field_difference,44325,1000,0.022560631697687534,44.325,47
Alpaca-7B-train.jsonl,10729,6e117ccb91947c6ef3978ad7db8cce3ea8f552499db7a2d223734c32194f75af,e49d3137e9d6a0927025182ce9f126aae77147cd259d0f50cac0d4b6ed5b6aaf,L1_no_recorded_safety_field_difference,44325,1000,0.022560631697687534,44.325,48
Alpaca-7B-train.jsonl,11642,8fee304a10b684e420fbb7ab914bce31e214abde1294639ada900fdfb49e7568,f6104db65efc586e7d61d4b56c07a3c49364d9edf1b57dd7c442aea733e77b1d,L1_no_recorded_safety_field_difference,44325,1000,0.022560631697687534,44.325,49
Alpaca-7B-train.jsonl,2585,9ac2555d9697cfb93be2d2d0dc4e62b7879f97ca7e94af90916d0b068ea53b48,f3acc18b2d536bb5df39e7a220cf3b13b44b635fa225e18e93c648b6ff02d744,L1_no_recorded_safety_field_difference,44325,1000,0.022560631697687534,44.325,50
Alpaca-7B-train.jsonl,2149,d2a99f13c533900007493854449ebea6870bb9987a0d515ead5c7e36dd7e17f7,1c241b85e2a21c1a2d044b18d1398cf7d545385522e4e43ca51d61aebe1bd032,L1_no_recorded_safety_field_difference,44325,1000,0.022560631697687534,44.325,51
Alpaca2-7B-train.jsonl,17072,7a7d6fff12af8fcc8fe237b00d194b571e42928c20c07340e2ac718877d462fd,7312a9e51c506f120f94cb2e09c9ea32985913c892b08ea4798144feebaeb72e,L1_no_recorded_safety_field_difference,44325,1000,0.022560631697687534,44.325,52
Alpaca2-7B-train.jsonl,21391,b26bc7d0c51bb75ca154b7848cb8849ef0f0fff406883179f4230aaa67abe729,8e4b15c22d54ee34edc0a320168d4b749051c7932b60cdc190c1a01d04d67ea4,L1_no_recorded_safety_field_difference,44325,1000,0.022560631697687534,44.325,53
Alpaca2-7B-train.jsonl,7559,04f5c83ad0ede39f6f247d864cf2f8c0bc8350b428937314ae458f13232201f6,96aef8739da47874ea063d4bc4d3c184a21d485b2083ebfce75cf9654dc0bda2,L1_no_recorded_safety_field_difference,44325,1000,0.022560631697687534,44.325,54
Alpaca2-7B-train.jsonl,4797,f1af6ae1125e50d2a58395e005955bb110320cc7f1b1856afef8547d13c96f8c,c43faf06783b26e0391d86ae20818a32785036894d6e49f5d4c112b3faa50c23,L1_no_recorded_safety_field_difference,44325,1000,0.022560631697687534,44.325,55
Alpaca2-7B-train.jsonl,8431,2ab923577ec08eb22a154c3eb75a117da8cfdae9474e8f5265e37eae3c23eec5,176f0731e0c47b69972648a1ac1565c5b3b4cb43aeb5ec123447d94e5972ffc3,L1_no_recorded_safety_field_difference,44325,1000,0.022560631697687534,44.325,56
Alpaca2-7B-train.jsonl,453,8f1538d6a51118f0c683b44d3c2b8d1ce6e4ddd10ec10e8c45a90d25385b4831,ad3adf6be98965f92dfe9e1108a8c64a1ba26856ade427f9587c1d18622a3ae4,L1_no_recorded_safety_field_difference,44325,1000,0.022560631697687534,44.325,57
Alpaca-7B-train.jsonl,1554,571c75f3b363a2556bbef546164cbae55801072d13c49d0e81141c003b046116,730f20ffa95156a01628e1460cb7ca09e9ef2e222547ebc98e710577c72837b3,L1_no_recorded_safety_field_difference,44325,1000,0.022560631697687534,44.325,58
Alpaca-7B-train.jsonl,7969,39187ea4f9cccdbd875b495c0e0adf8b17d46ee844c21c878ab0f463d3e5144b,91712ec23d6ac9eccf182b2a6fb6fc50c661284e3f32fdbb22807c9920d16f3f,L1_no_recorded_safety_field_difference,44325,1000,0.022560631697687534,44.325,59
Alpaca3-8B-train.jsonl,12383,c4e251f38d60bd758c07a58a9247b52ef1368c3d5fd73e5a4e810bf78d7d1aed,058b9457c5a6fd5f2de09428f4c54dc00fc429f6a1558664bf9f9564e6d1d6de,L1_no_recorded_safety_field_difference,44325,1000,0.022560631697687534,44.325,60
Alpaca3-8B-train.jsonl,14457,54fab3f82ab8397383b5c45ad719e1b6832cff90f62c682ba911b0df82e97c59,a402371c34dab4e266517e85909d4e7d4f1b3c5eb163b21f72f5b28611d333f6,L1_no_recorded_safety_field_difference,44325,1000,0.022560631697687534,44.325,61
Alpaca3-8B-train.jsonl,14162,213b8911e33091eccdd81835de6deb6caefef94bfa37430a5fa9373a5109bcdb,cb2a881c8d78d76dfe07c6872734c04efe0fe0419fddab2af451f3acac46e04f,L1_no_recorded_safety_field_difference,44325,1000,0.022560631697687534,44.325,62
Alpaca2-7B-train.jsonl,24466,6b5a00359adb95f6abdb7500cf60cb236c01b8c7433b526d39460c3db31fba00,3b19bbc94ec4912b016a6a6b91ae6d8c790fb620872bfec386271b9d6fae38ea,L1_no_recorded_safety_field_difference,44325,1000,0.022560631697687534,44.325,63
Alpaca-7B-train.jsonl,24820,4de943d364c3e1ca3af641d3eeac31f84f74617f44ea5a8197da0e5235dfefca,19897deb03c124899005469b1116c914a442917559c2118f9b3a9550038489cf,L1_no_recorded_safety_field_difference,44325,1000,0.022560631697687534,44.325,64
Alpaca-7B-train.jsonl,8657,75ffe226ea620eb0d96e38b0cb16976c9321c51b7aae810259b28b11b0e63c9e,2af9792f20831331c19e4b165c00257ef3b965af21bcc95922de2860190bbac1,L1_no_recorded_safety_field_difference,44325,1000,0.022560631697687534,44.325,65
Alpaca-7B-train.jsonl,7600,dd90b117f80d1622fe25ba57de121e57c6a07a7047a4fff1a3db8e364a7677a0,de4a762f864cc94647db335f37afff5e05eb1367b2fd4c599bf41e8cae603f09,L1_no_recorded_safety_field_difference,44325,1000,0.022560631697687534,44.325,66
Alpaca-7B-train.jsonl,9618,9a1bb3f6abc89d5cc9a1fe915c34ac7fb41437df5c09cc7630e2f96b4754187d,d748dda3b9806518f81242bb9878467ff5c4ed2f78de25a3a7ce0bfd0679893b,L1_no_recorded_safety_field_difference,44325,1000,0.022560631697687534,44.325,67
Alpaca-7B-train.jsonl,2865,7eed7f64ce19d2828e09cca75666c3ee25f754412c90fd8e9397b38d5e514110,780aa0662a255b7435a830cb5a76eff20b87785c81cdca5272a1273cf05041f3,L1_no_recorded_safety_field_difference,44325,1000,0.022560631697687534,44.325,68
Alpaca2-7B-train.jsonl,17014,9b7b9e2a19957c1020ee2d9519728097b533586ad5d6e698185b42075eb8a95e,ae22433ded2947dc30ba4497d2241a1c98e2a3e6054ea4b6fefc283580706b2d,L1_no_recorded_safety_field_difference,44325,1000,0.022560631697687534,44.325,69
Alpaca2-7B-train.jsonl,24249,c13d442011c6a79dedd82e06d24697bd64f3571d9a83f8564df4fffe6d7446e5,3cbefe00369ef4c3affb0a428ff7c914de78d826ee73aa78b569d0c8d0762280,L1_no_recorded_safety_field_difference,44325,1000,0.022560631697687534,44.325,70
Alpaca2-7B-train.jsonl,20284,3c7ae08d1e6ab8699bdf14d8ec01237a9a8f80f7c05555e0e0f9dc909e821e49,918e8c753549c5dae5b2bd467204d3965d594dd1d1bedfc7b78831410e244e0c,L1_no_recorded_safety_field_difference,44325,1000,0.022560631697687534,44.325,71
Alpaca3-8B-train.jsonl,6323,2a3e9072ff04f48f054897703343544c257d70f4cb06e30011e386edde26e08f,adc92be178b7e893579a931ddab0ac8fd452b949316d7380bbfb6c0352ba5a86,L1_no_recorded_safety_field_difference,44325,1000,0.022560631697687534,44.325,72
Alpaca3-8B-train.jsonl,1882,86dde1b123221754027bc7fee5c1706061f90ce259aaefb19c2a1d9b99e3612c,65bf14db2ef0a6ef156cae5682d31af2c46d4960599088a45636f5ed18feffdf,L1_no_recorded_safety_field_difference,44325,1000,0.022560631697687534,44.325,73
Alpaca-7B-train.jsonl,10198,062d9586c2c6975f8d10c0e8c3ae71bd7e54f4cde258b3a51196c6f82d35d482,133bd824939d25ba9ceaec96c5f264e260b5499dd7e2115da10a631844c92da8,L1_no_recorded_safety_field_difference,44325,1000,0.022560631697687534,44.325,74
Alpaca2-7B-train.jsonl,6235,6a42dcd7c249c0dada920e6fa5ebefaaed26daee5dc4d9395f77ce97fcbadc38,7a05b4adaf70537199fc482b1f82e96711308ff1c21b218682426123322566b3,L1_no_recorded_safety_field_difference,44325,1000,0.022560631697687534,44.325,75
Alpaca-7B-train.jsonl,19986,a8af473969f6978a9de6abea29335488208b6e7598be6db8dd96cbd154bd4d3e,3137b32ef0db13923e18784d3ddade16beb5876f41a5172662293a3ba5b913d4,L1_no_recorded_safety_field_difference,44325,1000,0.022560631697687534,44.325,76
Alpaca2-7B-train.jsonl,17843,729c4e3f7f53f1b4b85bf6af33a33c7b18ffc62d80c233b0d6cb0557abf50097,87a069fac037507139b6ac6d7003b6bb5738f1b4045d50b49ee820f805e32602,L1_no_recorded_safety_field_difference,44325,1000,0.022560631697687534,44.325,77
Alpaca2-7B-train.jsonl,7700,dd4ea9bee2e8182abd53d7973e27095ffadebbcb7fab62659a39dd797db3e099,77ff191840bd2a61921ed699a4688e09195ef4b0fc4a405fdf7a61d0792027cb,L1_no_recorded_safety_field_difference,44325,1000,0.022560631697687534,44.325,78
Alpaca-7B-train.jsonl,2436,34c6850ec47725e3a0d096992f1d1e9ab3298ad8cfee7f7150c3c370f37ff1a3,813bf54c15e6d266824892ed13fb188dbac84e0ba3068381a9b17bc2d0d0a150,L1_no_recorded_safety_field_difference,44325,1000,0.022560631697687534,44.325,79
Alpaca3-8B-train.jsonl,17985,75fa3548643a1ccb49cea235a67e01e30ade9331026bec9adec331d5a1854751,c2838ab164510c6ed8cb9041bc497060c2fe5d8988b03d839acf2d9ab84da8a6,L1_no_recorded_safety_field_difference,44325,1000,0.022560631697687534,44.325,80
Alpaca2-7B-train.jsonl,3843,8303aa34ae91fa62cd09ec17032b1c0e2ffd9480626d949359a42b1c5b1608ec,725c4f4f36763d92293d5e5003b68e417f0512f8f4a502bc106506b034954957,L1_no_recorded_safety_field_difference,44325,1000,0.022560631697687534,44.325,81
Alpaca-7B-train.jsonl,25168,6de335e646b7f4b53f662c3316c47c8c14b5641984abaccdf0de9400cebad631,9ad3242bc7ac08b9cd1d0e50acf75eeafb55f8db69a4c090e4b75495813fe0da,L1_no_recorded_safety_field_difference,44325,1000,0.022560631697687534,44.325,82
Alpaca2-7B-train.jsonl,11233,212bc1f80d80038714bc28f4ce0cbd81b6aeb651abced290974e307657d2d5f2,180917374cc3336ce7e43136fdd96e48bdd5f403a9a238732a8f2181e3b49786,L1_no_recorded_safety_field_difference,44325,1000,0.022560631697687534,44.325,83
Alpaca3-8B-train.jsonl,13629,9ab94a1ccb22babeb14cb147bcc2e59b26221829c349bcff1aa5d19294da8b2d,4c165cd622503edd1ccdf90d88fd06dfe082bf02b224fb59a959979f74d8e87a,L1_no_recorded_safety_field_difference,44325,1000,0.022560631697687534,44.325,84
Alpaca2-7B-train.jsonl,12758,907f5831dcc7a072dc9502b7fd959f9e1d8849a98239f735c62f545ff95ba1b9,58088b4178a9441f7ebf3c73aa913329b7f79aae4077a16336b0417ea7621de8,L1_no_recorded_safety_field_difference,44325,1000,0.022560631697687534,44.325,85
Alpaca2-7B-train.jsonl,21592,56b8809b1ffa07d870207c4c6bbea5b420911138de4acc085955dc362b517388,a8a0c08217377b2181a69fcc76540f15561fe82d8ef2407e93da95d0724d335c,L1_no_recorded_safety_field_difference,44325,1000,0.022560631697687534,44.325,86
Alpaca-7B-train.jsonl,18716,242f2843ca572e239d06c051e2cfe7f09a7e129fa22655b20772a5ce3feb63f7,88a7486f9eadb1b363236f36349d15d564a12d0c647f0573d2b4974c4f6740d6,L1_no_recorded_safety_field_difference,44325,1000,0.022560631697687534,44.325,87
Alpaca3-8B-train.jsonl,2382,850454d4c2b3559931ba25b0ab47ea74e3e416c6cf6e9a302a6c40e2cc66f86e,74aef7ba2763d6208d6dfd4be5e8aa67492438dac9e8c8632b758e679f3c982e,L1_no_recorded_safety_field_difference,44325,1000,0.022560631697687534,44.325,88
Alpaca-7B-train.jsonl,25081,f1c3a5b9c6ec03c67536a2bb8f21dbcb8af14d76af22541afb7efc6f8f6b92a5,454ef59e351803f385fa4ffacfccf61be327d2a4faea50b4ce3af8276276bcdc,L1_no_recorded_safety_field_difference,44325,1000,0.022560631697687534,44.325,89
Alpaca-7B-train.jsonl,8366,31dc652af7767f715d2056e8db6f797196e5dd9d7267bd056688b8ce9f608874,429601eb8fc9a7543e270f7bcb5d917489d6ed37ab2dab67a7f679bf2001cf2f,L1_no_recorded_safety_field_difference,44325,1000,0.022560631697687534,44.325,90
Alpaca2-7B-train.jsonl,23389,d48a674a197d9162e5e8f2924134f9caa88a27209facd67028b9d9eac67b9caf,1268f71dc2d3c05beeef386372a52b12243e7c1028b6b9bd31337b104d35f689,L1_no_recorded_safety_field_difference,44325,1000,0.022560631697687534,44.325,91
Alpaca-7B-train.jsonl,25246,b392cadad75145b907de0428e04150b84c86d32ef8096a276bcb8c11a33244ac,64297f4d3789277a81bdb152a5a27d1856a0e41fa2f77372de7054ab5548b86f,L1_no_recorded_safety_field_difference,44325,1000,0.022560631697687534,44.325,92
Alpaca2-7B-train.jsonl,11994,4636e7bbc74bdca6f2490da015393365741e9c689c2b0f9d55866732d73c04aa,45882dec65f2a83d43d827832f5c010aa31477ba2b62d634408e1b2898934e9c,L1_no_recorded_safety_field_difference,44325,1000,0.022560631697687534,44.325,93
Alpaca-7B-train.jsonl,23422,2c2ebc5e4be5c5f8c1b991be1d8a67e01d78fa2a791fc824a21f927bb479a692,9beb3b6174e7fdc22426927acdd227a838e9e4bed2764f198a754ebe9bc502be,L1_no_recorded_safety_field_difference,44325,1000,0.022560631697687534,44.325,94
Alpaca2-7B-train.jsonl,5388,16e24622bea1c22ffdc10703f58c0c4d7e53695cb2ba07115aaed76638644349,be8e40477ed84f2dff0264083809c6d750372357a2fb077b2bdede5491a846f4,L1_no_recorded_safety_field_difference,44325,1000,0.022560631697687534,44.325,95
Alpaca-7B-train.jsonl,5113,517b99eb33f385cb641bfe6957bd43baa47501e1a131ee99b1dc37abfa1c982b,7d387d5f80374dde7f6f16f981388fa1147fe9527db382696903f867221beba6,L1_no_recorded_safety_field_difference,44325,1000,0.022560631697687534,44.325,96
Alpaca3-8B-train.jsonl,8334,f882a7d6df1180b2df0a705be64e8f50ed9a71961122b0c0c725e2676703d6f2,61e3b07cc0a3830bc3bf26d82cad4b6bb7e95d6cdecb9942b67f948d7660c2bf,L1_no_recorded_safety_field_difference,44325,1000,0.022560631697687534,44.325,97
Alpaca3-8B-train.jsonl,11917,6209e8f0372655f1e93446276f59b3725401a77542cf4cc8f278494de9b8bfe5,8f2c2309301be7a7989b58f1850e5428d9ffde5c3204928a65c1ffff29173aa9,L1_no_recorded_safety_field_difference,44325,1000,0.022560631697687534,44.325,98
Alpaca-7B-train.jsonl,8603,7b1ce37e3fb1098595a56838f31f78a49ef8a30b30e41410ed8db2d145d90bed,17c4a5e5d84c90482aef53232c3016a42ba87cfc1df270d500917da021cb588f,L1_no_recorded_safety_field_difference,44325,1000,0.022560631697687534,44.325,99
Alpaca2-7B-train.jsonl,5491,6b68f700acbaade3a9d9b248a78b5857a866367d6e11d0005c09c5c9718c7e88,7a6d6c4f5a5829a5af30b77b7972d6bc9b921aec4b89e4b097e26617d8ba1761,L1_no_recorded_safety_field_difference,44325,1000,0.022560631697687534,44.325,100
Alpaca-7B-train.jsonl,23278,7d81e61cd8ca1e7b3d800fd23563ebfa5245d7b80db33ca986f00509aec8f182,5dfeae0cbbf8a9dca9627705fd50338c25ebe8009f6d35fae4676967ba688268,L1_no_recorded_safety_field_difference,44325,1000,0.022560631697687534,44.325,101
Alpaca2-7B-train.jsonl,18598,87dc52ced9eaf6f1cc43eb3922f9b92fb04c2dceb036dbcbdcd1f22bf98b56f0,7f070ae56887a7a6d4b04d4efee22df849227c5ab2b9e29e07bd01044f673521,L1_no_recorded_safety_field_difference,44325,1000,0.022560631697687534,44.325,102
Alpaca-7B-train.jsonl,22414,c4a1d680ade405e9bb25091417db5cba707a12c662652201e420428e07551b79,991fe9906543f209d5fe07168490e9c23c6a12be24f0980fba997dcfc8a6d6bf,L1_no_recorded_safety_field_difference,44325,1000,0.022560631697687534,44.325,103
Alpaca3-8B-train.jsonl,13536,f2359121247b030ed72d1093c855bec4c9a34f7404a6abb375b655a604e9a47a,d3153767145bfdfd2960d3c0e3a130afbd4a600157b05f4c6af21db90704f1cc,L1_no_recorded_safety_field_difference,44325,1000,0.022560631697687534,44.325,104
Alpaca3-8B-train.jsonl,13251,3a5f7250f7839a514d8c6815ff43f1e8b391f643bb5a1830771f10b58ab0a29a,9b6e8b59bba2d58647f0651f7d3c93531cafa4349054eef0fb945bdac2d4e40f,L1_no_recorded_safety_field_difference,44325,1000,0.022560631697687534,44.325,105
Alpaca3-8B-train.jsonl,11537,6ba790b6536a98d0c993922671f24015f787782049a7835e676c5fd88180813e,3c1eec8b6e52584ec128a6442789197fb1fcc59b29ec85b6b274b517b0b1e774,L1_no_recorded_safety_field_difference,44325,1000,0.022560631697687534,44.325,106
Alpaca3-8B-train.jsonl,9372,43fc8b6815a7906a51a5e288255b75b3d664cbf3b8a929058c16bd054c4269fe,7f0abf8e940f182c42290a0672034ff0270953db482c9583d41000f39ce2d927,L1_no_recorded_safety_field_difference,44325,1000,0.022560631697687534,44.325,107
Alpaca-7B-train.jsonl,4403,5086d250957cfb31ed58e865e02054c47660d863e6159878df0ccfade58da2e8,9333d732a631d070152b46e11c0354781e379db908a96118e068e73f41dfdaec,L1_no_recorded_safety_field_difference,44325,1000,0.022560631697687534,44.325,108
Alpaca2-7B-train.jsonl,15546,485f242dc857712991666aedb961aadd7bd02a525e57c69ea810f162e7ce46cf,c2cb7c43653013513e149cab4010e3cb68173dc15afbdebac1102c9a2339ba9d,L1_no_recorded_safety_field_difference,44325,1000,0.022560631697687534,44.325,109
Alpaca-7B-train.jsonl,14127,f276bf9235e895c26d64f630a6bd45a3934498c46c8848db3fa0e1b4f1399fd3,86af219b522a0da12cfee1faa9e65d4c414443fa6f01430f737bc0d2acdd0bb0,L1_no_recorded_safety_field_difference,44325,1000,0.022560631697687534,44.325,110
Alpaca3-8B-train.jsonl,14157,91c8045ceb1852d909890f9928599a1f7dde7d27a5839194b13fd128ad94464f,9017d1edd3cd468700e84b795aee9e715be4a0b2f6007ce28b1f909073825f8b,L1_no_recorded_safety_field_difference,44325,1000,0.022560631697687534,44.325,111
Alpaca2-7B-train.jsonl,2928,c7e634ba7b0f3138f4115544ca9e229a34c46444b7313c6e38cae87a20d5c199,dcfbef5ce9b10615f00cd07d86246c10483f4f3f5c242af500c728f28c6bc54d,L1_no_recorded_safety_field_difference,44325,1000,0.022560631697687534,44.325,112
Alpaca-7B-train.jsonl,2807,b946333def0ae627b7810ea1d6a91b169b317bc2a06ab0978e6bbf47c355e63f,ba0a0612d13b5800892b2c9a8a19a1f1e8afdd70f928ffd5b94af614b23823c0,L1_no_recorded_safety_field_difference,44325,1000,0.022560631697687534,44.325,113
Alpaca3-8B-train.jsonl,16673,33aed0269cdeb127fecf2d1943bf3da94f3bec4cc4394d37c66f742bd66388dd,655ce0f03ad7709e7e26386aaa07c03f7c73293f2a4f58479157e053bd105413,L1_no_recorded_safety_field_difference,44325,1000,0.022560631697687534,44.325,114
Alpaca-7B-train.jsonl,14006,3579fb860b23a2acb6d22cd82c017d7e443c54220f4c9dd0f08d18aa29a55053,34d928ddf8be5d49df196b57169133330c48d1671415311602a791efc3b8cc3f,L1_no_recorded_safety_field_difference,44325,1000,0.022560631697687534,44.325,115
Alpaca3-8B-train.jsonl,15974,e80d9b5231de5f7b5aac21712699cec08c7032817015da068e2077c859fde8e4,5294ec9daf070572dbe521fbcfa4290254c20d95db2a2c4504d0e39de6381f84,L1_no_recorded_safety_field_difference,44325,1000,0.022560631697687534,44.325,116
Alpaca2-7B-train.jsonl,23409,6519ae88ec5f61fff1d1d4f2dba556fc40b76dfcc14a25d6443206a25f958b6d,f9481a5b436784db31370556787b7fc8fe52172cf72e1dc515d40bc69ff944c7,L1_no_recorded_safety_field_difference,44325,1000,0.022560631697687534,44.325,117
Alpaca-7B-train.jsonl,13292,e404f9f80b78246524c22f037289ddbeae76dddc078ac92991f1d8ccaa615c3e,c01f2fa8fc77720a5aacd61b61892b40947512dc18cc7aeae1196e78f2eb2518,L1_no_recorded_safety_field_difference,44325,1000,0.022560631697687534,44.325,118
Alpaca3-8B-train.jsonl,15052,d6835b468160da322bdc6816a32ee1820974e4c8a6530daed42fc1266430a051,d655722b957aa01f7fcc64130b4229028d22f2d46b1dd27e7a1f9dd2f15def8d,L1_no_recorded_safety_field_difference,44325,1000,0.022560631697687534,44.325,119
Alpaca-7B-train.jsonl,15398,ec1cb2918a1fd5cee27e11824f8b5752e0be542b7ff526473e670cdf414e571a,9aab6c43c1fd8ccbc508d09c0def7d69af52af12e65db6fcd9f41cdb4fb141ef,L1_no_recorded_safety_field_difference,44325,1000,0.022560631697687534,44.325,120
Alpaca-7B-train.jsonl,2828,ca32d084ab1014a3b797c44ee803febd9e5898165da158dddea5b67f5074d718,46b50a7caed198fc885c392ca4408ab35e33290f7c5ce11f82ddc6f297d20738,L1_no_recorded_safety_field_difference,44325,1000,0.022560631697687534,44.325,121
Alpaca2-7B-train.jsonl,973,deb5d39415f47cff9a8c462dad57b5ef2d99c9ac399bf305daf12655912d48a4,5f30cee7a4c6931befecee3b1f9a2059cab441b3486801e5684ca118b393049d,L1_no_recorded_safety_field_difference,44325,1000,0.022560631697687534,44.325,122
Alpaca-7B-train.jsonl,10873,0b24978ef88c91d02dabf889996574e080eab7373bc65cb8641897f30680ad32,d40ff257c4bda6f027ffc3b12736d82489e9ebc682b4e149071aafc4449bed4e,L1_no_recorded_safety_field_difference,44325,1000,0.022560631697687534,44.325,123
Alpaca2-7B-train.jsonl,2832,a6972f6bcdd5184a3de2c490e70320a176fe70c0d48e78de328b5ed18bceff88,1f9034552fb173ebacd83c6ffa5d87f9b3504aa084c9c4b3891875ef9a19cc34,L1_no_recorded_safety_field_difference,44325,1000,0.022560631697687534,44.325,124
Alpaca2-7B-train.jsonl,18581,3abc3fb7fefdb6b1ca6c41e01757ea1edc6cf6b96060d3d2ad72d06e1d7b16c1,078a5f75f2503aa2f786e57305e5c67e1c00ad850e8345595fe3e427a6e6bae7,L1_no_recorded_safety_field_difference,44325,1000,0.022560631697687534,44.325,125
Alpaca2-7B-train.jsonl,23262,87ca28d979f96f29f88d400c7fc2d0152f87ed566751f7e12e72c6b7f4ab0e1f,e52ae7197809e90865506b232a4556e280b1f95cda0549d81d7c59ef58b12fd0,L1_no_recorded_safety_field_difference,44325,1000,0.022560631697687534,44.325,126
Alpaca2-7B-train.jsonl,13234,ccd3aa6daa185ea8db9401e82d5dd83c2ab970dae0adb869be7c0b9c3a55d5a8,f9a185bdd30a81d75f6ef0fb61c90c41f3448266b453e3eecf05f2a968b59439,L1_no_recorded_safety_field_difference,44325,1000,0.022560631697687534,44.325,127
Alpaca-7B-train.jsonl,21208,4ba426037e6745d23b53035d2c5272889cc1fe21f2d5a7908708305a7cebfc39,8dbf4b4e253a44606445af3842b9af6e3343ece0ab4b04db8285f1d752967ba2,L1_no_recorded_safety_field_difference,44325,1000,0.022560631697687534,44.325,128
Alpaca-7B-train.jsonl,14523,418ce029ada6c53536d078e7ee99db7f0ed779b0b8842116115a4eae4ab4d04b,805266db000ba84195501936557a707b2b6d8febf4be47d28034711c9eaa7bf0,L1_no_recorded_safety_field_difference,44325,1000,0.022560631697687534,44.325,129
Alpaca-7B-train.jsonl,5353,51dbccf0fda3097784007d5010f48f034875ce8fda2113c74bb4e09d68dd16b5,8a2976b534d1a523c841d7e9bdef0c056f515e6af0890ffc7e84dd80e7501b19,L1_no_recorded_safety_field_difference,44325,1000,0.022560631697687534,44.325,130
Alpaca-7B-train.jsonl,11168,b2f2c4789857fbaf4fa8ce6c6a4b818bbd6bb625609ac73882b942ba253c6834,90ab6a0f84cd1c781ceedbe52790327dd58420cca411147b5f75ff115d8db617,L1_no_recorded_safety_field_difference,44325,1000,0.022560631697687534,44.325,131
Alpaca3-8B-train.jsonl,234,0186a290e5bbf0854d04a15c3bfc01744049d00b5767edcea1524b90926f636a,b0631fa8efc9737f0d76b2655d6a5e9532aacae296ec863a682359042972f95f,L1_no_recorded_safety_field_difference,44325,1000,0.022560631697687534,44.325,132
Alpaca3-8B-train.jsonl,12916,bcab15b9a03fff854e0f3ac81328e0999ae4df22359ddb85c59c6bd406a8b700,1ba04f43b7bfe25a74047596f35b1408fb014478f8dca36da73efc906a1d3d07,L1_no_recorded_safety_field_difference,44325,1000,0.022560631697687534,44.325,133
Alpaca2-7B-train.jsonl,18185,ea5399ec5df4682df5d24e0cbc86bdc8084a7269e7e8c4a404158f5813aa3f08,d6154925e9356d597f1a52f4b4c086111ad3528ab7ff561c7d8332f6c2b77957,L1_no_recorded_safety_field_difference,44325,1000,0.022560631697687534,44.325,134
Alpaca-7B-train.jsonl,14470,aa4977c3deef95d5173d4fb325324ab91ae9eb79b61cb3f11da7741175e73eac,4e15fdd24a3a2a69c1ea5c145f9eac5af31c70fb7acd8b732560708b1d3b4aef,L1_no_recorded_safety_field_difference,44325,1000,0.022560631697687534,44.325,135
Alpaca-7B-train.jsonl,8598,0def02aa09a947f772031bc05c6ac6ac3b4efe7a584525192551621d26de1c44,5349fbe70ab121c07ab9512eed34156bc233af85b9590aa2d649c58d9f57054b,L1_no_recorded_safety_field_difference,44325,1000,0.022560631697687534,44.325,136
Alpaca-7B-train.jsonl,12092,81b94afa6d4ccef164d3771f131938eecc128a0a99e5d9589232e2f5256fd309,f830198e2a42499a9737b526ea2ef3d3d51712be6b83a4e510ff2ed568188197,L1_no_recorded_safety_field_difference,44325,1000,0.022560631697687534,44.325,137
Alpaca3-8B-train.jsonl,12414,193e2838a6938a424070b748040a7ad3fd28202dc571d5453799f68456e9ddc3,9909f7bcae7cbd8853e840a6faf319c19139117ee30f7821831542e0f9fdf981,L1_no_recorded_safety_field_difference,44325,1000,0.022560631697687534,44.325,138
Alpaca3-8B-train.jsonl,6388,a3d0b4ad05bffa944cc9183192e8dee6a2ab0f192032feecdc692c0dc7dd04ce,69f48f7b1248524954b1dd3f661eab2707264595e61a8347eb77de608e37e4c8,L1_no_recorded_safety_field_difference,44325,1000,0.022560631697687534,44.325,139
Alpaca2-7B-train.jsonl,19727,421d9c78fd6207717ea486f48adb847565efe8b1eb6e9610168b441d72851c26,38bba3021c2793d5370ad0f07c8f5434fe513be52a6e220cc8f0d1f16e9f5110,L1_no_recorded_safety_field_difference,44325,1000,0.022560631697687534,44.325,140
Alpaca3-8B-train.jsonl,15065,8026408cebdea7a6f1191fea037385cb43102d65f58cec254a51ce5922e9ddbe,5da4761345c46a06ebdcc69e66d72fbae09e63d2367460481c2e1f5bddce84bb,L1_no_recorded_safety_field_difference,44325,1000,0.022560631697687534,44.325,141
Alpaca-7B-train.jsonl,15986,90c439ffedae7cb8a81c394539efd5a92c5eba5edf292bd0f1c77257c053828a,f63d4765d07a319516dbc46c1959a426acc0fdae9fc08504f0c8ffffc9c3f3cd,L1_no_recorded_safety_field_difference,44325,1000,0.022560631697687534,44.325,142
Alpaca-7B-train.jsonl,14162,f88056e605d98be231c1cdc7247f40f507534d6c1252441f458a5580837d5d77,32fe1b2bf91c05b2581e36dc75a3e23f0f95416a98c42ab0fedd53640ffdf375,L1_no_recorded_safety_field_difference,44325,1000,0.022560631697687534,44.325,143
Alpaca-7B-train.jsonl,1927,036ceeb4821af8229d8868427317291eae1e64e2f4d26b9d85f554930fe798ec,98987b246b83fe8c8c71797b35611dfae22cc9ed3758de61c563383f2539ee61,L1_no_recorded_safety_field_difference,44325,1000,0.022560631697687534,44.325,144
Alpaca3-8B-train.jsonl,16754,0c505cac07abdd83e21da0cfd30bc2e5b7420c9ccd626f1f805026e8cef24589,beaf9626cd7c26e39da29f7fa9759dde6e22a72b46e5f58428fcb0b6260bc396,L1_no_recorded_safety_field_difference,44325,1000,0.022560631697687534,44.325,145
Alpaca3-8B-train.jsonl,8226,41c8cf4ecc0092a26dcaf7b5f911da5cd0cb3bcae6700021175885935c1c7c3b,67e8ccebdd42ced03b0a8aa1d5240bbd0da530a69374a992c009013faff34768,L1_no_recorded_safety_field_difference,44325,1000,0.022560631697687534,44.325,146
Alpaca-7B-train.jsonl,25448,a89c5ea4ce37045bd951009d418b2a3ff1605ecfe07dca4e55f6769a6ef5b695,b51f4e738897913eb1b16f935c45ee3b7ecbce680aa724656f51f84837b623fc,L1_no_recorded_safety_field_difference,44325,1000,0.022560631697687534,44.325,147
Alpaca2-7B-train.jsonl,9882,87010fa48943933f16b40d1d4861be70eb4bfaf4ab8acb208190671443db039b,cd33474acd4c6d6a39547b917c78cd53df3be8641380efda217ceaeebd78ad97,L1_no_recorded_safety_field_difference,44325,1000,0.022560631697687534,44.325,148
Alpaca3-8B-train.jsonl,16525,df1a24914bdf457e55e39ca920e5b6307a9fad34f1ce858c7eedeab17c1186ee,2c4f461cc069120968affe8755b9c854cddb5c822925d67de8e959c2403764b3,L1_no_recorded_safety_field_difference,44325,1000,0.022560631697687534,44.325,149
Alpaca2-7B-train.jsonl,2139,7b33fd63bdc97ac6577fb041789e690a2a57ef60e1c4fe7f9f666d733114edd9,0cf7d5b21da6c0d61c56e52da262b7388d7cda3ea6b34096c3c632c0bfa1524b,L1_no_recorded_safety_field_difference,44325,1000,0.022560631697687534,44.325,150
Alpaca-7B-train.jsonl,14736,b8cbf244917e85ba1c43f8a7f2721cbb97065b3f0639873ae74e2d28691a63c2,752a9bc6d6370ae8c0fe0ea847147bd8f3116deeb0fc05e3895f704256d1c836,L1_no_recorded_safety_field_difference,44325,1000,0.022560631697687534,44.325,151
Alpaca3-8B-train.jsonl,4517,f52235b18b8ad1eebeffdbe8b028fae74c368d7b99ac15ebe1f30951096efe51,990eb0e728871980b249706d6d58c7b0d77502530a2bf76009df1b066e985483,L1_no_recorded_safety_field_difference,44325,1000,0.022560631697687534,44.325,152
Alpaca-7B-train.jsonl,21669,b2c15aa9a66d1b95f9ce1dac37849cf9571529b43b45f11bf2365d8ebeffe364,f0698461f5cb84a507fd8758455b3964ba9052acb4786fcfe57260402485eb37,L1_no_recorded_safety_field_difference,44325,1000,0.022560631697687534,44.325,153
Alpaca3-8B-train.jsonl,8985,7abfccc2b66f8b001ebbe7e1bd47a623003846d4228b74b99e00284001d43484,db43d4ea4de9171a7fa484ab3f29a447830db4a11251f6a8baaeaf774f2d8e8b,L1_no_recorded_safety_field_difference,44325,1000,0.022560631697687534,44.325,154
Alpaca3-8B-train.jsonl,4566,49ef15559c527130135cca391bb86de661835d31266f29228534deb33d470ba2,16ae273701fcf4160d04b82c65e211a6d75851c523890c3796ad625fdd27d342,L1_no_recorded_safety_field_difference,44325,1000,0.022560631697687534,44.325,155
Alpaca3-8B-train.jsonl,15130,c08a6fc311679ef2aced9e54f8ddc3f8b8fd52e00b3b770f9c2dd99ee6bbdb97,9b956d85472d8d12129c1b00348c9a7dc914915143882f9aa2e6f6ce83696aeb,L1_no_recorded_safety_field_difference,44325,1000,0.022560631697687534,44.325,156
Alpaca-7B-train.jsonl,1654,5d98967a783dd193467ea964243329c3eeb8401e85deb26e923e4f13f94bd5d1,022dfb4e22ddc670171c17d6eef61339be42cd2c37c9d4be31d41bb20f7e0160,L1_no_recorded_safety_field_difference,44325,1000,0.022560631697687534,44.325,157
Alpaca-7B-train.jsonl,4400,bb2172f9a4cdb0d828a1b6bb9178362c51b144843c7ac49e21b7bd45beff34ce,070d706c2659bc19a0f67924b90a4bb1903c530f0bf982c22de68841f34e4d07,L1_no_recorded_safety_field_difference,44325,1000,0.022560631697687534,44.325,158
Alpaca2-7B-train.jsonl,17240,75145b5ca657d00f71fadfb84f170b5ebd6c099d195e639d97eaa2ae6be7121e,5677a90e03c5a8f8d46b18b1180e3d087582788504685945ea04c4a8f7aba4c8,L1_no_recorded_safety_field_difference,44325,1000,0.022560631697687534,44.325,159
Alpaca-7B-train.jsonl,19882,2777809deef934b26987bd9dbb1842e8df3ea5c947e280f42b76c48198c15c25,8a5d03164e0a02a2f68681f60eba01dfdd54221bdaa4406cc51741d8531239fc,L1_no_recorded_safety_field_difference,44325,1000,0.022560631697687534,44.325,160
Alpaca-7B-train.jsonl,19641,b9ea85eef27f90c8215b7715a62d7d7ab94be72e003436cf4a8c2ede2e59339d,8c50323cb55b416ac8e44bedb8a1b4f05541ba6258f263eec2f655f76b7c2c21,L1_no_recorded_safety_field_difference,44325,1000,0.022560631697687534,44.325,161
Alpaca2-7B-train.jsonl,20961,62df29ed3d08784828dadc74a8aed2c5973693bd4659bc416c022f4530dae7bb,2096d9deb23c5eaf35d4fb85923dc0a5ba2bb4f1dfa49c1f25fbf9c0f017a318,L1_no_recorded_safety_field_difference,44325,1000,0.022560631697687534,44.325,162
Alpaca2-7B-train.jsonl,895,f4abf485432212857a256e22c719c6645d004f95a74054c4722bdc470091657b,bfbef3e0dea56bd72790bb1b5918655bc697b0adf53da1feb543ef1eecf4520d,L1_no_recorded_safety_field_difference,44325,1000,0.022560631697687534,44.325,163
Alpaca2-7B-train.jsonl,1690,f7a82ad407f86c7ff5f95dd9ec5d15cee6610fcb6a7644eb9b3a90ce16a6570d,4f8a7d400ff35524090d7fb56a3b4676b1b5b246b9a7c20fa00f68f0bd8e5bc0,L1_no_recorded_safety_field_difference,44325,1000,0.022560631697687534,44.325,164
Alpaca3-8B-train.jsonl,6824,e2db6f450fc1396e2d86b87d7ee080bef68db9f739bbecabeaca33c5647dc085,761d35ea52bb7e2117aa3ad3f001556399207468d92680203c10b0422c3dfc16,L1_no_recorded_safety_field_difference,44325,1000,0.022560631697687534,44.325,165
Alpaca-7B-train.jsonl,26355,a3908c4480decfc38fe77cb9423e343ef6abdb9f8b7eec424493fb3d9be52ae9,27ec7456c910cbf842ad5b55838d50fb6a4d1a9b53e91334f131b58603fae590,L1_no_recorded_safety_field_difference,44325,1000,0.022560631697687534,44.325,166
Alpaca-7B-train.jsonl,23509,07029957047527bac95ba1c998987ab577704b3b8bb4dcb7c392e9a7bd7ccdd5,067913dba7d0b9841f5161d1249faf6b49d280d55c7537eedb51c883e29ae938,L1_no_recorded_safety_field_difference,44325,1000,0.022560631697687534,44.325,167
Alpaca-7B-train.jsonl,21358,9004b6ed800132337676431488e757d7af67cb5876de314cc9a9b1f2ae56c267,2f283ae45459a3f32b640fa6eabb8cd042f6d88fe44eb28a76455a0169222bc7,L1_no_recorded_safety_field_difference,44325,1000,0.022560631697687534,44.325,168
Alpaca2-7B-train.jsonl,11470,c85117fdfd9d5a41b9e01a6f8a644e0d290b092e9ae61be4b025409125d2c43e,47ee63b17c6de5e24e713409db161b09bcfbd9a3b7480d2aea88525ba3d6e17c,L1_no_recorded_safety_field_difference,44325,1000,0.022560631697687534,44.325,169
Alpaca-7B-train.jsonl,25684,69352433520be3223822f942de192a577354871c4f28a655e9e94128d3c01aa0,577c636b0a8880b9b4d114c01f29a1314ca2388bff69e6fc532a4a203b4ed740,L1_no_recorded_safety_field_difference,44325,1000,0.022560631697687534,44.325,170
Alpaca2-7B-train.jsonl,12113,d15921b22a41b1af878e6bd03949a2ef2d15023472f086513767fd668f89b6c5,8ad67a17ca79cee2ad5a137de8d79e8b64aeda57930b0f818cc8b3da84287444,L1_no_recorded_safety_field_difference,44325,1000,0.022560631697687534,44.325,171
Alpaca3-8B-train.jsonl,3220,2be90e196a0ad695bba6f39d137145cdb378dae6b50676bbfb8748cc325a99e1,dca1d69863342645a5bc493ae79154fd00a0360a36a27dd5ed069ebb08b5aedd,L1_no_recorded_safety_field_difference,44325,1000,0.022560631697687534,44.325,172
Alpaca-7B-train.jsonl,25952,a7d72fae11f097105f897f2c9ed24bec0ba2c4c9e6cf0b19b152a17cc4688317,0a5d6f917e7f76a7a824e57088b3e3c67a927a23aa79fc66139b59bd31353a15,L1_no_recorded_safety_field_difference,44325,1000,0.022560631697687534,44.325,173
Alpaca-7B-train.jsonl,2687,020778bb87563636f5344cc47e4cc9b188b0769b00f7dd46bfc68da3bddbb4f0,f503d2b5fa537c00b36979645d39d51b263713a65c02e8e5dd280224f03ac11b,L1_no_recorded_safety_field_difference,44325,1000,0.022560631697687534,44.325,174
Alpaca3-8B-train.jsonl,4832,6b618e92589e4d6b6f1fd30a86cc30c08da900e504146c42e73cf6d7a7a4aa8d,5d4de1b76bb15ae2c153a2a5c6be8742649e254bccf5f68f691cc7cf5cf07d66,L1_no_recorded_safety_field_difference,44325,1000,0.022560631697687534,44.325,175
Alpaca-7B-train.jsonl,24552,ea6286971fd07ba507bfd9542ea1cbabd2fa122c9db2179d755b37d6c12d828e,4956e398711f53a3b95d3b185854be29c66f33fc1017101472186ade68fa9743,L1_no_recorded_safety_field_difference,44325,1000,0.022560631697687534,44.325,176
Alpaca3-8B-train.jsonl,16026,11bf2f75fadf6f5cc5f9bed376f71cb9cd8ae1661210d073c6b6dc0a05d25dc2,e14c8d8ece5b2496930a3fb9ef251c5a3dc6e0a5ab7d2130f18bfe9f66923aed,L1_no_recorded_safety_field_difference,44325,1000,0.022560631697687534,44.325,177
Alpaca2-7B-train.jsonl,7588,15582ed0152f2acc07e8d03e03cb02b50ce756badb07efde89cb29969e4170bb,1efe75a164f6f26d3e9ef6d1b9e31ce85f8b9344c21fb82bc351558dcf8ae9da,L1_no_recorded_safety_field_difference,44325,1000,0.022560631697687534,44.325,178
Alpaca-7B-train.jsonl,4303,df73ccb71ebf87c843b68c1393438150eb25deacd647875b274e768da07aa295,7474587f280c1ee8a68ab31ef393672cfca11b8e036e271a0ae908fd082a39e7,L1_no_recorded_safety_field_difference,44325,1000,0.022560631697687534,44.325,179
Alpaca3-8B-train.jsonl,12305,f3880899116ffead2f7fe08c590cf25ffb76076055722a6a7d5587282859f11c,df775cbe9f96be2fb24bd979d2a41208a38d00b8734012772b7df9b1fedc7a0f,L1_no_recorded_safety_field_difference,44325,1000,0.022560631697687534,44.325,180
Alpaca3-8B-train.jsonl,14623,42c54dc887896fc59da9afab5e2e5253835b31a48937cce74e682e3d88ec3621,ba7eb295148de93079b9d9d58203c037279fb00dce6c91036981a77e69d7ee5a,L1_no_recorded_safety_field_difference,44325,1000,0.022560631697687534,44.325,181
Alpaca-7B-train.jsonl,11775,9a23fd726784563afc84afe655e851ab314be507de81fd8c64151d5402b842bc,9f77dcc24228043ddba0c749d881b10cd6b8acf4b77c187ff11ea9aa7490bce7,L1_no_recorded_safety_field_difference,44325,1000,0.022560631697687534,44.325,182
Alpaca3-8B-train.jsonl,10239,c78e670c3a3540a98448f760e623fd58f16e01edc2adb121a7e71dd40b274a3b,6f2fa24b79c0e411e7a3e7ef6c003802bff603df2db157137b8abcf12dec791f,L1_no_recorded_safety_field_difference,44325,1000,0.022560631697687534,44.325,183
Alpaca-7B-train.jsonl,12760,1e97e27ec9e024ac813b623aefc9d0169546fcb8d086e129e3c032ca57a571d3,24d6864f46060c4b1f019f21e1ba833c4644ac06516f21425ca62aaa44adfbe0,L1_no_recorded_safety_field_difference,44325,1000,0.022560631697687534,44.325,184
Alpaca2-7B-train.jsonl,2991,86bf1e36c420af44999ed1b89568c1dba3296b2f5b862a77d5586c51c9c71c30,8f0f3d082004fc5da103d721948851e3bfd7e745f763094b4730479325b9e14e,L1_no_recorded_safety_field_difference,44325,1000,0.022560631697687534,44.325,185
Alpaca3-8B-train.jsonl,6747,090dc057a7ddba0767bfde6d60e15d8e87a7e0b27276d4cb702a093905b5f2dd,9139ff628a6369f18c9dee0d5c7acc6a2971169c8ef8a1b0bb1ffa13de6bbcf8,L1_no_recorded_safety_field_difference,44325,1000,0.022560631697687534,44.325,186
Alpaca-7B-train.jsonl,15887,a8a21e0c329bf7d572f04d9fc54dd89d0ceaca088c8029844e98e4be3003fdf7,0863641c9e4e379a4004cadea682e946b48e2dda89c697d4c26b385788759235,L1_no_recorded_safety_field_difference,44325,1000,0.022560631697687534,44.325,187
Alpaca3-8B-train.jsonl,11645,5217de0b9f43bc1fc57c2ef3d6ee8920a2c91989cba72b9d705f920ce9fac06f,ab71834fe59263e4310c1f5ed1d319273a3f3c5665c927e747aee81d2e9067c0,L1_no_recorded_safety_field_difference,44325,1000,0.022560631697687534,44.325,188
Alpaca2-7B-train.jsonl,15881,e0ea3cc7743ea441eec98e037affda10f2bbae2804588adf274fec94ec983533,446f999e26b6ccccec88ca0c142e7e36e2ba057cb078e25b97c5799625f05725,L1_no_recorded_safety_field_difference,44325,1000,0.022560631697687534,44.325,189
Alpaca2-7B-train.jsonl,2521,e7970e5a4aed54f2e1c30d2f1c6f36dfec0e1fb714d155c8ca6b62399547eeec,d2775dfb9ae9d61032147c8565bafc7cad804394fb05f97fe1215fa87c7fc54b,L1_no_recorded_safety_field_difference,44325,1000,0.022560631697687534,44.325,190
Alpaca3-8B-train.jsonl,17577,50d70581aaa1a74c6bf50198ccb99ec8e2672fdd866e238c65355308da0d3ea2,6eafcee714cd4ba358e1c15fb05d2faffbfead240bcc226144cc491d0a7fe1d8,L1_no_recorded_safety_field_difference,44325,1000,0.022560631697687534,44.325,191
Alpaca3-8B-train.jsonl,9045,123efae9163ff9e16c1e7ae13c87816a6c86058855c639e622f814f41c547ad6,3f372b621fb0ee491bd30ad1dcb3f3d30236b0aaceea81fa840af0126d7257a5,L1_no_recorded_safety_field_difference,44325,1000,0.022560631697687534,44.325,192
Alpaca3-8B-train.jsonl,15334,705d3671e546be7a70d861192736bab1f6224f7f3f4561656286a3ab30663c19,34727e006f019f7d0dbabb88ee376e449d4c4e2211da79520209bdb91fa5aaec,L1_no_recorded_safety_field_difference,44325,1000,0.022560631697687534,44.325,193
Alpaca3-8B-train.jsonl,10143,f52311d9e60c91baeb0353c98eb7195838d79947641b564ed0b72ecbe5e44390,79da6f3c8d0a69ac11f31f799d37d7f1038642bfef84a834b032bc95317fe738,L1_no_recorded_safety_field_difference,44325,1000,0.022560631697687534,44.325,194
Alpaca-7B-train.jsonl,16049,754d91cc7679b6f2dd35a9fb20e146ac7ad55040f6317fa68f9b7fbbd7857989,2ed13c2676ae16f2088b537b81dbffca488254882a95510e861562cda564b809,L1_no_recorded_safety_field_difference,44325,1000,0.022560631697687534,44.325,195
Alpaca-7B-train.jsonl,5402,1d62233c134ed82dfec9859bb1d0682dcb2acd25c220f0c52e0cb6ce34db371f,e7364a064349e072b375f26a47996737d353b4d77338e0008c5b49f5635e7c89,L1_no_recorded_safety_field_difference,44325,1000,0.022560631697687534,44.325,196
Alpaca3-8B-train.jsonl,8797,44b0680293ba5bde5afe1a9ac66fdb2fce2f3fc1157509c2c55ab0ded6b6362a,fead4ef955eaae6a0e52a897d2ac5217662821d8e920289ee70df4c305fe5242,L1_no_recorded_safety_field_difference,44325,1000,0.022560631697687534,44.325,197
Alpaca2-7B-train.jsonl,22639,f899550c3160eb16ebbd96bf5a918940d6096b326eca4495da80a68ae313488f,653dcabf86ceaba40076e2e36dadb6ac7edd4f01f4ff5833b545ed72bd5225b4,L1_no_recorded_safety_field_difference,44325,1000,0.022560631697687534,44.325,198
Alpaca-7B-train.jsonl,688,497339536a9748f062b94b671f7088bbb49bba37d2065e6e8d1391a34f29cc41,612f2e987d3b3b1658c9c2f3efbde0ae10df35db0f300f3b3f9427dc23bc1e45,L1_no_recorded_safety_field_difference,44325,1000,0.022560631697687534,44.325,199
Alpaca-7B-train.jsonl,19829,cbc773fa5cf3bab3a9359feba6d4e4ce8a7724d4d150980cb3365f8883791994,1e84565b2aec599b41cb674f0bdf254feed8590420310be3fa7447760c8983ec,L1_no_recorded_safety_field_difference,44325,1000,0.022560631697687534,44.325,200
Alpaca3-8B-train.jsonl,14949,3b8af3da9c0b249f69ab819dbefa704c08512a45a05844b28e309fb5f8242753,360101a53390a0c2945c6369cc8a14b078278b3b8093618d683fca86edf685fe,L1_no_recorded_safety_field_difference,44325,1000,0.022560631697687534,44.325,201
Alpaca-7B-train.jsonl,17997,86cf1f647f3dd6b239482c86e7a9f7140402506324cbcc71458b11bc7ba2cf14,a56eb567709ebad0c1390d1fb8959998ab1351bd9a77c2fcb9125031cafd6817,L1_no_recorded_safety_field_difference,44325,1000,0.022560631697687534,44.325,202
Alpaca-7B-train.jsonl,22169,316f8bfa9fa3b5894b113de394f8ba49b0cf459b76081787ae69db62cdf43b09,aef70168f905b4915ec5bba2232a699f3c89092a4c7bf15369bfc880a2112909,L1_no_recorded_safety_field_difference,44325,1000,0.022560631697687534,44.325,203
Alpaca2-7B-train.jsonl,24430,bb1c2e17156dafb1a9be424480e86c7931d89253fdbeaf2014e0dfec7d13f6ac,89bb2ec59cffbc34a2b8349a6318746fa51873dd8184e3689b81aebf1ccbd657,L1_no_recorded_safety_field_difference,44325,1000,0.022560631697687534,44.325,204
Alpaca2-7B-train.jsonl,19857,a4799628b8d2261c752dc8e685bf252ea9b6d552ae0fdcd76b02d335cc1d7ab4,e08bbf6b131af0cfdc520a947f925e721278cda01f31dfaeb652a90a15f3c172,L1_no_recorded_safety_field_difference,44325,1000,0.022560631697687534,44.325,205
Alpaca3-8B-train.jsonl,12067,d00a52bb8e5fa3bda188471f6b06dd58bbf37f9af2bf514e78c6dc70cab29521,19430a5dae4c8593e583e74d4ff2111d64a4f40fbd759b9ca8057f7383e00a2f,L1_no_recorded_safety_field_difference,44325,1000,0.022560631697687534,44.325,206
Alpaca3-8B-train.jsonl,4599,a332f70736ccdfd6c8b122d686facf4d6d404c743b2e90a962aafc832fe88cfd,df07ae58f49daa7cafa7c84df49e0e1b05e6a0ba355fca9cd0012dba2a6f84ec,L1_no_recorded_safety_field_difference,44325,1000,0.022560631697687534,44.325,207
Alpaca2-7B-train.jsonl,12155,060b67b4a06c93e1a0f68dbdf7ad07262418718a648e7a11e2ec3d8138779a41,3f9af77261a796291b472c16251aca9c0c496a06ec7cc27fe5ed5362a1f3f9e4,L1_no_recorded_safety_field_difference,44325,1000,0.022560631697687534,44.325,208
Alpaca-7B-train.jsonl,12230,ffeb9f9d3a32f3223033be2c08c8053d28de63bb8b6abc6c52dee8632d1a1b2f,4ad00fa0d91f3e0c9b9d593382766e9f8852b30e7541a38ac33b61c8d2e7c4d1,L1_no_recorded_safety_field_difference,44325,1000,0.022560631697687534,44.325,209
Alpaca2-7B-train.jsonl,7272,34122ca12f0bd4dd8b0554549f53e24cb0a0a031cbbbb7aa6ed19e7fdb55c840,3dff78b247a186fdebcd443ff32dcfe89c75426ca86ec1d2938210c5712680d2,L1_no_recorded_safety_field_difference,44325,1000,0.022560631697687534,44.325,210
Alpaca-7B-train.jsonl,8637,747cbb4c69b67646790638eae0b8cf39449fd8bfd37975cff527a55028095234,2353410ec78ffda47c32429f14e595829ebb2ffb5a80438d95dba194e2db1391,L1_no_recorded_safety_field_difference,44325,1000,0.022560631697687534,44.325,211
Alpaca3-8B-train.jsonl,7164,8224350dfbdf2b50721843962d0e6ec6033fbae8b857ff2b4cab557a2d29d17a,088c7570e726967e4d6e4220d66fe1b068e335db850406020a10868b68ed659a,L1_no_recorded_safety_field_difference,44325,1000,0.022560631697687534,44.325,212
Alpaca-7B-train.jsonl,16711,6d6cdd84620b8765d8b2dee134aa604ebb550b099c967769e7303c5d61a76298,1425209c42883b1409921a0f095472f441dbb29ed76b86d43cc58a7de77af603,L1_no_recorded_safety_field_difference,44325,1000,0.022560631697687534,44.325,213
Alpaca-7B-train.jsonl,19189,9b81210e1254d580c5538be6123bf086ac59772d50f8351e7998bbd3c3910ec3,aa4a2e664383a27e17253e56deaf2bb5363c8443a96921ea319f031585f8e29d,L1_no_recorded_safety_field_difference,44325,1000,0.022560631697687534,44.325,214
Alpaca3-8B-train.jsonl,17582,08dad3e4ff0efb711eb0edf2c034da36e9850d9d72440e6f68f4eac0b6f842a5,e678a20b24adcfa8479d3f3bd9255f1ac12934197987a157549324eac57c8e1a,L1_no_recorded_safety_field_difference,44325,1000,0.022560631697687534,44.325,215
Alpaca3-8B-train.jsonl,16619,642d97587e81d2b3ef73ac119bf5f126ef6cb9ba0989c42b98eb42a03635e43a,e1d932dc67c8a68672016a001edca2d49300739563380be4c76c9f457612006d,L1_no_recorded_safety_field_difference,44325,1000,0.022560631697687534,44.325,216
Alpaca2-7B-train.jsonl,25009,f861650dd9e830fde0c65eb36002b41db5d1b457ea7e4cc123e674f2f629e51d,6603ba5ae154bf4add4cf2ac0daf594d5dc66c2cb97ef3e252f32d6e5b5fc5dd,L1_no_recorded_safety_field_difference,44325,1000,0.022560631697687534,44.325,217
Alpaca3-8B-train.jsonl,5156,1290c3c7cbf513ce6c4ec1ac104f30659dd493e3d92751fb2651626e5a5e253d,ada4687e19bea1a1f673b89dc9cedeee4ea9e2ab9e668959fd469929000b3f61,L1_no_recorded_safety_field_difference,44325,1000,0.022560631697687534,44.325,218
Alpaca2-7B-train.jsonl,11537,dc4574529627db0aa904fb6c6a43ba5c127781d53b097be790ca488551ff6c20,ef7edbfa0a0c9cc972bba4a80d486d3b0410f0241e69853861ea22b9e482ebbb,L1_no_recorded_safety_field_difference,44325,1000,0.022560631697687534,44.325,219
Alpaca-7B-train.jsonl,23723,2e82862844987b7e2730a32c01a0ccb72bdf04d1b7b9ee07578139eb47b41902,ebfddbc3aa5b1a838004b720ea56d673fc0e71842806f5afc10299cee442188a,L1_no_recorded_safety_field_difference,44325,1000,0.022560631697687534,44.325,220
Alpaca-7B-train.jsonl,8336,e4bf475158ff030a82f825f286e9f8c0b7e76e6a790f85f0487446200f5d33af,298815dea778566e66b91e50aeded308b5949d0c23cf9b4cb83043da5bbcbf5e,L1_no_recorded_safety_field_difference,44325,1000,0.022560631697687534,44.325,221
Alpaca-7B-train.jsonl,11301,bf54b745c47c3376ab6037a2e9e83cafbe6389eb0a644c8db28d900a5d21006b,624b157a983c17a1674ede2f206188dc4f984b3c9c0e8ec0b2378ce66384d675,L1_no_recorded_safety_field_difference,44325,1000,0.022560631697687534,44.325,222
Alpaca2-7B-train.jsonl,3776,62f24c87fb6b23c65a040b58f44b8c2286e322423212a7839e8bcea34e5a1448,4efd9432ea1643feee303f069cb7aeed3fd9a5886b7a7aee6e838b43e95b4e4f,L1_no_recorded_safety_field_difference,44325,1000,0.022560631697687534,44.325,223
Alpaca3-8B-train.jsonl,20636,ea15f774322fede99b0a6b3acd4420e2a20a7abd46b14ee4eabceb499d7ef5df,33db9ead58425a0f9c38789c1ca68250040f125749460d1490cfa40ed9d84554,L1_no_recorded_safety_field_difference,44325,1000,0.022560631697687534,44.325,224
Alpaca2-7B-train.jsonl,11787,98e4846e44f56e37ae7eb3bb87311946e01e3fb6f48dd6a971041b1a92d62602,c8b258fd0426e5266423a864064ee304cd80f96d6a544b783bc44c4cb30ec5ee,L1_no_recorded_safety_field_difference,44325,1000,0.022560631697687534,44.325,225
Alpaca2-7B-train.jsonl,7751,9be25c1fb0e746c130edd2b2ed294df4d8d534e2e8a1f522804b9f2e790df454,902bc9bae0c724d3a74216462c5a7af992402ae3b50b600b813bd68124bea766,L1_no_recorded_safety_field_difference,44325,1000,0.022560631697687534,44.325,226
Alpaca-7B-train.jsonl,10897,3b919541832e8a60ca8a4e0ef8ea05308aa0a9cfae379a65a1a51686add6b2e9,3cc748f6f83fee806a4732fd9b5b689a3cb9a9ebd39bc3e964563083b9941d07,L1_no_recorded_safety_field_difference,44325,1000,0.022560631697687534,44.325,227
Alpaca2-7B-train.jsonl,10746,5d64a9166272c0cfe99e00ff92d73f409711f585cef8f06dad7b0ce064af6686,caeefe309613d0f873dba85bf40d24ff6cc9eddc9cf6f502e888f37cd7051e58,L1_no_recorded_safety_field_difference,44325,1000,0.022560631697687534,44.325,228
Alpaca-7B-train.jsonl,5226,e90af6d5cc7225cef117d7bed8d1ffd7eeac15703effa6744aea0a056f3c8bd9,f11c5b8fb85864cd12a9a1e4390932b4497336071c9acd7ff72285755854141e,L1_no_recorded_safety_field_difference,44325,1000,0.022560631697687534,44.325,229
Alpaca3-8B-train.jsonl,2233,6cdc74c8978a978ce94de272311f7f3e35229713cf6186769285654e103809a1,f25d89d15d9c0b2bf2206910ee8da7c759ed4834961cd000e7836496c06a0179,L1_no_recorded_safety_field_difference,44325,1000,0.022560631697687534,44.325,230
Alpaca-7B-train.jsonl,8746,98eaa8f8d2949c3361b437059430fb22bda1ed0e330a6e8906a7a0aef9a2b258,a4925bb7ff53f78f956207de80922fbd599a67e3254620c943cbf0f51f9ce3d0,L1_no_recorded_safety_field_difference,44325,1000,0.022560631697687534,44.325,231
Alpaca3-8B-train.jsonl,967,506fbfa68a417c73fb5f38a47649dc35b096d6690a0f90ac13a8902db5995f73,7265253ebcb56c759fad65700785e4263b1448cdd21de9741b383928c4899eba,L1_no_recorded_safety_field_difference,44325,1000,0.022560631697687534,44.325,232
Alpaca2-7B-train.jsonl,9673,a5383705d62c6319d4850eaa855a325dc4e96056d15872d2b531c2981139abc6,c8ffb453c564a010000c39a0e8b6244a89b8b36a90f37080842e7fa05a625a55,L1_no_recorded_safety_field_difference,44325,1000,0.022560631697687534,44.325,233
Alpaca-7B-train.jsonl,15163,020e248541e22a2918217a651bcc8a2b515dba146ba5ac2b24d4bc580640f43b,01d95e5b51935428c7846160dead5b6c029dd97df9d59c89a847f68c89b8e522,L1_no_recorded_safety_field_difference,44325,1000,0.022560631697687534,44.325,234
Alpaca3-8B-train.jsonl,274,bcf5c2b5bc12b922d2533eaa61b22dd2a8d25c5bbe7f5a9f3fe7f853585b5996,a8715e1dfd20110e02688f21ad35e0ac1773b36158edda6c14958eaeca82be6d,L1_no_recorded_safety_field_difference,44325,1000,0.022560631697687534,44.325,235
Alpaca3-8B-train.jsonl,19500,c33e23b402644681a877545c51c08124651d2263da118c3da000413ecbab9978,6580e1f79dc9d1da6672b1f9d9de3b9f8bb06246db96395b468749a82238983d,L1_no_recorded_safety_field_difference,44325,1000,0.022560631697687534,44.325,236
Alpaca-7B-train.jsonl,8113,c4466c04128bf3299665f3aa5ec94ee139b30990ddda0bf09be3d25921e856ec,cad5a1f8275122ea604f5f922b46dd937af447542e7a9c1d7ad8cfb147bb2ff4,L1_no_recorded_safety_field_difference,44325,1000,0.022560631697687534,44.325,237
Alpaca2-7B-train.jsonl,8525,0986180fed5e3dcac363398fea5981bf2544449caade06e38f6e3588ea006617,60dfd64d8420ad616a2209096a46ac452bb08b1c0c9a49269e88f7e77e46c0ae,L1_no_recorded_safety_field_difference,44325,1000,0.022560631697687534,44.325,238
Alpaca3-8B-train.jsonl,12553,bcb64b79a2b782d47605316e0eeb8cb2e4ca3963f964164c02bcd0be442b2ea3,32aaa3ddd4cf03feb7ddc84013ad70dd1d79c73be0feb78cdad5d7b7474cb7b0,L1_no_recorded_safety_field_difference,44325,1000,0.022560631697687534,44.325,239
Alpaca2-7B-train.jsonl,22986,9d3efe152dcab19232365847c536a3505ec821ed6d2acf22714b9ad0769fee29,8f89bb735c9b4f197886928a6888c123ac1f7910d9b200a5d78f234312072748,L1_no_recorded_safety_field_difference,44325,1000,0.022560631697687534,44.325,240
Alpaca3-8B-train.jsonl,7267,36173d6c620fc4eb5607bba476ac244b0d775ae750761450ea39c332bca9a9ec,5d82c6b8d268232dc85d454053c76321135bed0d07781b9230473ceed6c77897,L1_no_recorded_safety_field_difference,44325,1000,0.022560631697687534,44.325,241
Alpaca-7B-train.jsonl,15698,0a1086db0b2cae9aff84289de1fdec8b79cfbe313c2040a10b0e975d1fde8cd4,3b1c3753b2a267c75c957e599ffa5a7532a7a50a3667970ac8f333418986c02d,L1_no_recorded_safety_field_difference,44325,1000,0.022560631697687534,44.325,242
Alpaca3-8B-train.jsonl,18228,2ccab664863218057c54251201e0320431cd71433db6be6211cd0030252ea4c5,ff0713dd89d0f3400a9127d07aa326d52fafb6f0b1e8f1a2e05c3791faca7be3,L1_no_recorded_safety_field_difference,44325,1000,0.022560631697687534,44.325,243
Alpaca2-7B-train.jsonl,11503,90c1e5e734d9198b148712c9ccb82de2af6ee73b9a8528ad1f884f06bf8f8e2b,832a4bfd296f578cc863880fd77b36f3aa8e94d731c85e498c22a676657a6180,L1_no_recorded_safety_field_difference,44325,1000,0.022560631697687534,44.325,244
Alpaca-7B-train.jsonl,15266,fc249fb8b99d6ab44eaede9e35448db87d2323fa787738577a3777ce79a753b3,d0ac783d283db67e1fc60565171698340e659512fa201a00581d9c73d66ffb55,L1_no_recorded_safety_field_difference,44325,1000,0.022560631697687534,44.325,245
Alpaca-7B-train.jsonl,19945,23ac6d3033ad1b85dc9d7f897998035532576f4972d2bb504463bcafb25e85f0,0a84106c3adea3fd016e5e5a309601793d10c446931ced8f03ec9e10c343e759,L1_no_recorded_safety_field_difference,44325,1000,0.022560631697687534,44.325,246
Alpaca3-8B-train.jsonl,5077,75d10df198b796380265c7010e6ea3682194ab166613cd8b62e7498e68e4f873,302c2f7ede23e36ee24c6434b69ca0a2c704178d133f85881ca17baee701dff3,L1_no_recorded_safety_field_difference,44325,1000,0.022560631697687534,44.325,247
Alpaca2-7B-train.jsonl,18591,f0f0806105199ae3624af15c48869e8a7425fa0b9145b115474c23825eb012af,3a98bcc4b60170c8c288a51400c732dc871da2c1edc8d16196ea96aa5adfb8e1,L1_no_recorded_safety_field_difference,44325,1000,0.022560631697687534,44.325,248
Alpaca2-7B-train.jsonl,1291,3b59644f29d2d6f575ece7adb89b2e03ff982cb15ac52cecdef8417c88a785aa,72c6362c9308a7eb714c8f3477f6aa33a7e180247743b4da34e8fdb8ea06b40f,L1_no_recorded_safety_field_difference,44325,1000,0.022560631697687534,44.325,249
Alpaca-7B-train.jsonl,19987,73f410e774dd282ba2727a3f68efabb7c0fbb6fad8024aa8c6b21e05ca215f8e,2303d18b5679f34eae0646e24204059381c200b78352acd50a827e8f95eb885c,L1_no_recorded_safety_field_difference,44325,1000,0.022560631697687534,44.325,250
Alpaca3-8B-train.jsonl,20943,2c42b51e3bd12a62316f552dc3a0313fbb7ef7f1e2f8c348347ab4226cc0eeaa,3fe5e6465c4e047ce551d4b9fce0b6aae2a1247e3b11fcb11247365187e4aacb,L1_no_recorded_safety_field_difference,44325,1000,0.022560631697687534,44.325,251
Alpaca2-7B-train.jsonl,8717,db2e9ba640d7381ebce117ba92592a66aa0f979b02356f547c3ae6ac7060c28c,2ce7c748801aa36bbc70a58ceac8a60c01ffb97aa0a0283387fc6679ac266b1e,L1_no_recorded_safety_field_difference,44325,1000,0.022560631697687534,44.325,252
Alpaca-7B-train.jsonl,8932,210a3d7912f4d7263da8958aee69a9a1fb88342db0ed4760ec0e7d8a98f56dea,def69c13d90f1822896b2cf500e74786a993c1072f6eebf7e1ba289da2ede076,L1_no_recorded_safety_field_difference,44325,1000,0.022560631697687534,44.325,253
Alpaca-7B-train.jsonl,441,00c66c59aca005e2eb89f8d78f45b034f3a37723e5dd1c757471e264437f277d,d75bafabc2a03010047d8729b1de407eddfeaf212400a51147bb36b349537a62,L1_no_recorded_safety_field_difference,44325,1000,0.022560631697687534,44.325,254
Alpaca3-8B-train.jsonl,77,1175e7aeab035df72ba64614a8713a53b0c4ccb25ea8765796833a9f65187f68,881fdad698f6db8fb39d54f43d26cd7edfb3bfe72e031dacca7a3bf9e2f7635e,L1_no_recorded_safety_field_difference,44325,1000,0.022560631697687534,44.325,255
Alpaca-7B-train.jsonl,62,be6ba9e8eb63949a0fef0ab1862b9ec5161a0a8d53eaa5e8568e869a21c03a9d,5d6884b99090c406cd9f2d7cbec7cf3e6c520c5d1ec429f9c4aa6c2cb2a06558,L1_no_recorded_safety_field_difference,44325,1000,0.022560631697687534,44.325,256
Alpaca-7B-train.jsonl,17544,8371cc3c453e46f486cdfc50028c35767fa85390b7c6e80f6e9e28e7deb113cf,ca3a770de9046312339206eaec4d5887210661e03688b244127faf3ac8e49989,L1_no_recorded_safety_field_difference,44325,1000,0.022560631697687534,44.325,257
Alpaca-7B-train.jsonl,14282,a8fbeeaf066da8c5a3f51c89f6069e35177033f6a988027df9efbf0a8a504a41,8a860858b9192a41afa94919dbf81f173a64c548859dbcdb4396a97f6a0d7ed0,L1_no_recorded_safety_field_difference,44325,1000,0.022560631697687534,44.325,258
Alpaca3-8B-train.jsonl,9158,7c6385b1ea05e3217750ac59f522ad451f44f8dfa465193298f816d7f6760a57,46f79fbd67c288df8c4855dfccd0247a87071a96d6a349adc0d4734dcf7844dd,L1_no_recorded_safety_field_difference,44325,1000,0.022560631697687534,44.325,259
Alpaca-7B-train.jsonl,21521,c8084e3dfd94f6836f9e2eb8983fe32275518283c411e4b4c7ab78cd7b1c6b2e,ef3ef07af94af62142ae28c1392198bc57d8ad05162c1d9a59023a4a567a439f,L1_no_recorded_safety_field_difference,44325,1000,0.022560631697687534,44.325,260
Alpaca-7B-train.jsonl,19584,63b7c7113b918862982863861ca4735d5b0a45d2f06df182b79c91a6e9d35b78,c3d26b9e06081f9241541edbfea0b63834e730306632a2a467cfa279428982b4,L1_no_recorded_safety_field_difference,44325,1000,0.022560631697687534,44.325,261
Alpaca-7B-train.jsonl,6357,55c797618afc0424257ba79cb00926af8cde655f7890ce9d1ed1394a27320e2a,c50853ebbe1fdcdfcddd40af0e9cb54ef0c894c3b974433df411116ffbb671eb,L1_no_recorded_safety_field_difference,44325,1000,0.022560631697687534,44.325,262
Alpaca-7B-train.jsonl,25443,2f570d0eb1fcdcf68095a73fdbfbdd36bebbe3c67bb9ca6ff518733b1db6f2a9,fba23d2f58a626f1ff05f06d3066d17f6fe302aaf3d5b94160d948f25609e38f,L1_no_recorded_safety_field_difference,44325,1000,0.022560631697687534,44.325,263
Alpaca-7B-train.jsonl,19353,a2891a18891161591058c6ee745aa16a4db71f2b348f650e10036c01679dfab8,817a79ac265448989c14ee365ff71461e3397d68562505d0135e940bcc0973b9,L1_no_recorded_safety_field_difference,44325,1000,0.022560631697687534,44.325,264
Alpaca-7B-train.jsonl,22598,0e25b943c9c74cc9c042faea115558dde0ca0e1f7f31ed4ba634e49656106a2c,9c1a146f2f09d0f9a97a3e1863b0e8eb11c04c09b3ed7d0f6aab90f12971f1de,L1_no_recorded_safety_field_difference,44325,1000,0.022560631697687534,44.325,265
Alpaca-7B-train.jsonl,8453,e09eabfd7df1e09d18cb7dc7497efc48c864da77850649d5c033226dd1e0480a,4b54f7c20b75d0a7f5cafdab614e50f9e7fef84a26f0977d9a7f6674c80a28e1,L1_no_recorded_safety_field_difference,44325,1000,0.022560631697687534,44.325,266
Alpaca2-7B-train.jsonl,23363,d81953f69800466c4d9a4dd6e77e53dcb4cf234f533029be730095a136bc609f,ba1da29900de88d22e00086211dfb60fd0e32c4786a8131bd9313d6ac8efb57b,L1_no_recorded_safety_field_difference,44325,1000,0.022560631697687534,44.325,267
Alpaca2-7B-train.jsonl,11573,40dd759367dc5fbe91ed1d0f71383229854cfd756c9fbf1ce27436f7bc601d01,abfc91d0eb42fafd802fb5c990108b9cbc0f8b1ff654221547379460e74040ee,L1_no_recorded_safety_field_difference,44325,1000,0.022560631697687534,44.325,268
Alpaca3-8B-train.jsonl,4664,2a339ffd66768d1a1fb3fef9daf0e6a12793b068e31c0f1f819479c85bcc9b42,bc6b964c1ee632c882aba2cc1b2837543b805eea9e2f5b8547f4b0ca1800631d,L1_no_recorded_safety_field_difference,44325,1000,0.022560631697687534,44.325,269
Alpaca3-8B-train.jsonl,13006,b98f0e6909a1f1c15f3d634bf8d1aed3d24d09d91d109817a597329bd438875e,2c251ae56ca1b37baadff9def0a3cb45d05becec21730d4aba3b3deb658f223f,L1_no_recorded_safety_field_difference,44325,1000,0.022560631697687534,44.325,270
Alpaca3-8B-train.jsonl,15455,f2f08a79f9e023766f6e1d2595d42463c785f44e9578eb20db45018b24c48452,e7d9b18b28e10d2ee225f153862c0d208a7880ea15c755b18f50b322b75df08e,L1_no_recorded_safety_field_difference,44325,1000,0.022560631697687534,44.325,271
Alpaca2-7B-train.jsonl,14574,4fe5413a210653a55c119c5fe7a50734e610065a8ffa5a80e2b9cafcd0ca978d,cb22a212d5ad0dc2aa8b7fa99085be3da3061d2bfd6fac4a0a5fd6bbf018a184,L1_no_recorded_safety_field_difference,44325,1000,0.022560631697687534,44.325,272
Alpaca3-8B-train.jsonl,8125,79c5352ea378a7b46a06bc7e1a3ce9621714ef97869c8ed0f74fa303ce67db6e,dfb1e4a7d5b003921b8d36ca34d0ad801e6fdeb65f989a1551c2a6ceef26e99c,L1_no_recorded_safety_field_difference,44325,1000,0.022560631697687534,44.325,273
Alpaca-7B-train.jsonl,23064,64921a539adc394a93c84db4058faa02db6163f6008a35a770201d8309104b10,2dc614f12d82ef7fe81cf8ef3b5b7ff88a937d63cb8703a9846cd6772afa80e8,L1_no_recorded_safety_field_difference,44325,1000,0.022560631697687534,44.325,274
Alpaca-7B-train.jsonl,11513,4ec748023bea3d876500855ec2cfb95b2cafaac498da4cd911e2b1e96b491984,7d5694557834f8423c1f657df8c073b9b4deaae4991277f29205d6e6b8146fb6,L1_no_recorded_safety_field_difference,44325,1000,0.022560631697687534,44.325,275
Alpaca3-8B-train.jsonl,5558,378ce2c8106745c249ab2253a7f71bedb59d6f968dc8d8c5c698e59ff1bd884d,6e4335bf64ccddf74515ac094f940d88ddb1be9f54375a837db424eb2622c403,L1_no_recorded_safety_field_difference,44325,1000,0.022560631697687534,44.325,276
Alpaca2-7B-train.jsonl,11347,a40cfd7aafeb216fb626ade808b85a4c24d2b56b1e3ac0239c79094fbb0d59a2,ecde62eec0062deddba17c09bf174114e19efe533fbdb13fc17ed943f40b65f6,L1_no_recorded_safety_field_difference,44325,1000,0.022560631697687534,44.325,277
Alpaca2-7B-train.jsonl,6800,1dff249657748754bf4ebb9d20916a772a997c31dbb45f792c024f856429f754,d0124b846c225a17d5e3762fa6a51c814ad770658eebcce5da77873fa751bc3f,L1_no_recorded_safety_field_difference,44325,1000,0.022560631697687534,44.325,278
Alpaca-7B-train.jsonl,14874,32835c1143ef8489bac630f9274b751828a5d8176bf74580630d5fd6777bde4e,a87ff8cafc0688e43c3044487d7b4e8fa953fd9265420f7231727d0c3fecbd2c,L1_no_recorded_safety_field_difference,44325,1000,0.022560631697687534,44.325,279
Alpaca-7B-train.jsonl,18559,56724e2f756ca64283a3b223cd54ca640663aa65ff6340e53d8564f17d5f6341,555426349f93b9b9bd5061f1053f19d3bbde5491f45133d8a566d34e3b80eac7,L1_no_recorded_safety_field_difference,44325,1000,0.022560631697687534,44.325,280
Alpaca2-7B-train.jsonl,4664,82436def17774e845dc422f16602fe192cfbd2989b425e96af2590c317185962,8ae37fb007d9bf1b98ee223d604c78b925faee6c88370638052201d8bd7f9147,L1_no_recorded_safety_field_difference,44325,1000,0.022560631697687534,44.325,281
Alpaca3-8B-train.jsonl,8738,542e47a7eb064ba7eb09268366b1fc1950d82718ccd98efb3f4f8029913a4407,66084d873bd8c64020020b83b2abc19f972dccc723413a340d86af845b5676b4,L1_no_recorded_safety_field_difference,44325,1000,0.022560631697687534,44.325,282
Alpaca2-7B-train.jsonl,18092,968cc38d732d5f19aa132980e073a86ed0e019dfbf1331d2f02892770bc47731,e123d4a0762fd3829d922e5eee1440b840764a4276de82a43eea8eb7d311d02a,L1_no_recorded_safety_field_difference,44325,1000,0.022560631697687534,44.325,283
Alpaca3-8B-train.jsonl,9472,b69d28ce1ce44ed77161ca2416839f5b1507ffa0d35fa4b98b088e305457fb7c,033194f6b2b497f7b2fa9d019d6a7a2b20fe11969f3821bab242f802067e0316,L1_no_recorded_safety_field_difference,44325,1000,0.022560631697687534,44.325,284
Alpaca2-7B-train.jsonl,21767,e8bed93dc272f905eb7e14c1b1a068f78d026a66f03bff68dfcad8c00b30e01c,218934258c2c5c6d60065bc4e48f3d0b44793731aeabb01b2d895ba28ba54a81,L1_no_recorded_safety_field_difference,44325,1000,0.022560631697687534,44.325,285
Alpaca2-7B-train.jsonl,20281,02cc4cc25cec377d6caa33beaffdc092400b35b71cbe8ab0bd54f470f6d5cf9e,58b5e6920cc29e25cfb6881e2cf86e1ebd7dda34278fed9715532cb5bb3453e4,L1_no_recorded_safety_field_difference,44325,1000,0.022560631697687534,44.325,286
Alpaca2-7B-train.jsonl,6166,f94126685250ffcae0ba8087c36b90ba9c0c8dd06e931e70642131a67c9d5c35,a15fa274258eafa2572e9bdd2498de74ee38ba6858a90c08648a6aa9324e520a,L1_no_recorded_safety_field_difference,44325,1000,0.022560631697687534,44.325,287
Alpaca-7B-train.jsonl,4102,02f48824b5da15ec76cf54527b095f700d7cd2bf5156f9f436c6290d45eb4f7d,a8a6d91e32742d799d37987c5ee935f8c6dde39fe30708688be7f51abec542fc,L1_no_recorded_safety_field_difference,44325,1000,0.022560631697687534,44.325,288
Alpaca3-8B-train.jsonl,11697,cb80a6f50eff96136cd6d97bfa13ec1ccc48ea1d24f6cc193869369bcc0f08b0,b08a1e94771e0d8329e10900efa406dbd2492d28a45dfe2322b4cd8cddce5709,L1_no_recorded_safety_field_difference,44325,1000,0.022560631697687534,44.325,289
Alpaca3-8B-train.jsonl,16935,0c065c582547d8131b9f22cea04a3d50234f57569a3b4d2cc4665d5f0fd0c4b8,182c6919d8e07abfb6ece68e5c02cee0400a5a888f54c114bf95358e3eb652ea,L1_no_recorded_safety_field_difference,44325,1000,0.022560631697687534,44.325,290
Alpaca-7B-train.jsonl,20936,3ac7544378d67205e9446d64342b0433426559f830cd966c8b755589b24173ad,2185daf782b7884e30fc9627387de17d64b85fce51e7b9aa7560556fbed4b3c3,L1_no_recorded_safety_field_difference,44325,1000,0.022560631697687534,44.325,291
Alpaca3-8B-train.jsonl,3000,ebacd24bd0bc2fc01507b947d937c2011c93f22c3dd3858268dfdb70431308b5,92cd3d8bbb94c18ade6ab7dfd5006893469ea6c7ec45a771a11a373e2fc51333,L1_no_recorded_safety_field_difference,44325,1000,0.022560631697687534,44.325,292
Alpaca2-7B-train.jsonl,10449,1245708c6d3c2e6f55e416c685291131c68d184568397dcb22554539e3ad4aa7,090ffd6231edb957eefeedf332c37fd8684f898c916d0d1226ae1964bb579486,L1_no_recorded_safety_field_difference,44325,1000,0.022560631697687534,44.325,293
Alpaca-7B-train.jsonl,3406,79b73a7d7d949b17cfb6ad93fee7fb3046d21937c9591eb76e3c7d84762cd28e,c947a310ca054a42574208b4f7a9ee01512b599e8c3182ef5191c953bb0a711a,L1_no_recorded_safety_field_difference,44325,1000,0.022560631697687534,44.325,294
Alpaca2-7B-train.jsonl,857,8d01beeea78df435c6f23ff9e6012a330efb528b6fe8a2104fe7a367e6515ffd,2d1cfe1a05c1ceb0567fe010526719b349fdf3dd1d53f555e68dc7bee51ec6f9,L1_no_recorded_safety_field_difference,44325,1000,0.022560631697687534,44.325,295
Alpaca-7B-train.jsonl,16645,556a3d93676d1ba746143c27ab77b78de2f9b8d42146e3a6cf24a930ebff6036,3066b49ec6cf73604476c56cf1fe05db4e253ce132f09ff8f1f55a1fcaa67453,L1_no_recorded_safety_field_difference,44325,1000,0.022560631697687534,44.325,296
Alpaca2-7B-train.jsonl,13504,81b0188fd449338b0f0117928411f4cd9550e1781276fceb984f1e5296cb4e45,d0f6a637e49afe771de9437389ee45280a54e71d419b1d76b8be6d9d98028877,L1_no_recorded_safety_field_difference,44325,1000,0.022560631697687534,44.325,297
Alpaca-7B-train.jsonl,4594,cc2e4d0779b7437ad65143409afa912b20583210a6249882aaa6f1a3bce71857,3064865a141c22516cdb01931d3488d54cb685b3ca030ef3e90edc71e2b58892,L1_no_recorded_safety_field_difference,44325,1000,0.022560631697687534,44.325,298
Alpaca3-8B-train.jsonl,11698,cce0957aaa3a6701af3f94d6107fceb5fcd1d5b929bc50419a18e10ca3b7ddcb,d2c61023bc3f5f4eb3d46669b232ef9621e8fb3218e22a6d6d77d1f45e869eb0,L1_no_recorded_safety_field_difference,44325,1000,0.022560631697687534,44.325,299
Alpaca-7B-train.jsonl,11962,da87e54771fc79a3dd296f6191f2aedc8e7639e7311354226f48a0a1d0964824,edb6e3be572aa8387a9780ee3523c331d8316f19865366427bb93393331adf46,L1_no_recorded_safety_field_difference,44325,1000,0.022560631697687534,44.325,300
Alpaca2-7B-train.jsonl,19449,0c4dbc465ac20ea8f397ec26b52442eb4fd0b40b3f710f5343bb39423347f63b,789a3f18fa5a40cec2fd0b50b91bba31e1834a07208fb0b7f0423e1ae34662ca,L1_no_recorded_safety_field_difference,44325,1000,0.022560631697687534,44.325,301
Alpaca2-7B-train.jsonl,21718,4bbdc123b7287ec4e5f34f1875d5b40ca16a469fe3cfeef09952c5182b646f2e,3f24d3f8aaf49eaae09066729a67e56231674b8face1bfa1f89151ba15208a93,L1_no_recorded_safety_field_difference,44325,1000,0.022560631697687534,44.325,302
Alpaca-7B-train.jsonl,16157,bd189fe3517a7c81fc43afb7bd85701ff8abbbc9c01b56041b750b2d9e03e534,77c528c6f8df1c8dd8b5a156d1fb0fce8915a5b7c9de541a58899e0f90bd9b2b,L1_no_recorded_safety_field_difference,44325,1000,0.022560631697687534,44.325,303
Alpaca3-8B-train.jsonl,7270,3dd2f29c637df9586beeba49602391973dd89d94263cb3c67c36e217d7152707,e500a3e664f8882f79708412ad4f6752e4837e8f8509af2c3a0284249997d4b0,L1_no_recorded_safety_field_difference,44325,1000,0.022560631697687534,44.325,304
Alpaca2-7B-train.jsonl,18166,331bca829730e699755c2211eed23d2a2ec4d9eaf166205e352b30a397bf5d02,c4981c2084bd1bda6868838e23964f7396b0545779e1e5991a8be5aebc5cd7fa,L1_no_recorded_safety_field_difference,44325,1000,0.022560631697687534,44.325,305
Alpaca2-7B-train.jsonl,9926,d240a0655658187340dc18f5c65bfe3fca5f475b437d7708d9dca063f1b0e6e0,3fb908f3f7a3a609271e751b8e0f05691f4dd43b123a4a0b30949045b5e2bacf,L1_no_recorded_safety_field_difference,44325,1000,0.022560631697687534,44.325,306
Alpaca2-7B-train.jsonl,13132,f99e2ef792650c9c9a85bb86427c847f7cff2d75cffbad58bde1ee401fa6b943,892e22c3a7b6f768214c409bbf0e4166d5fafbe9337373502b9d31da90e80ec1,L1_no_recorded_safety_field_difference,44325,1000,0.022560631697687534,44.325,307
Alpaca3-8B-train.jsonl,13596,fe427616d3226125b9da73441b97c30c22dc55424294b52d1b568d9f7edfe07b,7d0f4f7a9e6841fd7986822fc956c6ea05a0416968cf163ba03043d949453ab0,L1_no_recorded_safety_field_difference,44325,1000,0.022560631697687534,44.325,308
Alpaca3-8B-train.jsonl,2954,31eb9cf906a0d7989f34036c0cca93c79e1b5ac4197bfb0c1c1085d785da9031,9c2e4368d08671cf75cb583ab85eeb8aed1700e96827f64e32a0a0ce47fb29ad,L1_no_recorded_safety_field_difference,44325,1000,0.022560631697687534,44.325,309
Alpaca-7B-train.jsonl,91,a7e0c1f13377ee3a4cb466c8734712577e0a415d931d554de05b4fb3db67a6e1,f9d4e62e896ef96d6a62e28ddf6901c3d646a677144c8a37070aad4f261581cd,L1_no_recorded_safety_field_difference,44325,1000,0.022560631697687534,44.325,310
Alpaca2-7B-train.jsonl,25436,295beab04d8db3d8c9e7d55a7bcab164f7a7487d16f35b58dbc8bbe254bc93df,37645cfcc41ed2e621647e33f399d748d91f06eecd7ef63dfd31706bab2a3735,L1_no_recorded_safety_field_difference,44325,1000,0.022560631697687534,44.325,311
Alpaca3-8B-train.jsonl,2189,91412d1f98184db012245aaed5a34c7bc9ff26ae95d92196bbe4a10e47f6158d,ae22e0521c18048b9ae1886b27b2b2b9d96850932206990233e44b06d346de77,L1_no_recorded_safety_field_difference,44325,1000,0.022560631697687534,44.325,312
Alpaca-7B-train.jsonl,11882,a16f5a4caa5af52836790d64c85f2ed3c6b8d482a763bee51106efd9f90c6732,56e54f66b2472c23e397ee0f4ef26686b64330f6636b587b91107ae6dcfa3874,L1_no_recorded_safety_field_difference,44325,1000,0.022560631697687534,44.325,313
Alpaca-7B-train.jsonl,1360,fa14a8589dd9413208e7eac812f60d840c3fc6e0275c68902f3517ded8ece00e,e9455960c785c7cd769c155097763b7a2cdc680a821e302a2a91d86abd4bbfa6,L1_no_recorded_safety_field_difference,44325,1000,0.022560631697687534,44.325,314
Alpaca3-8B-train.jsonl,11529,bd0b469b8d63dae0d9c3f0e21189e616ea3b0399908028fd354b55ee0dabe4a3,dd9a12fea1a012a755e93d4fb19cc6c58070c439bce12d0604dfbea3e4ba3e02,L1_no_recorded_safety_field_difference,44325,1000,0.022560631697687534,44.325,315
Alpaca2-7B-train.jsonl,12865,90d37d7cc3141c1d8bfe5e1925acafca355fdef03e5f4eb670ef3e9f4ea9e0e4,8ab888de71567a909e3baf3693e1a81669bd8b806a92ce458933736b5b413bcf,L1_no_recorded_safety_field_difference,44325,1000,0.022560631697687534,44.325,316
Alpaca-7B-train.jsonl,11860,4a8bb3bc10b14528469749451a252628b640523715d12b8e1c178c2a82adffd6,7d30fdec30ae2d2ed1a8164cd30937fe1bd21091c1985023f17f387c150d8d89,L1_no_recorded_safety_field_difference,44325,1000,0.022560631697687534,44.325,317
Alpaca2-7B-train.jsonl,8261,65a7457f2254c283158d8360ab6b51e7d40e188efdf5ab4929530dee9de814af,9e1ed748a6ae749fea337a852db5ab04a6b197de8612c07729c33011d2b7ac38,L1_no_recorded_safety_field_difference,44325,1000,0.022560631697687534,44.325,318
Alpaca-7B-train.jsonl,16506,c7d12fb21d49a93547959c7192157e4dfee42409699baec24df8a46b92e158f3,00892913c695eb155c9857cba924074d90af74617795cc96d1bd2a7b8dd6c87f,L1_no_recorded_safety_field_difference,44325,1000,0.022560631697687534,44.325,319
Alpaca-7B-train.jsonl,14548,d35e9fa9358a49814d1c2c4fe28ecbd8fa9dfe83ee619d5dea54893ca4d53e8b,6863ba3d475e2374fb73c8908cbe9465aa73a8a04e2b4a12ccc5479b2a81fbb2,L1_no_recorded_safety_field_difference,44325,1000,0.022560631697687534,44.325,320
Alpaca-7B-train.jsonl,6433,e9a6c9a9afef64a68d256f60bea445ebbfe23da64bfb3ca5d94e2474b80302ef,5824447c7dbdd950f3a5f73f7253388da2a1e9afc587d88aa3b19222a42eaff5,L1_no_recorded_safety_field_difference,44325,1000,0.022560631697687534,44.325,321
Alpaca2-7B-train.jsonl,15627,fe184702fca6d34552ffa3a50201c643b2100beaebd948718e9050c05281af9c,1b6a0f0550851eeb5024e69db5a52a6c50e56178926941f7631888ecc511d163,L1_no_recorded_safety_field_difference,44325,1000,0.022560631697687534,44.325,322
Alpaca3-8B-train.jsonl,8231,eb6ff53d4bd14b7233c608450cdad74fcc1eb60ac907869dac6c8716c88468ac,5b8ff406c8aef54df053b4ea1f7ff48df275ef50f1816ad2fe0422139b217ade,L1_no_recorded_safety_field_difference,44325,1000,0.022560631697687534,44.325,323
Alpaca3-8B-train.jsonl,783,28940d9e63e1ff377a07bf551e96875550150ca9434192bc8ca03fbc73c1feed,410ad374b0730f5c069b2a04b81ba1922187b03cd0f6c8b456a1671a37ebc925,L1_no_recorded_safety_field_difference,44325,1000,0.022560631697687534,44.325,324
Alpaca2-7B-train.jsonl,8210,56f845f661251d5eb8f93ba1f36abd524a89f853892656e42e59fd2fda72af3c,62d916057ce5fbaac8feaeebe97c944d2def4564cb9c2b5b0d6a3cd0db2a141b,L1_no_recorded_safety_field_difference,44325,1000,0.022560631697687534,44.325,325
Alpaca-7B-train.jsonl,25104,179777962d8f7fd9ca2c02f76cf49f044da1dbe870d7f5c2b11d825ed070c63b,2a8bb6735c7451777de1d7f84999d5085f0574c274f6d39d1e1aa6dc838f6e02,L1_no_recorded_safety_field_difference,44325,1000,0.022560631697687534,44.325,326
Alpaca2-7B-train.jsonl,9818,da84ac6f47e538f6753b44065fecec8e418ec10ffbbb7c6acef0c16307a5f6bb,311ba72e8777495cb9b2db9aeb3b52eb4978b46e4d0c1264b4090ef7f3e49906,L1_no_recorded_safety_field_difference,44325,1000,0.022560631697687534,44.325,327
Alpaca3-8B-train.jsonl,6554,a7d439b088475c66ec1f5fd73cd72ca1717959da5503f1e292e6702207e69810,d06db961a8aecef1a4a390bf90b83fa7e9d6722c8098090b8a3736f3948a91ff,L1_no_recorded_safety_field_difference,44325,1000,0.022560631697687534,44.325,328
Alpaca3-8B-train.jsonl,4758,bec4b65396a23672a2018a2c26e320f295747cd38c6b64be2aa5b1bcc39ca477,f50cf6e40f9c46433d3f946bd0917c572440b012da4eb5a9ec5e8a9fe1821b0d,L1_no_recorded_safety_field_difference,44325,1000,0.022560631697687534,44.325,329
Alpaca2-7B-train.jsonl,3283,26163b24ce4d04ddef6acbc3eb6eb360b8b3a55c14c4f58fa003c653549274b0,14298ea11fd34a9a7b0664eccb53c66c46b8bc4899e6c05b61a62a0fedab1aa1,L1_no_recorded_safety_field_difference,44325,1000,0.022560631697687534,44.325,330
Alpaca3-8B-train.jsonl,3002,db3cc297779d6b342e7832752a5b457c0a85d735554a0f21e93dee935c6ca545,4ff65554c81ced36841aca10d6831a951f757bc8e4d3ac29a44de7466a19698e,L1_no_recorded_safety_field_difference,44325,1000,0.022560631697687534,44.325,331
Alpaca2-7B-train.jsonl,19392,f8075921ca0e05f422ed3325103d9a5dd54f72bf0cc9023d8d859ae466c563d8,5e5c6f019e9cb72b3fa8181579a0688d032de484b24b68e991fe440ee166c533,L1_no_recorded_safety_field_difference,44325,1000,0.022560631697687534,44.325,332
Alpaca-7B-train.jsonl,17305,ff85ee6e054802c0e6d6381c8564f43f3f18321b0e75dd9d2c68af210b3815a2,990051697ac2d7a5e36ae287e103e122bc2bd15f6acea6e60e926822b61cf27f,L1_no_recorded_safety_field_difference,44325,1000,0.022560631697687534,44.325,333
Alpaca2-7B-train.jsonl,12826,7cccac0fd64fb559fbc06ddeafe8abfdad1e6aa2ade349e1d7c2875e46e8caf7,3c4fac11ca243444a76c9ad10a5a48b3ccfd2735ae521484af675a535469e555,L1_no_recorded_safety_field_difference,44325,1000,0.022560631697687534,44.325,334
Alpaca2-7B-train.jsonl,8127,c7bce5c225867e5633b5f414cce53a247872038dfd305c1dca7ad7a36ccb3ee5,3584335612e16d6b3192f9e6b97f736ec6f2fe5fc7ad99c91b89c153ddfe87cc,L1_no_recorded_safety_field_difference,44325,1000,0.022560631697687534,44.325,335
Alpaca-7B-train.jsonl,15779,2b7e3cc27f5d38d9548f91684d3309aaf2ea13a81d2e4cedd37498f3d743fa61,3c229794d009606c7f8fe92932ce6af7a4dd872c5f8822fa7c5d2e550604cbf2,L1_no_recorded_safety_field_difference,44325,1000,0.022560631697687534,44.325,336
Alpaca2-7B-train.jsonl,10744,28f99629f4be2e41e3ea3611b0d57d68c06ad9f67c426615a301ebb43aacfe75,a142c253c906e12a05447a2b0b3d8f949207e78f348de980c416bb144d516f54,L1_no_recorded_safety_field_difference,44325,1000,0.022560631697687534,44.325,337
Alpaca-7B-train.jsonl,15174,b60df6d704cbadea88d8fd9b56bf21c8672820ec7f2fbcd95c2d558a935dbfe3,7ce0c51eea6bc9d9d2a15c7f2d2c7fa07bf9e55725d117ce4874abb2f15b57d8,L1_no_recorded_safety_field_difference,44325,1000,0.022560631697687534,44.325,338
Alpaca2-7B-train.jsonl,12092,ce492fda9018e5890295127b34533c21dd4f434257f03e191ae59c80a4224d62,2688f7df9267342e68a5ec89f598108798362edf8422249868322e5e80597826,L1_no_recorded_safety_field_difference,44325,1000,0.022560631697687534,44.325,339
Alpaca3-8B-train.jsonl,5584,1924ef4cc81ee6985a6d76ba7d68fc2d9ea900d720cfa1fb2c78a822dfd20d5e,466ed98a1bde90767a7d03c17b1fea041fc9743fbb38abe941ce5d4be3007b3f,L1_no_recorded_safety_field_difference,44325,1000,0.022560631697687534,44.325,340
Alpaca3-8B-train.jsonl,15903,f61702b07eafdc076fe811bbe77ac105672dce492111c62dd5b042fb5ad80f5d,f9fa6c520a5cf5a8167cf5387f50a02490fc96e341cf8c2b42315c0e3b1b2a39,L1_no_recorded_safety_field_difference,44325,1000,0.022560631697687534,44.325,341
Alpaca2-7B-train.jsonl,4810,65dcc19c369966edcfbc61be82100b750a8ba9169f261794f0e96bf5a50e8b95,81edd0ac0d7f41ae6ebbb6bdb8bbd20c7e5598f3556473b76d1b8fd33d0d9905,L1_no_recorded_safety_field_difference,44325,1000,0.022560631697687534,44.325,342
Alpaca2-7B-train.jsonl,23632,3a5477223866aede47e2e03b1488d19e885c3ec6350cfcfe17359f347b895d49,f37e52627546e1762e293f5904a165acaf3791c51e5d12f6f46452b9b0a016b6,L1_no_recorded_safety_field_difference,44325,1000,0.022560631697687534,44.325,343
Alpaca3-8B-train.jsonl,1150,79efdc7ed6c44567f6b92e5f6977114a2774e23b6443483e9c4d6cd23ca236cb,644dcae35ef9edc617a5fbb8ebc119a1b82be973034819d75a81c04f24a0cb2e,L1_no_recorded_safety_field_difference,44325,1000,0.022560631697687534,44.325,344
Alpaca2-7B-train.jsonl,16012,341935bdd39c5755695c6f15d6c5891ad2fd8f194e35d83a023c191e5967d0fd,1f8994248aea1a11f945e22102b8d8e367527cc2f5bd9bfbd526f337c8720e1b,L1_no_recorded_safety_field_difference,44325,1000,0.022560631697687534,44.325,345
Alpaca3-8B-train.jsonl,16635,07e0a6fe328d5cc40d11e83623f7c55c19f21c43de27d1486de734a5d3f67f3c,0e3f2e2a72fd552cc08157f59a1744a61352f2239bda7f2d05d5a0810ad52bfc,L1_no_recorded_safety_field_difference,44325,1000,0.022560631697687534,44.325,346
Alpaca3-8B-train.jsonl,1340,cc3479e686d2d27bdae73253653d11555ae6a072cae1db190e39713ad2a5da85,2d6e970cd14870e803361c2bf222f55fad36f39841c6c7a5023e8aa180fcae5a,L1_no_recorded_safety_field_difference,44325,1000,0.022560631697687534,44.325,347
Alpaca-7B-train.jsonl,12414,ded1cb471565e8a268d444ea017f2ffe684b491b7cf5c5c9ccb26221fc942991,019b4243d758c8dc3ccf49243d0bc70607cf750d217e2ae32a6f8a58fa4d2458,L1_no_recorded_safety_field_difference,44325,1000,0.022560631697687534,44.325,348
Alpaca2-7B-train.jsonl,17070,ebd659a5532920d8cfe21c477687494b732e6aff47d7195e1e6e632aaac98b1e,708981e2055177001d50c3f82aaa296a69634c4d8c8b4f2233a3b35beb98e603,L1_no_recorded_safety_field_difference,44325,1000,0.022560631697687534,44.325,349
Alpaca3-8B-train.jsonl,5138,7355a58cdb33ff57ee77818dff7fdad677f8dd590206cd9062d3428adbb81515,c7317ecfca825ac3fd9515e8f94a451725147aedeb30ffbba64bbfed98d21560,L1_no_recorded_safety_field_difference,44325,1000,0.022560631697687534,44.325,350
Alpaca2-7B-train.jsonl,388,7d71c28449f31c54736c5b967515fc7c7567a179da004bbdf9341e58d98391b2,70cce6377adfef2cd376b070aa309a6e2f686accb250a47a943ad109d38673d5,L1_no_recorded_safety_field_difference,44325,1000,0.022560631697687534,44.325,351
Alpaca2-7B-train.jsonl,19434,5e4c315f0abe74eadd6f772b3388891e7bdf6be0dd0e6ad868d63f03872fff6a,304b38676dcdee168a3754cb03e63f2473c83fe5b13f97bc198f6325d0a47623,L1_no_recorded_safety_field_difference,44325,1000,0.022560631697687534,44.325,352
Alpaca-7B-train.jsonl,12657,b05c0f013bd93e52e7ceee91e945f85029d4e69246069da93a9305481e9b2332,5cf022279584dc0a3f68e3dc341cf47995b26a1063eb71f6b2c59a05d395ccc0,L1_no_recorded_safety_field_difference,44325,1000,0.022560631697687534,44.325,353
Alpaca-7B-train.jsonl,18867,e043e2e0b5db1429854b990113b0557f4a2efd41ef169c4ff0ece8e5432b0d28,40a535950f31597ad5d572a9fc0262c9cb540c5d319bf8e3c3008aa486bbed13,L1_no_recorded_safety_field_difference,44325,1000,0.022560631697687534,44.325,354
Alpaca3-8B-train.jsonl,16380,5d7701065bbcc1a5ef1cb75ea069f8a4c87f27681f0dfacbcf1ecf65b49ff795,e785a57abc569b58568c6be805ae48c88ad48b70b26ff57001a6bbcdfe100d71,L1_no_recorded_safety_field_difference,44325,1000,0.022560631697687534,44.325,355
Alpaca-7B-train.jsonl,2029,18c2fbe4fff3e793c3edfde788738c93c09782caaafecf4d50437a5c9113f5af,c6fa86844d67ed81997b83a1b9f10beaa22f3e764fc09935f85bc3787ac58a66,L1_no_recorded_safety_field_difference,44325,1000,0.022560631697687534,44.325,356
Alpaca2-7B-train.jsonl,19468,1430cedec1893d5c197639400a0a095cc9192f404eb5fa37455d8cd9fd1934a0,19a1b9e5d14f56673f151211aa44a76aca78e0efbb4b0063f3b9ea73055d4ed0,L1_no_recorded_safety_field_difference,44325,1000,0.022560631697687534,44.325,357
Alpaca2-7B-train.jsonl,25226,e899f7d9218e4d80d8d9147318018c957dbf70b0a5c5bc97f6eb4140f10dceb7,a3e66a66e0b4dde7d7519f2e0b63195fac5f541f4d625d95178f62cfeceb1f3a,L1_no_recorded_safety_field_difference,44325,1000,0.022560631697687534,44.325,358
Alpaca3-8B-train.jsonl,3877,368534b4db53d982bf5ed9d0dacf8d6812c545f3103e886afa335798166d4f1d,fe778b6e28c8020c9d396aa0bf4f109bd9e319d68dc5f05374674c3b15470ab3,L1_no_recorded_safety_field_difference,44325,1000,0.022560631697687534,44.325,359
Alpaca3-8B-train.jsonl,15531,e67749a4d0d65bd69e56173bf15c8e5dcca99b420c8340b07426fb8d989ee80a,31fb9e8eea5f51171dfca841a0937fc983dc63e089fc7daff34f590a367ee7fb,L1_no_recorded_safety_field_difference,44325,1000,0.022560631697687534,44.325,360
Alpaca-7B-train.jsonl,26108,ec433e837b06c9d93a92412224b8b626a415998f46053a87652ae088382fb02e,ab3901ae16a6a188ef10572093f1a2cf0e4de78e05be5a76498e94cb2b8b034a,L1_no_recorded_safety_field_difference,44325,1000,0.022560631697687534,44.325,361
Alpaca3-8B-train.jsonl,18279,a2be51436eec6be15bdde0bdf0fe3832c1bfde381f9c00713a84c5b84c5a9f40,e6827446b0997bca682eebebc55280d681db60c7dcf7696e585caac9d0d88707,L1_no_recorded_safety_field_difference,44325,1000,0.022560631697687534,44.325,362
Alpaca3-8B-train.jsonl,5047,412e51339496033739f5741c47613fe632c89a2ff8fab3a28911072010f31ba6,8a47ad8f1e50e87230233fc24ec73846cf44d698cbbc049240fb25b7da75f157,L1_no_recorded_safety_field_difference,44325,1000,0.022560631697687534,44.325,363
Alpaca3-8B-train.jsonl,2953,2939a020383ff813424d744cbb09b8562205591665df3f6cfd1b8a8a555f5215,56c675f62b88067b37f55053a2e7262e5b97882f54d34013bd08573953f800f8,L1_no_recorded_safety_field_difference,44325,1000,0.022560631697687534,44.325,364
Alpaca-7B-train.jsonl,13733,0fa2e74b09a9e37f69b99caf3458b127d5853a77fcb39797958b9385d9f74836,8c61de5b0bc04960e49c9b16a75e481050da0d69968bb92652180d110e82471b,L1_no_recorded_safety_field_difference,44325,1000,0.022560631697687534,44.325,365
Alpaca2-7B-train.jsonl,16422,795e48fc4fb3f73d3a6a64cebec785ae974870ef5c13ccd1793839c809000540,c8ae416b0531bb0b0980184245241b2665ee190fa5ffc7f7925f92e82554d113,L1_no_recorded_safety_field_difference,44325,1000,0.022560631697687534,44.325,366
Alpaca-7B-train.jsonl,13951,478f9504fd0ced4c35ebc1445523a067847750aba084311084080f6a28e2e48c,911e81453f6eb12216e19683a2f675b7958d5520f2c7197be0bc240f32bc1724,L1_no_recorded_safety_field_difference,44325,1000,0.022560631697687534,44.325,367
Alpaca3-8B-train.jsonl,11116,8ecaaed72d16d42ddf0f001157b237474afb3c4446156676f3e6dce3cb1024b3,14289e3cda7b5898bb443dfde2d63e442c10090e5f65fcb6fdad6e0448f0d03e,L1_no_recorded_safety_field_difference,44325,1000,0.022560631697687534,44.325,368
Alpaca2-7B-train.jsonl,6745,b8c6eb21f8b5b69050081e100b2170059f81ae9750ff88fb633119a8249c84c6,fc1e12cd01d44162a26ece4a7055ed28f4a1da233ef9ed0b591770eb280eec8c,L1_no_recorded_safety_field_difference,44325,1000,0.022560631697687534,44.325,369
Alpaca2-7B-train.jsonl,2114,cea2d7a7d8265a229c30201f3a3c7e6733045015ce29502db1b84c6465883565,c7d9019ff6f79cd47d5011aca805668d44bbbb2ee8a55b5b7fe23f893efdf8ca,L1_no_recorded_safety_field_difference,44325,1000,0.022560631697687534,44.325,370
Alpaca3-8B-train.jsonl,9722,860a7797ae4b51dd130af21368b48820b93580daa43a8ff165dc087f3e56c49f,7ed42b9079fe4cf2ba684f588d4f4dddaf9feee1c69a1711c439aad485b4a0e2,L1_no_recorded_safety_field_difference,44325,1000,0.022560631697687534,44.325,371
Alpaca2-7B-train.jsonl,7843,00f77bd1cdc4ace623f756336cb0c73d3bd0894095e49ef707673e0089044f65,cc3015c493d505abff51c634438c5d01c2d56f670919aa39dab9fa2da3936afe,L1_no_recorded_safety_field_difference,44325,1000,0.022560631697687534,44.325,372
Alpaca3-8B-train.jsonl,10955,af5a8a5d87546d87d28282ddc34f60ae821c273d6173da23e72e571e47adb18a,fcd7e00c496fa73f8b03e02babc7c5dc9e8075d85f95aab13d604c638915237a,L1_no_recorded_safety_field_difference,44325,1000,0.022560631697687534,44.325,373
Alpaca2-7B-train.jsonl,1682,59dba71c62717c1e0daec21db4cfb5dbfc47aed8201e99a3b3327d39072f0ea4,9b45b2b8e3ecf3f26f2149e6b4e0c23d2e96af55047304f973d79c4b1f9355f5,L1_no_recorded_safety_field_difference,44325,1000,0.022560631697687534,44.325,374
Alpaca3-8B-train.jsonl,5822,f5922306e6354d064f000e570a8ad8862f8fe66a540a85a7fcdf5613c7400ff7,8f827032581fc0945ecc452accdc008e1c7664f2e75fa2dfdd1f0eed64fbc968,L1_no_recorded_safety_field_difference,44325,1000,0.022560631697687534,44.325,375
Alpaca3-8B-train.jsonl,13840,201e7d7c08f7079048555f7964f0a78adc7a2ad572b929f80d964b053ed0168b,79daced5a6a545aee0741510f0a25b6c48eb72c61c50cd2d9ca3399d89d6eeb3,L1_no_recorded_safety_field_difference,44325,1000,0.022560631697687534,44.325,376
Alpaca2-7B-train.jsonl,11439,b331b0c188959395c517e906b9b3782c0f8b5295c892bbb0127bcaec46f11a3f,88f6abad03c6086312f6a6da910dc9dd8aa8c74a8527cefbe1238ad593cb3737,L1_no_recorded_safety_field_difference,44325,1000,0.022560631697687534,44.325,377
Alpaca3-8B-train.jsonl,19358,1e837d06b81527f8e58fb0c6ffc4535d94bdacd9ffb95e8873debeeb375852ec,a4c6625feb4912adc9204d7c5b2f99fcba67894aafa4d2de8ca2dac2d83e0faf,L1_no_recorded_safety_field_difference,44325,1000,0.022560631697687534,44.325,378
Alpaca3-8B-train.jsonl,13572,081168686e03086c12c12bbf470effd3ba5c6b54fb1ac2384dcc67c23e293047,a9d0063b5f7e05610515bb605637d56a958b5b204969e2ec32bd4d763fbef204,L1_no_recorded_safety_field_difference,44325,1000,0.022560631697687534,44.325,379
Alpaca2-7B-train.jsonl,19647,697dbf7f3e03d9c5597c49f6f72747049d66a602a3835d13b875fe594a0fcfd4,4b9a13d438173710eca38ebb5fe0aa83e3cf4833863530d6061e6f684acd2e37,L1_no_recorded_safety_field_difference,44325,1000,0.022560631697687534,44.325,380
Alpaca-7B-train.jsonl,16235,c42b65ee5e7c57971807c80a3ab899163a9d6ccd69a1ab3760b26367535e815a,8c1e9aff78438f3df460ff08280a64e4dc240e18c109826a3738986ba6e57baf,L1_no_recorded_safety_field_difference,44325,1000,0.022560631697687534,44.325,381
Alpaca2-7B-train.jsonl,11257,98e310f273eb1372f1871c45de68ac517473a7946f46098824c5c1d87fd4cb5b,8873515d79f7e0eabc0f973a8bea4755a6465affe540c363c062786c8633b2e8,L1_no_recorded_safety_field_difference,44325,1000,0.022560631697687534,44.325,382
Alpaca-7B-train.jsonl,10357,0a5a2360299add7bc8cf1f16e82b93a116d4475f7313d4ebce41b97be63e31df,73570844370608c4c960e32284dbf4418126b80982bd0d0e45db8b441a5e8918,L1_no_recorded_safety_field_difference,44325,1000,0.022560631697687534,44.325,383
Alpaca-7B-train.jsonl,3774,7a8a880b5905750d6469acaac172fa482a88c5a538343c611811762d0280ad2b,b56f81c99a6e118d9af8917653c3a05976a2350d92ef1ef2fce74adb20b354e0,L1_no_recorded_safety_field_difference,44325,1000,0.022560631697687534,44.325,384
Alpaca-7B-train.jsonl,2452,8dfa4adc04b2f80c38e77ee308a89f7354eafe17189e052799ed452d6f295d98,509ed5a2993f1f5642ae1e22ac82db0e1393602cf784c85db0cd2e68e94ecd0b,L1_no_recorded_safety_field_difference,44325,1000,0.022560631697687534,44.325,385
Alpaca3-8B-train.jsonl,20628,1198967c9c34ae3c243dc34b19db62386b6ed0b532c708e80866431140eb7061,59cf929d40c75b7ba20b96939ef61d205007997bbfda863f09b95a22ebf140a9,L1_no_recorded_safety_field_difference,44325,1000,0.022560631697687534,44.325,386
Alpaca2-7B-train.jsonl,13667,8c7421ea5b08c37bf7729a476f4812503890b16abbefa94e42bcd36bbe4a8c1c,e18143cb8ce4cb1beeb388e191c5a278b20ff6fb6de2eb5e604a63ba8a5f8837,L1_no_recorded_safety_field_difference,44325,1000,0.022560631697687534,44.325,387
Alpaca3-8B-train.jsonl,20597,47ab8923ec18f0a45134be5ecdb5f45594d6ed6603d3ed62cadf4d08c377088f,fa6c0abce33c0fe6ee6d33736845efc57e62206f6c7d6531b0840f12ae55b0a8,L1_no_recorded_safety_field_difference,44325,1000,0.022560631697687534,44.325,388
Alpaca-7B-train.jsonl,16802,84903fa3f56ca8e632d2ffac3501f0776a52072ee67e38bdac785055b6be5666,566c9c07c8b55e51c46a1b3d5a0ad0274517d0e7ba40854056d14c4dd555ed78,L1_no_recorded_safety_field_difference,44325,1000,0.022560631697687534,44.325,389
Alpaca-7B-train.jsonl,1167,5dc53e393bf8d91b8c80077cbe7f4ce9adcabb619f03f52688bf06f10973bf73,4b7f78b6be34a72f579f74aa4053781b43d79e2af2fe2f27c55d5127ddc9471c,L1_no_recorded_safety_field_difference,44325,1000,0.022560631697687534,44.325,390
Alpaca2-7B-train.jsonl,7690,5f41571a90b411751955170aac7603ceef67d3bacfa02a507438201b611cb202,762190ef8102459ea54b2274ed73011132e72967c08b2a0345938f5096b39b81,L1_no_recorded_safety_field_difference,44325,1000,0.022560631697687534,44.325,391
Alpaca-7B-train.jsonl,17141,48c659ff6d39f2c18d78139065fa2179752e11b7d8ac73ec75429c329a320c95,31dd8be937dae3a1e9ff9a3887851923ab100f6172d4a286eb7b2aaf699ee106,L1_no_recorded_safety_field_difference,44325,1000,0.022560631697687534,44.325,392
Alpaca3-8B-train.jsonl,11202,a50cf42f9bb195869c28f493ab798806016d59e9812a12dcc68fe8a2aaeece26,b75727a6abfccbd5bd5f98ca5d56d7de81fec226f4a6a29608d73075ece9885e,L1_no_recorded_safety_field_difference,44325,1000,0.022560631697687534,44.325,393
Alpaca2-7B-train.jsonl,23640,46df46fc9ea91abf34bf374382504a147a98948da2a2076b7efa5bf55d46913d,f882536f0671873ce19c4fed587e3e43516942e91d3bad3b2094169e6a07655e,L1_no_recorded_safety_field_difference,44325,1000,0.022560631697687534,44.325,394
Alpaca2-7B-train.jsonl,17623,06b2fe39b6233cef32dbb2497fdfd72d030429313babc65f2198505f76fd1c71,ee8bb581dbe25bfd1b006b7cfa1e5de1a7882c34f4a610793479789091f45588,L1_no_recorded_safety_field_difference,44325,1000,0.022560631697687534,44.325,395
Alpaca-7B-train.jsonl,10491,2df9f5a6cc68ec5d4228b1c588ee695b61d12f155a168185d3c5ba3e912e87b7,18c510e40ec054b9ea3cfaff24aff8eb320d4e2a48f4053cc585dffd36239e49,L1_no_recorded_safety_field_difference,44325,1000,0.022560631697687534,44.325,396
Alpaca2-7B-train.jsonl,1042,7c4b6117f8eeeecbb03102a3d14625e61e054d868af96f301b16abb72d91eff9,bad58f95afa4c501faa8b3cb2f852c3cb69152fdb5b1c0b090c9cfa797b8c39d,L1_no_recorded_safety_field_difference,44325,1000,0.022560631697687534,44.325,397
Alpaca3-8B-train.jsonl,13784,9c0edc81cd1fe9fa11539003a36312d3fa005271c991d4495ec8d739b228e099,ca5d050251f4bd7a6b1c9c8dde1bfd506aea1f85fc32f5d09470b546d497fb1d,L1_no_recorded_safety_field_difference,44325,1000,0.022560631697687534,44.325,398
Alpaca3-8B-train.jsonl,16107,e25eacdb71aef8f793eb21bd038e77157187417e380a33af7ca6dac5b0cf1c0a,b9e307480adac278e6386b8939283739fe9007572b944b5fc1a3e3bf902f417c,L1_no_recorded_safety_field_difference,44325,1000,0.022560631697687534,44.325,399
Alpaca3-8B-train.jsonl,4900,e64940160975c4869efd56ba3aca8309b5469a97e867c3d75558e28f59a73a62,a9b1e11dabfb764207557a5ea6a9cb8cd09efa8d1cd5f86b152f3e9f1eae2fee,L1_no_recorded_safety_field_difference,44325,1000,0.022560631697687534,44.325,400
Alpaca2-7B-train.jsonl,14555,d9176973d0d4ef75398f3951975a9dc5f821400ad68cb8ce3ea1e0171d6d89f1,609af15a8f91ba029a8a562dd540901dc95166e07c702149e6c638bf8d6231d6,L1_no_recorded_safety_field_difference,44325,1000,0.022560631697687534,44.325,401
Alpaca3-8B-train.jsonl,3512,d405d9bb8e96337ba9136002be785d36b288e2f75c5c7e68e2637bc14a508883,d319c85defb8d6505f240b5f56248bcfbf7b00e9f3a4c4f223b29c4877ed2e15,L1_no_recorded_safety_field_difference,44325,1000,0.022560631697687534,44.325,402
Alpaca3-8B-train.jsonl,9710,ada5fd99851d07f32cc95752fece19341511cb6a917fb9f2980160d8e44d9fbc,328c84a7374b3f76748ce5e2c34eb4fd5713dc16900ee2090828b815f56bf551,L1_no_recorded_safety_field_difference,44325,1000,0.022560631697687534,44.325,403
Alpaca-7B-train.jsonl,4293,4342738c6f9334d4acf9ce80a8ee3792a15928416f93039538a9e79465bd94bb,794ad64f515115d4f5cc45da91ab0d3c8366fbdfbd32ae1b9f8124681e48dd05,L1_no_recorded_safety_field_difference,44325,1000,0.022560631697687534,44.325,404
Alpaca2-7B-train.jsonl,25121,dabd1103b9d20e56259f51c0fc9d9980f0fa3b3aa5f42082f71c683125b2e9c8,61ff7b932cabb712db944613d6b335baca6fb403880717576bd7f19d4920579d,L1_no_recorded_safety_field_difference,44325,1000,0.022560631697687534,44.325,405
Alpaca2-7B-train.jsonl,23554,ba5aeeccefc6cbd8925d878db6a438a5f51b0fcbf5c3bc0e7bec5347896c5740,98d153d7e639e626d059ac528af9f6d6e6efe30cb7e3d67c8930d02537cf6a21,L1_no_recorded_safety_field_difference,44325,1000,0.022560631697687534,44.325,406
Alpaca2-7B-train.jsonl,5690,cc87a1f95fb04fba4cebac9d099a2fd104da7752ec57b71801dedbc027187759,db7647fbe25793d25403b6b59d3227095c995bba1a167faedcc6e8a3962a8e5e,L1_no_recorded_safety_field_difference,44325,1000,0.022560631697687534,44.325,407
Alpaca-7B-train.jsonl,22636,db3e6dc09a756069172bd054ad349a2f4bee8d36023b5567c980a0211e79c7d7,0b18a55aeb5dfd26ceb3276545b94d518f9d04207a5a9e2467b3ca754dcf513d,L1_no_recorded_safety_field_difference,44325,1000,0.022560631697687534,44.325,408
Alpaca-7B-train.jsonl,19952,b90cff314bb998d68fe954781e08001aad6f24d5deda0172136d4e59794548d0,d202ce86e50d35a6b25a9a646ed0e72ef8a8961ca811ad77aa9a944e88a9397b,L1_no_recorded_safety_field_difference,44325,1000,0.022560631697687534,44.325,409
Alpaca3-8B-train.jsonl,17276,ea141955dcff9792685f6fecd5f5b694a9d9a57fd7e0145e3d9f383a2320b6db,8d763dfa54605608513294523260cf512faaa1d9ef1afd528a0f2ec8345fc246,L1_no_recorded_safety_field_difference,44325,1000,0.022560631697687534,44.325,410
Alpaca2-7B-train.jsonl,2805,a838c6dcc28c9827870442f74493883e1618b2e8f325e9e12fdfe23cb88e553d,2d7c530c15a6695c03ef23eaaeacace7a064e808cb11d2f234338e26773f1a66,L1_no_recorded_safety_field_difference,44325,1000,0.022560631697687534,44.325,411
Alpaca2-7B-train.jsonl,17594,e001f438b4d08156b145120296444592251d90021377609cec2e35b698fcee12,2b84aa8f7665fec94bf2e9e4253444e7d96f504cf0d69f629fa303dd7d776875,L1_no_recorded_safety_field_difference,44325,1000,0.022560631697687534,44.325,412
Alpaca-7B-train.jsonl,7213,6c82b97278708f21d6bf07b8f358121274c93e63c0211229d9b718efedd20dea,ff7aa9eccb13c641c24b5e344096e9533bd84c0ea50d770c180d31b30e86ee44,L1_no_recorded_safety_field_difference,44325,1000,0.022560631697687534,44.325,413
Alpaca-7B-train.jsonl,10844,6e3ef9cadfebff7bcfe845f1b54aed6e8266772d7ea30d1ceead7d4cf494cde5,95392e79b0b51da6eac1e4754d37f1f044ae374ea78df958b896d9610b3f81ec,L1_no_recorded_safety_field_difference,44325,1000,0.022560631697687534,44.325,414
Alpaca2-7B-train.jsonl,39,3795b8912195ef9bdaa7d218b327c829664b003bebe97e27fca31e943cc95f38,d9ae538303b588f9c3928c545c11957ba8d84261a258472eff7605b6e06df645,L1_no_recorded_safety_field_difference,44325,1000,0.022560631697687534,44.325,415
Alpaca-7B-train.jsonl,26154,05d8816f6aa3ae4aa17c7ec5e0c652eb44c989c1bf8c016f2ae6f94c605540ba,09ba7397ae5880901d14367edd75a05f12cf97b9e7d39e76d8a299a3a8d3c9d9,L1_no_recorded_safety_field_difference,44325,1000,0.022560631697687534,44.325,416
Alpaca2-7B-train.jsonl,1075,b1c1e77cf24fc11786f3727450ed1fd32f2645bd700edaba3f039d322cf5889c,f11199c008025f38008fe3bdce2311cae4f9e49d742e30ab3c7f62b8d5762a39,L1_no_recorded_safety_field_difference,44325,1000,0.022560631697687534,44.325,417
Alpaca3-8B-train.jsonl,17900,59a66e046e289936dfe7c1a32104dbdc2327b508dd6e241bd6d79213f78a900a,bc779f6ab7cfa2fdca3b450c62b193eeee94a7c1577bd098095cad6717b17033,L1_no_recorded_safety_field_difference,44325,1000,0.022560631697687534,44.325,418
Alpaca-7B-train.jsonl,2888,447ce6687327778eba0d7dccf32fca9ff7c8f4d981bd8f2ad6a3ed6ddf9d856c,3a503d30c0988504b3d85ebd50261c89eee848369e22d37cf93c401aa81d446a,L1_no_recorded_safety_field_difference,44325,1000,0.022560631697687534,44.325,419
Alpaca3-8B-train.jsonl,19670,3daa43a5cb1eff9472cfbb08c86dc23df98869030d4739328bb2d2e1b2958951,ebc2bcbe3383f50c0098e75b34a341c705c057b366faed4af8b2e45367b43d26,L1_no_recorded_safety_field_difference,44325,1000,0.022560631697687534,44.325,420
Alpaca2-7B-train.jsonl,16573,e7160d54afdb08164f536fb8dfb4d18da6e13308313be0cc5de1f8e016fbe002,79dcdf0a7b03c5d430be41ce8583d0cf30b8e0a7a8d958bffc99a6ca13e6eed5,L1_no_recorded_safety_field_difference,44325,1000,0.022560631697687534,44.325,421
Alpaca-7B-train.jsonl,13200,a1e5cabfb709b11c0300b592a57beb64408472cfb53e646d657fb1a735954d6a,42b8e7f099aba55d0dea5bee97253e701dba17079220ead4ad0b71c7fdfd7fc7,L1_no_recorded_safety_field_difference,44325,1000,0.022560631697687534,44.325,422
Alpaca-7B-train.jsonl,8193,b3d8ca35e03be905c649f569e491e159cf514b20184d30f85fb1826146c970ec,cd94ffd6e6eba54520ef2bad95a648de0742e5cecd07d2f6271983af838024b9,L1_no_recorded_safety_field_difference,44325,1000,0.022560631697687534,44.325,423
Alpaca-7B-train.jsonl,2008,1b1173850f4d6bab925ac215bc7ccffc2e02ec94302d7f2b3d252828db630d48,e70ceb2decb1a78839bbb77af0ece6cfc4af24f59de39d2ddc84a2fc01446272,L1_no_recorded_safety_field_difference,44325,1000,0.022560631697687534,44.325,424
Alpaca2-7B-train.jsonl,24712,1dd666210a773844b9316001950d02f21e97b5f31ddb1616efdf719d371f1cbd,4800fa2bfded01dc927171ca8a1dd2f5a03f261cb25eb088dfe84ed1a0cd6783,L1_no_recorded_safety_field_difference,44325,1000,0.022560631697687534,44.325,425
Alpaca2-7B-train.jsonl,16782,07f4686e9dfdf947ccb4351cdb52461d8a13ee719ad0571558b7fb884f590e81,3c5706e54901393f6c8059f6050cd7a9d358999f11bf3a83bd1a249f2e825a49,L1_no_recorded_safety_field_difference,44325,1000,0.022560631697687534,44.325,426
Alpaca-7B-train.jsonl,19815,c53e9c7e02852ba0732e61994745d7db295e29897a4eb9ad3262dd25aafd1b57,d3830d19e0541a80f6f3597399cd4dcbbea8e4adcedecabd2de7da2a97bd6529,L1_no_recorded_safety_field_difference,44325,1000,0.022560631697687534,44.325,427
Alpaca2-7B-train.jsonl,25042,afe44fb45eaf9554a6af6f01c356f29c7a2df8051a3a3377b9259ef07a31b752,6abf1a6d59ec2d896433767770a5dc9e076dbc025bcd0e053d5a6e23ea6fe567,L1_no_recorded_safety_field_difference,44325,1000,0.022560631697687534,44.325,428
Alpaca2-7B-train.jsonl,22706,7047bbc2f11e33e9fce90b78e4a145a6e71936ace78516c332bf943e19f5daa8,5590457a87da1022aed6d26af065631a70c8b6554e9d3cb14dd4d96e4b04c60d,L1_no_recorded_safety_field_difference,44325,1000,0.022560631697687534,44.325,429
Alpaca2-7B-train.jsonl,5519,0092e9aaa300fcb630008b7aaae0249d4dbb60f583d8a66a3e52d634e08fcc09,02653fa7ad2597fee80ea1ee8fa02bcc09594d87a84cdc3574631abe1759b377,L1_no_recorded_safety_field_difference,44325,1000,0.022560631697687534,44.325,430
Alpaca2-7B-train.jsonl,23838,1b9134a3e40fa61721fa7a38c640db432a103e32fc1682ee27b3ea389219a834,1403c02781713baad1e0ce55c2ebba22063378b372f7118ea0045702cfd9676a,L1_no_recorded_safety_field_difference,44325,1000,0.022560631697687534,44.325,431
Alpaca3-8B-train.jsonl,15677,5739ce0d2c94b1b923177f1e1015ac575684ef7d317963069b126ae0a80a8b61,7c84cfc6f9d97c3ac1faa0288f286ae0e847877fbe02e3c918639beea240627e,L1_no_recorded_safety_field_difference,44325,1000,0.022560631697687534,44.325,432
Alpaca-7B-train.jsonl,15209,e69dc33ee014c3016c95e979615bb8bed140a00faeb02e7d5dde805d6eaae32e,c5dcc1e0664e825b148052a92a21f2ef5093ede8f36fe814fd7e88445f8e729c,L1_no_recorded_safety_field_difference,44325,1000,0.022560631697687534,44.325,433
Alpaca2-7B-train.jsonl,7761,0caa4a0099c43fb43a383249b6eb151edcd721dce47ab4139120697f4bf54522,97213c8ed9332403f0e6031ddd3a34d07fc5880f363a1d38bdb8fb68546db51d,L1_no_recorded_safety_field_difference,44325,1000,0.022560631697687534,44.325,434
Alpaca3-8B-train.jsonl,18603,be3f44b2fce1a1a747cfb107a82b6baa02ec9823bb0071359c92133e48bab345,ceb656487a4677c7fe418f2603b0e0ae43c878c8cd2efde0a907a8cbf6616dfd,L1_no_recorded_safety_field_difference,44325,1000,0.022560631697687534,44.325,435
Alpaca3-8B-train.jsonl,13528,923fbfaf5406b5e682766ba79ef019dacc1cbf3785b562107e27d1f39d7bdfff,c0cf52ae179fb162230a7909e6b477da63539e4819b708373d76fbc3a3c09d7e,L1_no_recorded_safety_field_difference,44325,1000,0.022560631697687534,44.325,436
Alpaca-7B-train.jsonl,21310,6e575fa525211afcf5a2c7c71f2072e02bfe23396a6f246cefaad0ffc8ba2cbb,703f15d2c4a339cfbe9474de9b8b8f7b4a66f96309c46655cbc108d575c2b73c,L1_no_recorded_safety_field_difference,44325,1000,0.022560631697687534,44.325,437
Alpaca2-7B-train.jsonl,10524,5dcf2ea2971020e74faed6014e5f650b69f5ccc3c853400911c854cd71d04f90,66f6768018a65e4a18197d6e9a5870d7669f763ff1e05b2da167ea027494992a,L1_no_recorded_safety_field_difference,44325,1000,0.022560631697687534,44.325,438
Alpaca-7B-train.jsonl,15952,e0eb292636b7dd6b1684ed58356e95b91274aeee9450cb9bf2099d001fb09a42,5316906a5508f65c4690580e2e598f99741c65b6d952246516834f48d2668c11,L1_no_recorded_safety_field_difference,44325,1000,0.022560631697687534,44.325,439
Alpaca-7B-train.jsonl,26943,367c236f10e643e5cb26df5e2da9926f322770d73b52a066eed8cb694cd34f6f,d96e44f919098f946f7314524f19129b286cd3572f03075ef44ab02238d9d55a,L1_no_recorded_safety_field_difference,44325,1000,0.022560631697687534,44.325,440
Alpaca2-7B-train.jsonl,3704,08786d07a403ffad26373688043a2dd1f36df4b6fed0133d68405618633193ce,7a9ccf28ea8944e73b4bc91531b7b87852e5b3f0309d8180d39d91c6365bebe0,L1_no_recorded_safety_field_difference,44325,1000,0.022560631697687534,44.325,441
Alpaca2-7B-train.jsonl,17234,9e00dd5ca55b773e432bc6f89e0f5a3d1e5bc8938c48826c31a07e2078c2917e,475bfe81cc7584bbe2a84702eb9951c9da86b3e30dda5f1e9a8e8be9c768c210,L1_no_recorded_safety_field_difference,44325,1000,0.022560631697687534,44.325,442
Alpaca-7B-train.jsonl,13541,b2140c573ed9dad65f5b7e5a5412906241d4631b991524901cd0997e87f6b078,1daec6189298c51331dc7847b58419d05c86e42edef107451a713196a1f1990c,L1_no_recorded_safety_field_difference,44325,1000,0.022560631697687534,44.325,443
Alpaca2-7B-train.jsonl,18113,f5d34299bbea74b0098a4f0ffecd01ab313739d88ab96c08c59f29eebb9fcfe3,70a8d8f83015775c40f270d3179203dba7cf87be76bb21fc5da6cebdb5017c0a,L1_no_recorded_safety_field_difference,44325,1000,0.022560631697687534,44.325,444
Alpaca2-7B-train.jsonl,19340,484a5d100ecd8f90c9eac2d56517f302de15e30b3e33ed451755408855c313b9,af5e8f70f028292cbc0f06273d1455c1da54a02833c7c038abeef17476651c55,L1_no_recorded_safety_field_difference,44325,1000,0.022560631697687534,44.325,445
Alpaca-7B-train.jsonl,9579,150642e7b5195b4f7da75944bbc8decdc874933e76b817a4c659d384898c7016,10de4efe1b07090768a8e5c0e8373c430b786eac7e5c307b07244ca6b831215f,L1_no_recorded_safety_field_difference,44325,1000,0.022560631697687534,44.325,446
Alpaca2-7B-train.jsonl,13681,0d3c071830968c8e35a5038726d156a37fc2fb806d105f4a5d65986f43fad5ce,f127e8b502b976f48113a34b78f88f5284b436972a0d8c891e03d2752bb2ea3c,L1_no_recorded_safety_field_difference,44325,1000,0.022560631697687534,44.325,447
Alpaca3-8B-train.jsonl,13529,3078ebe7ab48620a5c03a30f603b21b98af26e48e586605420b1f4f86edb6786,a079293d3b797061c6fd1f03f35f4d5dc5350eec4ec442f5948cbf802a23f9d4,L1_no_recorded_safety_field_difference,44325,1000,0.022560631697687534,44.325,448
Alpaca-7B-train.jsonl,20609,51d2ad3ff69b2cc9eaf52ec7dbf799e02e25e1cf56c40015936ef40440cb3dba,f3c56cae554d65e3389cb6ce2a99dd828e867b9cbae3bb9b16ecc2a93f823382,L1_no_recorded_safety_field_difference,44325,1000,0.022560631697687534,44.325,449
Alpaca3-8B-train.jsonl,7730,830c042ab8b38623b7038782c5c8b27ab113321f9f1e0720b38f3b8a25785f6e,eaab132d09ce4e2feaf975d48e0ac1ccffad6b3fec62cf08c6ef00002ec06cdb,L1_no_recorded_safety_field_difference,44325,1000,0.022560631697687534,44.325,450
Alpaca2-7B-train.jsonl,18317,0e5e2b2c92b89b641f8b89899cea6be42d2e3c2a24aef2a13541739b16af819f,d19b5ca17161931d1863d6ca0894dbc574a018ff32934508c7b20229c8014cb0,L1_no_recorded_safety_field_difference,44325,1000,0.022560631697687534,44.325,451
Alpaca3-8B-train.jsonl,20721,4e90f31d1deea5385a0a526915981a17016419c17d5e0cc913b2b28710340339,b777c3bee2e166d17b1d0ce5adf35c245998f09c202cae27fc47e8986449af0e,L1_no_recorded_safety_field_difference,44325,1000,0.022560631697687534,44.325,452
Alpaca2-7B-train.jsonl,4842,df2587dac881c7b214c6338da2147cf5509ef0218a91df3cef75f11912fbdef5,ab207301ee135fa7287933b51a5109bdd32b0514348e1be57c7a493dc3c1e5df,L1_no_recorded_safety_field_difference,44325,1000,0.022560631697687534,44.325,453
Alpaca-7B-train.jsonl,23267,3b8fb410fd48f81ecb314483123c5da2aafb34bcb384a81f1d5ae5acf5d805c4,b91ab0d61e43000e15026116153eafca084ccb6045225a869739134fb809baf6,L1_no_recorded_safety_field_difference,44325,1000,0.022560631697687534,44.325,454
Alpaca-7B-train.jsonl,3596,6ddaf436470043822031a9cd1a9b08719f73cade622ca87a3d3a18a3b0b5c904,df88880503b53d224cfd8dddd0035ac0f6c23a84da87522a052e79c6b01b5907,L1_no_recorded_safety_field_difference,44325,1000,0.022560631697687534,44.325,455
Alpaca2-7B-train.jsonl,10582,af5d3da4fb89ce26551c23f6dc961bcc88b147472cb83232814981b1c4d386e8,f4b555037032f216a0fa4217e9f45fc4bb1dd6f59fde6b468b72bfbfbd994148,L1_no_recorded_safety_field_difference,44325,1000,0.022560631697687534,44.325,456
Alpaca2-7B-train.jsonl,16365,a3a3ad91e794f93d49cc6035349ec51ceeafd9a6742fadfd993ae716a9641cb0,f28a4351b88b0fc13b309293e466d87415403232e3b7702106a75cd5fa35fa9d,L1_no_recorded_safety_field_difference,44325,1000,0.022560631697687534,44.325,457
Alpaca2-7B-train.jsonl,1387,24333f19c08fed562b4aa6213a42222518d16b385f5e83924aa548480b9a6634,30ceb04a75f7f446ab5e837c1e99c86c17c19130231d86d414414d070a09ac3a,L1_no_recorded_safety_field_difference,44325,1000,0.022560631697687534,44.325,458
Alpaca2-7B-train.jsonl,10369,a7bd7cd174eb6bb3f536edb43bbdbd42fb769221a3878abf4ab9200f175c0cb3,40d552d44aeb3e71cdf321ac827b3173c7bb6b56fd58925d7ddc3c5add5c3bbd,L1_no_recorded_safety_field_difference,44325,1000,0.022560631697687534,44.325,459
Alpaca-7B-train.jsonl,8430,961dbd4d2308167fb6ce791b6731138603f8b99f361d7b5c81a63b252344c5c4,2d046b961e6026b7e609b33971d5493a5986545632635e5bfe0165de013825ff,L1_no_recorded_safety_field_difference,44325,1000,0.022560631697687534,44.325,460
Alpaca-7B-train.jsonl,12278,d7b7ce9089e7b6635f706fb2a3bdc30feb3da2f4742879d6eaa771962d671f7f,156407be8a4e993e96b9617bbacab98dac634e50fa2c1cf7a86644b7a71be130,L1_no_recorded_safety_field_difference,44325,1000,0.022560631697687534,44.325,461
Alpaca-7B-train.jsonl,21932,b89b90c47572c6cbf5c542407387a304d2a49174a8b9a3aa263dfacba8d8241e,6849828fb361c386a0d9daaacd891cae8d3da6a274713663dd2577571eb871e6,L1_no_recorded_safety_field_difference,44325,1000,0.022560631697687534,44.325,462
Alpaca2-7B-train.jsonl,4816,1744f7dc85d292e76d36e36ce7ef2380ebcf30d7213fd900bb00d97d252d6cd7,7331c91ef6e1b02ff764bd63fb1a812d7b24269bb3dc9fd7631837ba6adfc7ce,L1_no_recorded_safety_field_difference,44325,1000,0.022560631697687534,44.325,463
Alpaca-7B-train.jsonl,26633,71ff15802dfbcf570037c0c633d843c9a496a7e30fefe969ff86607a5dd8ca77,7d86aee69a2ad42eacb99c932697c33ffc0be4d229d729a30ebdc02fb6baf3d2,L1_no_recorded_safety_field_difference,44325,1000,0.022560631697687534,44.325,464
Alpaca3-8B-train.jsonl,4262,90fae97be1d99164cb558151a59dd043e9425305dc5176d3b7484d49dbf6e471,5d4466c4444db32fb5580f8e686304b133ea35fa9f20cffe02c2e00152238b54,L1_no_recorded_safety_field_difference,44325,1000,0.022560631697687534,44.325,465
Alpaca-7B-train.jsonl,24199,9b6a730410617fe3542bb4f05ebdcbe726b79dca6470a37b30c574f78a61f40f,40fe3922082894d2ee8b216819e324ff4f266a63e9e4d2146f64d3a2d050403c,L1_no_recorded_safety_field_difference,44325,1000,0.022560631697687534,44.325,466
Alpaca-7B-train.jsonl,1446,c9e84d9603bfecbb214cdc32be1a61a8120e6508aa1bf3c1a8db51abc7393755,2f1fe9599dcde5fdad267abd335e69e01babc6d8fe4c9cee8030f3f8f78ae895,L1_no_recorded_safety_field_difference,44325,1000,0.022560631697687534,44.325,467
Alpaca3-8B-train.jsonl,5899,8ac082be7c9940acb64857f6ccab5979c321950b268a12828266d01922bc8906,1a5ce5983b68c3fcd5f8751802b6ba687bc40a617af727fd3f7804d5db010b67,L1_no_recorded_safety_field_difference,44325,1000,0.022560631697687534,44.325,468
Alpaca3-8B-train.jsonl,141,c6c3e434287618fbecaa141b4a9c6bb597d96ee6951dac4f889619f2b5a3f71a,b694200197cceaca4c6bb329a6b23cd5f3fe2681f6f0aa85828becd5617e6b02,L1_no_recorded_safety_field_difference,44325,1000,0.022560631697687534,44.325,469
Alpaca2-7B-train.jsonl,4650,21534efd5fc10a286d8478b62ea2cfdc9ed3e494387b5f788422123417f07353,36a3076cde644070af96bc96a4c6124eb53cb5d2d128a705768761ae5397ede3,L1_no_recorded_safety_field_difference,44325,1000,0.022560631697687534,44.325,470
Alpaca3-8B-train.jsonl,11472,4c35d7be0437d5cb5154012c46c397c03e7fd2596f6636e18ae95c064db28687,f6785e52ff28a4f9f619d9de0e8852eebaeadd665efed3b5680f28c33b205f46,L1_no_recorded_safety_field_difference,44325,1000,0.022560631697687534,44.325,471
Alpaca-7B-train.jsonl,1589,d9b7e1b6d8f0a495313023f7256a158497e0779678ab213e34c3bda28fd00460,20358ee060b658290cda329fae80225a6d8162fc3911e005c3ee5f31b749ebe6,L1_no_recorded_safety_field_difference,44325,1000,0.022560631697687534,44.325,472
Alpaca3-8B-train.jsonl,2409,078301904528bd3af1e6f66ef89015fb57634500c37ff5dd28fcaa28de017982,47144246c2d8532983f20270e9ccc3ce6d13c056581b64129fbb13bce0f469b8,L1_no_recorded_safety_field_difference,44325,1000,0.022560631697687534,44.325,473
Alpaca-7B-train.jsonl,17698,cded5c5d5d4b3bbe042a58263eb89cd9e0d845096c0f671ff78c4aa6ffd1e20a,abf701ec0a8d0467a0865943c7e9c2360e65697288c6b3d19e0dfee9c896dd98,L1_no_recorded_safety_field_difference,44325,1000,0.022560631697687534,44.325,474
Alpaca3-8B-train.jsonl,2343,c5da65dab55197312a40064ca3e23e6deafa5f08943e9c5fff7f9a6e48116f11,e5d787e4ecd91e342e0b84145d97dc5b1002158be8a650ec0d8b4f189c50e0d1,L1_no_recorded_safety_field_difference,44325,1000,0.022560631697687534,44.325,475
Alpaca3-8B-train.jsonl,2691,c8d8d4a053bf3eea50a97545c496fa597387bccb50d377183b6a3bd1478c0f70,0101f74d961e694cccd086a9905983fd554bf8cdd912495207e70690779eae22,L1_no_recorded_safety_field_difference,44325,1000,0.022560631697687534,44.325,476
Alpaca3-8B-train.jsonl,6336,27afce72cf9f84f7d565cfc52be9bbf2dd7eab4dd15e74820246387982f6744b,8363a5f9cc827beb396721b67dfab8d8bf7f285a0df41403891edf9d9067c245,L1_no_recorded_safety_field_difference,44325,1000,0.022560631697687534,44.325,477
Alpaca-7B-train.jsonl,13237,389de602ee03e8a83bf24ca509fba1a20922861aac64c4b103ef5a8489770579,0e0990d2f2ef6ca063b9ee906361f69c7f623c39f39afe7be5fa3a1747b3b02d,L1_no_recorded_safety_field_difference,44325,1000,0.022560631697687534,44.325,478
Alpaca3-8B-train.jsonl,9200,dfb3826787dd620eb34c72c37668175d0ee620339c2d3712ad0680f2d277a737,d7f4db65562efbdd7e15fff8f9df893fca2bd6d99fbb336628fbe1eeaaedcc37,L1_no_recorded_safety_field_difference,44325,1000,0.022560631697687534,44.325,479
Alpaca-7B-train.jsonl,4633,bcd22c6cbb0501639c9833ffe8fab6ebda983438355804a92d37591513257fb7,cad0b71f3a6842ada5da71fe7b8af43040d055d5f2b92c01be4e23b390c7c80d,L1_no_recorded_safety_field_difference,44325,1000,0.022560631697687534,44.325,480
Alpaca-7B-train.jsonl,19884,c6d4a412d71405a331f60bc7cb91f7eb42b81863ba059a5d41cc93b3ecd64bb1,8a8e15b470d46718e535d8fb8e2e03430018c85c55e268070e28e0bee9aab840,L1_no_recorded_safety_field_difference,44325,1000,0.022560631697687534,44.325,481
Alpaca-7B-train.jsonl,22735,dfb4dc93fa51af0e52bcf01b7926d080df228c1c31287e901b166cd13f8e74ea,d12c36d5ff7cdff6c866c55891c9832e5e6ca3aceb8a309fa8302193067f734b,L1_no_recorded_safety_field_difference,44325,1000,0.022560631697687534,44.325,482
Alpaca2-7B-train.jsonl,16829,38ac689247b2fc65b8b2a2b3360bfbe99b3c70de8f0e04e29e527b5e9b4f0801,304010364278e5b0376877a94e2c357cdc07634e4da572a6630ed26101474010,L1_no_recorded_safety_field_difference,44325,1000,0.022560631697687534,44.325,483
Alpaca2-7B-train.jsonl,11174,9efbc18e7dcf61f63a235fda955ebaec76d5ee3b073b14c8de18a4dfed9b3db0,83d6b966accd3f8ee04974f948f1cd290782a6c02344a79f5e1646b51183ea8c,L1_no_recorded_safety_field_difference,44325,1000,0.022560631697687534,44.325,484
Alpaca2-7B-train.jsonl,1525,4f1509b3b913f19782c895a88d5728c47e4ca34c27afbe8364897ecb089626a2,f17bf7184ead27c1c8a2f88854acfeae309851b1d5b0285738b1a85fedec4f41,L1_no_recorded_safety_field_difference,44325,1000,0.022560631697687534,44.325,485
Alpaca-7B-train.jsonl,21311,65c4611fbc9fe99e99d35a3c55fe55d07bda3a72a6f31025f29b981695136a00,5e5bcb141d5732c169535a990aa95b5b9a0460b97ac2f44e84a5723c603e52e6,L1_no_recorded_safety_field_difference,44325,1000,0.022560631697687534,44.325,486
Alpaca-7B-train.jsonl,16866,5151637ced000d930b360c881bba92ba202d022cd3ef0be420fbaa180d612028,7d8a33429e30d8e16faeb11f1e2edfebd212dde992fe89c671a77a0aaeb9fd57,L1_no_recorded_safety_field_difference,44325,1000,0.022560631697687534,44.325,487
Alpaca3-8B-train.jsonl,11781,84b05aa5bfc3cc70a13929c708de3ea38e2b381619ae8b839425748d359c817a,b455eda33fef90b74d698b9e9d09f4cf0f095cbd7070601261760d992e77030b,L1_no_recorded_safety_field_difference,44325,1000,0.022560631697687534,44.325,488
Alpaca-7B-train.jsonl,24234,555f30417d23bf771ca58a050cc165439f67bc7ce197b9ff4eeccbf19257f978,4839b511f2f8d9995ff97bdc21889e95e163f3f36e51199a2a2be59066a7d502,L1_no_recorded_safety_field_difference,44325,1000,0.022560631697687534,44.325,489
Alpaca3-8B-train.jsonl,12544,5f88602addc81752d7fee30d2e77e970189b085d850ba29b2aad9c35f0bbd2c1,d6f9049874bd8dcbdd4f2cadd54dcff7cd2e878edb7821a02b736d546f058571,L1_no_recorded_safety_field_difference,44325,1000,0.022560631697687534,44.325,490
Alpaca-7B-train.jsonl,5596,8f775844e166f57c43aba1598910b8fdcff294b41ef651cf2bf9e57124514bc2,c1e68ffdf09f7a41686cf766473ae2caa35753ca89bccfb8fb6b582a55393b06,L1_no_recorded_safety_field_difference,44325,1000,0.022560631697687534,44.325,491
Alpaca-7B-train.jsonl,9779,52bcaf6c4d3484f58beaa754c633636cee5e40d32c2a76ff4a919e34062df8e7,f733d8b6118f8aa450f9c9563cb30011106204f0d73b040125aa63afc6244012,L1_no_recorded_safety_field_difference,44325,1000,0.022560631697687534,44.325,492
Alpaca3-8B-train.jsonl,5805,f96b2a640090f35eafe067a1a16bd50b7d07688d6f0fa9cae54d70c6b8f5e51c,9519d77d9295aacab996273720f7e6e11074f2e32649eab2bdf722d71ea69276,L1_no_recorded_safety_field_difference,44325,1000,0.022560631697687534,44.325,493
Alpaca2-7B-train.jsonl,5707,2e7125f895b95a9efea7d68b0720d45ecab442f308ae76d942a903c9f77034ec,6e36892007aa38b7cd133321c30e68ee757831be05f4e52c9078da95f72ef5e4,L1_no_recorded_safety_field_difference,44325,1000,0.022560631697687534,44.325,494
Alpaca3-8B-train.jsonl,20813,b29f4a9ae616db6170c0e40f4b9ea6bb1b93f16e4f2d5acd0be1d84a210cb034,c9d65f5d1be1b4815f81ee7485723556e8408861d4f5615e3e5ace4e6eea2571,L1_no_recorded_safety_field_difference,44325,1000,0.022560631697687534,44.325,495
Alpaca3-8B-train.jsonl,1971,105426e0e46402d6facb06eecc79fa463a035efdd22868ff20d550d24fa11166,f27ddeb003dcb1ee8b2124b7f15b79b7fe061c5d2623989a405c87478eac7f5a,L1_no_recorded_safety_field_difference,44325,1000,0.022560631697687534,44.325,496
Alpaca3-8B-train.jsonl,7159,5e8f8df6eff084d2570cf238ef1cedf4f88a97d223d1e72806f7db5e290afe78,051d5bbb560b3dff11ae877f5bd7f9fef1435e53a4192801447b2b8b85da9217,L1_no_recorded_safety_field_difference,44325,1000,0.022560631697687534,44.325,497
Alpaca3-8B-train.jsonl,19244,35071f8818756cffc7598094298c943008a5a25249a64d449ba74d468e04981e,9dd71867b44aefccf4e1a00e9b347f71c2db40b6f6a33c5883a625969ba1372f,L1_no_recorded_safety_field_difference,44325,1000,0.022560631697687534,44.325,498
Alpaca3-8B-train.jsonl,3644,8b3c2947c08d79b772ef54710f50cf1dcae472593b131bba6c0d64dc482c4608,5ec04b772c04860a72caadc432cf260d942e60be6c6d03011fd5025569631abb,L1_no_recorded_safety_field_difference,44325,1000,0.022560631697687534,44.325,499
Alpaca3-8B-train.jsonl,20740,a673bc366b2716832410307ec7fc8823e65e599068fc8785a2274951d8f897fa,b24a821367baefb7b4830d810fae1fc8bf5afafd2721f22ef7ab216585d10642,L1_no_recorded_safety_field_difference,44325,1000,0.022560631697687534,44.325,500
Alpaca2-7B-train.jsonl,23645,c355fe21cc38fc9f2a66b1f469a71c960b68584cc4529fa1f7b7bf17265e9791,976274762aaeca0ea8a4c1e8bed5a6503cd61f2d6368b92aa2fd4fff1869dac0,L1_no_recorded_safety_field_difference,44325,1000,0.022560631697687534,44.325,501
Alpaca-7B-train.jsonl,24499,5f8230355fba8a93865f26b95f019163f6485e88a2e4ec83b7d655efacaf8889,de5a6d08a54e3cf7db3ede26209231fef5f4db7fe22c7fff98f4ce5e77c3ce6a,L1_no_recorded_safety_field_difference,44325,1000,0.022560631697687534,44.325,502
Alpaca2-7B-train.jsonl,4455,4746658f3eec583b8873104af6bcb68c72ca4f724146c5305565307b57ec7d78,8406848931dc12f41ef4efb84c3a211d5578599eec584e52a1ba3eb4ca21c3d6,L1_no_recorded_safety_field_difference,44325,1000,0.022560631697687534,44.325,503
Alpaca2-7B-train.jsonl,13705,69f273d6b49bb49dc2f4cc5f716a69b50f06c3a080b1190fbbe6825216f2630e,11dc32e4ed61f2357e3d496f49765590769e05a9700aecfec5c6c391e0c4aee4,L1_no_recorded_safety_field_difference,44325,1000,0.022560631697687534,44.325,504
Alpaca3-8B-train.jsonl,688,c5e69ab790cf95d6f0852bc73dfc094cdac8f4cf50fe1386644b55109139b943,2bae39c68b872f58033625ab8ee8a4e846b0ac2627b7e48cddac1b9dec9829a2,L1_no_recorded_safety_field_difference,44325,1000,0.022560631697687534,44.325,505
Alpaca-7B-train.jsonl,22921,bf0f68dcd7fd8592ae08394c5092e38961b9cbb642703e6d9f8194435ece7848,f52994d3717ec521833d42a71ad16a040f7e043e5103674fa57919d2ac4c71a6,L1_no_recorded_safety_field_difference,44325,1000,0.022560631697687534,44.325,506
Alpaca3-8B-train.jsonl,5734,9e8046ec89fc16a600dbb317e67c2d0b9e38c3335ec7743311664575100cf5f8,a1df69ff985c8a60568ccee3b68c1a37a5423b199fa526cfb3ff725aa156f095,L1_no_recorded_safety_field_difference,44325,1000,0.022560631697687534,44.325,507
Alpaca-7B-train.jsonl,184,97da9749024ceb6bfbbc3d7fd079aa40e18bdf6b63af05df7d95d922b10fa60e,fee0fd834178b7e1eea0a5b2bd9a74330fb2290cf09623e8451e589e1b3de662,L1_no_recorded_safety_field_difference,44325,1000,0.022560631697687534,44.325,508
Alpaca-7B-train.jsonl,4465,99dd5ff7783f731c323a1549307d74d14bedb10f656b3d00a8665ea898efdf69,5b855e1e382ecbe3c70d404a54118a6ea756ff10b473f9a02ab92309aa415e66,L1_no_recorded_safety_field_difference,44325,1000,0.022560631697687534,44.325,509
Alpaca2-7B-train.jsonl,10172,d6492fe9e2b62520de513f967e58e61d5c417945afc5574911c24e33bbaa7fcb,7c3268f4c7aa879952117721fa96d10e30e19ee24a4dcc1f276f3119af12483c,L1_no_recorded_safety_field_difference,44325,1000,0.022560631697687534,44.325,510
Alpaca2-7B-train.jsonl,18267,4a21c809d29d54224ced718a5df302422b437b233b493d7f602cbd6eb52153d8,0e9488306f244a0510da0e9b9d0095d6a29b875e92cf7c586411de8d3b92018d,L1_no_recorded_safety_field_difference,44325,1000,0.022560631697687534,44.325,511
Alpaca-7B-train.jsonl,11375,567c6e7010c12d0667e5375a1bba631b4e9afa7024c0bf8d8534f6419189c02b,e73b936422dde3653c573ddf6f61f184a75a3701b4e90d4a4d6745019048d989,L1_no_recorded_safety_field_difference,44325,1000,0.022560631697687534,44.325,512
Alpaca2-7B-train.jsonl,19652,4b36958784b5106ef110c268e1772f3a5fec5a5268b8a486b2170aa8dea9d22c,16e64c567e759d76566d2fbec7dba657505977eae98d7d1319a93a1129b7e80f,L1_no_recorded_safety_field_difference,44325,1000,0.022560631697687534,44.325,513
Alpaca-7B-train.jsonl,18112,91dd84909f75826133bec8151f3a56d8f38d55466592a2a28d9a45eeb3268a66,68032388e536255ac04ced0e400f68bf48f04a035b9366c1728b58506ac3cdaf,L1_no_recorded_safety_field_difference,44325,1000,0.022560631697687534,44.325,514
Alpaca3-8B-train.jsonl,4116,4fe2d6644604def2ab9206894208892e72899840eff8e9124f34762c6330c7d2,f1a618c5596e58ec06f404d99f2cb4bbc9c952a1d9f0caa052d81276759dd86d,L1_no_recorded_safety_field_difference,44325,1000,0.022560631697687534,44.325,515
Alpaca2-7B-train.jsonl,5785,c846e378681f09d23f46549503ec8ce2e7017e4cacd56251a26c702cbadd5a6d,7541f43d6cfe4a6a244f3b9b756c55678d3f3987a98fac4244e762f146aa1f79,L1_no_recorded_safety_field_difference,44325,1000,0.022560631697687534,44.325,516
Alpaca2-7B-train.jsonl,15792,deda95acc72e266162eaf2c26e6e192bb02bcd8a5a3792aa752e2b6e3e0f3eac,4dc28863e4df74a1fdf0c8e7ed9c74169712edc146e86bbb4c0553c586f76a0a,L1_no_recorded_safety_field_difference,44325,1000,0.022560631697687534,44.325,517
Alpaca3-8B-train.jsonl,3865,68d55b209714a48391320b638e83aad6944c248bd0c9e5a67830d7f3135a64a6,1875f418d99766e043dd79f9d5ddb1acd12924a0f17cc355ec8b626e34b8ffaa,L1_no_recorded_safety_field_difference,44325,1000,0.022560631697687534,44.325,518
Alpaca3-8B-train.jsonl,15094,2e5e76bd2aa1909cdde3a5590a229052397f24d4803c6f43f2de156e37bdfc19,30cadf8351b43735d4b0e85bf0c74b0dc35cc2ef84778a83d86edf37988b7459,L1_no_recorded_safety_field_difference,44325,1000,0.022560631697687534,44.325,519
Alpaca-7B-train.jsonl,21142,9856aee95b03a9067b2ed2e3d73c5b3fe17d238e13bfdc57b08bd019f6c21b2e,1e2a37b47d788ff5bdebbfb16129fc3ebde27cddff25a97d8672f0410f404d08,L1_no_recorded_safety_field_difference,44325,1000,0.022560631697687534,44.325,520
Alpaca-7B-train.jsonl,4733,c1986570f63b0fbd0b674273ad38b8ffbf9a8f02b428cb7f5c3dc0117bd36843,5e10b4eb2eaf319cf88d6709bfa68ae9c2318ffa926c5c1026498f3bc523afa5,L1_no_recorded_safety_field_difference,44325,1000,0.022560631697687534,44.325,521
Alpaca3-8B-train.jsonl,12526,88cb9b10157ba138e36208d29c23165915680a2da8376a7070e8041f5837aa99,d91de14589a137b922bcd65220be9d5f0a05fd5bb9ed535634cec9014f5b4941,L1_no_recorded_safety_field_difference,44325,1000,0.022560631697687534,44.325,522
Alpaca3-8B-train.jsonl,10275,c3ba58c613ddc0029fed37d23d95d571712bf59dfa2594e774924af90ea4d9b8,2bd863b1587ea370aafda4741b334efd983a7031120e7b83c8733cd4febbd952,L1_no_recorded_safety_field_difference,44325,1000,0.022560631697687534,44.325,523
Alpaca2-7B-train.jsonl,8590,60974479c221acf8f9a2566040f6098a6e890b28a0af397838c385d09fb0ca7c,b0e2dd635e76e79f28ee0e89afa4902fb23922f3b2a0204aee32e0092c7748e0,L1_no_recorded_safety_field_difference,44325,1000,0.022560631697687534,44.325,524
Alpaca-7B-train.jsonl,15125,ce2caa242e80d4505338316e5c2e67e261c2b7db957da84aa3fc5a32c7158cc0,9f9963badcf328678da015f1a4aba45178957422bae0ba1e08c9437a954aa89e,L1_no_recorded_safety_field_difference,44325,1000,0.022560631697687534,44.325,525
Alpaca-7B-train.jsonl,13908,aaf74b03e4bb9ae3043ec2ce622a0304471d858289c26ba48c165f4f3090823b,ea81b3e1356481e9ef3d015768c748989b5b7acbf5aaa22371dba9f632d000ac,L1_no_recorded_safety_field_difference,44325,1000,0.022560631697687534,44.325,526
Alpaca2-7B-train.jsonl,10921,2a13ec505cba5352aaa61ac5b9e390517dabfa97ad4492c010ddf2bc89adbd28,79f62a4fbb43a1d0795a17fe3172c6fa50856c42b4db63975a6f505270ad4e93,L1_no_recorded_safety_field_difference,44325,1000,0.022560631697687534,44.325,527
Alpaca2-7B-train.jsonl,23886,bc560fef0a147e19ab8dabbe19dbd71e300cb3a0121078edb50ed1a3f6b0b5df,aacd33c2a91f4ce307d89d4c112a8e46567557e8b070a5662937410758c8ff56,L1_no_recorded_safety_field_difference,44325,1000,0.022560631697687534,44.325,528
Alpaca-7B-train.jsonl,3293,502126de7b5b2cc02a95442ac467825cf52863d4583f97c95fd73ef9ac4cf3a3,f61b2ab467d647776b43f5cfa1cc582be00d9ccc022b593464a89a16ed49c06a,L1_no_recorded_safety_field_difference,44325,1000,0.022560631697687534,44.325,529
Alpaca2-7B-train.jsonl,4178,ca36479421253b3b017c98d26259922083ced028cda22f27312d43b72e758d8e,e65d093808cd5b50fe680fb4cfd9503dbcbf391f686eebc195638d9917075c9d,L1_no_recorded_safety_field_difference,44325,1000,0.022560631697687534,44.325,530
Alpaca3-8B-train.jsonl,17500,90b36710ba852468d21b13f96c0cb05293f8e1d70a06c7f1466870f6cb228064,51fb17db91d8eef7c3b80c5045411a6dc84b4e685de791c42c1a8bda808e4aa3,L1_no_recorded_safety_field_difference,44325,1000,0.022560631697687534,44.325,531
Alpaca-7B-train.jsonl,7365,ddf9fbd9251d9435aca1ddf4b6f1ffaa4caefc008f26fdf4ee754f9c20cb00a3,94d3a5129d1298fa0d4f36885389357d2d9a592635de2345d692ca09b7423741,L1_no_recorded_safety_field_difference,44325,1000,0.022560631697687534,44.325,532
Alpaca-7B-train.jsonl,13128,f346c2c0d38b61c01de8fe442090ee8ad6b2e4b7624c09ef1961d36319294bc1,8d8d9240188d10ea1078e9bf675cbe20425cb32f9fdd675d4a179d3c37c7c0e8,L1_no_recorded_safety_field_difference,44325,1000,0.022560631697687534,44.325,533
Alpaca3-8B-train.jsonl,12517,d9ffded080b9b3ba6190257de39291629e3445df452e63136efdc8c6b7b8b817,d88d4cc8ccf7e20fe7f35c709cbeb4a4f21ef8f623eabc3b89e734c96f812165,L1_no_recorded_safety_field_difference,44325,1000,0.022560631697687534,44.325,534
Alpaca2-7B-train.jsonl,3818,3f859e8feb304b55800fa0db91a474669e632eb7b0342a4a39da5b1c00e9460c,4bbe9e4992f7fe05b70bc4b658a6fbcd616a46d7b45dbcf4ff4b043a3782e879,L1_no_recorded_safety_field_difference,44325,1000,0.022560631697687534,44.325,535
Alpaca-7B-train.jsonl,21109,f4ff8035f76110262eece4a90d6f0c9b31670e5995f606ad01a09431070b98cc,b9c56dbafef4117a186807be820ede46bbabc7aa014b8f9365ebd7ba39261b2d,L1_no_recorded_safety_field_difference,44325,1000,0.022560631697687534,44.325,536
Alpaca3-8B-train.jsonl,11275,762a812cc2c0c3861ebc3ec31f5a9c9b47268a64484bd236c54c7f2b21e6aab8,0af4ae3029947d881c9b3f400e0687bbe0d483b9f7d0d60f594e69401e31770b,L1_no_recorded_safety_field_difference,44325,1000,0.022560631697687534,44.325,537
Alpaca2-7B-train.jsonl,16960,48354105a25bf4d1dc503e1117da296a0610aeb08cc359b0b7134596e25ea2ec,b4af7b67ad44340b1c882832cf35b9d03fbb354dfd42c3df78c465a638efb9a5,L1_no_recorded_safety_field_difference,44325,1000,0.022560631697687534,44.325,538
Alpaca-7B-train.jsonl,16500,d223872d8b0b01966773993ac1a0ea8e9a35c5348cc0764036beb5615732b568,2056ee529539adb5c394ee339ce3c18570563c9b06dc42b6c9dfbdf69d4fde90,L1_no_recorded_safety_field_difference,44325,1000,0.022560631697687534,44.325,539
Alpaca-7B-train.jsonl,11876,a7f4accd427ddf4f0fc3055b646613f05e009a114e2e55a262f2a271d7b9dfbf,ff3ba4f64c28a1381a6dc6597dd1ad0226a952a11332fc3667c5d041103d4d10,L1_no_recorded_safety_field_difference,44325,1000,0.022560631697687534,44.325,540
Alpaca-7B-train.jsonl,19467,5ed0743adb4869fa460fc3eec7534cdae81c3feeffe59d76c4fcf9915c24603d,86e896a8c8ebfa4c6179cddbe02248a45008b1f656cb02a1c2ca9df1d6ed4108,L1_no_recorded_safety_field_difference,44325,1000,0.022560631697687534,44.325,541
Alpaca2-7B-train.jsonl,5405,9ecf970ac983c4ef9501fa81eac6466f6f0cdeac433bc018e9d30ddc0717f55b,d625efbef93fffb0dc6cc573164ddaff36b11d2ce389ed8ff56d59e79e73743c,L1_no_recorded_safety_field_difference,44325,1000,0.022560631697687534,44.325,542
Alpaca3-8B-train.jsonl,11593,8b44d311e944538382d81fd2af0d3e3582f9ba7bf0972517841b39ca9d30f52f,b898491ddfbefd67786a8f666c672897fed46760a007b7197154298e8c41fc97,L1_no_recorded_safety_field_difference,44325,1000,0.022560631697687534,44.325,543
Alpaca2-7B-train.jsonl,1490,42e18390e6c7ef5114cfb0c98467e712f8ca651ca08eea663611915c1ccf1e02,fb08d56989202f430f8c994f9e6ca09643c58bfda58615ed4810104c69db0a17,L1_no_recorded_safety_field_difference,44325,1000,0.022560631697687534,44.325,544
Alpaca2-7B-train.jsonl,24658,85a89264507e5a898819755e2d18693dfe8fd55d2a054eacbb3ab8008310e20b,08b337a48209255cc0880c4598b6c49752e9cf56560bcdc8d9b6675c0bce67df,L1_no_recorded_safety_field_difference,44325,1000,0.022560631697687534,44.325,545
Alpaca2-7B-train.jsonl,5844,be6e259248e601b94d076c2eb8d7a3c02241b9f7cd083da89c7641c956ba4246,c05cd03c7ec21aba2130c3d065a9a4d8647d6d5da334f4099fb38a5872e8ad99,L1_no_recorded_safety_field_difference,44325,1000,0.022560631697687534,44.325,546
Alpaca3-8B-train.jsonl,6234,75ff07340fdbde8d2099fe74d34324c440167e266329677536961e58546c6d0c,12cc59e26f2d177f6acfc14f7f66e6dda3822cf7ca5066f87aa2cb78e79c2cb3,L1_no_recorded_safety_field_difference,44325,1000,0.022560631697687534,44.325,547
Alpaca2-7B-train.jsonl,14125,c833c80fbf2068d7743ca04d06799ee1db7e3b7f3a149716c49438f7dcdbd00f,f688e43ec0f1959b0b9ed27dec87eb8cdfd8b4615ef111f22cafd7d8c280b5ea,L1_no_recorded_safety_field_difference,44325,1000,0.022560631697687534,44.325,548
Alpaca3-8B-train.jsonl,10036,0fdca4bdf0a1ab627029a7848e3b5ad1c352436485f9295b83b57f4f181f7d92,3dbc0f6b3bf8d4e42b6b36faa443343c86d1086e5be176be5a1764102d017d26,L1_no_recorded_safety_field_difference,44325,1000,0.022560631697687534,44.325,549
Alpaca-7B-train.jsonl,6765,866c278e0bf17fe36eb0ab24bfee9f4baef13b77c2baeedfdf47dc14b0389f39,c26bc38f5113340c095814114892baf4d515b2facc8c0f9c53954a0adeb02a26,L1_no_recorded_safety_field_difference,44325,1000,0.022560631697687534,44.325,550
Alpaca2-7B-train.jsonl,13468,7cca88045a27ce654aa43bd67c3e6e9a7b1f1fed673a78d2cb9c44050d66d50a,cd94171025e99c4530d0e5eb893f65c5a3f6abe08af6892b7734ede197f95037,L1_no_recorded_safety_field_difference,44325,1000,0.022560631697687534,44.325,551
Alpaca3-8B-train.jsonl,17469,0fe3d3a9d5da084c4f59cb8e42d5328f2b5e079dc45e2504c854f167f8f240e2,fccc2758a2c54865efac443e6aecb9531ac403ec0e0cb5e47888a492efe935a6,L1_no_recorded_safety_field_difference,44325,1000,0.022560631697687534,44.325,552
Alpaca-7B-train.jsonl,8241,5ea59fa5cb18743421c357c1b6675fb0ceffb670954407fafcd9c23f1643b1a7,373c452186e3c834b50b381c063428027e0e53e8f8802ab79872171796ae2c4b,L1_no_recorded_safety_field_difference,44325,1000,0.022560631697687534,44.325,553
Alpaca2-7B-train.jsonl,5704,bd85d2246a4a24029378ceab34c543d61cedd905cbf897b8baaa8688c000a5bc,468f40bc749cc0c28c82a85daf6009efd08b99f3949080fbae2577b8d33fe500,L1_no_recorded_safety_field_difference,44325,1000,0.022560631697687534,44.325,554
Alpaca-7B-train.jsonl,20131,1bee8ffaaa871937ad90265c0b7ddba273ab5b4b7d485706e954a263bc20bdbc,4207f3470018ca79b90c8e39d91c4b0f29c91566a594ea7c22d996b6adb83d8e,L1_no_recorded_safety_field_difference,44325,1000,0.022560631697687534,44.325,555
Alpaca-7B-train.jsonl,8364,a2fdfeceb7e19e406b3082d95c70a652bf254eeb60bf21a6f84a7406df605b30,1d565fd06731270d17876960008a8c9eae1d7659ba15d420dc2cb314da72a022,L1_no_recorded_safety_field_difference,44325,1000,0.022560631697687534,44.325,556
Alpaca-7B-train.jsonl,11289,6f1e6d95978b3f8a859062f3f02eec7fe7f1cac5f1f043daa4d9c71870fff6a3,8f037c7af2c6eaa509bd609d73cd17a1a133b7a228d10a02d655ad40cdf04457,L1_no_recorded_safety_field_difference,44325,1000,0.022560631697687534,44.325,557
Alpaca3-8B-train.jsonl,8703,32993e19b8006eceb5f1096765c9ee19034d27e4228df034ca80905acc86f8e3,0170d326ac5bda4039a1a67ea8887d1f912134fc747b218e959c8f7d94962d2f,L1_no_recorded_safety_field_difference,44325,1000,0.022560631697687534,44.325,558
Alpaca-7B-train.jsonl,12755,ba763608c905593717a553ae59f54407da798836d03cd1528b5078ebcaaa19c1,f068a9ac8a7adae43e15d8cce5d84ee4cf6253ea01f82307fde76762fb163894,L1_no_recorded_safety_field_difference,44325,1000,0.022560631697687534,44.325,559
Alpaca3-8B-train.jsonl,14557,6a2f7c53b0080392ae1ff3cd6ac3242a649b1bf20aa67590f3271cf353a83bc1,57e1c34ede34698074ed089694ba40f58fbb1c2993ac5a85d6607b849f7bc1f4,L1_no_recorded_safety_field_difference,44325,1000,0.022560631697687534,44.325,560
Alpaca2-7B-train.jsonl,13703,e317cb2485ee10015d88da789fbfcc8d3adff5cc59f120a3a4b21156e844c427,6970f4cf60dbebff57e9446b78c0d55cf65ae06bc6633e69c966a1170067ed9a,L1_no_recorded_safety_field_difference,44325,1000,0.022560631697687534,44.325,561
Alpaca3-8B-train.jsonl,11092,1deb544a008dace4512e0f546d43dcee6d7a61db8dab471cca50b55438517a1c,d1984b2496002ed4f84e9eacee6fcc747a54e1e795b69630ccaccdf677d0fb67,L1_no_recorded_safety_field_difference,44325,1000,0.022560631697687534,44.325,562
Alpaca3-8B-train.jsonl,9229,8c1f1b997e6793aa167442f0af6a2c9266336e7379f889627427a97df87cbd32,48d0172d65cbf96a4172e273b766b34d372b4c7943abab0ecd25654de13c72d6,L1_no_recorded_safety_field_difference,44325,1000,0.022560631697687534,44.325,563
Alpaca3-8B-train.jsonl,19158,6a5ac333b1903f8c5c52c9f5373cf65d0eef29e832d304a32cb7dce4b70d554b,73c40e0554bb5102be4e10c7ae77d79549a6fc11951a26577d67b2ee1c095f1b,L1_no_recorded_safety_field_difference,44325,1000,0.022560631697687534,44.325,564
Alpaca2-7B-train.jsonl,13726,4b392c0f8798bf9b40a591180cc32491e38fa1397440430f6d38cc1ecb04a2be,a8f78a28468eb4e979f981063630ff6979411e8fc3221f1ce666282df41ec44e,L1_no_recorded_safety_field_difference,44325,1000,0.022560631697687534,44.325,565
Alpaca3-8B-train.jsonl,5602,1f1b6ac59a1e10a2d8e24667c199e99694b82ec1d246b34df178fc721c06f715,ce2ab68b35d9a0863f1944b2c052838bd2f4b15d831f850a0947ad20ee318928,L1_no_recorded_safety_field_difference,44325,1000,0.022560631697687534,44.325,566
Alpaca2-7B-train.jsonl,3213,cd9acbbc883907e2fcd3602b625777ffec8064ec8dc37eb615acc01858752129,0f97b7d3d227271510acee2cbf4fa5035bfc6bcbc8b957d287f996be454f3f34,L1_no_recorded_safety_field_difference,44325,1000,0.022560631697687534,44.325,567
Alpaca-7B-train.jsonl,6620,dc94c5b579d091a619d8b8430f68c50139d63425a0b31e40017e2e37706a4f6e,9814e3d04bc4412fe13bf43e64eac9263c2e928b028dbbb16eb92f927c6b3c00,L1_no_recorded_safety_field_difference,44325,1000,0.022560631697687534,44.325,568
Alpaca2-7B-train.jsonl,20632,3a65dc1f746e1e0e52d1220b260e3f8c0a6bbe9565a498917089033fddacbf8a,f1e88c445c617b56c50a1e9366b9e4d16f1325381c725bbab6a00b524951ec04,L1_no_recorded_safety_field_difference,44325,1000,0.022560631697687534,44.325,569
Alpaca-7B-train.jsonl,4154,8246dd72d07bb2928787ca4beb06027f2e79c5276a6e33dec86d3a50cbecdfdf,333e260e9f281641145373e065cf6d08d242c72cc7495b466cf1293374d7165c,L1_no_recorded_safety_field_difference,44325,1000,0.022560631697687534,44.325,570
Alpaca3-8B-train.jsonl,4115,8b580d493c042bff8fe8a92df35f1dd4ee75ddef7af81a6ecb34e775cec846b3,0c4cce425dfdc6faad978d2f165455832d05b4d678be98387a3a04b28600cae4,L1_no_recorded_safety_field_difference,44325,1000,0.022560631697687534,44.325,571
Alpaca3-8B-train.jsonl,1503,3f1eac6ce5a4a0ffad6f3f4b4a4f4fcc72476159ff573a01eebd7eb5949c2f9d,61c735203241e4a4cfe2c21b64613ed35898b7b500e13e2b59e3b3375849d467,L1_no_recorded_safety_field_difference,44325,1000,0.022560631697687534,44.325,572
Alpaca2-7B-train.jsonl,18068,913ee76cad78e994f7d73f32d67f4cfa8c7fa5f32187c12e277bc8773706df71,ebbad4d1dc1538fc480c18044df2715f309e9c23c39293c0be4238862c43043c,L1_no_recorded_safety_field_difference,44325,1000,0.022560631697687534,44.325,573
Alpaca2-7B-train.jsonl,17047,794f9080a4c6167d91b059e26a7886158f775b4170f2d4a75c147319f42177c3,68202ddb051717a79a52b9e3b7902fa256b8e2542b18659798a1180a72ff8f3a,L1_no_recorded_safety_field_difference,44325,1000,0.022560631697687534,44.325,574
Alpaca-7B-train.jsonl,10243,3b17047e104f908166f851c0060c294b88aab106410f881d3015b827b45c0016,b223b1dd2953edfb64452ffbcd5d9cc59080d6de237605b4763ebfab44a1f10d,L1_no_recorded_safety_field_difference,44325,1000,0.022560631697687534,44.325,575
Alpaca2-7B-train.jsonl,3566,2cbf55b32a81f7c767cd8088a96c188d8f09f53e013645fa37dd1a9f3cf77c21,b0b87067551bc164ed3bc5b681de596d86ceb4a08c5c6aff74bc448494d819a1,L1_no_recorded_safety_field_difference,44325,1000,0.022560631697687534,44.325,576
Alpaca3-8B-train.jsonl,4452,2da14da48fc323408d742466f0bd5fa99964397e341aea1ca8f9be8c1cf2384d,33e0f23d947d08cd705384ee9cb5d994793bfb25de357073962315c415de5130,L1_no_recorded_safety_field_difference,44325,1000,0.022560631697687534,44.325,577
Alpaca3-8B-train.jsonl,10,a767e5a9fea41806e3be211993babb2fd941048a26be639cf140424abc026c0a,85c14ab5f79a748789e481a8aa030d8c51c19135bd678527602d3f2d06c71a79,L1_no_recorded_safety_field_difference,44325,1000,0.022560631697687534,44.325,578
Alpaca-7B-train.jsonl,8333,49e21adbcf8c8532bda4616397929609de5b4c03446f02b4d5b6a7bd0b936ac5,72c62586f3dd0713cbff46ff8f1f2dcc8cc4e0de30cd2032fe746bd59a6c6579,L1_no_recorded_safety_field_difference,44325,1000,0.022560631697687534,44.325,579
Alpaca2-7B-train.jsonl,7074,5df33d03c9a6a0858a836ddc866ee4a837a27f66974ad2f5c1f02a5599c37768,f09f62aadac06f8a802663e6ad296861d45dee53a2d01ddef865c55f1acf77c7,L1_no_recorded_safety_field_difference,44325,1000,0.022560631697687534,44.325,580
Alpaca-7B-train.jsonl,645,c37bcdc7d7d5040f9284ccd2f80e535e79953bf1de95f98a608bd903c7d59d52,fd5fd250f4f63e9ce24a8923e2cde5afb79a7266a67c077806e78e84080cc390,L1_no_recorded_safety_field_difference,44325,1000,0.022560631697687534,44.325,581
Alpaca3-8B-train.jsonl,3600,204c824fedafa2fa2714a9298e4ca092796ded25da6cbf99b54393c74f12e604,53b285cca3b8d8cca091f475337990b602b2c0ec5ba476cf323834762e5b6815,L1_no_recorded_safety_field_difference,44325,1000,0.022560631697687534,44.325,582
Alpaca2-7B-train.jsonl,11293,24a81620254da8df5976d8f2e878f26e706be70790c8c9d7baa7f8174f50f21c,ddb14d77ba268b3947445a298f20f08af52d6b90ddf20b4edb22a4ec29828a89,L1_no_recorded_safety_field_difference,44325,1000,0.022560631697687534,44.325,583
Alpaca-7B-train.jsonl,9576,b1d93e14a175e2b516b13ae9714c822cab68fbab1be7535f57e1034016b29957,08eb826da625a4bde1cb5fdd6e97ec984399fa3872c207df159f7a10288837c3,L1_no_recorded_safety_field_difference,44325,1000,0.022560631697687534,44.325,584
Alpaca-7B-train.jsonl,19604,25d3669041335e9b438fe5f6734d14439c15794db6cfa623c907c31fe1c2eb53,242920a2e502483bb427457d0fe6a7c005c45bc2b18699265f6f4270853c7782,L1_no_recorded_safety_field_difference,44325,1000,0.022560631697687534,44.325,585
Alpaca3-8B-train.jsonl,2847,9c9c6efd87b331835a9f74106e026c34832d2b034ab0225f8b291b895316a9af,7b3e2bc2ff37dfaa490d2bb3c28a0626b44bb435341076a4630f7346bdf2df12,L1_no_recorded_safety_field_difference,44325,1000,0.022560631697687534,44.325,586
Alpaca-7B-train.jsonl,14790,7adf11453d29b0c32430de489f9beca89d81780d76abcd580e58768a417831f3,d86c3561568c1836cff2951cb86b5c24b30da3745648243e64a6baf3c8ff54f4,L1_no_recorded_safety_field_difference,44325,1000,0.022560631697687534,44.325,587
Alpaca3-8B-train.jsonl,13271,47732817b484fc25f496ea6db57f603eadd0fb72b9e47f257ca4df4cc7bd36e5,fdc219642c42398ecae7f3743071c083cbc845dac3c00eaedf0011c3ccfe3181,L1_no_recorded_safety_field_difference,44325,1000,0.022560631697687534,44.325,588
Alpaca-7B-train.jsonl,5186,4de7cf2d6d5fec39da5d4218c6050d53f83cc362f46cdd5b341560365277fbff,08b1f6f24345b23a6a537299fc3197375774bc1ec3d9f4a0cd32cb60162d8cb4,L1_no_recorded_safety_field_difference,44325,1000,0.022560631697687534,44.325,589
Alpaca2-7B-train.jsonl,25437,d66f2a702b6ffb8b24e684d1cc08fb3d65773df58d861f174e07db4b756f2566,08c7a96cbca45749ce87c510c13dfeec66ca7364e14635947d72846d31d2116a,L1_no_recorded_safety_field_difference,44325,1000,0.022560631697687534,44.325,590
Alpaca3-8B-train.jsonl,7514,9e5d9faf5d4e69211e27bbdcb917e64c93906fbc1d279c63f09026fd3ac7b202,a016d173f000e9d8b49daac9948d49acf444bdaf5d4a9368b0d335f77c179141,L1_no_recorded_safety_field_difference,44325,1000,0.022560631697687534,44.325,591
Alpaca3-8B-train.jsonl,168,e2502221bed7d720a3fc191c8b114b3c8dca7f3e85098331e314238617d2292a,917bcfc9ff2a1c72e016fbba1ec02de869993c0aed932cf409c2cf5315ee5ece,L1_no_recorded_safety_field_difference,44325,1000,0.022560631697687534,44.325,592
Alpaca3-8B-train.jsonl,7126,c7d6017b81996fbc0064493dcc846f9d1e68519b786699286536d8109f2c5eae,6b1a1d183a7fa8453652103187839bf5f55bf3a6b85ca3dd8e90e7e9421dc3b0,L1_no_recorded_safety_field_difference,44325,1000,0.022560631697687534,44.325,593
Alpaca-7B-train.jsonl,17585,099567d1f8603ea7c73cf7fe12a88267fb44367c6d1834cc92a2a2ba61c7d984,ab23a95cceb171b1967d16438a97c5a918b4756000b8faf78e3d825fc35a158e,L1_no_recorded_safety_field_difference,44325,1000,0.022560631697687534,44.325,594
Alpaca3-8B-train.jsonl,13835,aaf5f4ef67c442943639850c3cc56f89d5502d0f44264d1e3906c80c4cb69f01,000701b81ee8639b6ea74589b4817a2308fd8a93f77614a80802bc73b33ac342,L1_no_recorded_safety_field_difference,44325,1000,0.022560631697687534,44.325,595
Alpaca3-8B-train.jsonl,9303,90e988ee4f0b7a7a3660299adb023d6cd405915eab9ebde1b4e67f212a59ec8b,021cebe995df4444bc1cc02b5fff1c0888f1a8050a17c31970240c0f0d2c83ad,L1_no_recorded_safety_field_difference,44325,1000,0.022560631697687534,44.325,596
Alpaca3-8B-train.jsonl,13150,f35e7f3e36ee3352f5d7aa5a90ac8844eceb042f980e0d8e388e1fec201a46d1,d5aae97c78b594a89eff5527b0827f1d414eeab4adc039a72d891f7cce851662,L1_no_recorded_safety_field_difference,44325,1000,0.022560631697687534,44.325,597
Alpaca2-7B-train.jsonl,3249,2f8aa6538bf8a602384ff7e6d2f3750790fcd9c3cf94fdb678b56f7bb4d0387a,d0e2feaeb02b9c9f68bdaf8f8002c9f1b0803c7ab0cdb2662c05627a917ac48e,L1_no_recorded_safety_field_difference,44325,1000,0.022560631697687534,44.325,598
Alpaca3-8B-train.jsonl,13677,b8d9f0932efc3dd3e0abbe3dc7e7d613c3f800f6614dc96bead6704df87714f3,af3e8afe1129eafb4665aa5368c4f1e25f8c7d97c9d4e24dd38ef7e22f163de3,L1_no_recorded_safety_field_difference,44325,1000,0.022560631697687534,44.325,599
Alpaca2-7B-train.jsonl,7717,f3a7313bc5cd5f098cc4cc638f621f2a0e34745376555e5cd73be8e03e0afaa8,92926e6bcd534ee61b4c214341853db78fc5165b238a7a355dc70b9cff80fe49,L1_no_recorded_safety_field_difference,44325,1000,0.022560631697687534,44.325,600
Alpaca3-8B-train.jsonl,4730,297bbaa51cdaa7b8f632e05dccb5d4383e48349f82bc218782c73bd97c7503fa,dac9919f8d829e989d68fe92aa9720fee54a795b3f527052ebcc4e5e034b02a9,L1_no_recorded_safety_field_difference,44325,1000,0.022560631697687534,44.325,601
Alpaca2-7B-train.jsonl,21211,1aa7bdcdc2742ae597dc6bc2bdc4958a8e9ab035923c3b267a81b006e0a898f0,70a5366d36da01302c7200343435b61fa7105a5b7fd291f1b06848305a3d7f58,L1_no_recorded_safety_field_difference,44325,1000,0.022560631697687534,44.325,602
Alpaca3-8B-train.jsonl,14994,925d7cc5fee072b708ad471dba3acd52b39bd6f66135387f69f2a4c7d3ed97ea,fea2955a2b2e05edcb162d03fa621cc9d0dd8f815dc01ba8a715dd353d3f07df,L1_no_recorded_safety_field_difference,44325,1000,0.022560631697687534,44.325,603
Alpaca-7B-train.jsonl,1794,cb4826ccd4b843454f4d6b62d3697955dd250cff3a7288f509cfa772cea20b3e,4496a0da7b3d1ff5d1c3b34c341cec9a3580bb0594a3522e8523a3b7b90c2dc7,L1_no_recorded_safety_field_difference,44325,1000,0.022560631697687534,44.325,604
Alpaca-7B-train.jsonl,1049,1c83b39106e643448345051897ea4033be56fa04059889d84159e605e420fbdf,04be086de3e3747599cafd8bd5e9220ab4937879ef21426dd8a71fe9407980c3,L1_no_recorded_safety_field_difference,44325,1000,0.022560631697687534,44.325,605
Alpaca3-8B-train.jsonl,17650,2c370a58f22ff32deeb9b3ed9d89ab6edde9377ff41142e224c7c862c013114e,7947486857ff9ea2cdf2ed3d1d30f2e18c68b8a4af731bd534fd722da192d51c,L1_no_recorded_safety_field_difference,44325,1000,0.022560631697687534,44.325,606
Alpaca-7B-train.jsonl,8685,c2658f92dc0b3ebb676ae4fa6e2512acace78587fd02e15ead9a6c0b9472f06f,c13a8e3e69efd7f724046c650eae8332992ef92feeaf5ab6fb325e17d09173cb,L1_no_recorded_safety_field_difference,44325,1000,0.022560631697687534,44.325,607
Alpaca2-7B-train.jsonl,25457,e24a4170abd3c6bd576431c810458bfeb7d2679f1c418558d335a35da615978b,8f256ec3ccc814042ff1b7db525cf58a1cdccdea48b3f9428c6403e3e02b41d4,L1_no_recorded_safety_field_difference,44325,1000,0.022560631697687534,44.325,608
Alpaca-7B-train.jsonl,22759,b9cf23dc2a47bfd1f53d4a249ff32c068c412b788af9bf936190ebf26e727151,4bd71182f3b5b23ae74d7af6c32e0166fde8d35fb27e3bda8dd6d0f49683439a,L1_no_recorded_safety_field_difference,44325,1000,0.022560631697687534,44.325,609
Alpaca-7B-train.jsonl,22500,7a00db356970998be9fbd4e088dddc689731c03b994050e10f3650832f630572,2ae97ac47ac8ab9114aea98955113fcd27b56fbae216c476ee0871425693a722,L1_no_recorded_safety_field_difference,44325,1000,0.022560631697687534,44.325,610
Alpaca-7B-train.jsonl,14061,2daf56b9aaaa512a98a064132ffc19ed625f3ea4b446efc3c5f9c61ccdd12bf2,763752af3ddc65fc3b8e648a993a649eb1ac4493d375244c6a810d6460df950c,L1_no_recorded_safety_field_difference,44325,1000,0.022560631697687534,44.325,611
Alpaca2-7B-train.jsonl,805,6962973857c5f10147d37d259e96a0e51f78fcd46b1de4139edf9e22a4945036,72822e6fe7a2423c5f77ce2650fc1e0bc9dac2ff10322fdcca7bbc2c77cd03c7,L1_no_recorded_safety_field_difference,44325,1000,0.022560631697687534,44.325,612
Alpaca3-8B-train.jsonl,10989,e9430de7dcd9f99ad99a5dd61adf1c2e738006bd655b410690289a5834812b85,1301fc85d86ab1d5f4bf77f5f6679086acafafe0f171de51dec5b7a83ce4095f,L1_no_recorded_safety_field_difference,44325,1000,0.022560631697687534,44.325,613
Alpaca3-8B-train.jsonl,482,6745978a6889d2ba9bce9c2a864ec87ebada6811b6bb8982dbfa0cdc06fd2296,205304363e6a5fb57399bd60617986989e7899a99dd44b5c7c31c4fd79ab15d9,L1_no_recorded_safety_field_difference,44325,1000,0.022560631697687534,44.325,614
Alpaca-7B-train.jsonl,24510,e119bb51add01f3e6f8f83f7d2923804fa15aa9858835446349e2a4a8570e76d,67e6aa0b72339f7a66df484b6b2b2a22d4e47a3a8d6d042476ec1116493ac04d,L1_no_recorded_safety_field_difference,44325,1000,0.022560631697687534,44.325,615
Alpaca2-7B-train.jsonl,16807,912f03168e9dfc62ffa39622455c8faae79f2d7b942243f434e059bd2713bd6f,54edc30a4c755c439e88f8f26c8cca34c6325b7ae257818dc242503403b5ff63,L1_no_recorded_safety_field_difference,44325,1000,0.022560631697687534,44.325,616
Alpaca2-7B-train.jsonl,25055,197275cdb1dcc3b21b116ec533b729c0bdc3af1dce7683cdc5c63ecce78b4970,8b92dff1cced0301d7af4931afcdfe811be802010150bb745d6552dbfd80f06b,L1_no_recorded_safety_field_difference,44325,1000,0.022560631697687534,44.325,617
Alpaca-7B-train.jsonl,11258,b08157994c8725fa2b5f5f71abdc1ef864519da587eaf5307a23f8b442d8944e,19385e84e42bd902dee93ead846e89a329186f8670a3cffde06ff2bb1f7f87dc,L1_no_recorded_safety_field_difference,44325,1000,0.022560631697687534,44.325,618
Alpaca3-8B-train.jsonl,3757,cd0ce8baf07025264d0d8d552fd332029727ef3659863c4dfe56b591cf3e19d4,20f1812ed9a0f769cfff31572e710b29364d6b3fe4f40a03a6e2d7820c4a2c2f,L1_no_recorded_safety_field_difference,44325,1000,0.022560631697687534,44.325,619
Alpaca2-7B-train.jsonl,15094,f143f7e52d0bab839876a4e0baf8b54f1f3f6d84b55df27bd24918aca23fabba,8b3d1b8f236af670c2f37b8bfaf712108a9545ef6974fdf36957a9833ae0e8d3,L1_no_recorded_safety_field_difference,44325,1000,0.022560631697687534,44.325,620
Alpaca-7B-train.jsonl,27094,708f4bb000d7b0c4dc39c2ffd78f95a26d9d6ad1e3ea8afddfe8681b6957e7a2,05e6abb30384ce4a22bf7b65d11c992df1b4676026ff698c268866ccddc322ae,L1_no_recorded_safety_field_difference,44325,1000,0.022560631697687534,44.325,621
Alpaca3-8B-train.jsonl,14404,0848db8413dde4506c19b61bd65baec5652375145a5e1e4bf2be20367ee42e6b,f8da20959c37e89deb66f1cbe402502ae5b5746c208bb47794223c10f14eee71,L1_no_recorded_safety_field_difference,44325,1000,0.022560631697687534,44.325,622
Alpaca2-7B-train.jsonl,1060,cfe7a628483dc355bd71e461163880c855c9b98721e926c5ca6935b8e2b4ec35,6db2eae7ad8f34d02565c1357a7846db227e5e2e51c2169712db0d4bafc1c63e,L1_no_recorded_safety_field_difference,44325,1000,0.022560631697687534,44.325,623
Alpaca3-8B-train.jsonl,6612,df82365b371995cfff21f2789c40837ac6f3bd9e66b20ada901f9c2b4d1d6245,bf7e695c5b36d15eea34004162709543c11e90bb2d5419e3c74f8162687652dc,L1_no_recorded_safety_field_difference,44325,1000,0.022560631697687534,44.325,624
Alpaca2-7B-train.jsonl,522,c4ef7c395dc9a90748e4d25adb146376064089834cc4d01bb5e578ee817697b0,c280c4cb33ad1c80a077922d251b62df0f6427618807d8e7c3bc873d6fb17db1,L1_no_recorded_safety_field_difference,44325,1000,0.022560631697687534,44.325,625
Alpaca-7B-train.jsonl,19358,1642c99fcec53accc2249c552d8fb78d914137516712368ba4b5fb354c6686f4,14eaa02b509646b1fe4aa309855593d3996bea4315d58b7a673eeee12ee14cb7,L1_no_recorded_safety_field_difference,44325,1000,0.022560631697687534,44.325,626
Alpaca2-7B-train.jsonl,19256,0135c85565c0cf59815de8a75db1e89c06a8bb36826f4fd73b5d1c87a7b23739,fc29a7a985faf376ca595f50191e1d88d948fe72854593f624ddc4467400023d,L1_no_recorded_safety_field_difference,44325,1000,0.022560631697687534,44.325,627
Alpaca2-7B-train.jsonl,17394,f41f7e52e2e4363c86c6ee5d8300c018459ac99941c514c557adf649f8287894,89af41b44b353e8b6b9129ba90ddf943c2982ff45ed3c915ad003bcad0135ade,L1_no_recorded_safety_field_difference,44325,1000,0.022560631697687534,44.325,628
Alpaca2-7B-train.jsonl,22526,43b0fdb22d78045e949b672d71e986271ac907d75a852fda8304a952a1e77303,74ada12924e3fa4efbb9fe84132ed4ea0eea538028e0d9f07f5d45baafd55757,L1_no_recorded_safety_field_difference,44325,1000,0.022560631697687534,44.325,629
Alpaca2-7B-train.jsonl,5772,58e6d404f795c645e2781f841fb1f4197ee3af9efb0785eb386312accbce1500,2a708f168df53fb6be773a75b767a6bb6a2ac473f0ec841226dab740f7541c7d,L1_no_recorded_safety_field_difference,44325,1000,0.022560631697687534,44.325,630
Alpaca2-7B-train.jsonl,20250,9121322c8aaebe179b9f3ec1651365e6019eeca00ab4b046430b7eccf4ed69e5,416a93690f967ba821b2d5a78d7d1cc90b1003745b851f2ceb43312b206edf04,L1_no_recorded_safety_field_difference,44325,1000,0.022560631697687534,44.325,631
Alpaca-7B-train.jsonl,4822,8e2e2f08fa4be1a2a5ebe01d8cad70bbe14f4ac96ff31b5b30b7ad0689ae1ca1,2356cf943177061d1d15f346bdbb95bcd048f949a1b6698a50f055900d00e074,L1_no_recorded_safety_field_difference,44325,1000,0.022560631697687534,44.325,632
Alpaca2-7B-train.jsonl,1980,e7a47a0383ac84cd39287359df53a8938ddae5c092d67ca219f87d7b099b3f4f,402df88bb4b1e034407ebcb514188271425c1d33adfc24a0126e37cc11e36121,L1_no_recorded_safety_field_difference,44325,1000,0.022560631697687534,44.325,633
Alpaca3-8B-train.jsonl,8952,7a1335fb28587013ec6228ce4b228d119bd10d26113a0004359ba31b09563059,dbe4e2082c72881ee9dbcc607baa5a2b329ea9318b28f9070d5a9ae45f85125a,L1_no_recorded_safety_field_difference,44325,1000,0.022560631697687534,44.325,634
Alpaca-7B-train.jsonl,15735,48bcd7e843d12fdcc18ee5c7ca76247f542bdd0019f3beea54dc3be99322a39f,47abcc1ce9cf1957cb0e555d4e32c9fe248dfc884913f475a7740cb014ba28d9,L1_no_recorded_safety_field_difference,44325,1000,0.022560631697687534,44.325,635
Alpaca-7B-train.jsonl,20477,f1eef95a2f15f52a08e50659ac2a105b2b578d403f683bf33264e9581d5a56e4,882b82d687f70ba46d5aec62cfbe1e29d02dee6f866e62dfbdb7dc76f30e683a,L1_no_recorded_safety_field_difference,44325,1000,0.022560631697687534,44.325,636
Alpaca2-7B-train.jsonl,20255,d32d713788c435e50ed36720c4a7a73cd5c4b604c0fcec5333181f6178f39ae8,846530590ceef194cba06895f1fd0d946328808d7bd42ef72152e81039905810,L1_no_recorded_safety_field_difference,44325,1000,0.022560631697687534,44.325,637
Alpaca2-7B-train.jsonl,13355,61e1ae79f416d6ae4d275f8e87068a3f22bc25c30707259dfc5d2c8f9610dd11,b70db7e76a8874953848d11081be071edf7cbd26aa75d20451dada651049e1c8,L1_no_recorded_safety_field_difference,44325,1000,0.022560631697687534,44.325,638
Alpaca-7B-train.jsonl,7973,6df0768eb65510fd2aa124573c1c00baefb22e0dae49ee54a6928a20918e7cd1,55359f16460b3965ae3c9388da9ea996be2e274115301191aa3723a0ee158a33,L1_no_recorded_safety_field_difference,44325,1000,0.022560631697687534,44.325,639
Alpaca-7B-train.jsonl,5526,46fb239bbf6cce6c6e6646968acd2dd3ac70cceba56f370de8771cd7fdd60b02,394c6396180fe60577643eee6d86e23e85f188e183ad66b87b410497de7fa014,L1_no_recorded_safety_field_difference,44325,1000,0.022560631697687534,44.325,640
Alpaca-7B-train.jsonl,7047,20be2a17f61813ddf3c381b5ab074994ba2fd0f14ad78d07217cb8b4e27120ad,49cca392068ed63fa98a14c7d796f370941b5d22db16d54468a7563a990b7694,L1_no_recorded_safety_field_difference,44325,1000,0.022560631697687534,44.325,641
Alpaca3-8B-train.jsonl,16755,2d0c3cfbd2122f526a8fbca527863450d783059a6164619b0277997c1af049aa,8664964b7f8aee3b57b9dcfbe6b2ce517bc395c806fab4750d16d53c09b2803c,L1_no_recorded_safety_field_difference,44325,1000,0.022560631697687534,44.325,642
Alpaca2-7B-train.jsonl,22763,858a6145ee5c3dabf59f23aa5e7dc5bb37559e2a7e7dc0a18185a36bc23d465a,d1d771556704761b1b657e02d2145ff28879d87be598292a43ee425ba2c800ac,L1_no_recorded_safety_field_difference,44325,1000,0.022560631697687534,44.325,643
Alpaca2-7B-train.jsonl,25300,ec84ac7eecdba128f35ff5034f2ac1f3882d36cf7135c1164dcf9a81cd99f71f,54bc1c402b375408120174de783c7f927f45952e45408c1dbfd936bdd8f990c1,L1_no_recorded_safety_field_difference,44325,1000,0.022560631697687534,44.325,644
Alpaca-7B-train.jsonl,18842,bcb6e9895da1ca49afb9c418f13b2c63d4f3c31eb27671d171eb06f44ff59dbb,fc4c8651425ad5d284b191ca5fef826c2ba728b66a1185a1f0942107aef19a55,L1_no_recorded_safety_field_difference,44325,1000,0.022560631697687534,44.325,645
Alpaca3-8B-train.jsonl,5677,77e96aa0cce325425919bb06c7f1ed12c68adce37f51ba8b5328529108f40d30,af0f4d923d9a3d6ef656adeda8f33836493b2721e5554f0c4dd1feac71229934,L1_no_recorded_safety_field_difference,44325,1000,0.022560631697687534,44.325,646
Alpaca3-8B-train.jsonl,7577,642924ab9866c9f35953e36628f89118f1780e149d68c549d65729a9b76c6e12,3f567cdc8e9e2883b928fb2cd67a50532dbf7203ffd50a7a7b39f98855c8d52c,L1_no_recorded_safety_field_difference,44325,1000,0.022560631697687534,44.325,647
Alpaca2-7B-train.jsonl,14131,898ce0cdc622f1ab7d78571b6421b50c3141c4bf0979a43f6e0e111673c35393,3971a968cc6946cf1f65f3354e91cffd23797cdd9a668d7a2e9154389efd924b,L1_no_recorded_safety_field_difference,44325,1000,0.022560631697687534,44.325,648
Alpaca-7B-train.jsonl,22452,8ff0bd77b1401f33731e369d5273952bae9099001fe45cd95eb63fca06931faf,f378b597ef7b268c5d76db6212c5447eebf12e36092cfd0bf8a8d33d470de2cc,L1_no_recorded_safety_field_difference,44325,1000,0.022560631697687534,44.325,649
Alpaca2-7B-train.jsonl,13256,7971ac72b40465fcc45189ba31bc1a91b286f1c87451569b73c544166c9fdc7b,70c276aa43fc234a7afe3458a701ea9ed1409c2e63c911618167f833df058d99,L1_no_recorded_safety_field_difference,44325,1000,0.022560631697687534,44.325,650
Alpaca3-8B-train.jsonl,2496,7c2155846aca4b288011b658c83ff24dfb3fa83765243102d1e675ce7d885495,eb8f0213c34eda6f3f876231cddcba69bad254d955e865c4c2ca2909888b98fd,L1_no_recorded_safety_field_difference,44325,1000,0.022560631697687534,44.325,651
Alpaca2-7B-train.jsonl,12749,c36acf9a68ec47d66addf50ea10cae56a97c7b44b51bfa07ad805969c7a5f7e3,ceda1c0bed1562b5c4a5673543494892a774dab6d938e77787955b5f0d646f6a,L1_no_recorded_safety_field_difference,44325,1000,0.022560631697687534,44.325,652
Alpaca2-7B-train.jsonl,24909,ff2f7d944f26c4b19ca9ffaeba95e5efb53476039af2d5ea4ea9aea703844f97,5e76ced943dfef8be687fa4495dea2e44d7e58527b6fc140e619e453598e57b3,L1_no_recorded_safety_field_difference,44325,1000,0.022560631697687534,44.325,653
Alpaca2-7B-train.jsonl,14956,f565a3c7c1d2e020f700b9624a9eb781a10aacc92e36619d8a424ba82ed62187,2aa27e2347faa6325c3f7bb4395984f67faf041a1c74c5a8041bd41637dcdc79,L1_no_recorded_safety_field_difference,44325,1000,0.022560631697687534,44.325,654
Alpaca3-8B-train.jsonl,20319,3a53e5a30c960cd3da52f561de305b119b29ef68986597208fe3eb60935dee5b,df36dcf666555ea6250e61eeb61c08a2f2fe0d1543393f779a5eab746999c677,L1_no_recorded_safety_field_difference,44325,1000,0.022560631697687534,44.325,655
Alpaca-7B-train.jsonl,21175,cfa97a6b921862357aded48996bf36264591fb1a51fb8e76e0f04d6cf8c37fa9,e19a84d5477bb901664111caeaeab2d29ee819ed20515fe77c31efa9190a0a9e,L1_no_recorded_safety_field_difference,44325,1000,0.022560631697687534,44.325,656
Alpaca-7B-train.jsonl,22688,efab824172a45e8a4980b30122e3419fde026414cd9b51fd1ea1de9994e3b97e,59c84ebf72b60c9d3c70a82750f6522a485bdfe38aca6d9295ccf7c3bf5c050d,L1_no_recorded_safety_field_difference,44325,1000,0.022560631697687534,44.325,657
Alpaca-7B-train.jsonl,5389,ae4f325302f2cd24145c44e2c7a6f7cd80077152e409af20a34e85257550ab61,a15a10914595ff48ecb6075cf6e758547f5f21f9671a59a95dfdd688677dba8a,L1_no_recorded_safety_field_difference,44325,1000,0.022560631697687534,44.325,658
Alpaca3-8B-train.jsonl,6450,4a3780251661443cea9c748a6adae2bd349152c07af1729e9af4beb8c4f021a3,7c6005eb8c15e8e554c4d8901e0cb149b640d8c5c8dbabe7f87a777ae6ca8141,L1_no_recorded_safety_field_difference,44325,1000,0.022560631697687534,44.325,659
Alpaca2-7B-train.jsonl,19201,4d4896784f3e27f67a451161f8cb46df260c63a34d7d01e7a1abf7c3d28043e2,e9c4d1be9628c1a15a1630787da3de212f3a6326d6999c128be1101a495df7c6,L1_no_recorded_safety_field_difference,44325,1000,0.022560631697687534,44.325,660
Alpaca-7B-train.jsonl,24841,e050c58edae02f11f8fdee7bddb4c81ce3d28e3867b5dfbc640db580d28d24a0,00b349f09ad8cec4933ec99361f548a6c9100f56f22746c1f40b99ef4237b718,L1_no_recorded_safety_field_difference,44325,1000,0.022560631697687534,44.325,661
Alpaca3-8B-train.jsonl,1237,e12f7af2c3a66f6fc6138366866e4e7eb9ecb4d6be623981b3ebd32d51b7b3f0,50640d40224ad2637ab8e5a090a17c98059aae00d4e8b2543b251ed3476090bb,L1_no_recorded_safety_field_difference,44325,1000,0.022560631697687534,44.325,662
Alpaca2-7B-train.jsonl,1267,160c469ec6eb14e724b45d9d7332093772969fb0a55645724760241e23262187,00758a381b696ce76c3690a7f2de9816798337286aefb60cc89eeb569397b08d,L1_no_recorded_safety_field_difference,44325,1000,0.022560631697687534,44.325,663
Alpaca2-7B-train.jsonl,423,435c5bad79b687927a6b0050ed018945db3f25b515a70f09690e7595f37d9c93,6a82ed3c5b31a71fa2450be54c2b323d4fd397efd42175197573ef73f2e9414e,L1_no_recorded_safety_field_difference,44325,1000,0.022560631697687534,44.325,664
Alpaca2-7B-train.jsonl,25371,7e99036fe2d8ba911b9f8e96ba72959c41038573ff5f76c7b5b0fb88000b7cc5,6e69fc007a5968ab32c59a6b52cc5aed21b01c2eb14843810dfb6c6cfe0a824b,L1_no_recorded_safety_field_difference,44325,1000,0.022560631697687534,44.325,665
Alpaca2-7B-train.jsonl,19801,333982d1066914d5566355242b0537096df771c5b2a0eac865a3421071c7c4be,3e6e0a187fd4e529855587a7e5f627a77c7bc1eae166918ef78274f2ca2571e0,L1_no_recorded_safety_field_difference,44325,1000,0.022560631697687534,44.325,666
Alpaca2-7B-train.jsonl,17950,253b0ac773cbfb12e0ae75d6b09ccaccc6ca0879e88a387445127b519c427fae,212e07b8dc58778279f0a912b23de88cd0488656801f777d99785692def1ad45,L1_no_recorded_safety_field_difference,44325,1000,0.022560631697687534,44.325,667
Alpaca2-7B-train.jsonl,16747,d22835686b9ea8be27f5b6d6825aa06c6e5ee6d8c68b351eba53e994fe89d6da,bca4da5efa23c15387690c4fa528537f13d5d239b0a54863e56c09ae7337c46b,L1_no_recorded_safety_field_difference,44325,1000,0.022560631697687534,44.325,668
Alpaca-7B-train.jsonl,5183,c4857ff89451d6de435295008391171f79f39c297053aefde3ac304694678316,a3b704ae8c37cd67410cb8914cc138cc441615ea394f1d1bbbaf339616a12b22,L1_no_recorded_safety_field_difference,44325,1000,0.022560631697687534,44.325,669
Alpaca2-7B-train.jsonl,5494,60feda5f848c847f76354195529390efd4dd9e1ffad35151a9ae6c1771916096,17e12027679963534da004a27b240a041a1d71eb3fbe7924f10a3e1d83f8d249,L1_no_recorded_safety_field_difference,44325,1000,0.022560631697687534,44.325,670
Alpaca2-7B-train.jsonl,5777,887172f0eacbc31f55b4744bfd2c640fb03bbf00e00b28ebe2dfd6c2f012f1a0,d82fcad6e8425e970ba007c3d42c66b256c009e561fc8eca503f84f86d00fba5,L1_no_recorded_safety_field_difference,44325,1000,0.022560631697687534,44.325,671
Alpaca-7B-train.jsonl,3609,eeec8a47c45177282a5d3675ca8a78bf4123fb18b3214d05cc080e70d30646d5,109fe8ed750282a36821f7a893741a0a55445d4da2120c6bcff90cf61effcb06,L1_no_recorded_safety_field_difference,44325,1000,0.022560631697687534,44.325,672
Alpaca3-8B-train.jsonl,18965,8d4e1741174b8f145fc3033b5dacb8db60d1bdb07d89e1cda5f7cf76240547ba,3f8d6481ff093eb42da15464a2be59e3b5e23ac2f8d6b224d7b392b372744bc2,L1_no_recorded_safety_field_difference,44325,1000,0.022560631697687534,44.325,673
Alpaca-7B-train.jsonl,1163,d0a2063b6ebbdece85f7828a633f2ab4471ed3cb7571bbd78ac2102b347bca7a,fc50b47ad90f0313db875c7337573f5d7b0f4c714ce049feaa42efd2bc19bb7d,L1_no_recorded_safety_field_difference,44325,1000,0.022560631697687534,44.325,674
Alpaca3-8B-train.jsonl,8134,aacccb32a30a63192955e01930a8c1b24babc1e3c745493f24e6b0a02928e7be,c89e06c348b041f020dacbcca6da762832341b026481d0f1d3edd7583e10dfe0,L1_no_recorded_safety_field_difference,44325,1000,0.022560631697687534,44.325,675
Alpaca2-7B-train.jsonl,21350,97641222d16f95827b795bfe22f00457597011e4c63de337b1e84cd287f08a78,b8489c69978c78af841266e7f0d14ac63653e0b3a12b001e83018703a1b97206,L1_no_recorded_safety_field_difference,44325,1000,0.022560631697687534,44.325,676
Alpaca3-8B-train.jsonl,13785,44d39b5201975b5300ecac5f75939f93dcb2ae87656b9fb54547a6cf6d24174c,ce5d48e008ca32cbfd2e3171087e3ff9ba7bc75ba441ae01bb8f7cdbd43b06f7,L1_no_recorded_safety_field_difference,44325,1000,0.022560631697687534,44.325,677
Alpaca-7B-train.jsonl,26243,b57044a754e7572b986e95c26fd1431ef10126e0ab3c19570ca8804cc4a74e9d,1ec12274bed57e8978b50d1836e045c813e8f243df853bc0067225ee310fd1b5,L1_no_recorded_safety_field_difference,44325,1000,0.022560631697687534,44.325,678
Alpaca-7B-train.jsonl,976,d3a3a68ac3ca59483e21c07a2e9404d274a4e98433ca052585388aab03d2097b,75067f873f8bb0495d54d2eb9c3fefc6a46b14118e325490d99d8168ef34d587,L1_no_recorded_safety_field_difference,44325,1000,0.022560631697687534,44.325,679
Alpaca2-7B-train.jsonl,19290,43e83195a767852d7a7b494ae2e29daf2cefe2bfce7c8d8768c9ad5796a25ff5,7804f1400b957652dde6944c55222bd981567a3e1da3c335971952daa79954f4,L1_no_recorded_safety_field_difference,44325,1000,0.022560631697687534,44.325,680
Alpaca-7B-train.jsonl,23720,79dab7e94c02b30a1fd33244bf79a990bbee4461d38711f5575927e48a754ace,ed9b616cd84d672c66a86baf302da835b4405a0c471b3bca978c7066e21f2bf5,L1_no_recorded_safety_field_difference,44325,1000,0.022560631697687534,44.325,681
Alpaca-7B-train.jsonl,26616,3af8674dc5f04a7d702c01407c2a369ad5c31276fcd8bc20b3cf1700cdcd2f3f,7ffb52b6e87d1e3453595db16b742c62e2bd58c1987c3304ee5f2c9a9b3d7f3d,L1_no_recorded_safety_field_difference,44325,1000,0.022560631697687534,44.325,682
Alpaca-7B-train.jsonl,26855,da036df5f5dbcd0bf0aaf856e63b4a3217fec064ca0ae5e59ed5f4fa990e7772,ce3f71e49561230f27963509d53d26faf407b3c95af7ab59682b8516f0c0a84b,L1_no_recorded_safety_field_difference,44325,1000,0.022560631697687534,44.325,683
Alpaca2-7B-train.jsonl,18274,9f61daed61846c440216b9b61dfcd11948d28481ab7a170ba5d4e67cf1e19755,d6a9fa27ca0c87a4e329ee1036199741a5f93ab0753750d0b0510f1b892406df,L1_no_recorded_safety_field_difference,44325,1000,0.022560631697687534,44.325,684
Alpaca3-8B-train.jsonl,20190,ad5465d474bbac64be89a1bf558989122bde0d6424ef3d4a2089544cd6b64e0a,6ba08968a5d67ea737e1227482a28727489d5dbfe7c8f0ea59763048b25d334b,L1_no_recorded_safety_field_difference,44325,1000,0.022560631697687534,44.325,685
Alpaca-7B-train.jsonl,1964,e06a7bb2e949b6801c579898d8d3c19b600d0c93b09dc6ef462ce0284f86f90c,c064840ecb9f649c03f59fd155ee5830f231fcfbd5611fbb418d7c9cd1ee7c06,L1_no_recorded_safety_field_difference,44325,1000,0.022560631697687534,44.325,686
Alpaca2-7B-train.jsonl,8949,f7a18695ef425701aacf4b01336eee4721a3784943877e3041216a2c00797098,b02e952a6928eac6d9349058749159cf22fc96894b1689eba7fdbf42e87f6d35,L1_no_recorded_safety_field_difference,44325,1000,0.022560631697687534,44.325,687
Alpaca2-7B-train.jsonl,19884,15ce27b40bf3a7f720872d4a9a6909f031066c16efab1567ab40f8abacca0315,338135ae7dd5afbcb6a56d97eb855f0b5fdd7006c19082db9721db1e4cea3386,L1_no_recorded_safety_field_difference,44325,1000,0.022560631697687534,44.325,688
Alpaca3-8B-train.jsonl,5993,4a431a453a8cc55d0ca7d545a0ab0d0dc56131e0086cda3c92119f60e97ea667,fcc2c6d1ff26e6e7bdf4fae3614fb46f04b2609ba4babd1d49c7e337ec32f93e,L1_no_recorded_safety_field_difference,44325,1000,0.022560631697687534,44.325,689
Alpaca2-7B-train.jsonl,25113,225203365fb9baa0c43d436e08c0a1237d90d571123493e65818ffb15c4bd9cf,ee0cf60bfd7bf99e3ccadb84e4edb9cf90a2fa131b3d4ebc70531153dd9ee5d2,L1_no_recorded_safety_field_difference,44325,1000,0.022560631697687534,44.325,690
Alpaca3-8B-train.jsonl,19845,4febd728dc42ab9ad606879704c2cc02a9d5b8dc4c7c90d609cd0547d909e1e0,79a6d1917ca5ee1ed97a8ae0c5f58622239c7b37e681ca0c0d6b8b0c6dbab67a,L1_no_recorded_safety_field_difference,44325,1000,0.022560631697687534,44.325,691
Alpaca3-8B-train.jsonl,7457,48c73a498b804ad0b30b29a66b7ab7f083b40a6d45163276e8c3c8e2bf3f0bf5,14c4ef135407df04dc12472688cdeabc041ae30a78062cc90d3f137f6368a2b1,L1_no_recorded_safety_field_difference,44325,1000,0.022560631697687534,44.325,692
Alpaca3-8B-train.jsonl,18875,c69fac0f57a8feea6e046128ce3eb11c9ed8e76e8e02b046a72fbe5de670dbc0,1fd421a92b4506ff868ee0a80fee0f24d12a69a5ff95f0ce84003e374f2c8a42,L1_no_recorded_safety_field_difference,44325,1000,0.022560631697687534,44.325,693
Alpaca3-8B-train.jsonl,18631,e082d9c4f348c986ce156a09b6097bd8744a4c0236d163fa228739bd26e9f9ac,dfb86bc22cb4ae048e4ef37cfa483ad014d055d1062e09fb0f2514c858469e40,L1_no_recorded_safety_field_difference,44325,1000,0.022560631697687534,44.325,694
Alpaca2-7B-train.jsonl,15735,050cc5db8b241c3c8e6656c3282863aff43bb8caf69173c8fa3e74584d983c27,7405aeca93c3fc5542606e6d62166ebd14c83e2b32a6dcfcd16cb31150ba45a7,L1_no_recorded_safety_field_difference,44325,1000,0.022560631697687534,44.325,695
Alpaca3-8B-train.jsonl,16918,e05e6673f82b096105e5ec9fe2075c9eb9a6022b426d824dbc97ff316830702f,d054195a403ef6b23ba6701d7cfc408e3c91ad966409d44e73e4556d721121b6,L1_no_recorded_safety_field_difference,44325,1000,0.022560631697687534,44.325,696
Alpaca-7B-train.jsonl,14565,2555fea94915fb69ce607b66b0611fba3d1faa5249aba290b85512252e27ca11,f6d807a29eba9d7d9c39727ce07f92083e04389664a059ae9acac35318803d31,L1_no_recorded_safety_field_difference,44325,1000,0.022560631697687534,44.325,697
Alpaca2-7B-train.jsonl,11903,2812eb9ad6eb91d50f2b202e8d317bb868de14fa87d039b1d4ff99752ca830bf,a5ad62a8652399926aa5371af10240e57e2fb068580026f0d1d9fb34f04e715d,L1_no_recorded_safety_field_difference,44325,1000,0.022560631697687534,44.325,698
Alpaca2-7B-train.jsonl,5961,9de3c1052c01f640bae8ed5b4f90d0b62c1759e831df1b14848ed4034ca0d802,279881f63c27b31ba598387992fb3a337024b8988d3d51fab198eb8c6989bae1,L1_no_recorded_safety_field_difference,44325,1000,0.022560631697687534,44.325,699
Alpaca-7B-train.jsonl,4932,3c643ac791965fdb2c93f1cc65dd450f4ca94143294b9689ad4f185309994dfb,d9d93a4d64873fe8912acf0076bd34b66d55787e65d71ee38d75834501c7e096,L1_no_recorded_safety_field_difference,44325,1000,0.022560631697687534,44.325,700
Alpaca3-8B-train.jsonl,12712,601bc4ed3e600d6371661db32583409014435f54ce44ca253f9b7a4d1200df71,43dfabb55bea2e391951bcc413f50b4d6d56fd680c0564f70b6a10945a01ab4c,L1_no_recorded_safety_field_difference,44325,1000,0.022560631697687534,44.325,701
Alpaca3-8B-train.jsonl,13445,f9bbf47dda36153ae683022922f68c24606489de9cc4b01bc7711f339319e6db,151e73313da15b4b573379c5962be2355fcec887cef0fa49215115772faf607b,L1_no_recorded_safety_field_difference,44325,1000,0.022560631697687534,44.325,702
Alpaca2-7B-train.jsonl,12481,a9418b43c3a20c7922da07c3119c5f5bc610b660b214378fb780d50d85f9f0d4,c5e0a05017b2e2cd7438099662a342e3c2c32dcd48d05a84188227b7beb62f7d,L1_no_recorded_safety_field_difference,44325,1000,0.022560631697687534,44.325,703
Alpaca2-7B-train.jsonl,25276,4a4db658fb8d4f88eb79eed474504deeb2735abf12ac2eaea6f8da33f2582790,4b42f5e5456b076823f86dede8295adb8dd0aaef538b5679201c4e9509727aec,L1_no_recorded_safety_field_difference,44325,1000,0.022560631697687534,44.325,704
Alpaca-7B-train.jsonl,22111,2aba46606a28385fd4dafb3dcdc0a38f0bc6a76ed48d32affd7175383dbe8a66,f44d798a2b9dfd2c4c13e23893dc949e4d8748c3f7dadf899877643c697d2154,L1_no_recorded_safety_field_difference,44325,1000,0.022560631697687534,44.325,705
Alpaca2-7B-train.jsonl,6279,b2090f2eb54b5ce8d2c96edf621c947a29c6e3efe499991ea2ddc91713a17eac,373bceafc23618f11c755f870b74d6ca896d550576f483ef6fc1671389d47adc,L1_no_recorded_safety_field_difference,44325,1000,0.022560631697687534,44.325,706
Alpaca3-8B-train.jsonl,7888,f6e228d1fc15d5ede88215e442cd543cb5f96c9244bdf953ea0544c8dd4996c7,26e0aacd04b65779c4af6f9b52ca6f00fd47c622c5cb55318f6bf71b73836101,L1_no_recorded_safety_field_difference,44325,1000,0.022560631697687534,44.325,707
Alpaca2-7B-train.jsonl,6447,69bf7b6131ff9bf4b5bb61dabffa8192e1a38b216e3a25adb408e297e5aec454,b6a9bdeea719198d669a70746ee4de932b627d7134635639d3ddc1510f069015,L1_no_recorded_safety_field_difference,44325,1000,0.022560631697687534,44.325,708
Alpaca2-7B-train.jsonl,22738,9799f5988cc2e7d70f96057fb1ee489bbca5c183336b59273bace9662ac08e94,61d745cc4d1af617893b02fedd8ed01e75ad02d8c36930659798aef1093304e8,L1_no_recorded_safety_field_difference,44325,1000,0.022560631697687534,44.325,709
Alpaca3-8B-train.jsonl,11549,e5f0cb1c4b397b43e73bdbbfbfb7e4880c9da6715bffdb438c22bca52e6b6f26,b4314714d715f7bc18fcce1a8686a8bca71a050dab461333cd2dc91c0a115c9b,L1_no_recorded_safety_field_difference,44325,1000,0.022560631697687534,44.325,710
Alpaca-7B-train.jsonl,12009,1cdc33bdcb4d58f3e8a3d4f2dd88b3970c4dc4f4b2c63684c3b716ffe6a9286c,fd381002826bf56ed454231750b39c5d9612157b00bc83261af337a3f38cc4c8,L1_no_recorded_safety_field_difference,44325,1000,0.022560631697687534,44.325,711
Alpaca3-8B-train.jsonl,13280,57269d5624c575c27f4152a18bb9df71a158a65143a7114735cbaf33c1a2f698,1a6b29dfa128afcb062e9a046189dcbe44c3f9c85e63f3365d2cbcfa34e06a09,L1_no_recorded_safety_field_difference,44325,1000,0.022560631697687534,44.325,712
Alpaca3-8B-train.jsonl,8337,52a27e0a12afbeb5b01bdc87881be8dab72682c241ce0ae7ad06bb65d08bf7c3,f9785eba8a75f335c9b018e2ffcf8daf0e490353336a109212508a45dc6576f0,L1_no_recorded_safety_field_difference,44325,1000,0.022560631697687534,44.325,713
Alpaca2-7B-train.jsonl,10885,dd8e9e66040aec81e1fddef16b06022fb826ba19779edcc922bab8dc91e95c2e,0fe389ec8da0d2a9c8c3802bc5707adb7a709f586d1b005e6169587eeb25aedb,L1_no_recorded_safety_field_difference,44325,1000,0.022560631697687534,44.325,714
Alpaca-7B-train.jsonl,16048,39986c70835638fc6a2e4646c97e1694fe0a912c98b13b2d8a7ec2493e9a7c49,db7f189797826192e85bd422e30bf63d695712072df07df02945bd44183fb2c5,L1_no_recorded_safety_field_difference,44325,1000,0.022560631697687534,44.325,715
Alpaca3-8B-train.jsonl,9243,2c008c302142717ce39daf51a89f4860593e5a24e77884eb2b8b26550312d97d,61f111096eb191a6deb0a583e17feff0c70f384e4b6248436b4f1c87aecc44fd,L1_no_recorded_safety_field_difference,44325,1000,0.022560631697687534,44.325,716
Alpaca-7B-train.jsonl,4220,9335f6a7a6edc859e995cf7e0505467b843eef74e06eae5ce0c4a1bb7a9ec0bd,3f5d6ceb0c4d9e4169d26746e47ddd0f98e35bd0d8628571bbacc63bc6a9c16c,L1_no_recorded_safety_field_difference,44325,1000,0.022560631697687534,44.325,717
Alpaca3-8B-train.jsonl,2422,144b1b52d357b991c9ceae5d53652fed859097bb5d79bfcd1ecfa43e9f3e0b45,cb42df828dc1e9821692843a392b6d0abd129823b3d50c3cfdd2f2e46e07bbab,L1_no_recorded_safety_field_difference,44325,1000,0.022560631697687534,44.325,718
Alpaca-7B-train.jsonl,14353,cb87cfbe0536eac9e4a2f0c263fa638962b03f3e0ad42ca7ce0366dc23fac964,74379c256957972f2ab17aa0911ff7f6df32b0a19a464af9a21854f4642a9b44,L1_no_recorded_safety_field_difference,44325,1000,0.022560631697687534,44.325,719
Alpaca-7B-train.jsonl,12947,9ad7d7e34a5f5c4e9f4be50d18510afc37b94cca57569d82ed663572ad2d71a2,f394e07f109ff5c0a0f35edaaa0b21b4582c458bdca3abe515962e9b960b9575,L1_no_recorded_safety_field_difference,44325,1000,0.022560631697687534,44.325,720
Alpaca2-7B-train.jsonl,3489,e17e732527bd1da8bb9b33ef49195a261167d3e7303b39a163fe4dea09909f25,d156d7e25dc81981f75a88e05f886d1de5a40a10248f14a2508b8249a6576a3f,L1_no_recorded_safety_field_difference,44325,1000,0.022560631697687534,44.325,721
Alpaca-7B-train.jsonl,25475,28d602c0ae2cbee898d9bdb3642c7390fbdd83ba4c8a4b01df8e53eb48ea8dfd,be9c576f8dd73f35271697c188b18fbbc2e6650d9a91a9b1dc23beb1d0000339,L1_no_recorded_safety_field_difference,44325,1000,0.022560631697687534,44.325,722
Alpaca3-8B-train.jsonl,2144,f74e83d948f9f2cb339f071036be38c4b5d751b4768b53abf4ffe06a5e8ffb4e,4877a5a73db3612db079b2560583059aef4f4b08adca9501de3c417447c42296,L1_no_recorded_safety_field_difference,44325,1000,0.022560631697687534,44.325,723
Alpaca3-8B-train.jsonl,14167,8ec0d878d5e921056ba9fc457a7ad442cc8204ca9ddfb41bf95a670f020855c1,37c83db1d88ebb3552649abdcba13bbad797740fc8ce328453cecd7a78932e22,L1_no_recorded_safety_field_difference,44325,1000,0.022560631697687534,44.325,724
Alpaca3-8B-train.jsonl,14423,cb1487d2b3f71bef3765b22875abd9e838cd475600fb7941643f1a56d68ee327,95883f81df13a8748ea8c301b780b2c7caa6ffb63853574cc28e8c189e2d4e7e,L1_no_recorded_safety_field_difference,44325,1000,0.022560631697687534,44.325,725
Alpaca3-8B-train.jsonl,14840,1d668f845236429caac99abc6d2dbd99154fa855c24b0fdb305b5ad6d9457f4d,dd313df405b033cfa4d75a058ef0af50cd7031e27c5c9e50316aa0cac99e0204,L1_no_recorded_safety_field_difference,44325,1000,0.022560631697687534,44.325,726
Alpaca-7B-train.jsonl,15763,2d7703d839546266f2ce837bacb5490b6e107caa13b8cf212ae3a26c47435bca,4146453b5fcf77a06a792fdaec3381a1d161d1216e78632b2af41fb2a054435f,L1_no_recorded_safety_field_difference,44325,1000,0.022560631697687534,44.325,727
Alpaca3-8B-train.jsonl,8402,b232f4562403027d9d3306299fb983d6474557fee29d4c07be5666009b11b39d,a333b65c7453d642508c898bbb06e3e7cb19d893881d208e3f809a2ef9e6cf57,L1_no_recorded_safety_field_difference,44325,1000,0.022560631697687534,44.325,728
Alpaca2-7B-train.jsonl,11718,1e7e97350dda5039428500e9a4ce909f685d0314753f24bb41406950de4f8508,f7a36fd5476c93d70b87ae3e7bef6d8d7ec9469dc8377c184034e8b407c2e623,L1_no_recorded_safety_field_difference,44325,1000,0.022560631697687534,44.325,729
Alpaca3-8B-train.jsonl,17286,c10cc7f296672e139b732ccecaf6f73e30174a4bb9ec6a0322ac74bea2b3b348,68182d63ef1374920a49bdfb78e01f0ef38646fa845e9e1d465736f56ca6888e,L1_no_recorded_safety_field_difference,44325,1000,0.022560631697687534,44.325,730
Alpaca-7B-train.jsonl,26442,8343fe68b89091fc2f52106ca485a5276be8e6092f8eff6e6aef2d8293e4a481,57cf7ce279153c82ed4e04561ec2130cab4f0da2b7b4ce45df788dd2e69a3d83,L1_no_recorded_safety_field_difference,44325,1000,0.022560631697687534,44.325,731
Alpaca3-8B-train.jsonl,14734,073c5528bf0243c9bd72400f6d93c10e9367738b8978b3e6e191e75d56ff8e74,227311c0ea8c44de06d343c2a4f3a5d2c93330329cc54d5397308a5936279713,L1_no_recorded_safety_field_difference,44325,1000,0.022560631697687534,44.325,732
Alpaca-7B-train.jsonl,8323,46bf7827eab4912e8d211e62b7b4d093692e775d69ddbad70a4fd00f84c59835,dc8ad1277a6e22cce433a961bf1b9c9a1a7d2cf1b0a2dc01e469db9829a09d70,L1_no_recorded_safety_field_difference,44325,1000,0.022560631697687534,44.325,733
Alpaca-7B-train.jsonl,8578,233beca60f314cbe2a08f53edc512d854215c00064d9d3f3420ea61361ea0734,043f6f753a18eecdc5cddb02c0891951a2c1ea848bf6da0fe9e183e7453dbb93,L1_no_recorded_safety_field_difference,44325,1000,0.022560631697687534,44.325,734
Alpaca-7B-train.jsonl,27199,85ac60f35d4220fc61ff7beb24809d028eb0d541c217913f97d7bbbb6d9c791e,dbc6e017200f3b58080fbb1312ee5c1372e08dad2724d81c9d3d93841f2fd464,L1_no_recorded_safety_field_difference,44325,1000,0.022560631697687534,44.325,735
Alpaca3-8B-train.jsonl,15521,20461dc29d92fbe19f0927e5d7f1c1ebb9bdd443a726a135f29d7d40d135d0e6,5eaff210bcc08ac03ec7a4eea195c380fa64750cbb7adbb7c6ccb2db8fd2caf5,L1_no_recorded_safety_field_difference,44325,1000,0.022560631697687534,44.325,736
Alpaca-7B-train.jsonl,25675,1b0f8e72684f704edb18cf22be423b8a23eed64129f01ada52e3060697b8b41f,5a99ad9f7182e78bf411852d4f25c7394862d95e6fbc9239098cfb54742f8f16,L1_no_recorded_safety_field_difference,44325,1000,0.022560631697687534,44.325,737
Alpaca3-8B-train.jsonl,17631,a983b64a93ff8b98012a87b2cdae438effb4c5d9fe04e2095683e2036ef9dd37,a1a2e1b587d82c4eee4fbb24ac7d832f29a639ce262305e271197b5854113b54,L1_no_recorded_safety_field_difference,44325,1000,0.022560631697687534,44.325,738
Alpaca2-7B-train.jsonl,11084,2002cd4ed6a880c15fdf8a5c0ca2e505465ea4ba1b867426a944bdcebe79bb0d,f67a3e62be5f514cad7d60df585fb2add8b0ce6c26cd4d3b429ec4d922918fb6,L1_no_recorded_safety_field_difference,44325,1000,0.022560631697687534,44.325,739
Alpaca2-7B-train.jsonl,17581,417fae6b6f3da532b9ededdd0eaf758c09990b3ad361ff640a7c8d7ddca00895,f128bc17fad028958ef1ee1d946ade5760ae3b8e2197970bee1701889a3eb486,L1_no_recorded_safety_field_difference,44325,1000,0.022560631697687534,44.325,740
Alpaca2-7B-train.jsonl,8603,7d7b437ff2cbe685f8a4b225d8c03e7bdfc46dafe98335474967c2434b823e33,75679c796c8967384fbff1a8e4d252edbf75eeaa781012db820012749655e8a4,L1_no_recorded_safety_field_difference,44325,1000,0.022560631697687534,44.325,741
Alpaca-7B-train.jsonl,6266,39befb79e625269529885bf9756384277c3285566a6c9608062fd0ee94eb5c78,6207583d48ca928ae1c1a192635526d78d6cf69a71de1423657d8c50897f3e07,L1_no_recorded_safety_field_difference,44325,1000,0.022560631697687534,44.325,742
Alpaca2-7B-train.jsonl,7081,1355e1c7981bf0d4e53bb8d40ab8579381a135d990a91404bb0d567533cb5ca1,d84609808381e76493a0647f989f337eaf2565a7db7251510b8a3442526dec51,L1_no_recorded_safety_field_difference,44325,1000,0.022560631697687534,44.325,743
Alpaca2-7B-train.jsonl,24175,277698bb2709b5a52f37b3cca3ae35426eb364760cf5d7f2dd02a07d36f9151e,8ed6ab6f6f5b1bbbf2a38382ccee3757394616d2f43eb422ec56c7beb2f9d1b2,L1_no_recorded_safety_field_difference,44325,1000,0.022560631697687534,44.325,744
Alpaca-7B-train.jsonl,17017,021a6a6314779da3d70d1fa3cca49b24aebcdbec6a1d8fc299f3dc572ea8bad9,f6bb52201b38ddf22727f4a927caed7fc28741b78b54f33e4cd0748cc4f7e37a,L1_no_recorded_safety_field_difference,44325,1000,0.022560631697687534,44.325,745
Alpaca2-7B-train.jsonl,7763,8ded84cbf6e5b2cd4a550c85a63f7d22234c1aeaed2950761d7d0217cb496d69,0df675c59578316242c68ae2d52afc70f56ad4cca917583bbd73df6558ae1a62,L1_no_recorded_safety_field_difference,44325,1000,0.022560631697687534,44.325,746
Alpaca2-7B-train.jsonl,23932,3bb786b1ff45504cf6955ccdaac8222165915236173334f1c81b5be294fa97c8,31123c46b57b16d306df4695f7678f0f9f74d7e6d04a7c2526eb4e03b32356ed,L1_no_recorded_safety_field_difference,44325,1000,0.022560631697687534,44.325,747
Alpaca-7B-train.jsonl,11013,9e47d808cae1ca165576faa3e4466edd3cc5c2ec00cc69a33894c877a6e224c3,354e60c8e8cc8d3b06e3a293395fee2a425b8d52df375b7d73fd0e2b623b1f3d,L1_no_recorded_safety_field_difference,44325,1000,0.022560631697687534,44.325,748
Alpaca3-8B-train.jsonl,14842,eceb4017dc41ad1dea4e604b22e9af525a0bc22e93b6a1c5efbca06e415471ad,819b57363d7860aa1d2413e3efbccbbb12ba220caa67f7f8bd1aad11f86d1ed9,L1_no_recorded_safety_field_difference,44325,1000,0.022560631697687534,44.325,749
Alpaca-7B-train.jsonl,10900,111c6a7925f806e3b7b5d969f7f7163315bff28300aec55c8650798b5f7890d5,baf3f4244ce342a8384c4d69ed9c84c69787c26978bcb7360ec37d3eb63c8ed5,L1_no_recorded_safety_field_difference,44325,1000,0.022560631697687534,44.325,750
Alpaca2-7B-train.jsonl,2192,17e3ccd756290d0b69e08bbd57d9952f76b37f2ad9c1a9ccbe691a6fba3af09d,0977d7f1368440bd14d04c692862d8856f779f61fa6c346ee1256cb0a49b8126,L1_no_recorded_safety_field_difference,44325,1000,0.022560631697687534,44.325,751
Alpaca3-8B-train.jsonl,14609,0c8f76ca817ad985fd53247ed8da5b579756c8210e97c8f6d96163c48e18b08e,dfc28939cd6656bbabdbabe48de7efe60712d445c2a1bf9a0c076acaeae0cd98,L1_no_recorded_safety_field_difference,44325,1000,0.022560631697687534,44.325,752
Alpaca3-8B-train.jsonl,16236,8e141720d419ca6eb6cf985d7876a16e6e1a40e5f727a3883c510bbcf840b77d,9fe7de56cfa00944ac232af6e560fe2ada4cff597dff3c2ea5eb7fb8292c0fc4,L1_no_recorded_safety_field_difference,44325,1000,0.022560631697687534,44.325,753
Alpaca-7B-train.jsonl,13745,ebedf8623c461ba41711a939b966edfc0982e4fb0ac6a2a7f115a4b9a5d5cc31,2a7cf56fecb9db8d33045523700b6c4178acd6c464c79bbec1e8a4e4edeff9e3,L1_no_recorded_safety_field_difference,44325,1000,0.022560631697687534,44.325,754
Alpaca3-8B-train.jsonl,5815,aacde3922c743e44a1ce2716b8687b74f4007ebf2da72f2c52328930855dd9ee,709c9ba9e4634461cdcdcb089fbc4e1d32a6c206bc8fa24cf490b6930d2c69ec,L1_no_recorded_safety_field_difference,44325,1000,0.022560631697687534,44.325,755
Alpaca2-7B-train.jsonl,19806,15b3e7249b09bfbc071fdfd4f4a6e1d20ff28bf2237ca64914cde43635899e1a,971b04f1637eca66a5eca4804260be6f1614e43f0abb68c7b1231a0459955d4c,L1_no_recorded_safety_field_difference,44325,1000,0.022560631697687534,44.325,756
Alpaca2-7B-train.jsonl,4809,35aac9232586c5f73f3269b2fe49f6b1fa8d225cc952f979016d797f3a427729,f48bc73fb2f383041b61975db2de4b87ed58cba1340d8a3ee1ec007dd36eea1d,L1_no_recorded_safety_field_difference,44325,1000,0.022560631697687534,44.325,757
Alpaca2-7B-train.jsonl,19057,cc3d66f26b1a48db8832ac62b19240de40c671c3c3b899563f0dc70ca15bdec0,5cdc326bf96516f8832ac135dd332939f14e26c8c589dfa124e537d94fb1aa0d,L1_no_recorded_safety_field_difference,44325,1000,0.022560631697687534,44.325,758
Alpaca-7B-train.jsonl,12411,bbd1e6a5a13baf73bb4b4dd2124ef8952bc343f3512ff31fc82bffb3fa657132,280ddb0ed8707fae25d13fccb659e4c59ea52340518495ddd6e6430dab6e0454,L1_no_recorded_safety_field_difference,44325,1000,0.022560631697687534,44.325,759
Alpaca-7B-train.jsonl,27372,3f447af2c25d502d6de0cada99db629225b1d9c4514269eec7a1b392e56adb41,679e98d97acb61db858d0fd6dd316bbc9dd1e45209dbf69c8f0b89fd6ee13af5,L1_no_recorded_safety_field_difference,44325,1000,0.022560631697687534,44.325,760
Alpaca-7B-train.jsonl,26499,cd48db95ca076167be0e947bf58049769dc96ec80bce76ac7304404dbcb31101,a1f6d287dd93289e867142fa57c1355784175846b205128db42ee2c7a5e5b0f8,L1_no_recorded_safety_field_difference,44325,1000,0.022560631697687534,44.325,761
Alpaca3-8B-train.jsonl,10906,6d781887c8895c2d0e304171bde316618b173a92cabe86f16974118ab1fea55c,8d8d678611b0420987266facb4edc143c396bd3f22e8f4e4eb06180cfaf54a84,L1_no_recorded_safety_field_difference,44325,1000,0.022560631697687534,44.325,762
Alpaca3-8B-train.jsonl,16292,72e3feb8f692da40a81741d055d4b7c5d1b626b16ae00b87730369919c4ad4a9,b577fa6aef009fee104c62fe2c1cc4362824a18ecdd723b98614ac4894c875a5,L1_no_recorded_safety_field_difference,44325,1000,0.022560631697687534,44.325,763
Alpaca2-7B-train.jsonl,10428,52e17f41c4ae57290c9685f65e8e597e3a4cc8422f2b8df30c84f514159c4085,908b88e41f69f6f58faddbd7f18cf72903122c388ca8ca062e782d31a8f0af2b,L1_no_recorded_safety_field_difference,44325,1000,0.022560631697687534,44.325,764
Alpaca-7B-train.jsonl,26468,f362446ae83f771defc5f5577dfdfe6d2db0df7666f9298c75e6a5481de42cea,3797fa850366754cc770aeaa30593c42528040f05287bdfc8b531a07ec7445c1,L1_no_recorded_safety_field_difference,44325,1000,0.022560631697687534,44.325,765
Alpaca3-8B-train.jsonl,6712,4bfe7e59e8e25f25e68661446d3993ffa77b96c8b675e53a5141e735d49664ec,17f8b5123b61605916ca0795c6fced34d3c6fc9c46cf010de4db6aed10720d5b,L1_no_recorded_safety_field_difference,44325,1000,0.022560631697687534,44.325,766
Alpaca-7B-train.jsonl,8947,be86457500531b838e62f9a9316ed0802b2311022e235d1b62a3b60fe93fbdc0,8a386cfb33c9774c4c96afea60b3e4c2f8681a8c4e2a9d0bb4dda34d06dc0e51,L1_no_recorded_safety_field_difference,44325,1000,0.022560631697687534,44.325,767
Alpaca-7B-train.jsonl,22183,928832bedeee26c5d6d30301b17ab0aa385beb8f6f055031865c76e53e877b1d,7fd8a5da0317424c89891dddc3c5d6c903affef26f0feeb0878b52c3e184a41e,L1_no_recorded_safety_field_difference,44325,1000,0.022560631697687534,44.325,768
Alpaca-7B-train.jsonl,19074,aab7aa636ba44b9bb30bec8e684f0dff91841aee19966cc83e680639a6a8f127,bd5b8a0e91d1961dab612d251d933c432986a58da27eaaaf5865cf8163731fda,L1_no_recorded_safety_field_difference,44325,1000,0.022560631697687534,44.325,769
Alpaca-7B-train.jsonl,19676,d2059083cb396959d9a15cfae6651471d8cd267cc24df74c06cc05fa449e2125,8bc0ce190477ff39493f2a61813570c53b52bca8e00292ccbaae79dfea00e014,L1_no_recorded_safety_field_difference,44325,1000,0.022560631697687534,44.325,770
Alpaca3-8B-train.jsonl,10098,35effcb555c1bf44608f26f9c6fdc0043a05efec24247aa1dc48ce990c81b68a,909e4ccb759ea894df1db8ec53343f346bc6951ba086748a25f0d21f2be71c1c,L1_no_recorded_safety_field_difference,44325,1000,0.022560631697687534,44.325,771
Alpaca3-8B-train.jsonl,12601,69cbf5a935928b9daf91ff659bbce58615a9e45d097f00c624c5b58c7aad2e39,445b1e0a7974bf2c943b392a4583b571f2f6f2ea8da284a5259d9709db738b19,L1_no_recorded_safety_field_difference,44325,1000,0.022560631697687534,44.325,772
Alpaca3-8B-train.jsonl,11735,a4ee824a25510baa22957ee6d59b1ac079b0cd461ebb266e8712fde140aec28b,5c1722b95da1f7fa63cc9ee849e1fb7a728338c0151a7f617949131c953e5968,L1_no_recorded_safety_field_difference,44325,1000,0.022560631697687534,44.325,773
Alpaca2-7B-train.jsonl,24131,46ea62941d9b728ad57bdc6bf882217d0519a12f342d6b281d11a341ccd97e14,8c0028f62f89dfe486a4430f1b68e475df79c96181b942299f720637450ad2dd,L1_no_recorded_safety_field_difference,44325,1000,0.022560631697687534,44.325,774
Alpaca-7B-train.jsonl,15382,a9ce8df0daf71fc873e3626eb185a7be0fc4936e9e8d9114f3c449fc215b99cf,b07c8328601673c7e15f5055e5b6eeeaf2c76aacad86752cd7a06b5825cd9e29,L1_no_recorded_safety_field_difference,44325,1000,0.022560631697687534,44.325,775
Alpaca2-7B-train.jsonl,8693,a2aac79c9766adf670c2c04039b4b0ddbfd18a63abc2b2b4fe27ae21b5abf4d5,ff7ddc47e3b8c35484204a3c33f9f44e87ac7e324bb5fee61ee08eb37aea427c,L1_no_recorded_safety_field_difference,44325,1000,0.022560631697687534,44.325,776
Alpaca-7B-train.jsonl,15271,393121b7e6b5b2960bb01dcb2c4b5bcddd8a13e9169192229b7aa1dc5dda66ef,6e69ec8c4e4a6cf2da671df212ebae87dba0095d18edb06c95c8fe36ca75b8a8,L1_no_recorded_safety_field_difference,44325,1000,0.022560631697687534,44.325,777
Alpaca3-8B-train.jsonl,19020,8ecf2c9dd9eff943f5bdcb3e97e6f20301224c9a7b1a98647005fee0643640eb,abad02781d3831f18110ca32da4d0e9c2c8c49f3e1b8f4bb10835d925d8f2ed3,L1_no_recorded_safety_field_difference,44325,1000,0.022560631697687534,44.325,778
Alpaca-7B-train.jsonl,3258,5abd2e6ef68d5bbb90bd5b41bf0b89f691ba069cfb7a68177949425ec02d778b,4827c362642f5d8171ad6fedf070554ea6a422925ec13cd5b9542e340319ceba,L1_no_recorded_safety_field_difference,44325,1000,0.022560631697687534,44.325,779
Alpaca-7B-train.jsonl,76,9249d50f38449843d5b7c8a7913fb4c06747fd4bb0ab2bbdb8faf31230076d90,b3e71ce4721cfc45df7a9268a2a10041e98a42f1de75393258cb2207725b233e,L1_no_recorded_safety_field_difference,44325,1000,0.022560631697687534,44.325,780
Alpaca3-8B-train.jsonl,7020,ea3752ab285f36472fe7af92f80eeca3b9ab533d0d11420193673ee7cfc0d473,694967fc78880d772c6d553b4284286b11e193c93750caee76880d3c0a4e56d4,L1_no_recorded_safety_field_difference,44325,1000,0.022560631697687534,44.325,781
Alpaca2-7B-train.jsonl,17962,9fefd6d22609d5f9b1c0e6be1baae0fecd778abc8658a07c8ea2c3f11a2f5607,7f3cd7f36b5bb93b1d30a21d6438b66811d15e7dcbcf8a44a556ed631d487802,L1_no_recorded_safety_field_difference,44325,1000,0.022560631697687534,44.325,782
Alpaca-7B-train.jsonl,19462,d6ab7f1e0c23f641c73e218ee6367cc2307ffe4aac19b42e071a0238707d9c1f,cd3a409001bded6bf3bc2b7055e644eafe7e2bebc2fe1d1440692d9918fa7590,L1_no_recorded_safety_field_difference,44325,1000,0.022560631697687534,44.325,783
Alpaca2-7B-train.jsonl,11634,79e2cfa6d3624059018c723dd547727ecfc4f4078a66579c8af8fee0a2badfba,b9ea8d7262d4eecabb48d9221707dd82a20e645ddcadf715de5a1cfbd7e4c6ea,L1_no_recorded_safety_field_difference,44325,1000,0.022560631697687534,44.325,784
Alpaca3-8B-train.jsonl,12355,4f6af90aff72dfb00fe743885ec5d312a1ec2c1daddf8ff1d72b9b8551bab436,270e580ce4f6d065ddaf88fee796d92f17490a1086b3c5f7ebee2a66fb11ae2c,L1_no_recorded_safety_field_difference,44325,1000,0.022560631697687534,44.325,785
Alpaca3-8B-train.jsonl,12764,7767026edf1d81ac7271bd12ba80e5dc80a69e08286f5aec823e266bb24e575e,9d47d0dc256a04dc3a24ca99c7fe3b7e5dab390454d31582f47e57ff19b2cd83,L1_no_recorded_safety_field_difference,44325,1000,0.022560631697687534,44.325,786
Alpaca2-7B-train.jsonl,21077,d363727f0988df27fde7788388e143bdd92bfa111738eb41d63923d2dcbe9499,aa9b85d8e6c6480fdb242d862d59a9f512b910462d885ebe01e9e07a5e886cca,L1_no_recorded_safety_field_difference,44325,1000,0.022560631697687534,44.325,787
Alpaca2-7B-train.jsonl,14737,40c551ee07a67aba77f7361059267499928cc495d1236a560bb879c7d3dd73f3,250afc71b8d010429c82a84ecd892441442cdbea119a16114d13e1a603956946,L1_no_recorded_safety_field_difference,44325,1000,0.022560631697687534,44.325,788
Alpaca3-8B-train.jsonl,2068,c438b275da68007d68f4378d517bfe44fa8a77147e6279ef89ade6742e529e5f,a04245f71a4daa0de8da6ab6d8b49e5960ac73162a0f90342b14c8c3ada62aa2,L1_no_recorded_safety_field_difference,44325,1000,0.022560631697687534,44.325,789
Alpaca-7B-train.jsonl,20943,3e463ed3edcf6b41ff25a5f4e1ebc7a1779fb13e285d48caec69f2273109d137,3fac52e09eed377c19830d657b478663557340eb12a50c1d5bbea87d9e61e3a5,L1_no_recorded_safety_field_difference,44325,1000,0.022560631697687534,44.325,790
Alpaca-7B-train.jsonl,10761,d38eaaa274ab23913f04faf3128669aaa3af3c833db79b019f92f60d70ac6fbf,d100790deefbcf6e96e49f28e34d530736791b881c20d840edce266afc3ec716,L1_no_recorded_safety_field_difference,44325,1000,0.022560631697687534,44.325,791
Alpaca2-7B-train.jsonl,367,5ff99ce7e2cf17ad22c995ac5be713800e31c4cb3870ed600191cfb1c222239f,dc7c3e5c28102e77b3bc440c7473bb5ddf3e1f46097dde9bcde0dd59525a7c37,L1_no_recorded_safety_field_difference,44325,1000,0.022560631697687534,44.325,792
Alpaca2-7B-train.jsonl,9080,211bf5f08cafb5269ef68d719e54730b2b95759cb5c336e052554ae6be128e81,e21da50d2830f323eaf73fbe7bdab9f84f3f1a0dbcd60da87f7502015590b51e,L1_no_recorded_safety_field_difference,44325,1000,0.022560631697687534,44.325,793
Alpaca3-8B-train.jsonl,3554,f208ff7c98ad4c8c72bdab405e0a7d7973f0a0cb1c3a6f7278fb81dc56aa1779,57cf70f400c8ed7e2f29fd3a66bd7121fcb142a2d50b800466f4f09f3ff29bee,L1_no_recorded_safety_field_difference,44325,1000,0.022560631697687534,44.325,794
Alpaca-7B-train.jsonl,4113,5023a35c438d40b198325a62475702c1aea756ab973f9686baeff496922c5153,b4c0783d56156f401dde01143b46dc9918a7218358c361fa21531e55242b5b4f,L1_no_recorded_safety_field_difference,44325,1000,0.022560631697687534,44.325,795
Alpaca2-7B-train.jsonl,22307,64edaef2687f1f2995c691b92ce053e7da7a29f23cbe36da3695fb7208debaec,81c42db7eb0893112e3cc6e139d4e0482c9c781d9d758d461955c4e7c0cbf5f7,L1_no_recorded_safety_field_difference,44325,1000,0.022560631697687534,44.325,796
Alpaca2-7B-train.jsonl,2646,40bd23f9cdc8fbc679b8a1e7a474942b943fc1f5ce3020c13708d9b548071c74,d46e79008ff24c1b372ff434d67396eaa2e6f128fc8a29f2d5540010f41d9bca,L1_no_recorded_safety_field_difference,44325,1000,0.022560631697687534,44.325,797
Alpaca3-8B-train.jsonl,11982,35791d3bdd8f3cc149d6d5fa64474040842d3ae9f881075ac550f092e2b00dbc,6d8ab09a5231ce33426e6b722443d69b1b3bc1e6d7cca3f6908bbd97b49b28c1,L1_no_recorded_safety_field_difference,44325,1000,0.022560631697687534,44.325,798
Alpaca2-7B-train.jsonl,12612,4eb8b079cb1e72500833fc4a755c5fbad46bfa54cf4420e6c3a25362956ea481,ba06efaad5ef9125f7db52f7d2ffe849fa4d5934b21603a8cd13ea5771f97fe5,L1_no_recorded_safety_field_difference,44325,1000,0.022560631697687534,44.325,799
Alpaca3-8B-train.jsonl,18847,680cf65639cfcf417842507176c0b93c12f3b8e1ccdffcf97c0f29b3b9acf053,f3ae00e9c817c4c9fe8b65bea8da16f31015927b2eff7c8ea890318cd3551cce,L1_no_recorded_safety_field_difference,44325,1000,0.022560631697687534,44.325,800
Alpaca3-8B-train.jsonl,2997,dc0a381e403e80fce461762f244b260a6506fe841f7d35ee281e7e64dcbc457e,74a7cfde0c4b16ea36e6095a16d872f5035414f776433bf964a13237e0010ee3,L1_no_recorded_safety_field_difference,44325,1000,0.022560631697687534,44.325,801
Alpaca3-8B-train.jsonl,13598,3a7d60dd3a66df8fc7933214defd20ffe867564620a59e81376597ef9ac384ca,8004f65f38ccbd93eba7558e201fd00bc4416f7818261615fc2ad0b8a0e71994,L1_no_recorded_safety_field_difference,44325,1000,0.022560631697687534,44.325,802
Alpaca3-8B-train.jsonl,16441,7bf227b14b733a647b59b527cf4b8e9568f34aee7f03d4158e48f8fe78100c5d,ae5ae8a1dd43423d7bfb1f4fd5afd4c9628e16f51be723edcb6bf47ac9eea26a,L1_no_recorded_safety_field_difference,44325,1000,0.022560631697687534,44.325,803
Alpaca-7B-train.jsonl,8768,6f46a2144d10409f8b25c5451ba2b82f13115c184470e63eccc72fb478fb04f7,dea443129456684e98838970d7767b9ba8ee24c93e796ba52392540f5b46df78,L1_no_recorded_safety_field_difference,44325,1000,0.022560631697687534,44.325,804
Alpaca-7B-train.jsonl,26795,b6d702e7ba383ae85b83b44db385f363a429744ab56125bb8bd2753b530d5555,86090238c94cb7cff1de8607ac9de23a969029c321550bb3a9b2a866c84f32dd,L1_no_recorded_safety_field_difference,44325,1000,0.022560631697687534,44.325,805
Alpaca2-7B-train.jsonl,4089,c3d36fafbe2ff649ce84a0cd1a0f70e701b96f3a430a17a5ee03d868ac0a98c5,6e982d468e9326598426a125591b4be4b287668cf0023f598ebdebcdd99559d6,L1_no_recorded_safety_field_difference,44325,1000,0.022560631697687534,44.325,806
Alpaca2-7B-train.jsonl,12478,3615b5c7f8e03aeec49492dc07dd7f1907975a3a33183c4846b8ba1e8a9ff12b,bce8b66b5a8e4aeeb3bb2bdd0800d4decffefa29566f96c8ee1e50f8a5a01f22,L1_no_recorded_safety_field_difference,44325,1000,0.022560631697687534,44.325,807
Alpaca3-8B-train.jsonl,20052,e837fffbc328290c1af4154d8f3cfb7f24fca5eeabe80e54b1bbe1004e5164d3,b780cbb20834b64bcb85237e92326a59ef9699c146688ff04de774160ab633d3,L1_no_recorded_safety_field_difference,44325,1000,0.022560631697687534,44.325,808
Alpaca2-7B-train.jsonl,20823,764b8f01f9fd2973bf4125734ad2a7cccab70c34b5d93b0747cc6ffe88c98da5,aaeed444305e820ea37c1f40f19b6329f8497d71573834bac4597db002a4057c,L1_no_recorded_safety_field_difference,44325,1000,0.022560631697687534,44.325,809
Alpaca2-7B-train.jsonl,3104,d291619a87f8acc04e97ec07a87480c6203b07b9222af97dae819abaa079df8c,6328612602291063ac6c2e9cdbf4b452f8e5c8bd704e95f6ec9e248a96484a13,L1_no_recorded_safety_field_difference,44325,1000,0.022560631697687534,44.325,810
Alpaca-7B-train.jsonl,5273,1fbaea81ca8d6445d438456e39ec0c318b8b5fcafb00d7e318b2e4b9c694effc,e4ee0d5a872a282a1da65f8e2815098cf7c67786dfac7b11bb8d7b1d3561305a,L1_no_recorded_safety_field_difference,44325,1000,0.022560631697687534,44.325,811
Alpaca3-8B-train.jsonl,6631,1fa79e781647890aaf6466ce21a19060f278eb3183937b04d32681047d3a54c8,4f6df6ad8d29b2c6a0bf6eda2aeb10c5013bcb690b7e6ea030d083360d1afda3,L1_no_recorded_safety_field_difference,44325,1000,0.022560631697687534,44.325,812
Alpaca2-7B-train.jsonl,1016,7a4e1d3e5f1026d9454d2a112792a087129cb78a2f3510ff7bc44bcf0b4a4f1d,cec6a4f4c90927bd2d8cb6d1fb950903651388585a5c115db772a914261fa2e2,L1_no_recorded_safety_field_difference,44325,1000,0.022560631697687534,44.325,813
Alpaca2-7B-train.jsonl,25423,a4da44e0f7eb9255df9354ad95240ae3e36ea256610c60b1ddb49542a741cd7a,dca30e9fca4095de0c27bf943eacc06611737eaffa8c428d396d300f8a631d9d,L1_no_recorded_safety_field_difference,44325,1000,0.022560631697687534,44.325,814
Alpaca-7B-train.jsonl,9111,f434facc95b6044910d7d7eca07b33146468305b5f3d00fd8d63513280597c2b,e46d8d36a3b27ee3c5cf10d0215631f0efebf36ebb34ffe0b2df5ecfebf79a52,L1_no_recorded_safety_field_difference,44325,1000,0.022560631697687534,44.325,815
Alpaca3-8B-train.jsonl,20205,933359d05693eb2736a820d519d88e8bb0ac4a7cc3851ae9e718dcc61bce7c67,0ee704f6b2d7b03631b148f486579f4bc723d9fc575a3e3b41627eeb15f7bcb4,L1_no_recorded_safety_field_difference,44325,1000,0.022560631697687534,44.325,816
Alpaca3-8B-train.jsonl,19745,a714330c3ac8321e961a1a9c2b093aeef524897d13c78a36a3dada77ae8b6257,c9ef11d4e67d79bb43eee88cfcf1e747379c6fb02a0a082eb65d9304d3efc250,L1_no_recorded_safety_field_difference,44325,1000,0.022560631697687534,44.325,817
Alpaca2-7B-train.jsonl,20337,45ae732d21db7b0f3672d2661101c98736bc7a641c7ef7796adadbfe74ca7db0,4095dd10f39f839e2cae1d125362ec73c740205a050cea2da70cfb1a0b1f3997,L1_no_recorded_safety_field_difference,44325,1000,0.022560631697687534,44.325,818
Alpaca3-8B-train.jsonl,2583,58f784d20f682e2eea8b07acd0250ca4325bdd4cfaecf40904a14111945f17b9,26402c30c6a851ba76d67179732898272891aa29cb58dcbda8cb469e024b23f3,L1_no_recorded_safety_field_difference,44325,1000,0.022560631697687534,44.325,819
Alpaca3-8B-train.jsonl,13041,4251102b6867c64a30cb8d2f6ada76ab95711d97ecb9242480d8574694c4120a,5a01ffdc8ef7550da697739d551ef1d3929921c412e36ea65624f1eb868ee1e3,L1_no_recorded_safety_field_difference,44325,1000,0.022560631697687534,44.325,820
Alpaca3-8B-train.jsonl,16978,87c9790b565caf73127517de445f7158d26ca621211db977ae9e8a61dc7177c9,e1289c03136f9399f94da34b8cf3e6b01391ba01e3406009c3d6f9824b6d2be4,L1_no_recorded_safety_field_difference,44325,1000,0.022560631697687534,44.325,821
Alpaca-7B-train.jsonl,3849,ad9dfb06022ccf3b9a687d2f580111473b9779f2fc41ce52b315dc419110205d,bbcffbcb95a736fc679e66840bebe45e9b5dd7d6bb3175d5c83c77b068dfdb55,L1_no_recorded_safety_field_difference,44325,1000,0.022560631697687534,44.325,822
Alpaca2-7B-train.jsonl,23562,c425b32abbc646e6b1f2925e528daec1ed3326577db3d0595758d35a926f4500,7be02ff3a8a929b05bc0beee16309d21601cf86a28b79a849d0ef9e31cedc044,L1_no_recorded_safety_field_difference,44325,1000,0.022560631697687534,44.325,823
Alpaca-7B-train.jsonl,21621,751031d5a0ebe7e5150366fda98475535a914565da5619d8078680770dc64876,9a05b0bac7840ec0f47dca15c5a28d04b0a30c0b72f81ebac3bb3445c9b99a8f,L1_no_recorded_safety_field_difference,44325,1000,0.022560631697687534,44.325,824
Alpaca-7B-train.jsonl,10025,64e492d42b0572a99bc99a1490c5dc08d8bb33c657a71795e1b4bfd410629d70,a4fcc589c9dcf916117b293d68bc1bb2fdf2ca1ce7cf6a3da202443fa4e634fa,L1_no_recorded_safety_field_difference,44325,1000,0.022560631697687534,44.325,825
Alpaca2-7B-train.jsonl,21802,5deef402d78f4757e61dfa5ca0669f983b7cfc7df8f97ba4579227a1cc7f813c,9bd5b16403665fe44ae4ceeec0daacd866cc689044f486c56c74869ca7a4a697,L1_no_recorded_safety_field_difference,44325,1000,0.022560631697687534,44.325,826
Alpaca2-7B-train.jsonl,941,bce93e7849a7942411609ef73bcecad3fc53d40f16f6a693bae814596c1beabe,8eebfe83967e3842f158d2732a285d5fbbfbba877585a06043b07fedada3c2ea,L1_no_recorded_safety_field_difference,44325,1000,0.022560631697687534,44.325,827
Alpaca3-8B-train.jsonl,1970,6ffd8f0e7b948107e59c25afc8377636b1acbb8262f38107390c297f5f1428c3,109a397c58c24de3f72a19fe858e28b4028029f414dfae2639cee53aae9031d5,L1_no_recorded_safety_field_difference,44325,1000,0.022560631697687534,44.325,828
Alpaca3-8B-train.jsonl,3160,edbd1668ce21b8c8b8b2cd1b535fb9b69dffed621e4e8874d9b4201eab381acf,5cad10e2214e6804c0d9bb7ceb022169029755c0ed2fd0d781085632449fe5fb,L1_no_recorded_safety_field_difference,44325,1000,0.022560631697687534,44.325,829
Alpaca3-8B-train.jsonl,15058,af758c859409fd8857ffb010e0ac070298445e15f8f3b938e77295db9d749ebe,7a1b309369d329792ecd128558e78faa3509b61d7baff4ce1a6b50422700379e,L1_no_recorded_safety_field_difference,44325,1000,0.022560631697687534,44.325,830
Alpaca-7B-train.jsonl,22931,2ce4b28b0089a1a1c52d31788c6c8ecd1bb462b5bd8da01a6b238b50c169b446,f3f208bcf1d37407ebc48329ee808847501b226fe9fb5a6df66d246482a5532e,L1_no_recorded_safety_field_difference,44325,1000,0.022560631697687534,44.325,831
Alpaca2-7B-train.jsonl,11061,e6b155fdc941d5b12813a3b0765e93e415f67de2519cc7eb22f71ba783afb323,a75194bb3536c5d75c71fe450548611a0353198650319f4059f786b1ee12d343,L1_no_recorded_safety_field_difference,44325,1000,0.022560631697687534,44.325,832
Alpaca-7B-train.jsonl,14961,133e18e45c741c161eb342602dc87454a1058563e549c6230625ef773026b188,868ba2a8aa37fa01059fde9efc2c25fdb09ada607b71ca8d9e2cbc42933b17fd,L1_no_recorded_safety_field_difference,44325,1000,0.022560631697687534,44.325,833
Alpaca-7B-train.jsonl,15752,b0b4105ec6b41bfc6f6f15a61c851a2400d6a63b13404e7b32eddd450d4a100d,dcb901b058678eff16890448fef7351cf3cf0a87986d0eaddd89eb04ad042aa3,L1_no_recorded_safety_field_difference,44325,1000,0.022560631697687534,44.325,834
Alpaca3-8B-train.jsonl,5534,93210a8d5a976fa0636ec623150acea6b97859b017ed2fd571bdf6482076b826,1b9712875dbdddff6dc01c1d10fbbadcc11d53b058f2b1baf56d8279b4297ae1,L1_no_recorded_safety_field_difference,44325,1000,0.022560631697687534,44.325,835
Alpaca2-7B-train.jsonl,18438,4873d0dc853b1050ea01c0b66855069bbf5b60075a08108606cb2e19a71edee7,5a180bc801fc8774e05b5329adf33ba4dee7aad5d516b13e6bebeb4c7229915b,L1_no_recorded_safety_field_difference,44325,1000,0.022560631697687534,44.325,836
Alpaca-7B-train.jsonl,24947,d7a3b35212a6fb6fbd347620aae2cc93c6b8743db397eab6e5d1fbe081e6776a,9cab498623b9d3ab67c99c0efbf3fcac77e2313b403c7371cac3ae4f2dae1411,L1_no_recorded_safety_field_difference,44325,1000,0.022560631697687534,44.325,837
Alpaca-7B-train.jsonl,2141,d7eae0c0f666f85d6a2acf219f9260301d67e80adcf9abd17315af0c26511a5c,2d83a6ea3806b9e2f1092db75f574a838f95ffa5124a3199f5094f76590f87a5,L1_no_recorded_safety_field_difference,44325,1000,0.022560631697687534,44.325,838
Alpaca-7B-train.jsonl,1982,5688255fc5e1b5c4b91c593a7ffd68e96fef7a4753e9cee92151afccc8284bb9,dad0ecf7b19988dae51b487217dbd8d02cf7d3ccb63017f082bb6c53a8a78cde,L1_no_recorded_safety_field_difference,44325,1000,0.022560631697687534,44.325,839
Alpaca2-7B-train.jsonl,15416,355ade6c4d94c840a69ac2ee4448554b206d5885160512c68e8805f721d37394,f0d8ed2850e16f4982fd23d0df757ba1237d272059d54082bdd4244c202044c8,L1_no_recorded_safety_field_difference,44325,1000,0.022560631697687534,44.325,840
Alpaca-7B-train.jsonl,18262,192aa10bfb12fa6dc103f19b646fecf9ebbc08c124634169a7b1f0c59c971c3d,cf38c717d3be2199523e6c12fc96a18a506b60c61cb8e25accdf4e4eb3deefb0,L1_no_recorded_safety_field_difference,44325,1000,0.022560631697687534,44.325,841
Alpaca3-8B-train.jsonl,7544,69e80ece04cbaebb403cd415c6949d811f920bf9fcd738b016f82f0aae0122c9,65dfb64b4d36fc8a78e2a8b1d9c70f2eea364f84f2bd0a9c850113d0d5f1cc2d,L1_no_recorded_safety_field_difference,44325,1000,0.022560631697687534,44.325,842
Alpaca-7B-train.jsonl,1689,9f1fbdd19e65a7fa2e618fee0083c95a26d9fa714b48afcff47c06c4cb1f8caa,f1e0b91f056dbd2dc9636ec36212b34460c2b77c77d7415099a382867a7641bc,L1_no_recorded_safety_field_difference,44325,1000,0.022560631697687534,44.325,843
Alpaca2-7B-train.jsonl,1282,59bfed7543f9525a621f237f3a358d2a8be9eebcf64ca0fa31f0174c9a37e62d,b202172770397d6325964ed0500acd962f8db934d560d70004f862fb8289cf94,L1_no_recorded_safety_field_difference,44325,1000,0.022560631697687534,44.325,844
Alpaca-7B-train.jsonl,25407,306b7cba6eb33be90f6c4525bbf456ea99af9cea71abc42542dd9cd1aec101b6,13604cce484fa664861308f4ac2377d69f5126b8565f5d60d68d313755230728,L1_no_recorded_safety_field_difference,44325,1000,0.022560631697687534,44.325,845
Alpaca-7B-train.jsonl,17974,3647360e78af1f107cb622c51dc0776c3cb337bd8c45696ba679eca802d85dcd,3083c77e47537e52a4960c9360da979b5b06a70e6a4eb5972b8346ba48662c93,L1_no_recorded_safety_field_difference,44325,1000,0.022560631697687534,44.325,846
Alpaca2-7B-train.jsonl,24182,2ee2ed5dab81595de7f723c6ea8d046364ebcca223e054917cfa753cae6ee066,196a08618f73fd2c7e01178a65e4f3e709323173831fa4c821feec5ce0111a68,L1_no_recorded_safety_field_difference,44325,1000,0.022560631697687534,44.325,847
Alpaca-7B-train.jsonl,5947,907bb312692507b63f30949b6c4b3f44e3efe0d69bc80060b1e620e685d0b630,524e8460dd8eb6376dedd3984acd4394fa773422c273160f3fb0228c46e68ee7,L1_no_recorded_safety_field_difference,44325,1000,0.022560631697687534,44.325,848
Alpaca-7B-train.jsonl,3760,f7ed0b24fc258ce0851aee5de3f1da180701a898bfb804edb81176b6b0bb543f,8f38dc1ed0d21a396eae34228e9fc594606f81af7926f10f2241d08574478297,L1_no_recorded_safety_field_difference,44325,1000,0.022560631697687534,44.325,849
Alpaca-7B-train.jsonl,4745,750e53b93688aa072aa2f2251fd45ae48ead84a74ec912f83416a3cfce4dd2da,9cefe51c9034788fbaea56eba0bb250a484a7b136be67b7d38b6751c15ae6858,L1_no_recorded_safety_field_difference,44325,1000,0.022560631697687534,44.325,850
Alpaca2-7B-train.jsonl,6452,a2cb621089d38c3e0a73ad847ed9de704b2f7e6d8aa3ff1b97ae579e8eb7995b,a1aa513c2e09a34cddf135e6da883b97b0944904a6f9a8fb3ac523c276d7cae5,L1_no_recorded_safety_field_difference,44325,1000,0.022560631697687534,44.325,851
Alpaca3-8B-train.jsonl,15325,e56a439e62a130f77db5da8cf08f3dbf769ef649656858a7bc0950a7a76bc0a6,53c4490da5b10ca57cac254942cff40e7471efe309142040e815b0f82c782af1,L1_no_recorded_safety_field_difference,44325,1000,0.022560631697687534,44.325,852
Alpaca3-8B-train.jsonl,3522,b4578e15421ac4b5229d5d3fd72f84ec88acf0438ea71b2925a65f7b5f085323,115212bb1e03899ecbf444d85a71f6038755f24470528cb49995ab88f6e23abb,L1_no_recorded_safety_field_difference,44325,1000,0.022560631697687534,44.325,853
Alpaca-7B-train.jsonl,18745,f7fca6d4bfd9fd739f96aaa06e141577d62299a1e18b6af1f52298fc7ac33c65,b25a0a1e30b22befd6ff60c0d8fc65637d1586e09d56c5d5c9942a3e601301bc,L1_no_recorded_safety_field_difference,44325,1000,0.022560631697687534,44.325,854
Alpaca3-8B-train.jsonl,14178,5b511d758916bda8f904de4ef830b7d05fadb9adf550102e9e3a58087106f298,38e1349f8f8c585a8e4a2dbb6c4e82e4611da7eae8e410c80eb9f96de704ca8b,L1_no_recorded_safety_field_difference,44325,1000,0.022560631697687534,44.325,855
Alpaca-7B-train.jsonl,8076,70701dc4d9603290786b011283e488e142e680a472fbb960ef040f4fabab2774,56b7185ca19fc6fbab85a43ec0a2cfb2cf853e53a9cf1062f6cfd5a5cec9d75e,L1_no_recorded_safety_field_difference,44325,1000,0.022560631697687534,44.325,856
Alpaca-7B-train.jsonl,24910,102a73af0555110f65b84ca16ced532303ce391a09aacdc07337e6d5fe2999a5,8bbdd0393da3e259b71a4e58af593487b31cd6b3983b738bb852c06e3d24db85,L1_no_recorded_safety_field_difference,44325,1000,0.022560631697687534,44.325,857
Alpaca-7B-train.jsonl,21271,68f2ab37f9492dccdfad5265ddd3a77863d7eda591b5768b16e3ef44a190d2d7,f0069ff685067780339e7ecf3c47dbf08fa30d02675f8cf8debf9cd77543fb39,L1_no_recorded_safety_field_difference,44325,1000,0.022560631697687534,44.325,858
Alpaca3-8B-train.jsonl,12600,040345710eb3669a1abe2968ddfd26b6153f84c9b88920bd616e896e607041d8,82bbca9ec4b221f55b30a1987fbb44069f0374d4c54eff1a5264c8e0adfe55e0,L1_no_recorded_safety_field_difference,44325,1000,0.022560631697687534,44.325,859
Alpaca2-7B-train.jsonl,13035,e28342224fa5a948556a00c843d1155535e6fa9a7fe69709f1e6ff5a8cc0dd70,d03ff45450933d6e593a37f1993bce4cfead7c67830a43dcb728491be91109bf,L1_no_recorded_safety_field_difference,44325,1000,0.022560631697687534,44.325,860
Alpaca-7B-train.jsonl,19902,4c9199aeef5efe8b5df77cd89d86659d27d42b9ce2cb0aa6d0ba2c3a3cd45490,22bcc2dfc625124087b6796395bb78755928cb9126083ded3be5878af9c571ca,L1_no_recorded_safety_field_difference,44325,1000,0.022560631697687534,44.325,861
Alpaca-7B-train.jsonl,21755,dcfd95ab9cc258e0c2c0dd41ffde7a496900f8d063572d2662952f22295a01b3,c1249c90ad19039812cbb3add45fa379a394d34c64621470a2ff3d7d6dfbf3cb,L1_no_recorded_safety_field_difference,44325,1000,0.022560631697687534,44.325,862
Alpaca-7B-train.jsonl,22360,9b3634360cbf3ff02f791964bd8b0c5c78209351a83633e11fd8ca547b5102ed,89f22e1eba2157c6b90dc44e4512603e643ad8649f3e6c151a4d4a20b8528903,L1_no_recorded_safety_field_difference,44325,1000,0.022560631697687534,44.325,863
Alpaca-7B-train.jsonl,3348,fc3a28deb116e1afde58904ef37f4536d7256f4fec503afa6fc84b7870144791,2cb2e814f90415e40f8158da717b635ed6f1828033fc030a645bc787c2449db1,L1_no_recorded_safety_field_difference,44325,1000,0.022560631697687534,44.325,864
Alpaca3-8B-train.jsonl,5326,b454223bddc445b305289a06f1e9dff81c14e8deb6140899fe8c3aad4c60da83,c97ec1f0cc0769afb355d57a5ff2c778a8a83be46e56ab804f8816edd46bacf9,L1_no_recorded_safety_field_difference,44325,1000,0.022560631697687534,44.325,865
Alpaca2-7B-train.jsonl,14282,6aa3d3a76f9c4ff42cecc2281b2cb4ddc4298ccf3311fb3b4351c75372fc94dc,86c9cfa7fda27119e36009b39ac5702ef9170d6dfc012bd98879471178afc7fd,L1_no_recorded_safety_field_difference,44325,1000,0.022560631697687534,44.325,866
Alpaca-7B-train.jsonl,17815,3e556852d854f6d73c77c635fbbd86e5bee1988371ae7ba21290306d5920b20b,bca2547590c92d88beac2b61e04509aa9b0479b915c3c0ae454b745cbda82bb8,L1_no_recorded_safety_field_difference,44325,1000,0.022560631697687534,44.325,867
Alpaca-7B-train.jsonl,2689,fece6297587ec671b06d424d4823f811d3a888e1fa64ff1dd8e7b4165673d6a4,7c9ebba48238dc564c490c50deec9bf9db04e15895364403347ca9c90000afdb,L1_no_recorded_safety_field_difference,44325,1000,0.022560631697687534,44.325,868
Alpaca3-8B-train.jsonl,6557,c41bd2a4dc3e42b0737a5deb35f22113edfdc728ddc9d1354abaa29e38744b55,b6cffe27f1e758e76f766a02f47065b4418ab0565c1f924193a29a01343fc4d0,L1_no_recorded_safety_field_difference,44325,1000,0.022560631697687534,44.325,869
Alpaca-7B-train.jsonl,4493,fef4f1c8c13e19950bb9065865cb5805a6dbcbcaa8abdaf3082312db3190edd1,b56b1381595fcd735b8d8e66cf7d7a0433cdc8fe46d84fdff691dc7ddf00c6d6,L1_no_recorded_safety_field_difference,44325,1000,0.022560631697687534,44.325,870
Alpaca3-8B-train.jsonl,2771,9da8332517782fac5dacd842eb204cf411100869c44087279207152a27b8c9fb,92b348d9cdb7977fdb220bbf320f72a8736ff5e35c32ed3e6dc6f294e8145671,L1_no_recorded_safety_field_difference,44325,1000,0.022560631697687534,44.325,871
Alpaca-7B-train.jsonl,11591,f158a49b6cd5870a1c55df0d293ff182f15cc87f111f018f0bed2484443e6fa5,fb8855a2eb10eac52b5676be7db4e9571f9a0b5f48e5a9008de19237447c385a,L1_no_recorded_safety_field_difference,44325,1000,0.022560631697687534,44.325,872
Alpaca3-8B-train.jsonl,400,cafbbc1d9d0e4f4da4281449bad2a0f52fe2391ecdfbda877fa8d445a502e664,5a413d2f710adb29c38ae82c2f312faa1243f1816f66068a6457a2c7b308857c,L1_no_recorded_safety_field_difference,44325,1000,0.022560631697687534,44.325,873
Alpaca-7B-train.jsonl,21233,d6f72d6bc9199214bafe750585104015bb45e5870d81e1ccffae41f69e268336,811c0e037fbb92bf8d01a7aa239f2e52e7332dc4e5bc6b06a6054f22d7abd138,L1_no_recorded_safety_field_difference,44325,1000,0.022560631697687534,44.325,874
Alpaca3-8B-train.jsonl,3728,9e61109db8a6206b0524f6e7684758017525d211fbcb4423b8fd1ce07c8630e9,93212e77752ea6c706035b588de6b0bc0dcbe64812093cc565ff03f540a3fed6,L1_no_recorded_safety_field_difference,44325,1000,0.022560631697687534,44.325,875
Alpaca-7B-train.jsonl,10735,ff9c1239db19dbf0a0dd5a1ba038367ed9ca4ebe14e79eff9b140cb2116c37d4,4e932de2a652823656ff1a9f8b9d8ec035d1c58a47cf1afeafa9c6be508423e3,L1_no_recorded_safety_field_difference,44325,1000,0.022560631697687534,44.325,876
Alpaca3-8B-train.jsonl,11856,bcb0b4e914a9493436acfd314b97665ae866cb39c09d7f8d9715c3c2195f6a9e,9af44c056baa89f670fe353d00dc0107cdcb4c8b673fedc65a12c74a80ff0e22,L1_no_recorded_safety_field_difference,44325,1000,0.022560631697687534,44.325,877
Alpaca2-7B-train.jsonl,11027,cc08c3ff5f4a1995847793798ab4266446d113bdb3252059a0ac99691aa32f31,72438e9ec7582a0d8c9908c79f7f600d5fbdeb2f534fc147767f6d6ccc10ad4e,L1_no_recorded_safety_field_difference,44325,1000,0.022560631697687534,44.325,878
Alpaca3-8B-train.jsonl,16871,f50c542ee4cf0edb36f4402b94ced648778d9d12241c64ad5cd87241b25c0c7e,78f3883108720ab1e7352e1b4e756fbbb2b4aec6ef025ede3f7006f0e7866059,L1_no_recorded_safety_field_difference,44325,1000,0.022560631697687534,44.325,879
Alpaca-7B-train.jsonl,1321,a5dcbe9e447d5dcb0c0dbf70e01b0434c8106aad8ac695b9c46c1e81e5e2e9a7,76e94568f161a76ddd6a6ec49883f150804646b57c3b038480daebae8682a94e,L1_no_recorded_safety_field_difference,44325,1000,0.022560631697687534,44.325,880
Alpaca3-8B-train.jsonl,7525,13d7397dc327df22946c4ceae1db4b19d381d1e486b9af73f65af900f4f862c6,966834cd7ba4dd7994cb03fc261a3a936ea2bd7c502f562e2f8b5c5f4f906b77,L1_no_recorded_safety_field_difference,44325,1000,0.022560631697687534,44.325,881
Alpaca3-8B-train.jsonl,1992,8e0a1bc2e50c1081026b6ab4bdc6cb7ff7d623b3d61952b95ec9192bd2df400d,4045568044fd0db15736cc66b6527d77e8ae53c3dafac2379eb49a10469aba7b,L1_no_recorded_safety_field_difference,44325,1000,0.022560631697687534,44.325,882
Alpaca2-7B-train.jsonl,9090,fdbd69f89a9c43454c19c272ec566b004d2106e1df3d3ca7748758e6fdec01a9,25efccb635186c51ae70b3aea596edcdd4251814700a9caf36676d95421e665b,L1_no_recorded_safety_field_difference,44325,1000,0.022560631697687534,44.325,883
Alpaca2-7B-train.jsonl,24330,0f0992e0260e4c5fd1cf6907bcaf4f22072076ebc8b566ae7e8daaaa2652c014,4afbb418c83bde11ddb094692e8dec8f6c1efe900b794063c4d80569fdf7df73,L1_no_recorded_safety_field_difference,44325,1000,0.022560631697687534,44.325,884
Alpaca-7B-train.jsonl,12740,4889700e2bd97d9410c332576408e65570864d7a5f854bc741f625b60028d86d,d4aad51743463b5f338e41ea949c456dea474b6791d6a1ce680083830cfc3070,L1_no_recorded_safety_field_difference,44325,1000,0.022560631697687534,44.325,885
Alpaca3-8B-train.jsonl,13739,4e1fb28aef389783680fa1438bc96e2c1004cc581a26c7efec0674553b54aabf,e31a6929e82d853ea1e2e256fe3fe0f0c575aadbb2987f8144bd957d8a53030d,L1_no_recorded_safety_field_difference,44325,1000,0.022560631697687534,44.325,886
Alpaca2-7B-train.jsonl,3847,b2fd7faca7e37371af01ff8dd9760f7fbce61bc9751e7412c911864bc8405609,ce6fc210bc3ab5622d8a1579c765614f26f290bfe1c76b6f68398b7d31c5ff4d,L1_no_recorded_safety_field_difference,44325,1000,0.022560631697687534,44.325,887
Alpaca2-7B-train.jsonl,12259,07a1d957386c7c9759682aa494adba050307466a5c7697d1ad6fa37702869daa,dcca313f155c60b2c8297524bee59297d7fc2a07b515066a26cad76fcad77c6f,L1_no_recorded_safety_field_difference,44325,1000,0.022560631697687534,44.325,888
Alpaca2-7B-train.jsonl,126,c959b002d57e2841f910bb0881c365e14a593afdeb800855afba5156ada8afab,bfd1f72690cba37cbe09574537ddb7dcddf7630c90eef1e673aea88f9543b8c1,L1_no_recorded_safety_field_difference,44325,1000,0.022560631697687534,44.325,889
Alpaca2-7B-train.jsonl,11591,315295c0ab43a5c77810d9f60cc6d0118a56fca235cddb1b160722c1a1ea4107,6d42e0d72272ff62d993abcb3fc104e53c629a2faea0796e99f74e1e44b25fc4,L1_no_recorded_safety_field_difference,44325,1000,0.022560631697687534,44.325,890
Alpaca-7B-train.jsonl,14318,f9ab245d6bbfcffd9b044bfde6054501337744151f923bdf9f61ff1f3fe995d5,8073795e819e869227507574f18f1524a28fe7fb6bdf3cb3fd2b8cdcbf970392,L1_no_recorded_safety_field_difference,44325,1000,0.022560631697687534,44.325,891
Alpaca3-8B-train.jsonl,13804,368470d377a533865c09f4e2672786689647875c20979ba874b5cf3ae96105fc,e60ffa880fcdd9afe0701f0dba9480ddf77b76a602757588c34708209cfe042f,L1_no_recorded_safety_field_difference,44325,1000,0.022560631697687534,44.325,892
Alpaca2-7B-train.jsonl,12185,d2c1920603b0b62ccf4c7a2c5823a109b0bf1c8a90b07fd3955799a1e3e40d33,5e2f72727d3cb522fbf972435c22203f2fe9419a650f98a7138dbde0cf02c22e,L1_no_recorded_safety_field_difference,44325,1000,0.022560631697687534,44.325,893
Alpaca3-8B-train.jsonl,9121,38ae86e749f2c02d8653f48e0135caae175fc653285c60a6f1b777b948faed52,262fb0606b4fdb898405127c4bbcc14f1e214be3a171c65e9c83b5a41dae67ca,L1_no_recorded_safety_field_difference,44325,1000,0.022560631697687534,44.325,894
Alpaca-7B-train.jsonl,11023,575657c82d06e7fab1d11444f1d33400122ede501c9959a52d0a493428edf078,a65c9b4b967272919b99f40438a97771dca84d066daf9e1226f9483096a1888c,L1_no_recorded_safety_field_difference,44325,1000,0.022560631697687534,44.325,895
Alpaca3-8B-train.jsonl,13029,811afbe399a888b12485326fb727b84ed626335c73beb327d1ffac43ef47ef62,a572659909bfde291dcb3ba81e220dda9e70c87fa07c66dfefb72129e5c72a94,L1_no_recorded_safety_field_difference,44325,1000,0.022560631697687534,44.325,896
Alpaca-7B-train.jsonl,1899,0f25d9b9a969cf7a8cb8f8b7e6ecd01ca389983695a23da17aff51afb7346e48,0f8b5483e9a29c7d50ae69b5fd2619f1522c639fa1bc071e5d4e6ea6db45c4fe,L1_no_recorded_safety_field_difference,44325,1000,0.022560631697687534,44.325,897
Alpaca-7B-train.jsonl,8089,d218f9d5adf0e3d761dd5409cb60ef02824b8cdb9b9c9fbdb660ec89c3093c14,c62abb7d15a7f3b9c446ec7e63654ede14c410eb666fcd07682f73acfce3a078,L1_no_recorded_safety_field_difference,44325,1000,0.022560631697687534,44.325,898
Alpaca3-8B-train.jsonl,9588,3122027d8ebbaf23bf33315e24db7c48a6cc29bf3134caaeebf56e9895e23836,1d9fd406ad168fc6b3e51bf7b835dfeeb8b138bcd77674d77d9069f9ec076582,L1_no_recorded_safety_field_difference,44325,1000,0.022560631697687534,44.325,899
Alpaca2-7B-train.jsonl,9429,bfa405490ca54dde50578ae62d1b62c5de40b193d887fdec1077ccba762a3c6f,d84e649c8b17b15361e8d2b3b5850d1ea39c6f408d4c2a4a49ca5c73e3051cc5,L1_no_recorded_safety_field_difference,44325,1000,0.022560631697687534,44.325,900
Alpaca-7B-train.jsonl,26724,ca4750497cc9190d7338136bad5fec23bd4262eaf534cb4b1288b306fd5fe79e,d45e32a6c897836a8cf1e4d68cf32a3c7f5aed50f7c0aa172feecd27fbbb776c,L1_no_recorded_safety_field_difference,44325,1000,0.022560631697687534,44.325,901
Alpaca-7B-train.jsonl,10236,5b5fb5475e5dbd38e75dc8dab9b3d4fd65d72c91a83dbac7d7799652bb5757c8,349ddf18c496bbeef75c633a6a36e4a4a53744501c0d01c3325a341d5084bf5c,L1_no_recorded_safety_field_difference,44325,1000,0.022560631697687534,44.325,902
Alpaca-7B-train.jsonl,3995,e1f3f004a0d5c04f1163d33ad4d2cec205c6d632796f95e750f1941059f26ebb,9f0dea4a5b91ab44f04b6f7cb194a32f59920e1c324ca81e0da5bfdf38f34cbc,L1_no_recorded_safety_field_difference,44325,1000,0.022560631697687534,44.325,903
Alpaca-7B-train.jsonl,754,b941b19415d30c6f614f89fa0eab67046f6cafb49bd10b0dd63ecefa6c2a2fdc,f760a81323a2403b8843342c74549968b07be6ef5440188b076b53d416583cb6,L1_no_recorded_safety_field_difference,44325,1000,0.022560631697687534,44.325,904
Alpaca3-8B-train.jsonl,15505,164802e18ef10baa119cc4e0e279e40adb377f1652e84358a413dee822a71f33,ee86d10e59b99af4e11a96fa23ccbfdedd2cb2d00059516096586c98f26ab4e6,L1_no_recorded_safety_field_difference,44325,1000,0.022560631697687534,44.325,905
Alpaca3-8B-train.jsonl,4925,8fc8f6349d53322cf9fc04b189cc53098064f2333803cee96a204442de0a23ae,d51363925449bd53aad8db56aee54b7758410a5a5faf0e0cd5d0e97802b398ab,L1_no_recorded_safety_field_difference,44325,1000,0.022560631697687534,44.325,906
Alpaca-7B-train.jsonl,24830,1eaf4217ed109bdff8b2f1cf5943e6db9e7678690e610b09d87253d214a97a05,563da7764bc1facda74d2b2b4d2f6f6b55ca0b48cfd8bad79b65c3a8ea65a347,L1_no_recorded_safety_field_difference,44325,1000,0.022560631697687534,44.325,907
Alpaca2-7B-train.jsonl,17897,5ed8c0eb5ba77d63713cf8519d3d79da4150eb27069e3a46603970435c674450,6bcf045addae07f29c6498eaa31ec60fa7b12c43a58d0133dce795a0f6ca6cc6,L1_no_recorded_safety_field_difference,44325,1000,0.022560631697687534,44.325,908
Alpaca3-8B-train.jsonl,13916,2d8ef00d6087a21e76ed203b384c55e12d60cd32f71946a405ba4168cfe705cb,891379b171e2116feb44b77418efb41835a092c94959d112c6a1174602430601,L1_no_recorded_safety_field_difference,44325,1000,0.022560631697687534,44.325,909
Alpaca2-7B-train.jsonl,7582,6f59bf7273b14fcd9588647084e688c5e6cb10c0f00e796a6e95704e05c9f4cb,bc70bc27529103360d0607faa6ede2645566b16be6225524b8dc0b4e00d2f080,L1_no_recorded_safety_field_difference,44325,1000,0.022560631697687534,44.325,910
Alpaca-7B-train.jsonl,14589,ab015c7a4ba984499b8a9d44ca9142ba99e7dd7b49f730738bda785e966e7974,e8ffacbf0568a07d3dbd31019ffdcd4c9dfb73dd8c5cc05832f3b1977f7b865a,L1_no_recorded_safety_field_difference,44325,1000,0.022560631697687534,44.325,911
Alpaca3-8B-train.jsonl,16019,bbb22655776a4a6a176282b1354e8f4f7e3acd995c149c43b1ae0e9b2155cf6c,7c8a25060951a0a82f0b846db37e14cebf10067219885ca43fd6a76f4cdc1fdb,L1_no_recorded_safety_field_difference,44325,1000,0.022560631697687534,44.325,912
Alpaca2-7B-train.jsonl,19846,d73052257f4ae741b771007295fc7294e049ece99c75e315177a9d3302cebe23,4f09cf5b78262d1d5007e1b90571e7762efa7ae3d8a92e7e28dcd302149fbaa5,L1_no_recorded_safety_field_difference,44325,1000,0.022560631697687534,44.325,913
Alpaca2-7B-train.jsonl,6103,de16484f7a9c22125bb822dcf0e459886633e4ec1597a0315d50709c151d3e04,c46b252f657d9fd188362708b07601b3c6c3986c9b048cc84dd7c07a2d68427e,L1_no_recorded_safety_field_difference,44325,1000,0.022560631697687534,44.325,914
Alpaca3-8B-train.jsonl,8485,37c9ef68f81e7e5bdc20b0d1e42d626c7b777799a9633132c50e722f35f7a2e5,1afde2410c88069421ff08394d287fd067bc9a9943aea79f13d511ec0b7c6f38,L1_no_recorded_safety_field_difference,44325,1000,0.022560631697687534,44.325,915
Alpaca2-7B-train.jsonl,23785,d9cef62df48d1e51958ba9ff7083b41b857032df7fb8baffb9eaa3ff1e3209fd,e88c11ff1e2f7f5e2417e674f30250822e3c5f94747bc690da0221fecdeb064d,L1_no_recorded_safety_field_difference,44325,1000,0.022560631697687534,44.325,916
Alpaca3-8B-train.jsonl,2767,7c132f38f7702804722ea57af4825efc618163b043346acd33ecad85f138d4d2,627cf6ab1be0f7808310884338353a95551fc127599773b5ad68e13ca96f6cfa,L1_no_recorded_safety_field_difference,44325,1000,0.022560631697687534,44.325,917
Alpaca3-8B-train.jsonl,1847,ff12dde00174a08983a6c9fcefd869843a96269e767c1f45bafb02eaa08a8d74,8dddd6dccb9754a720d9cfcae3866c2e23073f8c46bd741af5a65c0a84fdb2cf,L1_no_recorded_safety_field_difference,44325,1000,0.022560631697687534,44.325,918
Alpaca-7B-train.jsonl,12601,fc6d073a199c289059054d21edf4e68d85f55e4c8acc4388f261d0bb379c8613,6fa82674ace030496a1c33240971f7e2360282588db505734a63ec777d92a80f,L1_no_recorded_safety_field_difference,44325,1000,0.022560631697687534,44.325,919
Alpaca-7B-train.jsonl,16326,966e160da7f831a12f732f8d222f933f98f2d147e39a16e0f7b869a21806597d,3bdf7a415ade005e1caae9199538e3a93ef9528567dc37e71f8ba6cd93d6a3fb,L1_no_recorded_safety_field_difference,44325,1000,0.022560631697687534,44.325,920
Alpaca-7B-train.jsonl,7073,8fb47ff8c4c88a1bcda1520c2a9b2966dd8684cc8c76a8d056492ec168cfce36,8466603b26aa15f21c42833b707b4971c6ebcebce9bcf323232e65897c1f79ea,L1_no_recorded_safety_field_difference,44325,1000,0.022560631697687534,44.325,921
Alpaca-7B-train.jsonl,7341,a886aeccdbb5e60eadcabeae1be4e1b95d0fa0c2454cb4421294a0ad8e56ea73,9bd0ff042d85345152ad0a052860162583f50ddd0c2f4be019d72fe4800077be,L1_no_recorded_safety_field_difference,44325,1000,0.022560631697687534,44.325,922
Alpaca-7B-train.jsonl,620,b29637c4475ec1e0ed6a253474f6fb8938055f9ae56cc272dbe07f4c7c5c82e8,4ea7a14f3956f37488463202874fb43d7b9094f40778cb1cc388353ed3a353d2,L1_no_recorded_safety_field_difference,44325,1000,0.022560631697687534,44.325,923
Alpaca-7B-train.jsonl,26257,c12553ad512d654586725a82698fdbbd702d88d96681431b5bd740e1a0ce5900,96857fa5cdc99dd3a39b3e6ca73ac17b1cf37363b9bdf22ced01583db2bdff9a,L1_no_recorded_safety_field_difference,44325,1000,0.022560631697687534,44.325,924
Alpaca2-7B-train.jsonl,24168,c255452dbda903c1bf23b4500c8b1de3eb3acf77244e5b04db6e05abf1fecc87,72c9828c160bac9838fe2bedca0b28100f1a68bb982ebb08de15821f44d2b184,L1_no_recorded_safety_field_difference,44325,1000,0.022560631697687534,44.325,925
Alpaca3-8B-train.jsonl,19819,8ba90278b77f41e0443d1177d3fa42e65d37bff000ee2998eef179737563bea5,19a0f6060363404234b1327a378238aee1b55797eaad44c2cbefcf4b185ec5a6,L1_no_recorded_safety_field_difference,44325,1000,0.022560631697687534,44.325,926
Alpaca2-7B-train.jsonl,15055,b6e3b1b7f781f4cd12b4191a91d908bd9016d2151e74cf620c2283d7d606fecc,8bd2c57d2ea65469acd0bdf2cfcd50d6abee5ce837b7b784c11a702152fd3279,L1_no_recorded_safety_field_difference,44325,1000,0.022560631697687534,44.325,927
Alpaca3-8B-train.jsonl,20824,dfd8b1f70e6a57f88db2385bbc0ae2abba71ad27c247cc5b3159eddaa098be65,63c656048428dddec3c949b1ef748e1c0642b6cc56b959d772dc3133779f71bb,L1_no_recorded_safety_field_difference,44325,1000,0.022560631697687534,44.325,928
Alpaca3-8B-train.jsonl,10957,072752afbf8ff6f87bf0e19934eb58b8a52cb91ddab148d5787b564601faab0e,8c31598aa51ca29080f1d768674a291ffd3b95dc9456a4820e7ef03c6a7433b0,L1_no_recorded_safety_field_difference,44325,1000,0.022560631697687534,44.325,929
Alpaca3-8B-train.jsonl,6810,4a4ffc14fbcb6b600f7ff3da8cf8f292ca91414c33f4bb79fa8664b291024b4c,e7f482adfc8f2f44a99fb27a20f598819de0fa4e22e4b09d7f5cfbb03f2ff7a0,L1_no_recorded_safety_field_difference,44325,1000,0.022560631697687534,44.325,930
Alpaca2-7B-train.jsonl,24719,9e94819a8f31e32c99185900e17db1911379efe2170d3ec7e46790748b35114b,dca04895dc155387be4dea7391d1d30e48a2776c7ca0560fbd21de02a24f3079,L1_no_recorded_safety_field_difference,44325,1000,0.022560631697687534,44.325,931
Alpaca-7B-train.jsonl,6687,1abfe2aabb5642dcde271679cc8d18bc2a576cbb6a2271aabcf68dfbe7e319a4,ffaa59f40f74873d02940773f198d68b9e17e4eac360628412067c9f21bf79b0,L1_no_recorded_safety_field_difference,44325,1000,0.022560631697687534,44.325,932
Alpaca-7B-train.jsonl,1425,730f63b3a9413d86cb4f22fd6f39eb26c97b76adf69a38ab02a770fe75071b10,491534b945267b248183bd4c7b35a9fbd7eb48f9fdf0ed9b9337262c041b2ba3,L1_no_recorded_safety_field_difference,44325,1000,0.022560631697687534,44.325,933
Alpaca-7B-train.jsonl,13399,7d8ef7f70a4474b6aa2e8fe5eb5a0540a8bfb397351210f16fb711eefa701489,f5809d0b2be29bf4a320cf91f9a93b0e4c1df8da6837bfb8d9921c1bec8349f5,L1_no_recorded_safety_field_difference,44325,1000,0.022560631697687534,44.325,934
Alpaca2-7B-train.jsonl,777,be5f335b68bf12a30521c69be79b7d001a9cca001f0e108e86da045acf1e4006,b4e7947f1ae7a4ee2c5d018cde8a9fed31f3a0460b8693a2751417d2ec0cf348,L1_no_recorded_safety_field_difference,44325,1000,0.022560631697687534,44.325,935
Alpaca3-8B-train.jsonl,2912,9d9a00a7676bcf2042fde2e1ed5899dafa940f1b7fd0fa4e62045767f3ba18c5,dc500ca9bde0d47bc2f07894dfa3b4435b1187fa89cb22e4163d6b52b8fa5613,L1_no_recorded_safety_field_difference,44325,1000,0.022560631697687534,44.325,936
Alpaca3-8B-train.jsonl,1973,e65bdacb2aaefbf815dba97f9d92601d3ac0643cd82e99f6cc22adf981cc7ca4,710073c0578ba8febc506db22c20208bc3411da9fa5d0238027c40d746ef4e9d,L1_no_recorded_safety_field_difference,44325,1000,0.022560631697687534,44.325,937
Alpaca2-7B-train.jsonl,12439,01eeeceb770e6421f7bc748c9f986232df2722ced835299e829fe1373ec9fdc1,8673fb3ead91e980a5edb2f7d2628dc8a56210cc5bd458d6d5f2db297f771852,L1_no_recorded_safety_field_difference,44325,1000,0.022560631697687534,44.325,938
Alpaca2-7B-train.jsonl,13249,1184c37ab31953ccf35b2ae0784c51bc441e98b4ebaab9395a19252fb0beca18,489f30234c01780dc10610eefec149a932afbddf7a6e579450309b1392cdc684,L1_no_recorded_safety_field_difference,44325,1000,0.022560631697687534,44.325,939
Alpaca3-8B-train.jsonl,1880,4d110907c54ad9b900493ff5af294c920447db9c463a6a473916597da20ab4a2,75b4c5186e1786e2680e0de12e2b361f03f5394aa1e90f7804eda5f11afc0805,L1_no_recorded_safety_field_difference,44325,1000,0.022560631697687534,44.325,940
Alpaca3-8B-train.jsonl,9335,c2806814cf382dfb7e61440700233a590f443691f7adb131e58cd267ed223510,60f9d4df4645ab8fc2b00070f8dd6812924e1ff13ea31f4ffb9a282d2fcfa7b6,L1_no_recorded_safety_field_difference,44325,1000,0.022560631697687534,44.325,941
Alpaca2-7B-train.jsonl,3716,cacbc93fcabfb63039aefd87c1204d9aaad255a2261ce17fdfcd270ffc15e219,7d84acc200d138a6aeacb4785aebbeda33ae62201e973e94c3d63ddcc5871c19,L1_no_recorded_safety_field_difference,44325,1000,0.022560631697687534,44.325,942
Alpaca2-7B-train.jsonl,18143,f0003f9e5e926a93cfc81776ff5c2e5dc0e84289b68b186970797ce205c9521d,158ef6ad8c9c928c765e7d8282c1e956c546e5dad346291ef06886c034ed6eb7,L1_no_recorded_safety_field_difference,44325,1000,0.022560631697687534,44.325,943
Alpaca-7B-train.jsonl,25125,73a3436b8f7dd75a263baf343910e17f9c711934e9950bfeb8d1219ae517a8c1,029fb65fdae1e6734859abba83e32c5aa58d04e74bec578d9a18d572d5e63c0c,L1_no_recorded_safety_field_difference,44325,1000,0.022560631697687534,44.325,944
Alpaca-7B-train.jsonl,11577,eb5f5d9064aa0c2e68f39ef31fae4a3e41413dfc5aeca31bf4cac0d78f00a8ed,586c6bccdf3ab9d7dae6716f4a6dd7eb6bc1a4577f63282a54bb4a9887e9d4cc,L1_no_recorded_safety_field_difference,44325,1000,0.022560631697687534,44.325,945
Alpaca-7B-train.jsonl,13089,ea9ede8c8d9cee72dd4ac118a37a9b83e9a2fd6d38933ec05e3836d20efe1756,c21306b7e8061e65281bea6f7634e81d59de0160ecd720b182798caeaeabcdf9,L1_no_recorded_safety_field_difference,44325,1000,0.022560631697687534,44.325,946
Alpaca2-7B-train.jsonl,16604,7b7b4ce507db1e5b45147121820d29ce8b47825dc4f991cffa94690b09721d83,bdc4f1f4195624d41a08a98bcd32f08d9a2446020540e81982ad514cf6e82b66,L1_no_recorded_safety_field_difference,44325,1000,0.022560631697687534,44.325,947
Alpaca2-7B-train.jsonl,21723,a5eb7619db1fd6d925bc397b699d22d12571a6da2bfc4ee90949eda2f8871acf,e28263e87874813f0c3d06c9f3b58c03fc68f1fc88ed9252650a62c4ec816961,L1_no_recorded_safety_field_difference,44325,1000,0.022560631697687534,44.325,948
Alpaca2-7B-train.jsonl,13112,531e7766074a956ba36c389a72d200532447698ea150f45dde9e5a45d4a73745,f16b94e2493fcc8a7203a2ad13ce193095a07e0e159b0ce9d4736d4e6e6a7a5b,L1_no_recorded_safety_field_difference,44325,1000,0.022560631697687534,44.325,949
Alpaca2-7B-train.jsonl,20657,83ce86b1eccea74705960040b9c6997173e4117deb5083fd913c6a51b4dc4c6e,1c061b657318b46ec1036d609b2cbebf5ff29b7623422dbadf552ea70d62640a,L1_no_recorded_safety_field_difference,44325,1000,0.022560631697687534,44.325,950
Alpaca-7B-train.jsonl,14529,190ba96306854d67953b73d0400de3af06b5901d30d9a23fd92c4c07679da3dc,3b9ae00d39755fae241fd7d14ebda31db3713280dae309e86a1029bfee8115fe,L1_no_recorded_safety_field_difference,44325,1000,0.022560631697687534,44.325,951
Alpaca2-7B-train.jsonl,11929,f9b524bdb1e8c813f3088281cf5c94142a6d001b15bb3e2b39d37b291bf0d4a0,451e4d24501c2603edab95a514ee1ac32a225fffcbaa5ad6485db7579107295d,L1_no_recorded_safety_field_difference,44325,1000,0.022560631697687534,44.325,952
Alpaca-7B-train.jsonl,4171,cdc8acd652fb66ada36a321f9aa08828d4dbe6f5e9578443efa8f27f6a57e677,66c1a077636c76840142cdedfd27e12616251c2bea5e57606c3d2f13a84bd1fa,L1_no_recorded_safety_field_difference,44325,1000,0.022560631697687534,44.325,953
Alpaca2-7B-train.jsonl,5093,923b23418b1ab2634cf679c5a8674eace5344b9d3e2c35e407f2f27befd08458,e248982d3740aab7a86602684884cd6496a55e5ad81b35239e30b6ac25efa9c4,L1_no_recorded_safety_field_difference,44325,1000,0.022560631697687534,44.325,954
Alpaca3-8B-train.jsonl,16290,a930658bb232ec40ef848804e92180742d2fafcb46a2c9debc2dd93c8e2c0800,f47f5faddd3ea8b92e62b697b57b160189ea7292049b89cf9e4f8a1d84a68517,L1_no_recorded_safety_field_difference,44325,1000,0.022560631697687534,44.325,955
Alpaca-7B-train.jsonl,5092,82b30f8df3ee16614f41d80da22a46d210a9ea5594167e629612681a07f1fcfb,252ddb78b2d26b78f630aee681dce92695e20d6a632ce212cb76520422ed14b3,L1_no_recorded_safety_field_difference,44325,1000,0.022560631697687534,44.325,956
Alpaca-7B-train.jsonl,8565,5ab91b4a1977ab87f95fbfa026cc5425345d6fb628700692ce06ab0cbc03dd61,437f3b9399ff1546483627ce153694740325985744e20997410ff6bb581bfdbb,L1_no_recorded_safety_field_difference,44325,1000,0.022560631697687534,44.325,957
Alpaca2-7B-train.jsonl,11268,7ca0feb4d4d8c262312258e4a8cab0287872469a06591334cd94c9e1558704bc,b05c9df0e1a8df1a911882c8b487d848f62f37836d686a7b94beec1d97212b2a,L1_no_recorded_safety_field_difference,44325,1000,0.022560631697687534,44.325,958
Alpaca3-8B-train.jsonl,12934,4cc617aca73dc0a3bec7b490986b170af72791e4aa8311e8a894aaa7f1496504,4c4e66b21f9621cce3371330f8ccf59b21641d55f0b052cf74ba06b0ea5e4b7a,L1_no_recorded_safety_field_difference,44325,1000,0.022560631697687534,44.325,959
Alpaca3-8B-train.jsonl,19880,6a5fcac8e82f4853559a36cf5cdfb5a1131d8dffd0c01c7b7191ad07b7329d76,d21315cedca7665c0ff326bb7b669195fefca5c89379e7505edbbaac6975281d,L1_no_recorded_safety_field_difference,44325,1000,0.022560631697687534,44.325,960
Alpaca-7B-train.jsonl,17389,889d5eda0cc5850159e23e3c8c03ab977b5ce923bf87fabfb1c4139e10053213,760286594ead9d3865bc7413d84a4ae28b3530dba6ebd77d922e815cf09feed5,L1_no_recorded_safety_field_difference,44325,1000,0.022560631697687534,44.325,961
Alpaca-7B-train.jsonl,21797,b16dbc4a1778bc8174db0e29bea3b5cf01ad2fe97013f2d1d33c58ba2c136bd8,452ed825dc64c309abff0d65656da1745b68b7919a5765accc1bbabcf62fb543,L1_no_recorded_safety_field_difference,44325,1000,0.022560631697687534,44.325,962
Alpaca-7B-train.jsonl,11732,c2bab0a26332e9e5e3d83ee7e46c91a3bf745efe06b269dc0a6d9a05519d53c1,f56f168b1f8ffe7f529e5fd6a1a7b355dbaae19dcd992e1772f764da85eb4e51,L1_no_recorded_safety_field_difference,44325,1000,0.022560631697687534,44.325,963
Alpaca-7B-train.jsonl,26230,7e35fcf8036fe2455223e33d34126901f6d3ec72221266b20082430dc267196c,8c10482cfd83d7a78447ff78b271e1e45e3662737a92d1b2fbd9ff278a6bbadb,L1_no_recorded_safety_field_difference,44325,1000,0.022560631697687534,44.325,964
Alpaca-7B-train.jsonl,16513,85c390f5ac369248e27168a0285913f7c72559cbe9db8f2e7a7b493ea0542e59,abaf0820147ee8f57dbcb7b91b3cda60acdaed1e884807b9e0dea57967637c42,L1_no_recorded_safety_field_difference,44325,1000,0.022560631697687534,44.325,965
Alpaca3-8B-train.jsonl,483,e0b0606f452d7820589d19a479c730d538c06ac7a226aa5e78bf72e91831aa37,e05868b651235cc3c835fd228732876fa464621798731f01ad363f845605a708,L1_no_recorded_safety_field_difference,44325,1000,0.022560631697687534,44.325,966
Alpaca2-7B-train.jsonl,3153,e0525efa648b97d3f8ba1c274c61b0ded2f39a66dabe2e660197f65b3603dd7a,236e6b43df2e20b2fe1a5fb793c4dec0bd641e9e227d2cb6dcfbe71e4a4a7796,L1_no_recorded_safety_field_difference,44325,1000,0.022560631697687534,44.325,967
Alpaca3-8B-train.jsonl,3108,699aedd37c03f72526e5c517fbdfaa089bc8387eeab22b89da7a1a7778da674b,54c3b2d0bb297b6c514e040c97792bcdb56cb44799f59489f7ee83970a3cac8c,L1_no_recorded_safety_field_difference,44325,1000,0.022560631697687534,44.325,968
Alpaca2-7B-train.jsonl,16930,fc51621362811ed67c2173a5760b0bb74b94cbc48a5cb45a4156b16355997299,7d5594a6580a5e3ac1025a93e3b1e2ebfa8e41418f19eae7bf04e765e86c5885,L1_no_recorded_safety_field_difference,44325,1000,0.022560631697687534,44.325,969
Alpaca3-8B-train.jsonl,17886,dbddb824001c833090913b414f8d6910db7b23e615a6db022821d3d3dfe95c1b,4176c2dacaf660dfe8ae91851c2bc893e92b94b0148a56cb437761fdf99ce4ea,L1_no_recorded_safety_field_difference,44325,1000,0.022560631697687534,44.325,970
Alpaca2-7B-train.jsonl,22632,dcbc2e858c1ca5db7bbe10470d47d98002135567a64aa4469a633baae7baca02,9b21c422ebee8a04f12b533512ad4544e16c61f95c68825149f5d66f2703954a,L1_no_recorded_safety_field_difference,44325,1000,0.022560631697687534,44.325,971
Alpaca2-7B-train.jsonl,19952,0505496fae0e35e695b42fdf11ec7a8e2f0c10a2aa2e2d6c5f0afe106b690066,5f4a6c5d1d197674c0a32cdf526aa1f98650895c4041cb6019d06325858c5a1b,L1_no_recorded_safety_field_difference,44325,1000,0.022560631697687534,44.325,972
Alpaca-7B-train.jsonl,5071,4267ce29676cebbc8575cd5bd56124bf4cf73ab53b5bd54214a733e74261b989,c5c91943d6dba56445cf92145eed4eab7fbe9c01679c8f1e19a2b160a6559eaf,L1_no_recorded_safety_field_difference,44325,1000,0.022560631697687534,44.325,973
Alpaca3-8B-train.jsonl,9509,41a8a0fa0f23c14cc5ff5972c8c63f2ded43bdbe567d70a3c45bbd76cc2a8c07,50e40b7e80d1389a6a420b092f0c16b32c92801b49cc290c4a46767f06ad7c7f,L1_no_recorded_safety_field_difference,44325,1000,0.022560631697687534,44.325,974
Alpaca-7B-train.jsonl,9938,1b0a249b0cf7409bbcb0e798835af70352d022c00a14cb9a4a9de4b5866a33e1,61ea95a82599157ea06b2d0280a60c5b3a1e3e2440198a133a05a27cc79e0987,L1_no_recorded_safety_field_difference,44325,1000,0.022560631697687534,44.325,975
Alpaca3-8B-train.jsonl,3721,1898f8c670e52173fb6c3954baa24a40fd799a434874d364c25eff9988dfeba0,2f65328b2164698c78d9a5e2eccb7735ee20bc147aa0e3c834ada1480d73db68,L1_no_recorded_safety_field_difference,44325,1000,0.022560631697687534,44.325,976
Alpaca2-7B-train.jsonl,18552,6bfe19b4bda3d00c6013a3f74551ada181c8af93491c1b92e8a6226b45f9c9a4,064f5c5ee17854781d7dc23984ae8ac5577e53c2acb455d0704cd7ac51388d22,L1_no_recorded_safety_field_difference,44325,1000,0.022560631697687534,44.325,977
Alpaca2-7B-train.jsonl,11996,372c820674a532096a9ceb13688b36ec20e9dff6e5c221b7a1799e7df0f4b7e7,62a0a4aa647dd8a868d2a2a4fc9ece30168ac963233442ce1602222abf908505,L1_no_recorded_safety_field_difference,44325,1000,0.022560631697687534,44.325,978
Alpaca2-7B-train.jsonl,19446,bbffc6c615964b4b7d8b104ff15d42603df3f7223531b1a236bb6e05c4334327,ee82132f2973b38eebe6e03df554c9ca4ddc3c885f6a9521fdb9b8d068a36cf2,L1_no_recorded_safety_field_difference,44325,1000,0.022560631697687534,44.325,979
Alpaca2-7B-train.jsonl,11684,f7270484b6f161800d68814add9ab76d7452c8b461a8c4d82984e333b7f0ab83,935d76904c489260b4919005848c0bd3b52e1add9653f2d45c8b6ac08ae34a31,L1_no_recorded_safety_field_difference,44325,1000,0.022560631697687534,44.325,980
Alpaca3-8B-train.jsonl,8329,1b8e137d6fe0d22f5e1c5bacaf9be0a927bcefc32654d38966ef984e2785499f,f4770295c11d68c145434c3d2cb71840e8cb73f180e1c82bbc326b3de0a7ced2,L1_no_recorded_safety_field_difference,44325,1000,0.022560631697687534,44.325,981
Alpaca3-8B-train.jsonl,6379,aecc3a861132a15f2549eaa7abf675a7e40cc9a35e082b728f5a90b85d7ce6a3,0600591384ba392c00d0101fe666e3db713301cc38bbcb7759f72f6f3834f53a,L1_no_recorded_safety_field_difference,44325,1000,0.022560631697687534,44.325,982
Alpaca3-8B-train.jsonl,4409,973639cd96df9d5a1c81edb31e875cbe612dfb1bd57f9264083572ef66a1eef0,a81193c070981a0e7c7266bebd4b8387f4ff312c2940b7e5dcda110cdeb772ad,L1_no_recorded_safety_field_difference,44325,1000,0.022560631697687534,44.325,983
Alpaca2-7B-train.jsonl,13888,89a62d88fbdaffecb7a6be5b0160f78a6701255d1ff06aa97e02af039c0d4af5,de590416d3fe4a472ce508d5325be5a4a96352f675c3c2e3491eaf7b1f11cf83,L1_no_recorded_safety_field_difference,44325,1000,0.022560631697687534,44.325,984
Alpaca2-7B-train.jsonl,12891,2b6c6f628c6305bb41fe91dd84fcfc84829fe0aeb6aa36231f33e440e7cd90a9,01495cbdc0ed181224eca911bd7a82a5ef0b82ecd79152014d4a93b1b2aae6d0,L1_no_recorded_safety_field_difference,44325,1000,0.022560631697687534,44.325,985
Alpaca3-8B-train.jsonl,3956,a9b746b037d62c5a81674e699345032f91b18a8927d5a9df6b2dfee8e6e07ba7,d5b00406deabf179bba539606bfe274fba2606a35b42465156add95d082c30bf,L1_no_recorded_safety_field_difference,44325,1000,0.022560631697687534,44.325,986
Alpaca-7B-train.jsonl,15584,6b29e97891d7dc0e63f23527064f47b277aa1585640858a00cdd956b28736968,298acec0c06cdf5a2380c06dc632089a600788f402240ff2a5b26a0a56a8ee95,L1_no_recorded_safety_field_difference,44325,1000,0.022560631697687534,44.325,987
Alpaca2-7B-train.jsonl,8903,1ea02822c6196ad23ba0dfd90395c05524eb2c2cae79f142fe3ff6b86f2dbbbc,dcd8000f597d1ab84c4bec4971b97507124d73c2af02f9f46fdfb3e89b07d71e,L1_no_recorded_safety_field_difference,44325,1000,0.022560631697687534,44.325,988
Alpaca2-7B-train.jsonl,10782,0c62937575150117ef6decfca988b9b33a543cc3ba5853957c41212cb67f85e4,7a347403e9402cc8a6709ae41caf4970ab34a701f840df7cc64246b002c2eea2,L1_no_recorded_safety_field_difference,44325,1000,0.022560631697687534,44.325,989
Alpaca-7B-train.jsonl,26287,73062f427564ee4937a83d4f442e78f337fe4bd6af8b97792b85f0f3fb230848,e6da99d171ac04bdc06814e72c9a1625e6b98d0a35143f5ffbd0b688ef805bc1,L1_no_recorded_safety_field_difference,44325,1000,0.022560631697687534,44.325,990
Alpaca-7B-train.jsonl,8536,d85ac3133a670e744e07e46dd84cb1e16976624fcf9d1c967d8fc7b11482b4a5,50896bea36585f2adfee3e12fb81a9e89e5bc747a9a533d6d6c96b4fc019f7fc,L1_no_recorded_safety_field_difference,44325,1000,0.022560631697687534,44.325,991
Alpaca3-8B-train.jsonl,9580,8b7d1e478b3714b1a78c68c70eae62ef5740312c9fb2b51a081387346b0018cd,e8b647a674b36f7c5cb3a6240dbdbcbdd5c04ccf1592ac20b6641a49bf6a0b43,L1_no_recorded_safety_field_difference,44325,1000,0.022560631697687534,44.325,992
Alpaca3-8B-train.jsonl,15007,17141ef4527669d1940c0e5dc895823084030df2e7c33ebe46ddbebb5258689f,1aade8d21b619927fe72d34eb014d82b3a1c7492bf29baca9d929b0ee800ca27,L1_no_recorded_safety_field_difference,44325,1000,0.022560631697687534,44.325,993
Alpaca2-7B-train.jsonl,21490,1abea7e2feedcad8576188936760d5e305200811ac0081e1f4ee8282e62821a2,99ff6ac7863bacc371cb0b4a071d42769b5be7d12fce66643db154144defca43,L1_no_recorded_safety_field_difference,44325,1000,0.022560631697687534,44.325,994
Alpaca3-8B-train.jsonl,16425,8a9ef0059cdd6301fc31bc4bff26764123dbf15bec3769758e45401a64bb0341,2bc7deee5714b63451767807f643718f06ac0254fa1c17be60f5b771de14a07b,L1_no_recorded_safety_field_difference,44325,1000,0.022560631697687534,44.325,995
Alpaca3-8B-train.jsonl,3923,a8855ac0173400a31cb5f9faf2903fd21a6d21b17537a2dde7c6dec03ce2f4c3,dca372466dec96daa45fd7640cedd5d31650001257b97f199d946f942dc30e02,L1_no_recorded_safety_field_difference,44325,1000,0.022560631697687534,44.325,996
Alpaca3-8B-train.jsonl,18499,f8a59ae9dabaa52153fa0b21d5b9743df9ce63d7c6ae5c03ed9152a0b0076729,408efb34c24ed7fe339949d7fbe367dcaa86361b78faf3137385f1a6b73d8b91,L1_no_recorded_safety_field_difference,44325,1000,0.022560631697687534,44.325,997
Alpaca3-8B-train.jsonl,3166,977d08be0d9052ef8d9719d2beb1e15abcfc031057f4369af8fb64db71c27911,bd883a1a3629c56af7f025cdd5a66edd0820af7be40d7cedbdbbc43e3b25e2b6,L1_no_recorded_safety_field_difference,44325,1000,0.022560631697687534,44.325,998
Alpaca-7B-train.jsonl,5767,2222fa1a19494bff4e1c841fbefc979bb735b7f684aafaef168792a86e7131e7,6705d3f9f39f2a2ac91343a34bea951ce75288c5ed5d214e418db7d9ad348f23,L1_no_recorded_safety_field_difference,44325,1000,0.022560631697687534,44.325,999
Alpaca2-7B-train.jsonl,21197,73a4592db688995f0a43f73e9e38834f481e612c642a5809baa70707672caac6,908023d55573333791faa7f67a8ad1be27a95a80a312492add4f4ff23caf0bf2,L1_no_recorded_safety_field_difference,44325,1000,0.022560631697687534,44.325,1000
Alpaca-7B-train.jsonl,9381,227ed51f6d14d007bb949b3f9e16107d46b240f3e4f5f89187f513a9b0dd8973,d6028a777e8987a168db5fdc7121e499b06109b517603e7bbfdb604c56aef069,L2_category_difference_tied_safety_and_severity,12828,1000,0.07795447458684128,12.828,1
Alpaca2-7B-train.jsonl,13963,73d546a508024ac99005259cd185382fcd9d2ef2b3658db2cb33116cc3d61d93,813afa0d416dcd438915aefcebe5fa45b70695958079d52cb874f4daed0b12b5,L2_category_difference_tied_safety_and_severity,12828,1000,0.07795447458684128,12.828,2
Alpaca3-8B-train.jsonl,12179,b36c4f2da169e00a5ada13b2c126907764fb5f88b881192990c406f2c0c6e889,fee54390a54e593299e5f3770de2f85bfff1573859b639fda6a3f58d1d526217,L2_category_difference_tied_safety_and_severity,12828,1000,0.07795447458684128,12.828,3
Alpaca2-7B-train.jsonl,11356,0510c107bded3710499b46106d088960960d9e79d70b414ed008aa7d4e593750,1dd59c70bdf2afa5aa794416434c0835e00020608beec427f120b371f420e002,L2_category_difference_tied_safety_and_severity,12828,1000,0.07795447458684128,12.828,4
Alpaca3-8B-train.jsonl,1939,42109f3d3e9302bb58b6b49974e0dbf3148eed2bfd7c7107091987b10fa878a3,b02ad2a275c81881589a1614d2e8e262d52e4e04b3991832d99df9c956de646a,L2_category_difference_tied_safety_and_severity,12828,1000,0.07795447458684128,12.828,5
Alpaca2-7B-train.jsonl,19009,252278687b6ca49bed782efb9fccac69616f74936d237f251491e3a35bd1c98d,e5ae7f453e144260d4ad9271371deba5656cbebb19f63358594b320f1b2c0dac,L2_category_difference_tied_safety_and_severity,12828,1000,0.07795447458684128,12.828,6
Alpaca-7B-train.jsonl,15860,b3d11a652dac16b360fa6fc12ed298abad2828b14f798bd8bff553397a2c29b3,64bde6fba5e1d0537bc39e93f55e4c7965f7171a6e46ef5c1c90136b9a3524ee,L2_category_difference_tied_safety_and_severity,12828,1000,0.07795447458684128,12.828,7
Alpaca3-8B-train.jsonl,17619,6ef1a2b30117d96492f76e8b59e38b229838575a2627452f071e46e2d08f1968,24f314a29609edbc6eabf0655985ca269fd675fe3121a5b5b684c5377be087ab,L2_category_difference_tied_safety_and_severity,12828,1000,0.07795447458684128,12.828,8
Alpaca3-8B-train.jsonl,20946,ee260a6fa4a2e7cf526106b9e30be688fb444c32752c08c5c1e5d44acebfc749,387e3520e99665f0923572e1b0c1b8243a20a92a8516acb80ae62ef723e93c59,L2_category_difference_tied_safety_and_severity,12828,1000,0.07795447458684128,12.828,9
Alpaca-7B-train.jsonl,24242,18084b7241dc6d611ef16ffd2bb8285dd9cd67ce0e6e363d91ab40e092662a83,e5f9a0014fece9707b43b71da8638781ebd658b19e3f92b32c63df79873e654d,L2_category_difference_tied_safety_and_severity,12828,1000,0.07795447458684128,12.828,10
Alpaca3-8B-train.jsonl,15467,cbf09cf5ab936b75df9ff85f3b5cb2db3a7dd6998ab6b60879c63a679e80b1d8,05190dad8a659a93b456097241cc0208493a8b3519be92438696976f530114f1,L2_category_difference_tied_safety_and_severity,12828,1000,0.07795447458684128,12.828,11
Alpaca-7B-train.jsonl,26462,7c0fcd72827f3ad60c9d81813ebe04df85c33bdd85c231940a97ab87cb7b63ec,b96a4f7f16c35fde5f296cee12d0b9ba1c1dd652d507e45ca0fcb4f28a87af60,L2_category_difference_tied_safety_and_severity,12828,1000,0.07795447458684128,12.828,12
Alpaca2-7B-train.jsonl,22847,c38edc27dfc1ed201fe495cf2a2e1b826945fe9bb1f7c4124494e64470b096ee,2d5da60fd30ad98badb4b8f8104fdb0fba707508b69d7459728b8f44f20850b7,L2_category_difference_tied_safety_and_severity,12828,1000,0.07795447458684128,12.828,13
Alpaca3-8B-train.jsonl,110,7cd1693df7f63bace79e2500cf9b878ee81d33e0b94721f98fd68357cb47965d,7166a00792b510621e0f625f88000ad6e96240aeb351e426f8d4dec86db279df,L2_category_difference_tied_safety_and_severity,12828,1000,0.07795447458684128,12.828,14
Alpaca-7B-train.jsonl,5316,edcb31d83c0a4fe60895c3368bc44530327e8bfb4135fb70745093bbc04555f6,c27be09d8453d1cc1fc9666c2091c6037a84344f8e826e39736e0b8216e78c71,L2_category_difference_tied_safety_and_severity,12828,1000,0.07795447458684128,12.828,15
Alpaca-7B-train.jsonl,19976,08001831c4c40637a01a36de8c6bfa60c7352f375509352695532943fa7c2e11,90e8f415817174896b62c5255e73c28cf2ba0155dca645dd72763c24f8dd3a29,L2_category_difference_tied_safety_and_severity,12828,1000,0.07795447458684128,12.828,16
Alpaca2-7B-train.jsonl,25184,a68f5ab8a1e1c1c6fc6d5bda92f6992b7c31394accdc23ba6e5119242e87865c,bb951924e5d4a547dface59d815c735b9c37e94d7c6a345d79cf901aaa9ac107,L2_category_difference_tied_safety_and_severity,12828,1000,0.07795447458684128,12.828,17
Alpaca2-7B-train.jsonl,13880,16014cd9b242d36aafca98cb30be425faa71c02b42a779a719b18fea97975322,b402ed4c7a63c7e7289c79d476309174ac4dce5d3b95320a483fa9b9cc1bac13,L2_category_difference_tied_safety_and_severity,12828,1000,0.07795447458684128,12.828,18
Alpaca-7B-train.jsonl,18539,2598cbf92af7db527119da2bd6363a92b6eb37352cada539d0223e6ea1417050,881331b77cd8eb360a18e89d6f26cc5ca3d74bad17cda2b76709af51da2aa670,L2_category_difference_tied_safety_and_severity,12828,1000,0.07795447458684128,12.828,19
Alpaca3-8B-train.jsonl,8217,c2b88a208e03aaad7218f9bad5efa2772b10be3f44459f89b6c85d6f0857a0cc,6fddaa8ae190f11657402f867c8cf99b5270abac3f4173593161b473e4d8a987,L2_category_difference_tied_safety_and_severity,12828,1000,0.07795447458684128,12.828,20
Alpaca2-7B-train.jsonl,3250,da7cb2dd0b8910e10489d70af390c457e0f12663d55feeed7965ba18b90b962c,ad44eee346dd1c10c2f917773502a2a919351d2bd62e6d637d1cbb6926e900fb,L2_category_difference_tied_safety_and_severity,12828,1000,0.07795447458684128,12.828,21
Alpaca-7B-train.jsonl,2393,147fe194c212a4f11ea754de23a368e369932b245aa65b1f2708a2c1edfe7f6b,66cc5e1ec23bea4321326d6d482c34a7f0ca859cf78bfbc671ec45943d26afeb,L2_category_difference_tied_safety_and_severity,12828,1000,0.07795447458684128,12.828,22
Alpaca3-8B-train.jsonl,13294,169d335fa2c0ce71b1a629f0337b34d4d5cf8a9710fb29b8946d7dfde7b342dd,11af3cb0bb1a3ec575e27cc5c09b24b64ebe39f6d3a669b80637ae4e225cd3f8,L2_category_difference_tied_safety_and_severity,12828,1000,0.07795447458684128,12.828,23
Alpaca2-7B-train.jsonl,9871,080e69d62ee86f94729853a941ba9b395874d9768b5cadd99627dd96933c5323,ec05962da4bc2b35615d417e132336e1267b685a304bf74874184a72ba1f17fd,L2_category_difference_tied_safety_and_severity,12828,1000,0.07795447458684128,12.828,24
Alpaca3-8B-train.jsonl,1528,c997259f1c0cf8eb131a80c1dada3b8f5dc77edabb7310126d46a35d96c97021,2f6616b3765e369e46f2a16b56c46fc7932efba45d0a1609e70437ea8abae18b,L2_category_difference_tied_safety_and_severity,12828,1000,0.07795447458684128,12.828,25
Alpaca-7B-train.jsonl,22794,30257e56bb16df42bece7e49fa2ef9479b2e0ba139e0da10a6e74e4e059b0cbf,77d8a016ba297e6d2abe1cc87ef023e4a031a88a1b92394696068d291d66fd6c,L2_category_difference_tied_safety_and_severity,12828,1000,0.07795447458684128,12.828,26
Alpaca2-7B-train.jsonl,24980,e42e37f6f2dc80903ad58e4d43b9cc47df90ca9e88f539d2a61d6c9cf4510b9d,1ce8d2f42e34697ec6f0d8059feff99e4f3c3001506c84eb04699c644025d37c,L2_category_difference_tied_safety_and_severity,12828,1000,0.07795447458684128,12.828,27
Alpaca-7B-train.jsonl,12894,1cca75a03e599cd8650f17349dd305e91407082fd9dd68221bafb113aef7f8fe,93eba10f75d632b44b12b7c34963fe655048ead6200c5d67e4fa8790b5b2ee7c,L2_category_difference_tied_safety_and_severity,12828,1000,0.07795447458684128,12.828,28
Alpaca-7B-train.jsonl,26269,34f1d905ce356ceb8b85c9498ecb2704e9a137eb7bdb24835b8c8cc4c511bd1c,a4cecd66c6256acc47fddbd920275ea1ab8932d5d64d0a41a5a572044b4d331e,L2_category_difference_tied_safety_and_severity,12828,1000,0.07795447458684128,12.828,29
Alpaca-7B-train.jsonl,25364,32ffbd9451dc98178ad44842ff43825e8ccfc36b926e78c1eca5f492f2088eb4,d187d534a15b239e5a6770ad08151981b438aba16cd1291165cc77c32498776b,L2_category_difference_tied_safety_and_severity,12828,1000,0.07795447458684128,12.828,30
Alpaca2-7B-train.jsonl,1707,2c818e402c9f2cfc056b89219e293bc899d201fe0cb2787f97052e097a3da553,c93347ceb952a2795e440ab7cbbbb80cd2bd3127c768b3ad785ffc706feef312,L2_category_difference_tied_safety_and_severity,12828,1000,0.07795447458684128,12.828,31
Alpaca3-8B-train.jsonl,19382,9db025fb4765fa586a3e9d64cfdf2312298f8d4915587d57008e8c7ab5cef4b8,b991419ef1371cb185da170470a99c5b2440f9f80e57994324cd39f50bab1e62,L2_category_difference_tied_safety_and_severity,12828,1000,0.07795447458684128,12.828,32
Alpaca2-7B-train.jsonl,624,a2eac0a797f5f2d76527677e3b4655c88b75006f0c4becd5ecf76f44fa402e33,0f2f4a9c89c68a2ca516b65dae7a77ee06b15a5696acb9fb3686a4143caff629,L2_category_difference_tied_safety_and_severity,12828,1000,0.07795447458684128,12.828,33
Alpaca2-7B-train.jsonl,4957,7f81085e0cc6910cae478f4a6861c4690315da8748de906fc58a6c17a14b33c0,8228f32eb733c7584412bfcfbdd508c3b745ad11ea2a0b6bbb0ae3c875e3def3,L2_category_difference_tied_safety_and_severity,12828,1000,0.07795447458684128,12.828,34
Alpaca-7B-train.jsonl,27080,71da8086b1dd2309425c559fa4e7e964a96a71670999c690ccc95f4b2bb78fd0,3b65a24614d08fefa0c0e87a217b7b194b9e6eb4fa1be048929f84cdf6ee1d96,L2_category_difference_tied_safety_and_severity,12828,1000,0.07795447458684128,12.828,35
Alpaca3-8B-train.jsonl,8950,d63e3c5c1bd893e73adc7c1edce1e7a7a7891341110b239488701df1dfdb952b,d0918f34ba8dff1969d50e956713ceae8787a37c2eb90ba54af87dfe23a9bb94,L2_category_difference_tied_safety_and_severity,12828,1000,0.07795447458684128,12.828,36
Alpaca2-7B-train.jsonl,2401,d993cf56dc15fb95c6fe2c7eb89cacdf7f9e1b1706b5ff3ee78561cb1a8a983e,d7bbdfc52dae26cfdd31fc2d9e2cf14d163f2b406c4385d08c970f819b816e8e,L2_category_difference_tied_safety_and_severity,12828,1000,0.07795447458684128,12.828,37
Alpaca-7B-train.jsonl,24824,3b696f36c6b23d74ac41e80cab12767e07fe6c141694ebc222e6ded96dc77566,701be5608bbe6ad3d9d91243a93562566f01ffce3120761bbeb8022b8016040f,L2_category_difference_tied_safety_and_severity,12828,1000,0.07795447458684128,12.828,38
Alpaca2-7B-train.jsonl,4978,f5f73578ba27424340dc7856cc317dca18fc4e1b397c37e936169a7e5affef06,5a95d7356abe62c3c3131f4e9ebf00bf0a63eb47c904d4f79fee99cef0d9ee22,L2_category_difference_tied_safety_and_severity,12828,1000,0.07795447458684128,12.828,39
Alpaca3-8B-train.jsonl,751,69e07046704bdbd691cff4a79a2d8b30c6615d09cb0bad860ca2f7bf31d012eb,89d181b6fe669d5ae29e8608021d234d968ba96484c8d91b1259be28a88061c3,L2_category_difference_tied_safety_and_severity,12828,1000,0.07795447458684128,12.828,40
Alpaca3-8B-train.jsonl,5818,473daace1d71edd63f4477b62ab04ee0f903b2485cf5ff19a9ae6669e3dbcc00,4015f73ebe5ad99eafab424cdc6aca4d04d1069f8d71212f8ecfe1a729fe6d6f,L2_category_difference_tied_safety_and_severity,12828,1000,0.07795447458684128,12.828,41
Alpaca-7B-train.jsonl,26172,0a2aab225f513dd7af9b1e1c10b861cb43cdd17fb6fada5aeb81854e5885b2f1,3ec20437f4a65e3267844a07166256c48a738219e882dc332bb9eb700b0e2e5c,L2_category_difference_tied_safety_and_severity,12828,1000,0.07795447458684128,12.828,42
Alpaca2-7B-train.jsonl,18126,9013f5a0b6a72261bbb85d8a74fa348de824f5d8074ae7842794b380051e49f6,f778311fb82ae2ce67c9279e6d8ab3426168d0a3b3e6e40d551cebc2f63d013a,L2_category_difference_tied_safety_and_severity,12828,1000,0.07795447458684128,12.828,43
Alpaca-7B-train.jsonl,20763,9219854d4afa12909dba43eb01eaf5394c105241c848ea89de5f5ccdbf650b76,27ddbc672f7accd2c549e254a9f838c4888af08b163e5ba632d0ef6e2954c086,L2_category_difference_tied_safety_and_severity,12828,1000,0.07795447458684128,12.828,44
Alpaca2-7B-train.jsonl,24058,8c6524a33c3848142f443ea606ffebff8964903e1f6857ab9a14ed837cc1826e,eb078f455b5786729321b2bee8e8c7b88acf8c9ce46f88b1f546b5585483e736,L2_category_difference_tied_safety_and_severity,12828,1000,0.07795447458684128,12.828,45
Alpaca2-7B-train.jsonl,20842,2024545acf12d4e0adc62d3e52f040997403625549c7fee8c32c661aa9b49ce3,12df7e512e9938c960c58220ec3757ce37415ea2da940650fe0bee8a3d33b376,L2_category_difference_tied_safety_and_severity,12828,1000,0.07795447458684128,12.828,46
Alpaca-7B-train.jsonl,6480,b4fee0067958f1aa52f1e7b2c3bac62dad64588f9508ac4159141c75decdea58,b421c3cb57efe5a3cc7b3909bd91c431e5d1d51fea59266fe9c4169959f162c0,L2_category_difference_tied_safety_and_severity,12828,1000,0.07795447458684128,12.828,47
Alpaca3-8B-train.jsonl,4882,7207d42f24f62a26e0db94f2ba7d98c1acaa6d4f562e5713f422197054d023ad,9ed3d210143faa5fc2a55a9ad4e6810b5d3e8aa39e0a9b05b86ec657c86b65a5,L2_category_difference_tied_safety_and_severity,12828,1000,0.07795447458684128,12.828,48
Alpaca3-8B-train.jsonl,17460,83a5acc7351cd8b8a9bfcd92b2b0b3056c136df124df75bad172ed587c759f05,4fd43275cd673b14e066e21fe7ff427d081bbe2e07cf1a49ae6979792581096f,L2_category_difference_tied_safety_and_severity,12828,1000,0.07795447458684128,12.828,49
Alpaca3-8B-train.jsonl,18772,2bfc7d3a9f8954b3241c9a7b94fb77592e478dc7814ecb9db782963f1b226a85,675f9435012196b4ff2a6ae4d8245ca25fb7132739d075650b2c75b1b305077a,L2_category_difference_tied_safety_and_severity,12828,1000,0.07795447458684128,12.828,50
Alpaca2-7B-train.jsonl,11264,475adf4bddd64f4b7abc512997b45ec98c68f2e0a4343a4515add2a114f884bf,f3ea2f155517aa6ab226a5b86f151918ad6377db0bcbe180159a24a9af9485eb,L2_category_difference_tied_safety_and_severity,12828,1000,0.07795447458684128,12.828,51
Alpaca2-7B-train.jsonl,3655,264da7b4e7188ac341d42f795c77e2c67576daf414f5b5054b12238e93d94b51,45210e0b1daf1eb93d65a7c58eca8643fdf92cc1a681a6b184e4faa2c4851186,L2_category_difference_tied_safety_and_severity,12828,1000,0.07795447458684128,12.828,52
Alpaca-7B-train.jsonl,15808,536fd9c0273a4baef0ca7306dacc6f9ecb2309ae608f3c2650dadef027c25bac,50d143211f3ddfc7730564889dd4219fd0ca025116989751bcb467a8ccd284e5,L2_category_difference_tied_safety_and_severity,12828,1000,0.07795447458684128,12.828,53
Alpaca2-7B-train.jsonl,23,27dbde5757dfb4316386be0a650038b4284139ccdafa80078475c1f1221a5c14,05f64e47893355dae72daaed1f35c5bf509b6c356866b01f1bd971fc24e940c7,L2_category_difference_tied_safety_and_severity,12828,1000,0.07795447458684128,12.828,54
Alpaca2-7B-train.jsonl,1045,163ef17f450984ce088c447683ec39cfca4c6c159b0a66f9677c3cccafacc378,67a3dd2dce750ae62f0bd139bd67358b021d4f8ea74ee2e0f94019697caeb5af,L2_category_difference_tied_safety_and_severity,12828,1000,0.07795447458684128,12.828,55
Alpaca-7B-train.jsonl,4085,acab33cc9c8628161c30648a228aea4fc03f17bf69e05ff78a2360a79cd98c8b,12543b1d789db02f05268133d806e3efc0ec271242f1ce628b64135c8a5448df,L2_category_difference_tied_safety_and_severity,12828,1000,0.07795447458684128,12.828,56
Alpaca2-7B-train.jsonl,4759,038ea53ef7006fcd82b74032e527dc2ce2058ebbae3ce5029a8f6a4fb01ebe54,ef1eabc9e66cb28e5ac821013df9c5bf4f005668332bbf0d6350cd276d29214f,L2_category_difference_tied_safety_and_severity,12828,1000,0.07795447458684128,12.828,57
Alpaca2-7B-train.jsonl,19538,ba2f2e62232595355c65c8b28888c9799a9419957a0fbd2a152395ebd9aa5305,2616a961880fc40e4cfa518f4354204a72a15caf5739a150e6d0242db489bb04,L2_category_difference_tied_safety_and_severity,12828,1000,0.07795447458684128,12.828,58
Alpaca-7B-train.jsonl,828,001824bbc83313e91665030e7002f9d57d0d8e04b31f8bd0b2bd3aab73036374,11ffe462056d4fd8b6478706ad24a1a6e5602592bdad9a3f02fcf83e73b38068,L2_category_difference_tied_safety_and_severity,12828,1000,0.07795447458684128,12.828,59
Alpaca-7B-train.jsonl,3106,ecf8855ed65437669760f60571febf47051cf2623137648ec806109e602a948d,4932b2c816241da871dc782bb4678601c66a5029db3228cb183031318e87114f,L2_category_difference_tied_safety_and_severity,12828,1000,0.07795447458684128,12.828,60
Alpaca-7B-train.jsonl,12571,924f7087b402a62fd4d8651e18610c5e7954aa9f8333062bada8be04874308ad,4d2003de18559c06d503339b65917721d10397ceaf32acedbbff58080267afbc,L2_category_difference_tied_safety_and_severity,12828,1000,0.07795447458684128,12.828,61
Alpaca3-8B-train.jsonl,17852,d60b2cfd153e33d9467a3a3819e12e8046783d886425fd174bedff6765677a0a,14e563bcce517f6a96f05ac3746ecb89f5b572863774ad9288c7c3d06acdbdce,L2_category_difference_tied_safety_and_severity,12828,1000,0.07795447458684128,12.828,62
Alpaca-7B-train.jsonl,20363,8795c2438d7a70f9c86801615eec3607812c3881d7f1dcd6614406588be17b9f,d865dc772a10d4a13dd25f84c795b77bb4048d48ba6c2abe92ee4c60fa2ffdbf,L2_category_difference_tied_safety_and_severity,12828,1000,0.07795447458684128,12.828,63
Alpaca3-8B-train.jsonl,13711,afade61b03c65c5c286aa1c211a65f982734f2fc452bc33c4e15a5d5fd35222d,f7ac389aba719c3eab8056c822a88110321172cb870710a26ab2c22d0dc82be0,L2_category_difference_tied_safety_and_severity,12828,1000,0.07795447458684128,12.828,64
Alpaca3-8B-train.jsonl,19227,ec0b3299a04a5dd9b6fd3f3f9961b809d18572f162c2891ab83a5e5cec4b6036,c69c93e67837fcfeb3f2d1d4eed5a67d72bf6dc775d9153bbecca111e0653581,L2_category_difference_tied_safety_and_severity,12828,1000,0.07795447458684128,12.828,65
Alpaca-7B-train.jsonl,21130,5bdd3f0ca2d87f82c6037af5032d2d4e3d6e75818fe6ef3a0d9a8ce9225b070d,d0c7251d8de3dfaa1e9e45dc386f44dd491c3f232023f404bc1e4ed4d17140a1,L2_category_difference_tied_safety_and_severity,12828,1000,0.07795447458684128,12.828,66
Alpaca2-7B-train.jsonl,7482,ce7f513409f1c6e2a3f76c17e38f2b216b63bed75fec724970776de9d5b29238,32e7d217bbb8df0a5e50d44247172daf9799de0c52a42ee4139e3a33dd60b4d0,L2_category_difference_tied_safety_and_severity,12828,1000,0.07795447458684128,12.828,67
Alpaca2-7B-train.jsonl,3581,0c75cf531cea6f2a94081430a8a2e55fc9022c215cd8b58508836e1aa7936af9,27cf94749750bf6bed808a73f53549626d7a93180da850bca8adc79e0155cb53,L2_category_difference_tied_safety_and_severity,12828,1000,0.07795447458684128,12.828,68
Alpaca3-8B-train.jsonl,5768,b8a645f1106ea3f1930c18d849c7707dd37bdc312e6c706db254c701e3c6ccc9,f80d04a300d6cd329e7f2ec84123ec289d7bd8c83992cb65d2f2725ffdbe8f1d,L2_category_difference_tied_safety_and_severity,12828,1000,0.07795447458684128,12.828,69
Alpaca-7B-train.jsonl,8580,2385f28bad70dd9bad3989147f5dc1bcc1c2f4ce9369dfe654e5acffb16e8e5b,da7af24cb08c507642971ec9ab280e7039922b191b585af2578cecef6ec4a941,L2_category_difference_tied_safety_and_severity,12828,1000,0.07795447458684128,12.828,70
Alpaca2-7B-train.jsonl,13798,fe9494ec6cdee4c8b95c89caaa0fad0b8cdafebb18fc5f2044a09fa8d33a1342,b840d02b3b34e48b90f3a3f277f26060fbc27dc9fd668e8135d583d2a6857f9c,L2_category_difference_tied_safety_and_severity,12828,1000,0.07795447458684128,12.828,71
Alpaca2-7B-train.jsonl,23487,b4e4f8ab47b7e7b31f4417f3c7c19ecafd9bc74245b7f2a280faed2e872493f4,3ff0a1cfa03ca6155f7f24c429e63a036d98e94b5bab2d57983d5552e6674f89,L2_category_difference_tied_safety_and_severity,12828,1000,0.07795447458684128,12.828,72
Alpaca-7B-train.jsonl,7591,52da805f889c2a38cb4575f84cef793a78e27e152eac6c1fc0e3808c148c0ef2,20a338201bf83c5390c8c2f45cad8f5807b478534f5883111d2fb1759ea83661,L2_category_difference_tied_safety_and_severity,12828,1000,0.07795447458684128,12.828,73
Alpaca3-8B-train.jsonl,15793,43b63928fbd3aab01ad6ef5de872e63dd472a624848c131163335671106de9b0,4f25afc4587f802cc6c50bace3b3d0ac0d9fa91c9c8d58fc5daf08b57921854a,L2_category_difference_tied_safety_and_severity,12828,1000,0.07795447458684128,12.828,74
Alpaca3-8B-train.jsonl,10541,338c837d52de08b11992c35c903b8b58a340e4640b2daa29f390a6a782b99cf6,446b82fc7a977a5db8937974089e445262d828e56df85c6b372b6b68bbb2a995,L2_category_difference_tied_safety_and_severity,12828,1000,0.07795447458684128,12.828,75
Alpaca-7B-train.jsonl,2237,f3b721cd6aa9493af0add6e585ba8fd7a68b96b4e83842f6f54dbba8dc56fda7,162536607bfb3b494c2cfd6bcf9211bd06323cb759a0c0b4bb198682b7906396,L2_category_difference_tied_safety_and_severity,12828,1000,0.07795447458684128,12.828,76
Alpaca-7B-train.jsonl,20160,516822137ba94e2cbf94fb7cb0690f54bd8b4f782cf2d6b1f77ddd1410763649,0831cedc44080ff1f79dcb10636506bc657f3308ca4cb4d3aab9571dc4fd948b,L2_category_difference_tied_safety_and_severity,12828,1000,0.07795447458684128,12.828,77
Alpaca3-8B-train.jsonl,526,85984c3266e7241d7db015d33ba57d2a4db6801ffd47c5013a7a90f4476c048a,38b4ad7774dfeb27bf60884bda623669f54074b64dff3c08d9e51766ca75e634,L2_category_difference_tied_safety_and_severity,12828,1000,0.07795447458684128,12.828,78
Alpaca2-7B-train.jsonl,3118,538bdb4c1a06f1a6fa2cd0623fb1a3434a3a3d12b9dd03f69a768ab4dd513d9d,3434358bd121a65492b259fd31654f22fac1c098596451bf7213264f1aef822d,L2_category_difference_tied_safety_and_severity,12828,1000,0.07795447458684128,12.828,79
Alpaca2-7B-train.jsonl,10164,7e222ef71a6b530a81795e7d6ca9ccdee4462662f75029095a55e60d30c205ef,866b7b435dbf90add9d3821d0dabfb209e660732c84e69a1d3a7b5b3f505f40b,L2_category_difference_tied_safety_and_severity,12828,1000,0.07795447458684128,12.828,80
Alpaca-7B-train.jsonl,13103,4c4bf304b7599e31cf16d5f9f5c117ed1d28ff1f8ea12fd339325bb91118f11d,bcbafb5ebb02cd84e366e7914eb7ed5625e60226e9324e5e25e7b811df2ad722,L2_category_difference_tied_safety_and_severity,12828,1000,0.07795447458684128,12.828,81
Alpaca3-8B-train.jsonl,6162,b952d0509d14abf122e735cece85986295a4b11ef5862d6f967422c924283046,af0d25fa701fa863cb438c6435ea3a22f3241856b165b1298b76f5f8010c4836,L2_category_difference_tied_safety_and_severity,12828,1000,0.07795447458684128,12.828,82
Alpaca2-7B-train.jsonl,7658,41f290217a952cd834b75b8ca98f61f5a29e9c60831b53ed4dd16c7e572ab86a,3a1da45dcdea87d80c209063173899605327d9e54203e8efabcdd84ad190d594,L2_category_difference_tied_safety_and_severity,12828,1000,0.07795447458684128,12.828,83
Alpaca3-8B-train.jsonl,11722,7debcc14e943303d9b58e405beeda75a00a794ee7c63b56b0d2e3a131fe5c0b5,b174e04eab29521d7e05e6780780c34086e6f08817012bdd560eea59aef7ec28,L2_category_difference_tied_safety_and_severity,12828,1000,0.07795447458684128,12.828,84
Alpaca3-8B-train.jsonl,4710,7a3836fa51b18b54d2f0961aeb71b2975cb370d742f5716b9296070988377d18,4923cba79784f63cafb6f39d20800f5b4d94a2f44714ea85f369315c9fa3531d,L2_category_difference_tied_safety_and_severity,12828,1000,0.07795447458684128,12.828,85
Alpaca2-7B-train.jsonl,6400,011366791a867c88f2c1ffab4b10a6bd7c9ceccadde2c5d59bdb99d9dba07b1d,9ceda56673ffa39aaf57517bff369e388281c66590adfc7c0938337f736677df,L2_category_difference_tied_safety_and_severity,12828,1000,0.07795447458684128,12.828,86
Alpaca2-7B-train.jsonl,24235,44f81e39a9edc0b60eb21dd8123dab3c6837b9064b5fa6756657d561ce35e78c,2574637235397814cfdbe38aabdbff20668c40d95c69b1841e5aa3fa1206093c,L2_category_difference_tied_safety_and_severity,12828,1000,0.07795447458684128,12.828,87
Alpaca3-8B-train.jsonl,16378,1834ecd91da6e85313e05dcec35f31045a86d3a601d587ed2b649e1dfaded3b1,4596369595576d9382bae708c14d0fc575c28d5c37a49503f068ca5e8f1a4e59,L2_category_difference_tied_safety_and_severity,12828,1000,0.07795447458684128,12.828,88
Alpaca-7B-train.jsonl,11583,19bf79a461649e8ebcf178d6723b25c49252a06fc8870530e5848a4bf4809051,cceac5288ce2bf4ce77dd94c5c6ac2ff4e0a18ecfab7886f4b231fe48b58694e,L2_category_difference_tied_safety_and_severity,12828,1000,0.07795447458684128,12.828,89
Alpaca-7B-train.jsonl,7560,b848e892737b7cae21c8c08ba15d2579db9e9cac69ae277e1b89ad1506754058,6160be56b08d202a8d9f0abc555440a4c32c1e7fbfe3f4806b477a834c9f72e6,L2_category_difference_tied_safety_and_severity,12828,1000,0.07795447458684128,12.828,90
Alpaca3-8B-train.jsonl,20543,b66fbcb48cd4b4c55f237f6c7a33cbe1fdc535f1cde3cddf0b730ce65fdd831f,958d2c7f448b2c52d156fab41d13cf9609659b2085fdc6acf4536393dc5c99ca,L2_category_difference_tied_safety_and_severity,12828,1000,0.07795447458684128,12.828,91
Alpaca-7B-train.jsonl,26938,7f3d9d6abbd7f71b7d803d900bcd53f4493dad1858c099d8aa0f732e773ffb90,e18625904c2ab3d1164b6b7b1c0dfab64f5f2706aea347c09366967ec031682d,L2_category_difference_tied_safety_and_severity,12828,1000,0.07795447458684128,12.828,92
Alpaca-7B-train.jsonl,23075,d0f0dd94b25bd10c618da4d51691bdecfedbe4ea5ba0df56a05f8e8e29da076f,066118d34fb8584dc442646114f5a5b63d49d98308bdd1664770f41863367235,L2_category_difference_tied_safety_and_severity,12828,1000,0.07795447458684128,12.828,93
Alpaca-7B-train.jsonl,4437,5d2044c05015f9beb48457dd33d38d6b3201009a813531ce78dea39dd5597e53,4bf621320586392b028d207b1ae78bf4d3217259a3426a4ba9b5a675e2db1bf5,L2_category_difference_tied_safety_and_severity,12828,1000,0.07795447458684128,12.828,94
Alpaca-7B-train.jsonl,12248,68f5deffebb5da62c819761ceec0710948df28da85feed0eb64c6ea8aa1c83ce,7d1242632777d1d3f252cccb8f9e6b589c2be292058242107c68cd4fbc84b886,L2_category_difference_tied_safety_and_severity,12828,1000,0.07795447458684128,12.828,95
Alpaca3-8B-train.jsonl,2680,55397d5bfb8bab002c124b86f9d62bee72f930e14635aac5e1ee26a1f4ce6204,12d844ce02af92d8294f1b60c7286bd9c3e3df3b274a729a4fee19069064ca59,L2_category_difference_tied_safety_and_severity,12828,1000,0.07795447458684128,12.828,96
Alpaca-7B-train.jsonl,18228,45111b055d1135aa9a1e538feace8e9a2cdde74c4ba3b2d91999e389718e1f72,efabcea104144d55c07cf1e8fa10b76c56d7828b82dc69142b3c673fb26616ab,L2_category_difference_tied_safety_and_severity,12828,1000,0.07795447458684128,12.828,97
Alpaca3-8B-train.jsonl,4562,6b7cfd80bf2b42db9b87f2abe4eb609f5507b17461cefb803b2ee32af876b400,3ae7080296ddbf739a61d9b02a098e58499eec42fbdb1f78b3b6aef1f897e852,L2_category_difference_tied_safety_and_severity,12828,1000,0.07795447458684128,12.828,98
Alpaca3-8B-train.jsonl,1441,df22b68950df4bf463a640242ccc47675600671df747640715c2ab61f3bb47de,5f5a974a52e18f1a6b8ff6e7886230c6f80991df2ebae7320abfba46c4a70e16,L2_category_difference_tied_safety_and_severity,12828,1000,0.07795447458684128,12.828,99
Alpaca-7B-train.jsonl,19716,5c6af03cf6fce8e2c98a8bfb82515fa3edde5e3989a588730d2406ebbccaaa93,ea247efa9d4f23f1fa86032ff0b9f4fe8d4cca87349051157445919cc6f1b11f,L2_category_difference_tied_safety_and_severity,12828,1000,0.07795447458684128,12.828,100
Alpaca-7B-train.jsonl,2388,eb2890a833a8db49d0f87eafd5fea827bd1e3564cf22036f9a78a28a13086c73,993d987f492287f5408d61185317960ffe9198f695a0dc320334840c43afc3c6,L2_category_difference_tied_safety_and_severity,12828,1000,0.07795447458684128,12.828,101
Alpaca2-7B-train.jsonl,7623,954c6c242f1da87b4cbd3f68623c32f05326927696663ea77a4d3dfc845fbea1,305a6e3d7810ab285b2be71413a061b5af8de5370502b4b648bd313e954c04ed,L2_category_difference_tied_safety_and_severity,12828,1000,0.07795447458684128,12.828,102
Alpaca3-8B-train.jsonl,2826,c2e28306c4fd8cbcd69eb4649c5aabdd0c1768d695238875546a052a719c19d9,46a38027e50fdc33f6ba2d435353f845403de86c0e9b6c8acaf29380b2956eae,L2_category_difference_tied_safety_and_severity,12828,1000,0.07795447458684128,12.828,103
Alpaca-7B-train.jsonl,9754,3eca24347987aacb83c95dff6de37e16671d1a4001c4ab0933bc30c2bcd7b6aa,ff5f55d5291d0924a088966d3600c22d63a63e06bed2778093cce81c6cc84772,L2_category_difference_tied_safety_and_severity,12828,1000,0.07795447458684128,12.828,104
Alpaca2-7B-train.jsonl,4879,855cd2def25a16aab6f25d98c1cb1f4889d21094b1578ec6305c6dab5b32f2f7,014b3e553850017a859884cc89da954b22d3b319a5c40632ae096bb4440c734b,L2_category_difference_tied_safety_and_severity,12828,1000,0.07795447458684128,12.828,105
Alpaca2-7B-train.jsonl,13998,7053272140939c6bd467ee6c0157d4e31eb8c97fe1abb097b049674028d15c39,d78a3654478436b42dcf4744d77422c9d5621c672a533032ca9b2dfd4cc9b5d3,L2_category_difference_tied_safety_and_severity,12828,1000,0.07795447458684128,12.828,106
Alpaca-7B-train.jsonl,3787,df600ce64dcdb5f324d02bd018b037a8b82b7d82627722d632186225ee5b0b4a,d78fa364428d64d0f0bea8fd094ec1b19d736eaa1f2ee2a5f092a0f9aee9ae2e,L2_category_difference_tied_safety_and_severity,12828,1000,0.07795447458684128,12.828,107
Alpaca-7B-train.jsonl,3822,fb5a0e10be75caa8880d11e3f142f2436bb054655914a1afa5dec5c79e90fdaf,8bad1da54ca571dde35d47c2c56958e8b556eee792478f6bb011d4132cf533e2,L2_category_difference_tied_safety_and_severity,12828,1000,0.07795447458684128,12.828,108
Alpaca3-8B-train.jsonl,14711,fc67f2cebe417d7cc609d55b862bce2fa0b714749b78691d85a526d343389ba6,e7189a95d637fa3af7084f101b4a7b469060f0ee48505a53f788b4bdfbcc0c13,L2_category_difference_tied_safety_and_severity,12828,1000,0.07795447458684128,12.828,109
Alpaca2-7B-train.jsonl,22426,4036e28569645ee9033e655f37e49c511b23b497efd5f51d488d283fffc1a556,5ef93719eab6ebc06d2eedc86349fecb4ce5fc72f385777751ee113037f7ed39,L2_category_difference_tied_safety_and_severity,12828,1000,0.07795447458684128,12.828,110
Alpaca3-8B-train.jsonl,1298,ad04a80fea468460aa5e13d6fb5e24fa8f8d4452b443ff8b14250b7524a318ac,aa3ae323b5bbc4ccd6803ada31573e156d0e6b3c714f400d861d0a980677a7c3,L2_category_difference_tied_safety_and_severity,12828,1000,0.07795447458684128,12.828,111
Alpaca3-8B-train.jsonl,8159,f4381b8bd8a54ba0e092ad72902bce77033a3be44dac95048e363fb342ad16f7,3aa0776fa6b54c1e33277d57591fdacf215970620a6d9adf069f92a840205911,L2_category_difference_tied_safety_and_severity,12828,1000,0.07795447458684128,12.828,112
Alpaca-7B-train.jsonl,12985,9dc6a98752974973a89b102de5c09a3e4b34868ba46503817438dceb2ae5d624,82613e137a2eef9e4966733d568b5e1d7163586a1be96785d230cfcc259de28e,L2_category_difference_tied_safety_and_severity,12828,1000,0.07795447458684128,12.828,113
Alpaca2-7B-train.jsonl,10118,12768a575c6edc78ffae184c030d049e4cd4464470c7725a80e3dfff819cc264,4286a1bcd4ea6c93a367b7ec31c4e90f09591a497ab0e28cc2b9fb918cdfa778,L2_category_difference_tied_safety_and_severity,12828,1000,0.07795447458684128,12.828,114
Alpaca2-7B-train.jsonl,8459,f3117759ebddc3d55d96d9d775c20259d8468f1dd1909e56a66536454510ecab,8e41e98ef07e4f617da5943f56e3d32377ca4c997b3af63dafc223473f03a3d0,L2_category_difference_tied_safety_and_severity,12828,1000,0.07795447458684128,12.828,115
Alpaca2-7B-train.jsonl,3787,59aa10d9df915dd9d82fd283a1f05dfa06e9dfbe15b1bdf3d513f288cc227cb3,84d205894ed6f5ceaf69c0b45f9508419b7d82db0035cdb95025ad0dd7b6f3e2,L2_category_difference_tied_safety_and_severity,12828,1000,0.07795447458684128,12.828,116
Alpaca3-8B-train.jsonl,12603,7e77f1430cbb564badea1cceaace004c9aec8657a1c79f36f31ea62474b92dd3,f19b9c975d60ba29190b3e3a6de6faff0ae04719a6135a385d842de1c22a8f9d,L2_category_difference_tied_safety_and_severity,12828,1000,0.07795447458684128,12.828,117
Alpaca-7B-train.jsonl,3259,0a9041fd4457b52849a73af8fdebb4d758a4718e55f1dfb0176cb7be266df5c0,c7c8dd4046da6c155953f31e1db3025641a6e4911d6282657f38bf3d3c15d24d,L2_category_difference_tied_safety_and_severity,12828,1000,0.07795447458684128,12.828,118
Alpaca-7B-train.jsonl,23556,73d8b660d057c2de4543554e372358b45649055628330d777aed510e7443b3b9,d07c34390c47c65a5aa49f501c511d9ddd21614c7b77804354b9d507165598f6,L2_category_difference_tied_safety_and_severity,12828,1000,0.07795447458684128,12.828,119
Alpaca-7B-train.jsonl,23517,ef8558a8dc8c3d1bb8c958690e95638c42e00de8326c6e79dc137a8b595c8f4c,13be449afc0be1fe37e59428faef15d71aa0bb3e532949bf44f598711d02e556,L2_category_difference_tied_safety_and_severity,12828,1000,0.07795447458684128,12.828,120
Alpaca-7B-train.jsonl,24258,f2661a1c8f53ce637ff4f3bc12073ae598d352ece75158c2aaf2d00d44e6b0a7,30714f3fa41ba513522d3f6b3f2ddbd4649a23ed25f874be7eb3446c205f6ea2,L2_category_difference_tied_safety_and_severity,12828,1000,0.07795447458684128,12.828,121
Alpaca-7B-train.jsonl,15502,ca186141ee12ae7181e26d8b4a6472d0744d9a05df2ddccae9014475329535b3,d2e458304a836c1b7a6785b18aec20de0131d9c2b53a9dba6ad494d22894ac1c,L2_category_difference_tied_safety_and_severity,12828,1000,0.07795447458684128,12.828,122
Alpaca2-7B-train.jsonl,21909,eca6d56910af1561edc5259fabdf87a1fa7f8dd03e5bbc213fbda1201853bcdf,a4a3804465106349542e09f795b24a304fa75fb77e9915b9d214828588bf0412,L2_category_difference_tied_safety_and_severity,12828,1000,0.07795447458684128,12.828,123
Alpaca-7B-train.jsonl,3793,95bd2a19302e640f23de2e27fa9559669578df94b185692186b83d90d5434890,813b0c6abb8abb2a758c38f3d44316e6968dff373d4e8d36923f18a8a9a6a3aa,L2_category_difference_tied_safety_and_severity,12828,1000,0.07795447458684128,12.828,124
Alpaca3-8B-train.jsonl,2570,a2b984c76941e91088200f75a71ec3cd75e349b89d4dd11a1cc05ba5a45f73da,4f6ab8f5b46ef5bf448d3c1b02caecef942962062cbbbff362aa2c6e6b603d40,L2_category_difference_tied_safety_and_severity,12828,1000,0.07795447458684128,12.828,125
Alpaca-7B-train.jsonl,5519,9459c98f3669fc891d9fbaa272bed4a4b2235d571d18547f2c6732ad3911fa88,7648945e7fdbfc806dfd96931d813c666e895fbfa98e0cec015cdeab3ff369c2,L2_category_difference_tied_safety_and_severity,12828,1000,0.07795447458684128,12.828,126
Alpaca-7B-train.jsonl,8996,910c96049402c29d8b5590a0200cee3fce83059f63453f198d21e6b0fdf6274d,8f3772a205e7b88c579f7bebf5d6f3a549eddad8dd58e03d3b474ed439575ecf,L2_category_difference_tied_safety_and_severity,12828,1000,0.07795447458684128,12.828,127
Alpaca2-7B-train.jsonl,2429,d81c4691367ce559993e53fa672c570965580b248388e3d192c9cbcf9f7ebe24,952c474e6550bcc617b8b07795f36924aac4fac0dae2c130d7125a1410a83c2f,L2_category_difference_tied_safety_and_severity,12828,1000,0.07795447458684128,12.828,128
Alpaca-7B-train.jsonl,11478,a2e3604e6be33e51ab55e46b7dd8f4cb92149a8f2233032aff7d48a48d301020,23d21139f68db5ff8bc6b1c45355f61d7ba75174a2f8f3d9dd4d86cdd18e8489,L2_category_difference_tied_safety_and_severity,12828,1000,0.07795447458684128,12.828,129
Alpaca3-8B-train.jsonl,1032,769d93cff9c47622d5d4a2f8b48bc0704ad5ea4962ec313b6bcbfb001a6ac29e,779c65c4ead2bfeafa9a6fda4d2cf916c8fff1e7f20e54c924f11d1249a0991e,L2_category_difference_tied_safety_and_severity,12828,1000,0.07795447458684128,12.828,130
Alpaca3-8B-train.jsonl,3364,2e51b33ddf8ead76b483d844157f41e27314815558d9c3199cb1af22f7941983,c16844035d0d0447449950bc0ff3eaa2dd4f30ada515966789bd19006e5ba06a,L2_category_difference_tied_safety_and_severity,12828,1000,0.07795447458684128,12.828,131
Alpaca2-7B-train.jsonl,1724,0514db83f423dbdcad781797b1b2bfd472a3fe266ecee0163a78d6fc649c0688,9de230d92c0b060e5dc367e5876b79945e86407ab93fa88e89b3f310bc4ef400,L2_category_difference_tied_safety_and_severity,12828,1000,0.07795447458684128,12.828,132
Alpaca2-7B-train.jsonl,13919,68d216d7b530fd6983f2e320d24836f33e33d9c064f6d9903665e8e01cafe2bf,757e4cc11a21a6b817524efac00b03f4ff062d3df4d3f6dd81a77235c554f96b,L2_category_difference_tied_safety_and_severity,12828,1000,0.07795447458684128,12.828,133
Alpaca-7B-train.jsonl,26584,6ca499c1cd2349ef30cf12a67c05d5cbcf14e9345b6d984ebeaccd31628ada0c,231f7b118ef2a0bdd25952a9bd0a6c41dede1e8c9d577fb56cce8c7021298f4f,L2_category_difference_tied_safety_and_severity,12828,1000,0.07795447458684128,12.828,134
Alpaca2-7B-train.jsonl,15683,113bfd10064173cd5a156b48d363f772d4d7b95f99c5d79f8eef32e9a6347758,08b4ead549837a78dbf61c2cc40bcd7f57d101f8811f662e8e14bfd21177238e,L2_category_difference_tied_safety_and_severity,12828,1000,0.07795447458684128,12.828,135
Alpaca-7B-train.jsonl,5352,62d517bc82fcefff21c8d6bb40e1d6a0706a3dbf00531da71c3322101f931d5d,58b78fb2ee8685ed688376ac1c34b22867f98a07455511146006f766f8278057,L2_category_difference_tied_safety_and_severity,12828,1000,0.07795447458684128,12.828,136
Alpaca-7B-train.jsonl,21058,edf42e1dc69c71cb6079eea772fb453640a0aa557d3fb0723c70eff240d6e19e,aaa2728b76cc26bc34d9ec602af2b4fecd4a0372c0894e83ebb235f7ff2a4dc4,L2_category_difference_tied_safety_and_severity,12828,1000,0.07795447458684128,12.828,137
Alpaca-7B-train.jsonl,21900,edbd703f02a63a2fd9d89ee90d32c5dec7c251569a0ca6116bda4ded1f4e1a03,223356ceae192e6efe54a7e5bb7b8fdddc065bac1124e23f5cab8173c609e08d,L2_category_difference_tied_safety_and_severity,12828,1000,0.07795447458684128,12.828,138
Alpaca3-8B-train.jsonl,14718,fbc4ec06a9b7e07925987a7f6e8f146c97e235335f25d94f27d9705898ca3340,cd07d7da93cce1991c2dfb16fdc41de21c69419b7c03fe15967b698f4a24ae68,L2_category_difference_tied_safety_and_severity,12828,1000,0.07795447458684128,12.828,139
Alpaca3-8B-train.jsonl,2098,e18a5f5f6e3a088bfe2328969175e3e75ce808fe469522e17285603cc32f0bdb,6bd91dee8ac476737b629f5520efab4200fd80023e59395d3e45f7552aa600b0,L2_category_difference_tied_safety_and_severity,12828,1000,0.07795447458684128,12.828,140
Alpaca-7B-train.jsonl,6930,0de2716b0488f4149bcf24615f5cc88d0edaeffa2e2ee91d6694f485c4f96677,990078cb41ac0cdbd952f1034837818ecad09b0549d4736ccfc70a775aa8f90f,L2_category_difference_tied_safety_and_severity,12828,1000,0.07795447458684128,12.828,141
Alpaca3-8B-train.jsonl,14468,fabc790d88a084e3a338acec120c477085a43fe10108e8ac64fc8c275c634f03,56e633ea5245f21b4cecb4e6d0aed688de1edfe89dd5c018a8c2a78ac39e0a50,L2_category_difference_tied_safety_and_severity,12828,1000,0.07795447458684128,12.828,142
Alpaca-7B-train.jsonl,8526,27cb7d6c3ac7f1dbe347b4b1ce6893dc53ac5ee099b6bc0d82665eff41786252,c47cc4a98bcda624006efc18bfcde8a9a9c7087ba7ab70a11d53d488dc871075,L2_category_difference_tied_safety_and_severity,12828,1000,0.07795447458684128,12.828,143
Alpaca-7B-train.jsonl,15111,c0a3c7186c89cf7e1ee95a6ebf8a9c6365d21964156ffc049c180b9fca487a08,b9f352fe46b79d603cec88164bf0823eb4ac412d394981e6252dc34979de21b1,L2_category_difference_tied_safety_and_severity,12828,1000,0.07795447458684128,12.828,144
Alpaca3-8B-train.jsonl,16769,7b2e95579122e7dfe7339ec1339a2343214f6576a677921fa877f62673cdc0e0,6e33a3fe65d1cd8912cdc8f3074736a35068f0440b3af68468d5f4859d170c2e,L2_category_difference_tied_safety_and_severity,12828,1000,0.07795447458684128,12.828,145
Alpaca-7B-train.jsonl,4317,444fb560ea09a0adc5aa5dd98e10534ab2c53c07e97898c14954cad7d478f774,33cbb6f7f3c309cde62fb0a363ed1570aed5f336edc8f0325184429c74625f8a,L2_category_difference_tied_safety_and_severity,12828,1000,0.07795447458684128,12.828,146
Alpaca2-7B-train.jsonl,6198,aebc5380d86f95afe97e52dc2598c5ccfcc72fdf3bd7ba787f8804f464a3e283,23167a36a84bd1f84174f744c1e4c4de0e2cfc9f35b46c98fe968db1669057ad,L2_category_difference_tied_safety_and_severity,12828,1000,0.07795447458684128,12.828,147
Alpaca-7B-train.jsonl,18177,8cd84577aa3c13ed1a9fa3c4a7259575d027a989c1e69ffe8f1ee7262ec1aafa,e892268796da77aeea97977258932dccd133003dbdc0311d027e7fae7da637d8,L2_category_difference_tied_safety_and_severity,12828,1000,0.07795447458684128,12.828,148
Alpaca-7B-train.jsonl,10127,320b1019876fa4f3a2882682cbf4fa64a0bf7a0ced805ac7ec84a53a77479674,b1c3dff86359c0a8f3f0cab764eec91c2fdf3e01f05cc3a597f5b598d7d0fd17,L2_category_difference_tied_safety_and_severity,12828,1000,0.07795447458684128,12.828,149
Alpaca2-7B-train.jsonl,11242,7a42a374928f70603d6b229147c94a2d01add32f9d71e20b16c17002d84be50b,6a745c486acae4dbd737c38a0ccecb7fa03aabe53c12971bdcc69314bdd2b119,L2_category_difference_tied_safety_and_severity,12828,1000,0.07795447458684128,12.828,150
Alpaca3-8B-train.jsonl,10701,c4dd314a486b97c8b572679a707e1671832b3757273d922602c58862c1f79b52,3918a7e1e7cb6b110210b40e09d9d94f6fb7d8620cd3ea596183ff24c3c3f48e,L2_category_difference_tied_safety_and_severity,12828,1000,0.07795447458684128,12.828,151
Alpaca3-8B-train.jsonl,7005,56589cd675171b3481ebfa698d6e0814eaeb02dc10b4d5995c7fce2bedf5d6de,ef6c2026d828e4821dc5ef7f4d4caae5bd7c4d2870d38482875e2d0dfb26c5a0,L2_category_difference_tied_safety_and_severity,12828,1000,0.07795447458684128,12.828,152
Alpaca-7B-train.jsonl,5369,ad5b13a1cd7ecf51ea588f33c15893ea2696613ed601d9c9930c12dd53f7ce82,f8dfeb7344b8615eaf2f9d47f4b29007f8c2c92d054c6a2c85562a9dce699612,L2_category_difference_tied_safety_and_severity,12828,1000,0.07795447458684128,12.828,153
Alpaca-7B-train.jsonl,23084,8c739a27b1e4965285c66293614a586a87eb9c5dadb3b7eeef9a9a7977a10759,7ff25fd24d4b5b5c22a5fcf915d81c7e899eeccc68a4c07f88e1c597e3a3aa53,L2_category_difference_tied_safety_and_severity,12828,1000,0.07795447458684128,12.828,154
Alpaca3-8B-train.jsonl,18361,19408bc4743e02c06394e0d37151182c8c1330e59a0cf557dc92f91e66b7f523,3b0ec7da4a728e1051ab1080e122c11afd72b85df7135c06379c16736dc99f4b,L2_category_difference_tied_safety_and_severity,12828,1000,0.07795447458684128,12.828,155
Alpaca3-8B-train.jsonl,10161,9b2c8573316d1687052ad580a1ddb6bec8be9dcdadec2aa201693e4026b3e581,8fec15fcd0687e3ee3d19845c64eb2035600c9685e446d6d2608782657e7c5fe,L2_category_difference_tied_safety_and_severity,12828,1000,0.07795447458684128,12.828,156
Alpaca2-7B-train.jsonl,10696,2c54f3234a52c928191e69684a8f584ce600a98b57ed6042eb5371b65e248ed9,c9c5ed919f26304dee4b2c2bba553809c52a30b2ab97f1acba1f1831db0c04a5,L2_category_difference_tied_safety_and_severity,12828,1000,0.07795447458684128,12.828,157
Alpaca2-7B-train.jsonl,4070,120cf2428f54ce3e4287491e1cd9df0606169aa8e1d97c5f1929a7dfd1503c52,ff1322fe737bbe9bf0cccbccef7859c5767790a30da0425bca51d6c234f9cc96,L2_category_difference_tied_safety_and_severity,12828,1000,0.07795447458684128,12.828,158
Alpaca2-7B-train.jsonl,17327,cd446bdac2dfc0e29a7f845faa310c63bd0319ca739c8f9862a70ca23ed569c8,960fea1642b16b823fe040dd72c0d02914af9056503266421634db92d81a046a,L2_category_difference_tied_safety_and_severity,12828,1000,0.07795447458684128,12.828,159
Alpaca3-8B-train.jsonl,13947,b9af97e361d998c9318a074f1d9af45e617fb655171dd7a36b46f34241453dc8,bdb9ac5aba4c0d245cc952a9d53229f43e7fda17dfc4fed4071f43ff55c39e21,L2_category_difference_tied_safety_and_severity,12828,1000,0.07795447458684128,12.828,160
Alpaca-7B-train.jsonl,18942,15ce821cc35d4c69ca259c72752819b8d6581410d66699b4130438df32b5a992,1e1b8a2af10a0cb6de4d5ed524a32824fbdce1fe0a12a2d997409925e7b3f578,L2_category_difference_tied_safety_and_severity,12828,1000,0.07795447458684128,12.828,161
Alpaca3-8B-train.jsonl,14317,a12984c8fc70ae5357b66062b4a2d5531d9ac15f055a80f2c28c8f61b8d29081,80692f96882bcfa266ae2decdd4b3c2f179a6d05bde2cdbd76ee2a5643450986,L2_category_difference_tied_safety_and_severity,12828,1000,0.07795447458684128,12.828,162
Alpaca2-7B-train.jsonl,346,ff3bcb7888df737a5719214d50ee481edbbba03a4bd0ad76619b8e4f46e33fc6,521eadc3781ee0067c97ea6b0dda9a9585eef533322cc47465c1cecff7556809,L2_category_difference_tied_safety_and_severity,12828,1000,0.07795447458684128,12.828,163
Alpaca3-8B-train.jsonl,1907,e8522d50ab46a01d3b9efc9ed71c49f6225d676e915d58098dbfb9e0d0c9fa43,292ed33432063d0fecc041acc8156d4ba010948b3927c76dd4422c1a7efd06ef,L2_category_difference_tied_safety_and_severity,12828,1000,0.07795447458684128,12.828,164
Alpaca2-7B-train.jsonl,5469,15ae3b6d36390dee97c79b697a7895f48e58c454aae58b59ba7317ee59577f01,e6c309dd8d792cc30a77abadca027740af85c4c2250c84528b0d3008a62b2397,L2_category_difference_tied_safety_and_severity,12828,1000,0.07795447458684128,12.828,165
Alpaca2-7B-train.jsonl,11391,8c761381ba74712ab71bdd8ad268b6d11048a677248c8e383fe9d5e26a6b11a8,c61291ecb5ee00dfcf6fe04109d8b83f2c7312a4e6e5d3922b6cb8d8190ca1ab,L2_category_difference_tied_safety_and_severity,12828,1000,0.07795447458684128,12.828,166
Alpaca-7B-train.jsonl,21681,8dd0886d022e4e6341741bf436cd195c1d9cd836b06bb3ea596abdb1a6ad91fa,5870361fcd0affa7dcf5541ec164a100582ba1ca972e2e2bc8f093c272a8f71d,L2_category_difference_tied_safety_and_severity,12828,1000,0.07795447458684128,12.828,167
Alpaca2-7B-train.jsonl,4613,bf038e812033690fbb3e179b7a2bb068d046ad6c97d0ed6e2b21422c3b5832ec,3ea28d2fa45aa5b439a2eed36e125ab1a560d7cd9222f39b3a983100e863c1e5,L2_category_difference_tied_safety_and_severity,12828,1000,0.07795447458684128,12.828,168
Alpaca-7B-train.jsonl,723,a314c69a6642db75a3994d2878de41c676f0d33c72889a08886a0b7b35a60c78,9446983542d84b724dd6acffb01b858c3ff9b5d9a835cd39765a5c87612f5764,L2_category_difference_tied_safety_and_severity,12828,1000,0.07795447458684128,12.828,169
Alpaca2-7B-train.jsonl,13387,c282d2acee67eb70e2e176134f20edefc01577d064189a39ffcb935ab6a7018a,2be1db229d7fa071c6110ead2839f69e0331634aa7f0cf66a8c8bfbbe7e52294,L2_category_difference_tied_safety_and_severity,12828,1000,0.07795447458684128,12.828,170
Alpaca-7B-train.jsonl,8717,96705e94b61afecb2ca2f840548f888f7ab278ba6cf9d1d17fe754ccaa4d2a17,400f8aca27319fefe8347ee2b66b857558ec4719b777c9fe3ee0f4ce00840880,L2_category_difference_tied_safety_and_severity,12828,1000,0.07795447458684128,12.828,171
Alpaca3-8B-train.jsonl,5851,a5f26fed1100a2f9066ed2f4ee1c52d5d78473feb2c8fab21a9b9d1813356414,a29d47147ebc033a0d44ae89c70e3af3d235764bc49e52a3bdb21a426cb63d7a,L2_category_difference_tied_safety_and_severity,12828,1000,0.07795447458684128,12.828,172
Alpaca3-8B-train.jsonl,20222,a1ded99c590732d72e6c907efcbf0447c121578d928ba73cfaef52b27db1d20a,c798827dcc46d9e201c63edac365492cab67a603fdfd4b3aa8933b2fd508a6ff,L2_category_difference_tied_safety_and_severity,12828,1000,0.07795447458684128,12.828,173
Alpaca3-8B-train.jsonl,17814,ed87f33bcb82719ab59693a50345f5a21d80302994c97356a57649ddc6434972,122c87ebb81b43d7ee453f8f6ae075c033a4aea1d0ed9d47ab9f6977ac806e97,L2_category_difference_tied_safety_and_severity,12828,1000,0.07795447458684128,12.828,174
Alpaca3-8B-train.jsonl,18982,c8d43f0bd4db104116fd4c649f435e7a4c253dac3d4e96bfc03962542b81550a,47dd2da20b9ad2a7ea74052dc77e7593be140c7b8beb54f201f61ea1200be05a,L2_category_difference_tied_safety_and_severity,12828,1000,0.07795447458684128,12.828,175
Alpaca-7B-train.jsonl,6483,80047b53ee395ba59ba97dca248afc6259360640497bf9a89292f505c1a21bce,aee52620798b0ee5bbc7d48d514959cca93fbab00713e63fdfc80f9d079b5aa3,L2_category_difference_tied_safety_and_severity,12828,1000,0.07795447458684128,12.828,176
Alpaca3-8B-train.jsonl,1112,034b6d621f8e07e24772ce58a49a26c5889542931c84a5b05886f3a41bf0b0f7,e39e6dd622f3e856aa6d8839d1830f0e889da6f4b10df02aab775be90068421c,L2_category_difference_tied_safety_and_severity,12828,1000,0.07795447458684128,12.828,177
Alpaca-7B-train.jsonl,9450,01c781ff876b4f83e604cb9c7cca4d5aecb9b0ed34687a1928ee513047f56077,5192d33577057c763b7716ad74ecf82651214303fbe52a09fbe0f6d1a886e77b,L2_category_difference_tied_safety_and_severity,12828,1000,0.07795447458684128,12.828,178
Alpaca2-7B-train.jsonl,16405,1230cfc4039c25fb83eab861b59b782abc0f5d8e19e721ed509a805dd1914781,c8b3bd008df53bf3c95c75015e7a10d9e173306b464f05dc72976ed774bc021e,L2_category_difference_tied_safety_and_severity,12828,1000,0.07795447458684128,12.828,179
Alpaca3-8B-train.jsonl,2992,f74ce588ad8203cc0ece7f82b295e3d75b28796e27d6ff93f23c67e9214ab9f3,d7f139589820478a12b0169c2db314250917dfb1b48f37d8d751e4580cc82e14,L2_category_difference_tied_safety_and_severity,12828,1000,0.07795447458684128,12.828,180
Alpaca3-8B-train.jsonl,5177,4e677dffa9cc215494b412f8e84c3f7e3545cb322adffa77f44c4cc61c6e9547,21e059f03320a7b061344b1a56616ac3e8a9e833d1212581a9ff3e0a9dac1f7f,L2_category_difference_tied_safety_and_severity,12828,1000,0.07795447458684128,12.828,181
Alpaca3-8B-train.jsonl,17880,9073254d421adf04b56bf9609bf800992b15fe0b82d6aa51cb02ffbda50b5c18,f1a4cb6bb5d73abfbf8ea22e2336e320bf83b2b1a03d0a8e5180fdf428efb1e4,L2_category_difference_tied_safety_and_severity,12828,1000,0.07795447458684128,12.828,182
Alpaca3-8B-train.jsonl,2516,f790888f28feab4f9927a41c503706d8f6499707cb6b10281d1eb6b08cdbc3a3,bec221b372bd0dcf6661df8d914940d316cb417cee7d5d3bf71aae3942282362,L2_category_difference_tied_safety_and_severity,12828,1000,0.07795447458684128,12.828,183
Alpaca-7B-train.jsonl,24101,dcd3c79ac86610ac748a2232123e0c39b1ca32a2cfe2c9a12f6edf521da40abd,c8d8336cbfd46b6a8f1a06c613b1aeee3edb72b40985722a2805f1d2aef9286d,L2_category_difference_tied_safety_and_severity,12828,1000,0.07795447458684128,12.828,184
Alpaca-7B-train.jsonl,12736,6df91e002aaf148e303859b9d40a289fa0ab146c958fe1eb0db0bfd6e4cbd1bf,52437ec8cb2e946df86506808142b4589f622d1c37e81492fa9da0589e22ac01,L2_category_difference_tied_safety_and_severity,12828,1000,0.07795447458684128,12.828,185
Alpaca-7B-train.jsonl,16450,caa38c5d21093c5b52d5dd7b8932bf8aa184015fbbe8be6d4f93d4beb9ede10f,c1946125ca9b4ac3f862ecef84d25a729b54daafc1aed4c3922a7e7236d14d8b,L2_category_difference_tied_safety_and_severity,12828,1000,0.07795447458684128,12.828,186
Alpaca3-8B-train.jsonl,2142,a81cb0e11199326e75e01d8c4d5d3fdf722d3557c1d20fdcc3652741746f99a4,5c3de6ed9ec5dee313835b24da8bc08a474edf4930b1fafa232c6e8896f0ea95,L2_category_difference_tied_safety_and_severity,12828,1000,0.07795447458684128,12.828,187
Alpaca-7B-train.jsonl,9279,7f6d2098de61e104adb7d8e5abce05daf67653db3796352f075fe456983e429d,8dd945121e83a06beeab1799745b8a6753be6983ae76252ba2b72cc7cdb73453,L2_category_difference_tied_safety_and_severity,12828,1000,0.07795447458684128,12.828,188
Alpaca-7B-train.jsonl,24843,9173f947eda392f3e2456ed81003be25e866cd6008e6ca21efe62b657934e785,54e29b2501c6e84870e9dbee33c317bf2bc6b78bf7f8f5edb73c61c4c9bee6f9,L2_category_difference_tied_safety_and_severity,12828,1000,0.07795447458684128,12.828,189
Alpaca2-7B-train.jsonl,15405,e0548717b302633fec2059352b9657dec09f1bdd44e6d23fbb03994a6540345f,30fe12d7773f080410e5b5773bf3f57821d0f90134c1073a495abd7468725115,L2_category_difference_tied_safety_and_severity,12828,1000,0.07795447458684128,12.828,190
Alpaca-7B-train.jsonl,9790,f33c2289b74b48bbcbb144f91139979182c7d83a9acbd99721714412da9b42ea,0253db2a63e33785f5963ca11881cca12cb917dee8ef9acb97f18138c5e84f05,L2_category_difference_tied_safety_and_severity,12828,1000,0.07795447458684128,12.828,191
Alpaca2-7B-train.jsonl,539,79741adb42f4ee637d3aec40e1cb422f3eb6a91a0f50d36c0a182e5f8e87117c,9edcf6cac5ba913cf476de6e4c6f2ad724160fbc5b0cc4c543876c6693425033,L2_category_difference_tied_safety_and_severity,12828,1000,0.07795447458684128,12.828,192
Alpaca2-7B-train.jsonl,25114,80b63c1693a7ba43d39a1df14132d0c0bfa1133ef6ae1c7a1472b1b890200aa5,149290574565e63c4a0094f2520f4d5f90cf37e6a81699bb1f1b4a8958c28704,L2_category_difference_tied_safety_and_severity,12828,1000,0.07795447458684128,12.828,193
Alpaca2-7B-train.jsonl,10197,e27bfaeed5efdfbbc8cfcfb55bdd9e9d073d27f96606956c67ee422211b74a23,bfad1a2cad4ffd5bdb6c22e30eabf5a24c1bed926098e4d5cce1d37cbde59943,L2_category_difference_tied_safety_and_severity,12828,1000,0.07795447458684128,12.828,194
Alpaca3-8B-train.jsonl,13090,076e8896eb2f497040e70b55e8e3a97b371f91dd172be31613149d06fa148180,b7bcb3bc52e07f2929192fee4f12cb6180970a60b1dc9f6681afa9fd34a8d6ba,L2_category_difference_tied_safety_and_severity,12828,1000,0.07795447458684128,12.828,195
Alpaca-7B-train.jsonl,10991,75f7f6b81230f57ec8b57433aef9958cbd041f1d242d1db85f055e21040ed95c,39a41b3ec57cc43f955e1e583b1aa627aca9cfa31dc1e8a1fa61e30a28390f6b,L2_category_difference_tied_safety_and_severity,12828,1000,0.07795447458684128,12.828,196
Alpaca-7B-train.jsonl,15988,0ce4a97f989bfa1e32b79510e63c67f9e36330fa9d31bc623fd6d53444aefc52,8d553dafd92c8aa344f033527cae7fae62d8f3dbc93bd4d98f1df26ec4e8b8f6,L2_category_difference_tied_safety_and_severity,12828,1000,0.07795447458684128,12.828,197
Alpaca3-8B-train.jsonl,11429,7b37d69562feb6a5af96fe63f01c435eaeb283d3e0b7bb0efeb4f792cf570d51,a1883c8060647cf3d811b7023c753a530d68e69a63d1048cc6e37bfedcab2e71,L2_category_difference_tied_safety_and_severity,12828,1000,0.07795447458684128,12.828,198
Alpaca-7B-train.jsonl,16658,73a7baa089fa1e00edccc14404225f5e92e7ee9dc07489900e90dc0d3da9e587,905824bc0b24df5ac1a7fba12bfe99adf9ff839816fa5a1b4d64c7b8195e35fe,L2_category_difference_tied_safety_and_severity,12828,1000,0.07795447458684128,12.828,199
Alpaca3-8B-train.jsonl,20570,25e4f07738ad983e44f8e425c2ee95ddc34c27aef94725270b5c10570e68d812,171b81f8ee0a1cec7bc7e4da8c9f7754cf8b7248b9968b36077a9bd9e68c6128,L2_category_difference_tied_safety_and_severity,12828,1000,0.07795447458684128,12.828,200
Alpaca2-7B-train.jsonl,1731,4e8bba798765fd3072a9a83ff15099e1cc3efbd7eb1af880a6704c5078342db7,a8d1030ca7fc2a48d1a3dc699c6e1f8c70ec304f4e0b9c6c8246a8fca4ae3a0f,L2_category_difference_tied_safety_and_severity,12828,1000,0.07795447458684128,12.828,201
Alpaca3-8B-train.jsonl,18107,36cc1263c91c02f4b7294aa8e996612e84e3aebbeee068e0ac37be909efb61db,8be6bab991707360bd0c79f052a2105c4fcfd429f73e12b0d53f213c4b6e64b2,L2_category_difference_tied_safety_and_severity,12828,1000,0.07795447458684128,12.828,202
Alpaca2-7B-train.jsonl,15830,10ca7c14dcaa13ff47d94bd596125b947ba057c92c18863d7e1c7792b8fa51ba,6f3ef3113df9e77fa1a8ae33b6d334b78455e8fadd1362ec85db4a69776129a9,L2_category_difference_tied_safety_and_severity,12828,1000,0.07795447458684128,12.828,203
Alpaca-7B-train.jsonl,23977,eb063a050b6ed6561373dbe327d082417109e1dff58bb6a044c2191c5db5c54c,f7f8d8dcd2bae98be160ff6127c072de57528d945ffef6545f6706fce498c0dd,L2_category_difference_tied_safety_and_severity,12828,1000,0.07795447458684128,12.828,204
Alpaca2-7B-train.jsonl,755,48525ff14de46d0cd7ddb78c17b36f2e3ec2f45725b3ca451a606a3ca99c6c54,26e3b9a8c2ddf0e3271f6f1886bbdf3539f8bf5ba46402cfa47ffe186ad95ac9,L2_category_difference_tied_safety_and_severity,12828,1000,0.07795447458684128,12.828,205
Alpaca2-7B-train.jsonl,949,831bbc5006f0dc9fcce691c0dab4c6cf4acfbb7252e3c02fbd57c84cb9bbd923,a7c098736fe1d88c0a46e95733a07a293e5bfdfab4d48221324f992199f25082,L2_category_difference_tied_safety_and_severity,12828,1000,0.07795447458684128,12.828,206
Alpaca-7B-train.jsonl,3722,db7158d0b06c80e890f9bfa2559bd88e3bcc2324b0199e681d902b3ef457bad2,28c0558ab1ae04636ef185baf6f08d557b17981e69fa68d43944ccf4831ffb95,L2_category_difference_tied_safety_and_severity,12828,1000,0.07795447458684128,12.828,207
Alpaca2-7B-train.jsonl,12468,1682b439585e0968342017f4eef2dc8676cdf89a09db02d18f0784a7acb752d2,0f7aef3e40a19dd53aed2a7ece178aee65e9da7141f4222184ab5f229e215eed,L2_category_difference_tied_safety_and_severity,12828,1000,0.07795447458684128,12.828,208
Alpaca3-8B-train.jsonl,10729,b5ab785eeb344f7a7102aba4c280a8e3122534248ad0f7493993d0d6bfff0696,63ba545a8544f709681d0fff48c3342af1176ab9502c7e93229f95c403907d96,L2_category_difference_tied_safety_and_severity,12828,1000,0.07795447458684128,12.828,209
Alpaca2-7B-train.jsonl,16486,b74248e5519c6327d2d54c37bad1b1b12e66cf05d2c5bfe0c23626b80b175761,07f0f574ad2c3c9a398d8ede05d6933e02e3d796fe213fe66d85cf4cf7a05b16,L2_category_difference_tied_safety_and_severity,12828,1000,0.07795447458684128,12.828,210
Alpaca2-7B-train.jsonl,21887,286a2c713a105b38682d031c333af9bcf6795044a4e121f01121de1e6abd4bf8,0704607d1b121509e67b89cb05159084c0a1ce68d775c282de527cd7dd0dd755,L2_category_difference_tied_safety_and_severity,12828,1000,0.07795447458684128,12.828,211
Alpaca3-8B-train.jsonl,4215,65d74ec7deb9a30622574e8bdf99b0e86b1a7622a9bfd3a74cf049500ed50d01,8ab1e3d9af4acb267ec51840ad3dbcab5c94422820ed94b25bb64223d0f25c61,L2_category_difference_tied_safety_and_severity,12828,1000,0.07795447458684128,12.828,212
Alpaca-7B-train.jsonl,18052,cdee6e67acb6067d9df3ae30bfc8c934d70a4d6185e0484fcb40ace5d2443e5f,3fdc1ed28d460123416c0eb862e77595b99fafb43a6a621029a80f9729d28d14,L2_category_difference_tied_safety_and_severity,12828,1000,0.07795447458684128,12.828,213
Alpaca-7B-train.jsonl,145,d3ca88c87de7e2fb8b9ab675f19bdd869fc1bfd123be46ac997b056224b5a9e9,592b10a63c16bfe043ae418550940221a0478bd4d1d9e0a95238fa6630fe95c9,L2_category_difference_tied_safety_and_severity,12828,1000,0.07795447458684128,12.828,214
Alpaca2-7B-train.jsonl,15475,32a8b8efa10352fbf10c3b780e3a279a275cab48cf9d3f3cae33954c3159ddd5,828017b9613bdf40940e85fabd88ab281cf36c1339583c4bc7c2bf03fb326e12,L2_category_difference_tied_safety_and_severity,12828,1000,0.07795447458684128,12.828,215
Alpaca3-8B-train.jsonl,9901,7f981a19eb26c6264dbd704eb9b221d0c160222b3f3c4897eba67681b0163ff2,48176b35d0f46979aed633705c3477a2ac5c01680682b70eef74f2953a95f2e3,L2_category_difference_tied_safety_and_severity,12828,1000,0.07795447458684128,12.828,216
Alpaca-7B-train.jsonl,25411,bd361aea2e36646b2e4dfbb75777fb61204d10e578a8320693f82b96c32b00a6,bc75e5d26f7529e260bb20cebbcc33f71a09004e103fd4273b98b004d16d829f,L2_category_difference_tied_safety_and_severity,12828,1000,0.07795447458684128,12.828,217
Alpaca2-7B-train.jsonl,5911,44b8ec736f87bcf2d0bb1c8215f5f4047ad3c1de32dd75d2237b4ed761db6920,c379ef76a9d8086a9a2f7de383ea21053294f090049265d079fb8a8b2fbef272,L2_category_difference_tied_safety_and_severity,12828,1000,0.07795447458684128,12.828,218
Alpaca2-7B-train.jsonl,15073,7f0532d1e75ee33ce848832d1a398a45d8eda5dd2b93bc1e50015c5953da0618,9ac27d38e4a5a411869b1de4a4a56f1de1d5fc9c50ff661cb34404044d2435af,L2_category_difference_tied_safety_and_severity,12828,1000,0.07795447458684128,12.828,219
Alpaca2-7B-train.jsonl,2262,702ce17c51957db5a382bece63d210fb1008c71bf5c948fedd26d99ab25daf81,e7658f5e8aa2b403524738f4e8de8b0e27ec8af2ed9f15186905c495dd88136f,L2_category_difference_tied_safety_and_severity,12828,1000,0.07795447458684128,12.828,220
Alpaca-7B-train.jsonl,18162,6be40b28a5ba3c5b6f9ad0f4262b3ee839f941bf65e8155c541f7c4db2706382,00e3d70625b6bb867e6bd6b7dc97954f7babb31ca2aeac8ea7c871a0e7f3762c,L2_category_difference_tied_safety_and_severity,12828,1000,0.07795447458684128,12.828,221
Alpaca3-8B-train.jsonl,2745,33ee041ba0e80dd7cc298ef3daf4f680cc190047da0fdf090f3c929fa860aaa2,ece00dd2d250eba15c60114cd0ac4562c2b957d8106cc2c513c4785a97e7c89d,L2_category_difference_tied_safety_and_severity,12828,1000,0.07795447458684128,12.828,222
Alpaca3-8B-train.jsonl,10382,55a0c488cc4e59e2f914cb3c5ec2aa65ff1bdee4081b5ea4962495db8b1209c8,cc74e331b4b68b57894bd01fbae78a0d4edde28d79dde97cc851b4e9f3383066,L2_category_difference_tied_safety_and_severity,12828,1000,0.07795447458684128,12.828,223
Alpaca3-8B-train.jsonl,16005,1069e1200064fb365a95ab5a26740c34cc4229c223966cba9e48629573d90f9d,e58c0ea6bf7a0f8d43424319faec07d4f5161f7f9786c8663e9a0c24b43404fe,L2_category_difference_tied_safety_and_severity,12828,1000,0.07795447458684128,12.828,224
Alpaca-7B-train.jsonl,12382,31523fa09b987c30a0b871c5e4e938fe3c4ae04e9fed38ffd89884360073ebc3,1d87dadc7e6dfda41b9c503ee1b42e50dfab2dba5383be8e385e895c4d0559e6,L2_category_difference_tied_safety_and_severity,12828,1000,0.07795447458684128,12.828,225
Alpaca-7B-train.jsonl,25444,44e1a4473f30d46963a5155ca6cea64c21c7c3c6fa6bc65f34e4ac8071007b53,75bfd7429da403c10971d5a36879048c2d9d948cea98ef030a828ef648c3615d,L2_category_difference_tied_safety_and_severity,12828,1000,0.07795447458684128,12.828,226
Alpaca2-7B-train.jsonl,14662,b4025fe69332ad4826ff5b1762cd767e96933d222c1962d29b5c5c77908029e9,c5fc1a5976c993409b0eca756443676d8cc29db9dbc6b9255e3eeae9002b7152,L2_category_difference_tied_safety_and_severity,12828,1000,0.07795447458684128,12.828,227
Alpaca-7B-train.jsonl,22785,ad12ebe12041a843edb644c3bedee6296049987102206c5e347907df904937f9,e978cb398d0a3e85e5ecc9138ce22d2d67945803d15e8656549e76a38f2170b3,L2_category_difference_tied_safety_and_severity,12828,1000,0.07795447458684128,12.828,228
Alpaca2-7B-train.jsonl,15507,66ce208d13cd955b9d756de7b4da7ce8e2dd47414d1375e0adeed62257154b36,fb086c6b6724d5eee138fd2d99af6802377d203910b8e5d203516087fdf2a092,L2_category_difference_tied_safety_and_severity,12828,1000,0.07795447458684128,12.828,229
Alpaca2-7B-train.jsonl,17909,3ee03c4feb96d733441d6a15681628f69444827d0b8d41c0fba2778fff522e8b,80c11682613cc5f6b3a5c738bf1d6860585fdd2e04d059808edbecbdd011cb67,L2_category_difference_tied_safety_and_severity,12828,1000,0.07795447458684128,12.828,230
Alpaca2-7B-train.jsonl,17858,02f04aa70271b9547593cac75acf8cf7814ea58070f2d8456ff4ccf200c2d252,f1d5e1f3bfd465defc9fb7a7f1fc69e012055502f285efcf7bec67418a2f831f,L2_category_difference_tied_safety_and_severity,12828,1000,0.07795447458684128,12.828,231
Alpaca-7B-train.jsonl,3376,80c40e01f6076a99b745574da2a56a5c9b9ab4acfd2bc59426fee82ebd5b4166,ee26e8e07e1b808550b817291d8e07f6014a890fd58205ade6eefbe3a653c4e3,L2_category_difference_tied_safety_and_severity,12828,1000,0.07795447458684128,12.828,232
Alpaca3-8B-train.jsonl,2105,47786f5720581b6cac38120b74d86122b6dc7447dbb09a90ea6a11953ee03cb0,42401d0c98f5fe5b5c902319c2a059c4841b560008a9ac321eb54aa5b022eb2c,L2_category_difference_tied_safety_and_severity,12828,1000,0.07795447458684128,12.828,233
Alpaca-7B-train.jsonl,23424,f64e2dcde961b6b1685f08f039e1968d04d5ea16ec65614e8384309bc565fcbd,c6a3d358b4bcf21e4dfd7c010328acbdda7245b88765ddf1147184d76412a0f6,L2_category_difference_tied_safety_and_severity,12828,1000,0.07795447458684128,12.828,234
Alpaca2-7B-train.jsonl,8518,aa033a738e8de9ab5dbe29aaa7f1e23ddf4f4c50c9060cb0daa18582fa708e35,3c6a411639a55425c1a02ca87742ece1c74c4d3e0d8aa6680f62c5663baaf1d0,L2_category_difference_tied_safety_and_severity,12828,1000,0.07795447458684128,12.828,235
Alpaca3-8B-train.jsonl,1892,6c9a0a01e093e24b063b85ac2e34e6af836738d10b0989767f3e8aa64ee7006e,ca9f7fd1343b60cc53f8016690d7f83a2930720fd7a7794dda90416f1dc38840,L2_category_difference_tied_safety_and_severity,12828,1000,0.07795447458684128,12.828,236
Alpaca3-8B-train.jsonl,16244,16c1aee70255ac3aca6eac1f610fef2886d53cb02440bb1212febd728bb04e7b,92e69a68b4b9233c1bf5bd0f6248925e630547bcf8e56da0c6bc04598382a089,L2_category_difference_tied_safety_and_severity,12828,1000,0.07795447458684128,12.828,237
Alpaca-7B-train.jsonl,1331,b90bf208833bf9e038808cb86bee072de4855ec7626d3b68aa2e9d67bd236105,6405ce824e3747c89ab52e2c615a52a7693300c8a877ef5c3133b761a2898ff8,L2_category_difference_tied_safety_and_severity,12828,1000,0.07795447458684128,12.828,238
Alpaca-7B-train.jsonl,21066,879d6f2cced1e96b5150f3d755968cc5409f2dbb997a198fa74ebd381830df17,7d109245e93e88cb871fd55a7c21f3f06eb1f6e6cdb968d8ea85410bfc6ac240,L2_category_difference_tied_safety_and_severity,12828,1000,0.07795447458684128,12.828,239
Alpaca2-7B-train.jsonl,9493,fcaa4ebfb5ab611ba6e484331ae4623478a10e70f645faa94eb0c142c0402901,fb880cf7dea1bccd7fe7d75368973886ff8589afeda11f23fa26cd51cd45e4a8,L2_category_difference_tied_safety_and_severity,12828,1000,0.07795447458684128,12.828,240
Alpaca-7B-train.jsonl,10186,106e3949502fb2df0281861876db9fe3af9a5831ddedc2952cade5c770945e1b,aed5579d3b3dc8517b3c6e76d9da8c9a8bbd4656b4c1c4782587165ccb7d3425,L2_category_difference_tied_safety_and_severity,12828,1000,0.07795447458684128,12.828,241
Alpaca2-7B-train.jsonl,20979,626de6634a2c574b5836dde3e7cd442110e39224bb83ed56cc0bd0529de24671,eece3d9fd72adecb6e8437dfcd19c167e25a090c2882a5c6b5a1845a357957b9,L2_category_difference_tied_safety_and_severity,12828,1000,0.07795447458684128,12.828,242
Alpaca2-7B-train.jsonl,20422,e442249d0c3cd09bfe5c21f58e61d962d6103bb39c7969053b8b4a4c556ed6d3,e717ff21e668527a071709b5ca0802b36a6b74be090ff86aae8bca64c51059f9,L2_category_difference_tied_safety_and_severity,12828,1000,0.07795447458684128,12.828,243
Alpaca2-7B-train.jsonl,18701,e1332d4d7e410d7db93fd5334dc41ce2a291d7ec4a40f3f3405a94d010e96510,a6aed2ef9bf45d6f20b1318ba50a10bf31e009957c3cab7a7f6c083e32dc7497,L2_category_difference_tied_safety_and_severity,12828,1000,0.07795447458684128,12.828,244
Alpaca2-7B-train.jsonl,3878,7543c276f63dcf0798cba773e7e3c9ef740a6733bda45c561eee2d5e9c202646,ce46eefe056b65592d633207c9c2096c80880a3ed5ff3bfd43ccd31fa3f18a5c,L2_category_difference_tied_safety_and_severity,12828,1000,0.07795447458684128,12.828,245
Alpaca-7B-train.jsonl,10478,1f30f3cd9685fcf36fa72ee0e9157056b08ba8bf868ce15ca2f5d434e40f331c,aeb4e7938bd036fd06a3cdf47962da7c86b2cb13daba4d5707ef151b82c171f9,L2_category_difference_tied_safety_and_severity,12828,1000,0.07795447458684128,12.828,246
Alpaca2-7B-train.jsonl,14215,e13e6455177b8c5bd331a0b2f0eac1f7198cb7b72edfebd12ecce08e25df8d41,7c571ae02f4def34ab2e5b31c4a27b6a73424a0ec9890c4d850b1136956187d6,L2_category_difference_tied_safety_and_severity,12828,1000,0.07795447458684128,12.828,247
Alpaca3-8B-train.jsonl,15296,b5ed6dd198d1e8bbc6000f66f9abce0ba8449e3eed7d30c40efc9187ffc3629d,6e2a66bee535601efac223e574956cba486ba8d425517d6c198d4ccc825e9d80,L2_category_difference_tied_safety_and_severity,12828,1000,0.07795447458684128,12.828,248
Alpaca3-8B-train.jsonl,20883,77286fe1ad7e6c990890ba327baea6e4406c0e00a1247c91bdf48ad9506e3506,97c618e001f80fa658431daa37c10b9a024f34342f0a23767831e9c92c5b6f5b,L2_category_difference_tied_safety_and_severity,12828,1000,0.07795447458684128,12.828,249
Alpaca3-8B-train.jsonl,3368,971ddd620e5cf2d991e3ac02aae9c4d30dcdb111b33e6741b94bc7f82637abbd,453f89076e504527e4e320cfeb7ad9438e3e8e02d30e36a1b3d2c4d60c54c426,L2_category_difference_tied_safety_and_severity,12828,1000,0.07795447458684128,12.828,250
Alpaca-7B-train.jsonl,10880,5f9291c460ee66ab5390e48c0cb390a109fc44a465c2717685ffd1f2e479f533,25e3dc45fd9b40e07a30af61f05b2cf55c0a8af993b61835331ed6e21b77267a,L2_category_difference_tied_safety_and_severity,12828,1000,0.07795447458684128,12.828,251
Alpaca3-8B-train.jsonl,15443,22991132dc67bdd6c8545e75ad98841e0dc299b9e4b9eb899e1c24332ab3ba6d,6c223577a8ca83682e80147d3c17010835bec0d14df06ef8dd4efe0feb3d260d,L2_category_difference_tied_safety_and_severity,12828,1000,0.07795447458684128,12.828,252
Alpaca2-7B-train.jsonl,7373,86709be667e03e179ed36a29bfda03d136ee036bf6d8d56cac6d3074e4cc60c0,492d70a8d08291c7f7aa675316966639098af5af0062bf8ed2f057e4c0f4645b,L2_category_difference_tied_safety_and_severity,12828,1000,0.07795447458684128,12.828,253
Alpaca3-8B-train.jsonl,6230,e69799dcf90ff423d49b999cc999daa802fa837c981fe19724c8f83ea11d85f8,d2ca22065e44587084f040d230732651250d51628dfe974c6c3e10a055f7aa04,L2_category_difference_tied_safety_and_severity,12828,1000,0.07795447458684128,12.828,254
Alpaca-7B-train.jsonl,2631,23e940e02e5c252cdc32f4548b827fe1b64d6bf0c0f47a266df9243d9c24f234,2d539fc577e347db714f85f18d86a41e34a986ce151380370fdf277238b96f1e,L2_category_difference_tied_safety_and_severity,12828,1000,0.07795447458684128,12.828,255
Alpaca2-7B-train.jsonl,14958,34deb47e0befd89ff635c1a9d7e1fe8d75bfd03996e73f6d4cee3ff58668d5bc,10164da693863e3759265ed8fb93bb077a26e34de598c3e1bd589280877ca31a,L2_category_difference_tied_safety_and_severity,12828,1000,0.07795447458684128,12.828,256
Alpaca3-8B-train.jsonl,5075,b4d1422772e31c3dc70b875891c33ac00f6ecdf12feab5399da5d9dcb71e391a,9f366616968721f2a9ca20aa6ac5e91600d0e60cf0e3dbde79b92a05e01feb44,L2_category_difference_tied_safety_and_severity,12828,1000,0.07795447458684128,12.828,257
Alpaca3-8B-train.jsonl,18270,0c44a24c59199c50b32179bd98cac182c156140ca78bbbd4208e824bdd6bea25,560f4fe96f1c00cd543c19435002ea29ca2a5e30d39268dc0e4a0ce02cc22e4c,L2_category_difference_tied_safety_and_severity,12828,1000,0.07795447458684128,12.828,258
Alpaca3-8B-train.jsonl,964,a67952a20ef632ff73d085348fb369164e0b55b3e34d3e6bb08fdbb811af76ee,af7371e6b514e07960fae080ac16ea15f44a63be2aaf397489349789d09bef3b,L2_category_difference_tied_safety_and_severity,12828,1000,0.07795447458684128,12.828,259
Alpaca-7B-train.jsonl,17023,3655d30321287fea623111143d85f00f1db8a86447329385d6cefb6f4880d2a3,c6e624296462fc4e84d568f1e0418a9c181b33c4d207522ba602055b0b52a4dc,L2_category_difference_tied_safety_and_severity,12828,1000,0.07795447458684128,12.828,260
Alpaca2-7B-train.jsonl,19664,62f4e74a7345ddd5397f9ded28d8c6dc0098ec97b8f644622f6b543e781e8ac5,7ce8ab31f30c368f452b0f58673b9b49cdfe3a4f2f602a13886423ddfb4d0d65,L2_category_difference_tied_safety_and_severity,12828,1000,0.07795447458684128,12.828,261
Alpaca-7B-train.jsonl,4238,3435edeec1a9053727c737fde0d616525b7372068e3eb0906464cf80faa94ad7,c209f60c6640fdf47559025344540f7a13b7edd470ebba6dc7cd23d65cce470c,L2_category_difference_tied_safety_and_severity,12828,1000,0.07795447458684128,12.828,262
Alpaca2-7B-train.jsonl,5279,2d91f300295532adc23e641daca72695dd8088913e067c4b3d9439f382bbcbec,f88b80feb2c541d30abf9928a40d4accf976cb4619f1e01fca6456a5dbe64536,L2_category_difference_tied_safety_and_severity,12828,1000,0.07795447458684128,12.828,263
Alpaca-7B-train.jsonl,26225,77e9d5ab4197d1b88f8d5fcea246ffbb18dae25a76d407d139c02bc3a6c98206,a30bd28765ce6bc73a0fc5f517c15d4c3811dab3c65488031350e499f51aa15d,L2_category_difference_tied_safety_and_severity,12828,1000,0.07795447458684128,12.828,264
Alpaca-7B-train.jsonl,11934,3f37edbfa93e5ea4e652f26bdc77430b796068d2212a3fd383c1594e86704e0f,2861426eefdf85dc5d01461341720508102efbfb670f4e9719b677f42fa9d726,L2_category_difference_tied_safety_and_severity,12828,1000,0.07795447458684128,12.828,265
Alpaca2-7B-train.jsonl,4494,78bdbd3dc548be4765d2fe8158d90305ac4580b6d12729f2500f1e3a51c9f022,6d9b9d5b33a0525e25eb6d54348417dd0161083087c64364693e19a726f0c334,L2_category_difference_tied_safety_and_severity,12828,1000,0.07795447458684128,12.828,266
Alpaca-7B-train.jsonl,27280,305f5803126ae252f90c16fe6080f1ad066617bd2fb36e763cdf849e20ebbfae,2c6774568dbd8120ac7292312be0a186bc50a61503465699f579894519b9bb97,L2_category_difference_tied_safety_and_severity,12828,1000,0.07795447458684128,12.828,267
Alpaca3-8B-train.jsonl,2529,d316c4474f3750591f883edd9da3881ae3ed9d740294afe13f132cb2023b7853,fc5fdece218674c4e6b9737605ac75755e527761a7faed2739d987ed3bf561d2,L2_category_difference_tied_safety_and_severity,12828,1000,0.07795447458684128,12.828,268
Alpaca-7B-train.jsonl,24810,7b2572a1b80de4776e659e595745bcee5ff2767d3516bd218937873d8840215b,4161eb8ddde965827dcbc31fa52219904da2cf13f1ad6b4cf6f43c1b4d294eba,L2_category_difference_tied_safety_and_severity,12828,1000,0.07795447458684128,12.828,269
Alpaca-7B-train.jsonl,6125,5fbf154978b5f1a393a90a55838087f795bb9990de9c7a469a58414ed7aa8cbf,c3d046bc9cc517a8312946d387101983a85b34f61198294a9fbb629c75ffa2bf,L2_category_difference_tied_safety_and_severity,12828,1000,0.07795447458684128,12.828,270
Alpaca3-8B-train.jsonl,13554,772a26d83418cac8a2d3cad90796d7568411ddf2a34ea4e1fa7e55bed37909f7,44ea454d5b448a35eae4025e30fb0f05984c201056c7aab312f10ee62d564ba1,L2_category_difference_tied_safety_and_severity,12828,1000,0.07795447458684128,12.828,271
Alpaca2-7B-train.jsonl,996,f5718aed2ca173cb6a6a3250f95202c47fe1497e439ee406113f9522d7c71db6,637545b3287e3cfa07475f86f4dbe9d47655e5fd8824d8150c21bb5b6b195d04,L2_category_difference_tied_safety_and_severity,12828,1000,0.07795447458684128,12.828,272
Alpaca2-7B-train.jsonl,6778,8c2eb011027da7c97f5ebeee7c3967ff2e680bed9fb489ed2d19d6eb7c4e4791,59ef8dff3b1a5d133e89cc00776bddfba2ce81c002991986d4fb6470e5e7194d,L2_category_difference_tied_safety_and_severity,12828,1000,0.07795447458684128,12.828,273
Alpaca2-7B-train.jsonl,18761,07d2c8523fec73f36c2c3cca5167b90e6da21e2728482acb51865f4e0764e4a7,c45c39aca1fc4387874e9e1ac7d29fd8cfec8c716d09e85291209cadc97b3c15,L2_category_difference_tied_safety_and_severity,12828,1000,0.07795447458684128,12.828,274
Alpaca-7B-train.jsonl,10233,5e9eb62b32949a80254f8ec790bbd1ee9b5057ce7d474be1060ec42198025d38,55247962b1071d7ba4dcac027de301cab1a3b3699f9a57d3fb48fe221468bab9,L2_category_difference_tied_safety_and_severity,12828,1000,0.07795447458684128,12.828,275
Alpaca2-7B-train.jsonl,18730,4aa360fd86edb822c28bfcd1366664f28120f3fefb7599c53f93b786a4baa0c6,5df415f00624e445b0e09a53738d8484497d903b0dfb273394ed0f55a954da6a,L2_category_difference_tied_safety_and_severity,12828,1000,0.07795447458684128,12.828,276
Alpaca-7B-train.jsonl,26477,3d9110a349c70263f080cb86706b7742c45364637291a47f58ded02634386843,e0fdb1889ec0d861c303841b9bfa3667e2c4a12c3d54624e1919baa589105372,L2_category_difference_tied_safety_and_severity,12828,1000,0.07795447458684128,12.828,277
Alpaca2-7B-train.jsonl,22011,bfe582999b7373d0b3ac933e5777ad345ba60e3e18f2618967a33c5def110db0,549332edc19d91686d9fd62928749f3a701fcb15327c50dec785fb2dfe471742,L2_category_difference_tied_safety_and_severity,12828,1000,0.07795447458684128,12.828,278
Alpaca2-7B-train.jsonl,9018,cbda8d879e8c0e7ca5b91bc3a7635627683500537c1b65cef7788ee5ba61ca5b,6ee0c6cd630e8892a298e024799308f9fc89f5237993066be58c41f5acf1246b,L2_category_difference_tied_safety_and_severity,12828,1000,0.07795447458684128,12.828,279
Alpaca-7B-train.jsonl,6144,60988c2092da17cd889c621d4cc6c81b878e5ec01baa96edd53b3e316e3b4631,1d76aeb92d86c6e9107439be593957a1696b8673fc9fb70b69fde9fd9de93bb6,L2_category_difference_tied_safety_and_severity,12828,1000,0.07795447458684128,12.828,280
Alpaca-7B-train.jsonl,22401,75d069bb4b4729a157cb2d45c0ecde6433b818c7252e9efb542a72d3866d7d42,b5182b40e4b1d19e03db5cb1487e18710eb73f2aade909760a6f099b7a04aa43,L2_category_difference_tied_safety_and_severity,12828,1000,0.07795447458684128,12.828,281
Alpaca3-8B-train.jsonl,16429,38f3246b3432f0db0fff0b4434ad09cc7c8f71a456901c5cecd037fa4c8ecdd5,c2ae7c1665dfdf2dbbf525dddd94c7b25929824a04671782c2bee238066e357a,L2_category_difference_tied_safety_and_severity,12828,1000,0.07795447458684128,12.828,282
Alpaca2-7B-train.jsonl,4299,6110fa98e1ddcf36fb8bd702299c8f63ae1f556ea2f6efa5a03f1f0897fe4ebd,7886dc3b5c17eb9f4d756566c4b7718b7cc662c6f5ac6184cb72f00f33b6da59,L2_category_difference_tied_safety_and_severity,12828,1000,0.07795447458684128,12.828,283
Alpaca2-7B-train.jsonl,7331,7875e4ff562e1d9c58fe42830713acecc65ba9f245858d5b93bd2b509384c8e5,1f8c4cfff9e28c50c57ec4c2314572e53d7d3ba5b14826808156d005af8a2b34,L2_category_difference_tied_safety_and_severity,12828,1000,0.07795447458684128,12.828,284
Alpaca2-7B-train.jsonl,91,fa6f2753668e7e769dc3835c9d6dd216a30d337bca235dac74b7aa61a3f02b16,b4ecb8560001fecaa4cb3c956b35126b5efaf982b0189904185dd626f9d62501,L2_category_difference_tied_safety_and_severity,12828,1000,0.07795447458684128,12.828,285
Alpaca2-7B-train.jsonl,15170,a9dc2265a42a72fcc8342801b43e5f18823c305363e13fc4a68e9d27edcb24cd,2d33a6353d2885b6f9c8b1e2ba18b31c70f37d53566c8ae84c17af567eb04d27,L2_category_difference_tied_safety_and_severity,12828,1000,0.07795447458684128,12.828,286
Alpaca-7B-train.jsonl,24948,02bac338a34e0541922b0e7308d2fa787ad9d1fa2c049937d8619c85712e1a62,0cafed035cf04a7640473fb758fc580bd80e7690da95e6dc9c729625b6c3e92d,L2_category_difference_tied_safety_and_severity,12828,1000,0.07795447458684128,12.828,287
Alpaca3-8B-train.jsonl,5148,1369dd5344b5d4b28e7dea4f1c5bd24be958197c6b00585bc53830594eedfbfa,9e2c0c1cf3a00e8127f47829b0dd6b1cd824f3b03c3c16d2ca7c38b60094c5fc,L2_category_difference_tied_safety_and_severity,12828,1000,0.07795447458684128,12.828,288
Alpaca3-8B-train.jsonl,16894,ec8e442f45b680b521cdfa1d0711a8e61b229a3554375d0978f3781b7f351e13,a76b612fb47c71d9e3009bb696c13dc44f21a38123a5b63ba940285eded2b80f,L2_category_difference_tied_safety_and_severity,12828,1000,0.07795447458684128,12.828,289
Alpaca2-7B-train.jsonl,17038,c89bb522b45e9a6e1b1e679edbcf49d1ec488cbf0433f7ae9f88a4d64ae16247,29ad9143b6e44dfc2d2d997dedc0692385886d45217eaea448c77c5f1676158a,L2_category_difference_tied_safety_and_severity,12828,1000,0.07795447458684128,12.828,290
Alpaca2-7B-train.jsonl,9113,f376bc4ae7b8a9d36d8bec916a80c84b5a7bce36702d3ac3662e100416142856,0347715bcd6905784866b85c5fe6bec954bd7c52f5d691d81264cc6c92e80c0d,L2_category_difference_tied_safety_and_severity,12828,1000,0.07795447458684128,12.828,291
Alpaca-7B-train.jsonl,16083,09219e64c54ccd6c052f3899cf0a463ec7c2e78a24144f57392fc78b2a573d20,ba8d39c9788075f86e42cdb11822f60ddf1c470cab6a9daf571e0e75ecb01145,L2_category_difference_tied_safety_and_severity,12828,1000,0.07795447458684128,12.828,292
Alpaca-7B-train.jsonl,2470,17c649349cfee752008e21069e47b638ce20c8464b0acdcfd3a9fb23aa2e4f76,47b96e196aac049307d19c47856f5d2d618b956b509024cb647abbd6f86e1167,L2_category_difference_tied_safety_and_severity,12828,1000,0.07795447458684128,12.828,293
Alpaca-7B-train.jsonl,12067,c3c2a3a9ccc9cf64ff80789df60b4e7363bc425e2797bb833ce6e7fbc036538c,c13926f8e23b7ca2f2e2a6f4d36ffff2b0399519e5cd982325899b34e28af879,L2_category_difference_tied_safety_and_severity,12828,1000,0.07795447458684128,12.828,294
Alpaca2-7B-train.jsonl,18788,dc457bc1fb99df3d3035239c2775e02d9893cc5705b433adc24fe0be0247854c,7e0629dac5714df55595305636301c486f06b3e5b4fa30a5fc1301eb7cf72515,L2_category_difference_tied_safety_and_severity,12828,1000,0.07795447458684128,12.828,295
Alpaca3-8B-train.jsonl,630,d1e2a85bb0c072e0f578d2f0ed7cff80563f6cfe121565b3a0f76c716050abab,63b2ea9388fe595978ae9642b7fb2f3db954d32473fd8f53650bc407fdc6ce74,L2_category_difference_tied_safety_and_severity,12828,1000,0.07795447458684128,12.828,296
Alpaca-7B-train.jsonl,7282,c6baa247cd989caa7465f997cb24877d00494dd30886e9f71c668ce7245885f8,07a4e48ba25938dc8a2304173b0774a9ddee974a638f32cd58c94770472549b9,L2_category_difference_tied_safety_and_severity,12828,1000,0.07795447458684128,12.828,297
Alpaca-7B-train.jsonl,2678,a37c605050ec1a50c85a85e60e641141c31ff69e5d3464567f176e783728403c,b6ffa3eb50b2d81bf4db4b4b61b383a4ba5240841e69a9df017794bb0f55c26f,L2_category_difference_tied_safety_and_severity,12828,1000,0.07795447458684128,12.828,298
Alpaca-7B-train.jsonl,15989,74e1e3061c9f097228deb00d5be808300615bd9f38cd1639a6693a1c079cbee5,b946f3457b3e98721cad406c3134d3b8212a6aa2018aa8c28b0f1f7b815f3c25,L2_category_difference_tied_safety_and_severity,12828,1000,0.07795447458684128,12.828,299
Alpaca-7B-train.jsonl,5561,89d1baaeaab06b26f5ad2510e0a54825420e543bc1abf5a596e3069dd792cd7f,9a2158027921c1043dc7fb27ca0173d219417029a7924c97d91958b6b51165a1,L2_category_difference_tied_safety_and_severity,12828,1000,0.07795447458684128,12.828,300
Alpaca-7B-train.jsonl,4842,f648a19ce72833945e7167dd179b36a961bb327005ea13811cb2516c11c54a7d,af37b338658db1b724262cd0afe8d57e0b490629c5ffa826408659e4598daec8,L2_category_difference_tied_safety_and_severity,12828,1000,0.07795447458684128,12.828,301
Alpaca3-8B-train.jsonl,16275,d20827b2075cc938c50ddea6745892368822c8931b70734373ea4c7757a20b28,c1deeb48034ead9fc83721d0ac01319ee024c0759b617f0b130f988c8bbdbf86,L2_category_difference_tied_safety_and_severity,12828,1000,0.07795447458684128,12.828,302
Alpaca-7B-train.jsonl,4421,454941b3b7050b692862180eb998acef9033b59f7ed7b6b8c7e79673801ac31a,84d232869b09e7888e9fa647e0b7d81671672beb0be0ce6312ab2547bf893d29,L2_category_difference_tied_safety_and_severity,12828,1000,0.07795447458684128,12.828,303
Alpaca-7B-train.jsonl,9987,fb6081883e6c13c7cf4920c14c610421343c8e62ca37435afc7fe5a82e415028,1b226b647218b44d4187f2fa61d5ae89cf8ed1dea0efbc15b8a0df9b563100bb,L2_category_difference_tied_safety_and_severity,12828,1000,0.07795447458684128,12.828,304
Alpaca-7B-train.jsonl,27266,20f434fd6ae34f50c1c4f52a2966e65db1493b4b0da51bb5300d948d096a1687,2c18341fa4a39a251adf74db6109e7a0138b39017643c6c1c317b126abb50759,L2_category_difference_tied_safety_and_severity,12828,1000,0.07795447458684128,12.828,305
Alpaca3-8B-train.jsonl,18324,a4033771c544767114ccdfd019249d2e6f65fe7714dcd5ee1b660aaf42a74f89,eb9c68af08708a048fb5c016f16dd1fccdfdc20ffa5dddd71c50d5b34732d17c,L2_category_difference_tied_safety_and_severity,12828,1000,0.07795447458684128,12.828,306
Alpaca-7B-train.jsonl,2399,1d91bca92ec89aadc7ec7e148952ebede4880ee48c885562d1fa0d5675352998,2338e76e7602b6d210dad125eb55178a1ca2a62251f4f7c5208f43df514a5f81,L2_category_difference_tied_safety_and_severity,12828,1000,0.07795447458684128,12.828,307
Alpaca3-8B-train.jsonl,1243,8133de5bb4d8b7d167ca38a99067a4be9a4fe34b2e70982e45826406bb1e2e75,36c01373defe74337ad284c30fbb5711aa0d4aa415430fa258ffb8fdd4e47f46,L2_category_difference_tied_safety_and_severity,12828,1000,0.07795447458684128,12.828,308
Alpaca3-8B-train.jsonl,20745,7cce78bbd410b678d3baf0645a47a59d73b022641c056aab0b352dfcc489fa6e,abba9a0a44c48f0cdfd5c0969ebb851a1ac62feb188c3312b6f409fd3dccaa47,L2_category_difference_tied_safety_and_severity,12828,1000,0.07795447458684128,12.828,309
Alpaca-7B-train.jsonl,18271,5962553324fc7f6c286ad164f35830321a57f167007fd3c65cc90979ef87e62e,0bf0abd47946d7fddfcc793008da21894f7689d798b934ccd85fed54d7ca58d9,L2_category_difference_tied_safety_and_severity,12828,1000,0.07795447458684128,12.828,310
Alpaca-7B-train.jsonl,13554,29527470e4fdec4690aef27857f4743cb3c96dbe8d9e4c884cc23f9f9494ba60,9c4f81ba5ab3d59f4f359508a520244b7c7ce7e9f841eeb4593f472c33445d9f,L2_category_difference_tied_safety_and_severity,12828,1000,0.07795447458684128,12.828,311
Alpaca-7B-train.jsonl,6054,1ee2b09cf3717225b564e8dc4e069589d4ebdab1bfc31b48db16694ce22d90e2,eab770cd9023b4984ff7949a68437b412e638057745d0b41d82481bfda125f16,L2_category_difference_tied_safety_and_severity,12828,1000,0.07795447458684128,12.828,312
Alpaca-7B-train.jsonl,5870,5e61a87167cda9112f21987ef3ad5cbe5e075cf09d964ec44eb05e58796b06ae,94d65a7b300cc890fec5ac3c18adba8d247286b694ca3e631de9481499e59f5c,L2_category_difference_tied_safety_and_severity,12828,1000,0.07795447458684128,12.828,313
Alpaca-7B-train.jsonl,4555,24f54ac9d54a42b7a085cd2ef496c541f675b7857d4794eed1bb2c54b3f962a1,e79b9ad3108e5bb8f1a08c4db5df15d063a5928df11f5c9f1887125149913016,L2_category_difference_tied_safety_and_severity,12828,1000,0.07795447458684128,12.828,314
Alpaca3-8B-train.jsonl,16386,f0c53beedbd15ee1462200664aa064a74b253b08ccac751139bad2d739b4ce3a,243c759aad879f7009babe865491231895f168615090561d3d602a56782a8c3d,L2_category_difference_tied_safety_and_severity,12828,1000,0.07795447458684128,12.828,315
Alpaca3-8B-train.jsonl,11387,ded860e8f955fd292290b2204c69716e93914873ad969ccc05bef5424938e5b0,deefe6aa00c26aa5bed112c80187b2b1bb8d1a0258abfb21ecf523de6bae8b2b,L2_category_difference_tied_safety_and_severity,12828,1000,0.07795447458684128,12.828,316
Alpaca-7B-train.jsonl,17156,ce5283e1816f8ed80f6053909c2c7f4676822ec7dae51555b46947e0ef7ad621,5745a7572d71bfaf3e960b834157314588f217343040c14bc04780066de5e9bf,L2_category_difference_tied_safety_and_severity,12828,1000,0.07795447458684128,12.828,317
Alpaca-7B-train.jsonl,12500,22c63fa899d41bb066fa4ffa676ddf618a4dee05c3052313f9fda1be2ba64dbf,fae7811d0505f55c9226332242a13ad302681a8fc2c438cbd635cb37385b7d0b,L2_category_difference_tied_safety_and_severity,12828,1000,0.07795447458684128,12.828,318
Alpaca2-7B-train.jsonl,5846,08d2ec5af482b43f9d0f803830da295dd365935807032c3f37cc938a2c6ac20c,cf0d9425cd1102240f6f7fb1c0ddd36ff356d7a50495c07ecda0ab093e0a2085,L2_category_difference_tied_safety_and_severity,12828,1000,0.07795447458684128,12.828,319
Alpaca3-8B-train.jsonl,980,3f5b8ab2b0bac940c94373cdcadaed6a1c87f6fe1a32bb4b9913892d7d48f8b8,b37c947e4f889f763cf02995eabec57b3fc8cbe4f21cd73ae876c3019022e7fe,L2_category_difference_tied_safety_and_severity,12828,1000,0.07795447458684128,12.828,320
Alpaca-7B-train.jsonl,3477,088b1f1798d7fa473d311c91d2b5733ff262c72343d66520bfdfc206bce55b67,4a758393f45685874b62bb9e760b53bc8240361f327893f6e1cc655e67ea8fee,L2_category_difference_tied_safety_and_severity,12828,1000,0.07795447458684128,12.828,321
Alpaca2-7B-train.jsonl,8933,f5c223fe756b6aae7bf32f8c84bebb19c824d1fc61643e6a78059e91768b62e2,0d9dc7d750f5e03cba8fd8bc0a6eeac4dd0bd8a1e8f1c2271fbdca49da928891,L2_category_difference_tied_safety_and_severity,12828,1000,0.07795447458684128,12.828,322
Alpaca2-7B-train.jsonl,3468,12541bf8f8a87cb7b034f1f2bf34b687f31784d0caeccf4bef4001e771cd041c,7ec093bb9122ccba080ce681829967c285cad2d5158186fc6b616c3f1c821195,L2_category_difference_tied_safety_and_severity,12828,1000,0.07795447458684128,12.828,323
Alpaca2-7B-train.jsonl,13933,fdf43ea3e948493af31c87cb76ab4bea846f3ed678c855bf55863653a68e0dbc,611dabe084f405c122767f6026793337fcc57dc66dde83fc9acc2cf271a548f2,L2_category_difference_tied_safety_and_severity,12828,1000,0.07795447458684128,12.828,324
Alpaca2-7B-train.jsonl,20305,ed075b304a519d317d6a107c9b4fe9a23077cf405b900887a2d7ff2962d0be97,b1f925720c1ad02f0c49e92eb0978a500c7c8dd898897a970c75ecaa73da221f,L2_category_difference_tied_safety_and_severity,12828,1000,0.07795447458684128,12.828,325
Alpaca2-7B-train.jsonl,12701,e0dfa5ee6319a673ce0c119cc210e4c482c29fea52304ec98803549fea681746,a215b9f904be976616a9b0f6b66755596d93a234f3d967383f19bce004358641,L2_category_difference_tied_safety_and_severity,12828,1000,0.07795447458684128,12.828,326
Alpaca-7B-train.jsonl,25460,c8ed7a170730d4656fbb8b7b97b62a6ce6079179b120fd4ed47b49dd2b4c12eb,01e201b7b6cdfd2b354fd160b0bf79d9f6863729b2b58fd03f58f30084e6061c,L2_category_difference_tied_safety_and_severity,12828,1000,0.07795447458684128,12.828,327
Alpaca2-7B-train.jsonl,11299,3d0834125288fe7b0e5218d63a7a1de050161849aef07dab41b334ac23b877ce,c6aec9c96e820399d1ab372787d3ae3fe558a8d7ced67cb04b635d1c7bc5849d,L2_category_difference_tied_safety_and_severity,12828,1000,0.07795447458684128,12.828,328
Alpaca3-8B-train.jsonl,18473,fff469a349f7593b183925615a567d47df7232dad8abf89702de60fb7fcc3883,ac3788605fb53d5d8e57b30b5801246129c6e8993fe82f1510f92c53d787fd73,L2_category_difference_tied_safety_and_severity,12828,1000,0.07795447458684128,12.828,329
Alpaca3-8B-train.jsonl,11877,8f70306cbd62540c9a6e1fa0a0b825bddccbad831dde157c096a0ebfeda345c5,b460ae86bc83b758aa3f60e0d463a798e87ac14fd28f6a31693d4f9f4c4e594d,L2_category_difference_tied_safety_and_severity,12828,1000,0.07795447458684128,12.828,330
Alpaca2-7B-train.jsonl,25105,854c81024b3834cbf7bfa4009eacdf7be056dc067b91c2530796f268e2901bfd,915c3f49c72e4ba4f39e73ee32ad2fd065adb603abd9ef0d9108d332c6ff76de,L2_category_difference_tied_safety_and_severity,12828,1000,0.07795447458684128,12.828,331
Alpaca2-7B-train.jsonl,6407,94b4338a3a02f3a152e07c43e47ba7aef3b5fb452243b2b13a1cda79bcb3ead6,39a0e2fcb5adf1d5fddb37f3181f55b115657bd4dfc207365eb611cf20fb3f98,L2_category_difference_tied_safety_and_severity,12828,1000,0.07795447458684128,12.828,332
Alpaca-7B-train.jsonl,6294,df9770633c2929715b79109555d4c047f6ca855c295ae31018b01a26b0a59eee,a0ce5a3240579b1e7efe51ab88a6beb2e3b49df060f68fb9a104eb7b1e824182,L2_category_difference_tied_safety_and_severity,12828,1000,0.07795447458684128,12.828,333
Alpaca2-7B-train.jsonl,4090,e627f250a33a1d0413bb8e6d2974a76bae2fe92fc2c9a4752e54566fcc2eb008,86a60e369c269bbc4865ee35cf73592825d2b585205c24dbd14ab99e29cb838a,L2_category_difference_tied_safety_and_severity,12828,1000,0.07795447458684128,12.828,334
Alpaca-7B-train.jsonl,19666,ac6ededc6451b8f22f6dfd718efba9f0a5580590cfc2169b501dc20979877e4a,6c143941522eb7d0b4c82719520a9d500d1b2340c55bb96bdeaa93cb23e3bec6,L2_category_difference_tied_safety_and_severity,12828,1000,0.07795447458684128,12.828,335
Alpaca2-7B-train.jsonl,2553,a2c1f089869ad32474080cd3fbf86adbfde0e362409bb5f406c694aec74f7d96,df697634905c8dbda998604083a1e384ac2173bfb95ae963efa49757868289b3,L2_category_difference_tied_safety_and_severity,12828,1000,0.07795447458684128,12.828,336
Alpaca-7B-train.jsonl,20536,db14cc1499924d8917ae1dcdbfc317aa3bfc443db9c52abfd175a1f857cac713,294a86cceb67844bb184cead13a2570b0190ae76c49752afc59c5a7b78ad9548,L2_category_difference_tied_safety_and_severity,12828,1000,0.07795447458684128,12.828,337
Alpaca2-7B-train.jsonl,1258,8acd41774859fd2d4bb0441b16984e32e69da49fb4445980f0f860caf14b404b,abe2541cfea3291d4909350be300ea8d284dd261a61b8a6a60d56328190b48da,L2_category_difference_tied_safety_and_severity,12828,1000,0.07795447458684128,12.828,338
Alpaca2-7B-train.jsonl,5084,0fae4b1dbd58dd23ecc3a1635e0be1dda55a480afffaedf5ee65026d185d0b4a,b0e9fe8bad2fb0146479212a465315d5c721cc79ab93d63d757bd2bdc44c63ef,L2_category_difference_tied_safety_and_severity,12828,1000,0.07795447458684128,12.828,339
Alpaca3-8B-train.jsonl,3739,eb4e4b1c609a04a8eed6173f09892a2feed0a98ce4b03c4cb734c983755ec37f,181ed75aaf9ecaedda94f66ab674ed747ba14623f397379daaaa759d5e1c067a,L2_category_difference_tied_safety_and_severity,12828,1000,0.07795447458684128,12.828,340
Alpaca-7B-train.jsonl,9169,3d2d82ac88c8b50e5b6fed1ba94cf65314e60d69cd35bd6c15c9d1a0d5990c8a,03480cd523a2005001cdb0592f42a5f19e812e1ccc2b0066a3b17c1f54150995,L2_category_difference_tied_safety_and_severity,12828,1000,0.07795447458684128,12.828,341
Alpaca-7B-train.jsonl,22905,65f4cea4d66fa5e70f97a1d305a69905cfc66d8fb86b1c31278fa67d2795dbbb,f774b31d01325018ee1fe5f45e618e83e8e3c042638789ba7666bf040a7ac45b,L2_category_difference_tied_safety_and_severity,12828,1000,0.07795447458684128,12.828,342
Alpaca3-8B-train.jsonl,15339,1a4954d6047bae5207eb811a457da2ea3947f54a8741eeab5a340ef10c5663ce,e583d386c356bbe5215219638a9b4ba7ae652d5d31f805be2b7d25fb0fcfa9bb,L2_category_difference_tied_safety_and_severity,12828,1000,0.07795447458684128,12.828,343
Alpaca-7B-train.jsonl,17227,0fdb8c3d80c68807c14405705bfa8782dc1abe9fef92c8585d268d82ab721f59,973212f776dc12cd02b35fa0782ae8cd7870f2db240737ca0b4e736209dac410,L2_category_difference_tied_safety_and_severity,12828,1000,0.07795447458684128,12.828,344
Alpaca2-7B-train.jsonl,15876,ae01f2b59f61523125502193077b3ed126d29b60e6cd603445d171e7c5827931,9a1c88e0cad12aacba1a91e1b8b766aa857f1b019a9ca4514a55d8829f5aad8e,L2_category_difference_tied_safety_and_severity,12828,1000,0.07795447458684128,12.828,345
Alpaca2-7B-train.jsonl,15708,a681bbf90951d2d26137277b2ed567f19b0671cecfc6481f47fa55ae7bf657bb,a7cc978160f705add6dceeec8fa5101b5ccf3f8f0518f68b388369ad3da1985a,L2_category_difference_tied_safety_and_severity,12828,1000,0.07795447458684128,12.828,346
Alpaca3-8B-train.jsonl,12692,b21ec3658b3e5cef19de3afb85ba9ceabaa21926f7b68ce294368fe9d9f692d4,b59389e59ddf54ed98d3e2a23d2022c80988290db7468a8f55e0b25dd68b4c71,L2_category_difference_tied_safety_and_severity,12828,1000,0.07795447458684128,12.828,347
Alpaca2-7B-train.jsonl,4476,55919b5b87f615a1210884deb379410fae16b13d9ed0e26e094cdc62fc09cf0a,8cc6af44bfcd397b6425722bdf3a8296ff50ba062b222935eb5276d84136c9ad,L2_category_difference_tied_safety_and_severity,12828,1000,0.07795447458684128,12.828,348
Alpaca2-7B-train.jsonl,5607,fc94098a98b6a2b5858c88f4041860a2cfe8bf4f04c5a70331060fcc4caee565,f4a1ee1b6605c5b488c4f2512da1f4daa20641684c72d6c99801b0c5373cf846,L2_category_difference_tied_safety_and_severity,12828,1000,0.07795447458684128,12.828,349
Alpaca-7B-train.jsonl,9692,6101b9d478bda1a895f0395d406d5d95c96f07b118a25d3ec32e8df23b0bbf69,7a58da5c994d4c85881c895550445911d4c408b60d434b8bb81431a5de6a9774,L2_category_difference_tied_safety_and_severity,12828,1000,0.07795447458684128,12.828,350
Alpaca2-7B-train.jsonl,16099,0bdff5ad9196bd010673882e4c7194e8274b70dc974e3bcf08b914b67e178470,9f0fcbcff4ca34335436d213e38ae0f28389fff7ccb7900550e178e9bc80d35b,L2_category_difference_tied_safety_and_severity,12828,1000,0.07795447458684128,12.828,351
Alpaca2-7B-train.jsonl,23978,c6a773776339464c92176d70562cd86ccb98c8ed7aa19e43dff26305ea9ad92a,9a19ee98e0156c6d655317a5afa3ec6f4e793e13e66e4454c14202b4af08a6af,L2_category_difference_tied_safety_and_severity,12828,1000,0.07795447458684128,12.828,352
Alpaca3-8B-train.jsonl,3894,d092d38cec40ad09296047382a04a7e63faddc1ec3a62cb3ed869b4079292e0c,5f0be6bda2a415923837c8e3a3e8546bbd24161512e26cb3ee3276fc6a5ff99a,L2_category_difference_tied_safety_and_severity,12828,1000,0.07795447458684128,12.828,353
Alpaca-7B-train.jsonl,10655,161ee8970c3065df1f44c517c8368b653d287df979abb4251be1be356fa39a41,077160bb93349a6bacde026b84e8d24fc996de7e4084d15e6d8bebe101aaa8f7,L2_category_difference_tied_safety_and_severity,12828,1000,0.07795447458684128,12.828,354
Alpaca-7B-train.jsonl,4355,f530088717dd070680e3fb8f65d2ed45f88f397e1e12ef4f2d7853ca40df4e51,9930004b470d1a3f8315dff70e7d4ff53b050e6495047b5c4da18db650214015,L2_category_difference_tied_safety_and_severity,12828,1000,0.07795447458684128,12.828,355
Alpaca3-8B-train.jsonl,17664,c959274a6a047f8103afa6c44f6a239d0cc54927df605068d6cc85cf7e410eb5,06ab71a03a1ebf53c1bd74ac3dffbfd130ca4450600f7eb222f8ef656c5f774c,L2_category_difference_tied_safety_and_severity,12828,1000,0.07795447458684128,12.828,356
Alpaca2-7B-train.jsonl,21174,152fca515e2148d14d4f0cf78135e02739e5c1e76fda2d64af6944f61b232ba2,1303b299aee28ce8f51c087a0303b75debefdaad05c672d130b7f5a859dd8f52,L2_category_difference_tied_safety_and_severity,12828,1000,0.07795447458684128,12.828,357
Alpaca2-7B-train.jsonl,2158,a844b0c467be0e370f02860a87833d271f1f95b28e7ecb406a2b8a1d2ee6a657,9353789e56667dd451d609be4243abefb039e820f716c3eeb30841ced081d2ab,L2_category_difference_tied_safety_and_severity,12828,1000,0.07795447458684128,12.828,358
Alpaca-7B-train.jsonl,14496,67494f300546a9fbacd84cc3e31c36e56fc94a47f75c054f47008ae91789a85f,1525a1ce1c966977848516bf09f46fded22c820ae2c390139a30e273b01e1f75,L2_category_difference_tied_safety_and_severity,12828,1000,0.07795447458684128,12.828,359
Alpaca2-7B-train.jsonl,21137,90cebde87f31e5b935f1780043c220d8a3d42b3dfa01b434bb39d134d4075f52,1ff6019aaa405c232d6a664e5d349fb3728ac37d2334704825df615cc9dd4018,L2_category_difference_tied_safety_and_severity,12828,1000,0.07795447458684128,12.828,360
Alpaca-7B-train.jsonl,24992,77e709c5848adc06c9e03fad050d7ea62a61638b695f0f9eb4d22fb817f3eb73,7c7d23208f064f8a22f1871c7f084012b0cad496b4ab3f546d8421d4fed24312,L2_category_difference_tied_safety_and_severity,12828,1000,0.07795447458684128,12.828,361
Alpaca3-8B-train.jsonl,1006,02d0ff088c2b1c38323420f3070592788b4086ed9b14222afa2b762a0d766b00,42382c8df5aa55601c6ff230e1067db535237540bbca18ccca0fbbae4805077c,L2_category_difference_tied_safety_and_severity,12828,1000,0.07795447458684128,12.828,362
Alpaca-7B-train.jsonl,19577,db6ce6a055ad18fd9bcbb9127b88cd56050d4055c6d0e3b9dbfa85b0f4e6c1ea,c758267f6cbb49a20007ec9286d8481bad3967f36cb8fa5d2db69ce35afd47c9,L2_category_difference_tied_safety_and_severity,12828,1000,0.07795447458684128,12.828,363
Alpaca3-8B-train.jsonl,4666,4f5a1f6e37e0d5bdc6d22be3ec2f877181d7f21141b34f3aebae53ff76c5c823,814d77ad3e5a944436f18d0dc3226da49e6466589b5c07a155883f6cb047e034,L2_category_difference_tied_safety_and_severity,12828,1000,0.07795447458684128,12.828,364
Alpaca-7B-train.jsonl,14288,8a99edf75fac20afe682de62413d212ddb83f77fd0b5565179b0f8463781f4c8,84a0e759ef195a3bd775d852d9fb727055dbabb0e56fbf604be92fca25133bf8,L2_category_difference_tied_safety_and_severity,12828,1000,0.07795447458684128,12.828,365
Alpaca2-7B-train.jsonl,11500,4263bbfd88ae6d96fd8296987c575c8a07bd82e0c106e779234ce8660d953270,3b9757401b27e9b1dc5e980642f20220892c5d0df0526681a91105f85e72601a,L2_category_difference_tied_safety_and_severity,12828,1000,0.07795447458684128,12.828,366
Alpaca3-8B-train.jsonl,10489,2d7efedf4b167ff868464029047b47c59ad56052c9097596c06ef42111db15f7,c69574fb2502477ed1151a0a59af5acf43ed6fccf3755e9a8d9d7d26dab9be54,L2_category_difference_tied_safety_and_severity,12828,1000,0.07795447458684128,12.828,367
Alpaca2-7B-train.jsonl,22672,9ec1cddc92e1121540947198dd1db67f7aa816704633a480c856be8a4a19f844,edb9c6ab749d9d3e508767c23830d41625c1da5a2c689a092ce6dd64087b7387,L2_category_difference_tied_safety_and_severity,12828,1000,0.07795447458684128,12.828,368
Alpaca-7B-train.jsonl,21101,b429fda65baddc8091b7e681bb3f663da44502398b1d59fd7f8afabc9db50cfd,a4a027aeea44de77a79d92066fc7658ae2eba68366fc84c140a2b1565679ba05,L2_category_difference_tied_safety_and_severity,12828,1000,0.07795447458684128,12.828,369
Alpaca3-8B-train.jsonl,8504,a875b1a1be1590408159e1339a29451e38f619b55be492e5295987df86754b76,a0db3b6d01dc68627c52f68ffc7e31e671a8eeca467b633f22a56994dbaef11c,L2_category_difference_tied_safety_and_severity,12828,1000,0.07795447458684128,12.828,370
Alpaca3-8B-train.jsonl,5889,045251223867d81e0b33d799c5ac0c9456a829238168fccea12a0c0b73e6f565,5b433d8aea873dacad23a6ef9c05ddc1ae564e7dd7d10356bdb0b35c11360f45,L2_category_difference_tied_safety_and_severity,12828,1000,0.07795447458684128,12.828,371
Alpaca3-8B-train.jsonl,6773,e003bf9e06673ebf87beb0098fe9d53e16e84a908cac3087a4b7196eda708f2b,936568408d1eca4a11053df3ba76d8c069536bd852e742cefcbac8b113cc6734,L2_category_difference_tied_safety_and_severity,12828,1000,0.07795447458684128,12.828,372
Alpaca3-8B-train.jsonl,17152,b73ad2b00275546eb45275987b47e4c22e7e79aa4048c539266cd6177793aa52,159cdd13da3f7dfa16f338477ce2025c3b292b93b3e4bc8be7066853d53cfc20,L2_category_difference_tied_safety_and_severity,12828,1000,0.07795447458684128,12.828,373
Alpaca-7B-train.jsonl,6349,d0e8a6f0bc68d9a0dc66f0763e91475a037b321aa896db9e99fa0850028db40f,235683070e7dfff3f22018ec408c6cf5f5124da55c5cfbf8dcf2e3feca5ddf04,L2_category_difference_tied_safety_and_severity,12828,1000,0.07795447458684128,12.828,374
Alpaca-7B-train.jsonl,6823,e23d5b47067b1c5fa51824d9b17934e374aab01aeed4283fa9fe03c892216953,525dd29b96f1ff3117c55efa08f67beafadc3332cd0515329e7cc3dbb9778c1a,L2_category_difference_tied_safety_and_severity,12828,1000,0.07795447458684128,12.828,375
Alpaca-7B-train.jsonl,25080,803550596be2964543c0c7b0d521760b186f37fb9cb493a42eb406a9fbf1e8c6,57d3f2d1500dbf6dd7e2e200d460a96ce5921d0d688cfc785bf3c210e177c8e8,L2_category_difference_tied_safety_and_severity,12828,1000,0.07795447458684128,12.828,376
Alpaca2-7B-train.jsonl,5702,82b287a17ef0c05661a84aed07362406af7d5000f73c6d5ff45b941ac101416a,28aecac4e38c9888cb84ad262268e27b585a2466bb71f9d3b2b036de6c38a6d7,L2_category_difference_tied_safety_and_severity,12828,1000,0.07795447458684128,12.828,377
Alpaca2-7B-train.jsonl,14557,f6a49283614630bb18f120357cc0ae7b9ebb65f5c2009cbd9ad8183cb7d6de47,0ae00358e493792254a00632827622b30543ba06ae756bb3bd90ee337e0c346f,L2_category_difference_tied_safety_and_severity,12828,1000,0.07795447458684128,12.828,378
Alpaca3-8B-train.jsonl,11517,7ec1a84fb4f931e13a46aac915c92714431ce8cb271dd2732cd94a0d1d7a2430,bce110cc0d20e5df19cbadecaf101d9871d1ddcf5c91fc397e09ace0dc2fe857,L2_category_difference_tied_safety_and_severity,12828,1000,0.07795447458684128,12.828,379
Alpaca2-7B-train.jsonl,18284,0b57c4d6f642f8357489f7988276139fd5036519929345a81dc20a5b6e3d581e,8c2d7c1ff4f76e46b7cd97c2cf61e531479301d987c7be7a09a571aa82afd1f8,L2_category_difference_tied_safety_and_severity,12828,1000,0.07795447458684128,12.828,380
Alpaca-7B-train.jsonl,22460,0846dab14c80ef3a6db3cf70b0b4f1493145771bee847d1d7c728be946f9c7e1,d82d2d699caf33ea1e39effb90bc983a083080919ed82021fdfde29600f88978,L2_category_difference_tied_safety_and_severity,12828,1000,0.07795447458684128,12.828,381
Alpaca-7B-train.jsonl,170,205c8de65ee1514bbb16b174eec9b6fdcb96d72828819b9c56e36dbda00b1109,00cb8f0faf33b5b6141d66c246097171f88d871e5cace54ec18558a619268da1,L2_category_difference_tied_safety_and_severity,12828,1000,0.07795447458684128,12.828,382
Alpaca2-7B-train.jsonl,10173,c0678daa41893852314cfa13191d364cdd1339fb365f146573fd255ae1c841c6,a26b6fa35510c45e4196d5eb6dd193a600da17a430a4c731006f9c3ced275995,L2_category_difference_tied_safety_and_severity,12828,1000,0.07795447458684128,12.828,383
Alpaca3-8B-train.jsonl,2618,bd4f22a04b8e0dbad4ca28119664c87deff5ab5f470b10a118c090e842fe25d0,451c372ac67b6445073c28644d3ee55ecd29c506eb2896474cec14a6845e651b,L2_category_difference_tied_safety_and_severity,12828,1000,0.07795447458684128,12.828,384
Alpaca-7B-train.jsonl,16949,6b7c97f7e99143ecfbcffd71061ba5944a829e0997e51a687d4423fbeaf9f36f,2d410640d6f799abe1c07cf881a872853262ace9e109234cf95370bb72573d2c,L2_category_difference_tied_safety_and_severity,12828,1000,0.07795447458684128,12.828,385
Alpaca3-8B-train.jsonl,11841,72647769ab08fc4ba7dc5782381b8d93e1011f067bb3cde905db1db4529eb52f,d7a61a2e0f127e0a28591b7415be5cb6c21c4477d338e60220749df37394450d,L2_category_difference_tied_safety_and_severity,12828,1000,0.07795447458684128,12.828,386
Alpaca3-8B-train.jsonl,9348,b87c5e37baaf343f4b8a9e368ce94dcc5dcd702eba710e4efa339412a22a8702,cc657ad72e8ca6ef169b0f58cab50d89c5bd91051dabc923c1d4a97986eb9958,L2_category_difference_tied_safety_and_severity,12828,1000,0.07795447458684128,12.828,387
Alpaca2-7B-train.jsonl,15396,6fb9be1823a44174f3ae0fe77a40bdcf39711eacf7ac574e2c2a5866c23e3fce,853d823dd649b0e360662a2e74f9440b77e914a3964a6e958b3863b296602ef7,L2_category_difference_tied_safety_and_severity,12828,1000,0.07795447458684128,12.828,388
Alpaca-7B-train.jsonl,10926,f8abac660d40feddfe2f7febdb3d09c5cef6ffc49a6cb7b9996eaebe5cd94eab,025e5b872b4a1e6446d4a819f971630e48f51ede06176b96daa02fef7ac116a1,L2_category_difference_tied_safety_and_severity,12828,1000,0.07795447458684128,12.828,389
Alpaca-7B-train.jsonl,21518,9b46beb1ad198948c81e0e79f0fef3fc532f6d3288d7225419a4b9896009d0e8,bd379605cff8a3fdb528f51c7128e30065fb6ae469804970e69b732c962b9b2c,L2_category_difference_tied_safety_and_severity,12828,1000,0.07795447458684128,12.828,390
Alpaca-7B-train.jsonl,23396,3541b4b5fdc5e48f2f1e9bdabf3387a0e45a3a9a9f5d9e20dfee6af807835086,7d2afaed691340d79c7c6d2c8ab95b380f106b7fa221f353707eee165cbdbccb,L2_category_difference_tied_safety_and_severity,12828,1000,0.07795447458684128,12.828,391
Alpaca-7B-train.jsonl,23274,204f1067edfa18ad32337be0b2f8277c54f7e540c8e336a0809084a487693832,db76064adafdb2da0f9ffffb821ee134d6e935a6251f5be4cd11131939465f0b,L2_category_difference_tied_safety_and_severity,12828,1000,0.07795447458684128,12.828,392
Alpaca-7B-train.jsonl,26755,18d912ceebc67a3b7b44e83c1ce565ac8f1e05a9486c9cb8c5c94bf9bd65c533,43f9b2552818b631bd9e0da7646b7d80df218c518622fc4e87b9d06d1fd61cfd,L2_category_difference_tied_safety_and_severity,12828,1000,0.07795447458684128,12.828,393
Alpaca2-7B-train.jsonl,77,9179e873d15d8279f97306190e412dd1e3d3fdc2a6e489374ea491a70085fe5a,4ade160454baec69cfc78aff06001faca9024dbd9056484df8780c6e625ac2c1,L2_category_difference_tied_safety_and_severity,12828,1000,0.07795447458684128,12.828,394
Alpaca2-7B-train.jsonl,11801,6c1e940370583ae81a564297059842e5a107105e0ffa3e38348cb508891eb5f7,6d6cbe7e5cb4339c4432016743cf104be2a277dded793ca067261598c198d8db,L2_category_difference_tied_safety_and_severity,12828,1000,0.07795447458684128,12.828,395
Alpaca3-8B-train.jsonl,14241,68dce67ca7d75bac73c9f3224e44ea537c57ef46cee2c33e1435f7e702381b8d,278f0dded89bf1dddbaa5b8878dc43de57c820f15792e80685579b868b634a1b,L2_category_difference_tied_safety_and_severity,12828,1000,0.07795447458684128,12.828,396
Alpaca2-7B-train.jsonl,11768,f9df1b66d6e31bcd34f68bb583f4fbc10a96c1e8f8003d442a5b4151ba686fdf,507df4214821bc07895659d8879a0ef9e9c296cce66b3b9d27431c71bd31b109,L2_category_difference_tied_safety_and_severity,12828,1000,0.07795447458684128,12.828,397
Alpaca-7B-train.jsonl,18138,83e7bf4a086104c5a61428d0e800ccfaab205f2d46a9f2b41cdac92adad2c45a,fcc1e26820381252ce7833671d455e4304e4b6834283002ee455f907cce4bbc7,L2_category_difference_tied_safety_and_severity,12828,1000,0.07795447458684128,12.828,398
Alpaca-7B-train.jsonl,24579,96ea75ff9d4846ade213c24cbf95c688dc6fa7fd793bbfdcb2fab2fe041383b8,c8785f4152ead025be2407cf9a42ee14573f46c437c9b33f10d5a1531df9711e,L2_category_difference_tied_safety_and_severity,12828,1000,0.07795447458684128,12.828,399
Alpaca2-7B-train.jsonl,6399,29f57a276c063aa7308a7d44cc907ef0798586db9eac77ef7c28fd8e4640e096,10a09672d6bc378565ee7376189565b09e55c3f298efe017566cc1e72678d994,L2_category_difference_tied_safety_and_severity,12828,1000,0.07795447458684128,12.828,400
Alpaca-7B-train.jsonl,416,0ba4b6583e85ac5bc64818163053081fee62b4d120a46cc89686164389eb1447,69340c93adb4a4be54c07f4afddec18429d623064e9ac02d62544ce9edb1def6,L2_category_difference_tied_safety_and_severity,12828,1000,0.07795447458684128,12.828,401
Alpaca-7B-train.jsonl,9597,07fed023fa4f94a43c6e66ffbd8d6997985db13892809ca57f1770c324a15dcc,0d086d427d53cf07b5c9a2f39a0de85b4468e28eaaf739d228bb6cc9eb8aba75,L2_category_difference_tied_safety_and_severity,12828,1000,0.07795447458684128,12.828,402
Alpaca-7B-train.jsonl,12125,9a31b70243702d02d11828969765c164dbcc27f6d9eefaac1c9798b5510cd65f,df303ae175e0b1123171716100c429e8b728edfd85a1055ddccc5e3978461aba,L2_category_difference_tied_safety_and_severity,12828,1000,0.07795447458684128,12.828,403
Alpaca2-7B-train.jsonl,19194,0ca8e1a9fd643ced234ae560f9f8c951e5f333f42aa62001557ded6ceaf13d91,621e43732733ae149b2aa3496d0410cc2fa05c484c48e2b8143f83c5c687eafa,L2_category_difference_tied_safety_and_severity,12828,1000,0.07795447458684128,12.828,404
Alpaca3-8B-train.jsonl,8925,7c3b34d04d75a82cb91c2e6f54c72cebf0e903d8218dbc80c20d5eaef40ab5f7,28b8449843bdbdd94ca3e38c07be6d0e77245d3277bb0d458680c5d28aebce15,L2_category_difference_tied_safety_and_severity,12828,1000,0.07795447458684128,12.828,405
Alpaca3-8B-train.jsonl,5800,73e14adad6f7df1c2a234b1a27de00f24121fc3d485c7c401e745fa9c08dc3b2,5ff3a19c5b397d00b9fc33a273e3909d5496c4b753cfe1649ae5453fa9f1d672,L2_category_difference_tied_safety_and_severity,12828,1000,0.07795447458684128,12.828,406
Alpaca2-7B-train.jsonl,1378,afdb461da2a039d2fd5ceb9ff4b21e1682fdf228bacd068534cf8f7272d24b3f,3c3ff577d3d329a81aa15aec86e1295f18e46a7f296fd28e1b032efd80ffe85a,L2_category_difference_tied_safety_and_severity,12828,1000,0.07795447458684128,12.828,407
Alpaca2-7B-train.jsonl,6518,738efd6d112c5b0d15d26a9222add37df59af8f33ff72f2551582fd07e102c7f,36d2a995a5435e247ff897250281c194456085fdc2d8f8614bd5483041b08863,L2_category_difference_tied_safety_and_severity,12828,1000,0.07795447458684128,12.828,408
Alpaca3-8B-train.jsonl,16564,27ecd1695b5f2747d521dbcdf385be8dc3df16370f8fd20f51cef3b7ebc7cf81,af886991585af54197698ca78d800916df4686b4fa1a83fd8ef9935d85adae1a,L2_category_difference_tied_safety_and_severity,12828,1000,0.07795447458684128,12.828,409
Alpaca-7B-train.jsonl,22804,49acb8cf52443c1afa127a26ac81278e821e0a8f15251ecdd9ace58b500b83f0,ebd62b0d543a34cd614b88c3fe89bfe6e84e17b71e30457869c0598287bc7c5b,L2_category_difference_tied_safety_and_severity,12828,1000,0.07795447458684128,12.828,410
Alpaca3-8B-train.jsonl,20739,c1a477d16e6138809edaff5c81486870e7aefdfdde0811753aba5b5ee9dd1388,f9b2dbf52db89c31d677aa2ad6402489f4498a40b559f09e08d626639a650ff7,L2_category_difference_tied_safety_and_severity,12828,1000,0.07795447458684128,12.828,411
Alpaca2-7B-train.jsonl,2039,bc53dbb1cc2809d6f05344a28b1de9ef74e84d0d638a350f707c00c5fdcf7039,195439d6d7aea21f24764b2ca43dd1cd14642cc2518c17d4f9ace1bad8478b78,L2_category_difference_tied_safety_and_severity,12828,1000,0.07795447458684128,12.828,412
Alpaca-7B-train.jsonl,26564,34fcb84e494a5b7f4db32d1c6c51d9456745441900a28360f9ccd65babc27e8f,a1e07e7508515d4979dbc50e216d2014a235cb7ea164ccb72d7973f2b87ac49c,L2_category_difference_tied_safety_and_severity,12828,1000,0.07795447458684128,12.828,413
Alpaca3-8B-train.jsonl,10141,a15a601f75a1ce1725f228e94f1674840c393a341269f546e5c6d522923cf963,667eea1b4fe1a9746b127f24ad1220c1991da31d1471c9f3858e2b9379059a14,L2_category_difference_tied_safety_and_severity,12828,1000,0.07795447458684128,12.828,414
Alpaca3-8B-train.jsonl,3476,171e79cae9134122045a2b4d5edd6eb282ae6aad8803e8fa38c1aaefe48bba49,75c127daf70f1f981457c9380bd469d2af8793a1eadc8bc29a1248931581b6d9,L2_category_difference_tied_safety_and_severity,12828,1000,0.07795447458684128,12.828,415
Alpaca-7B-train.jsonl,5347,659a65dad43b6cf643eef2ec9d2a70be9c2c180dc5fca87a6f8b2b86544aec2d,b6574f11ae525a87c797209ebd619a7b2508e9fce15fc0a952141e9347b52af8,L2_category_difference_tied_safety_and_severity,12828,1000,0.07795447458684128,12.828,416
Alpaca-7B-train.jsonl,12290,7992b92f871c8d712c450ff56daa2df54d367c0213375d69c90207f8968d9617,b1da11c525d21cdefd05373dd4be0fa5fd9ffed227422a30204598e559d06be7,L2_category_difference_tied_safety_and_severity,12828,1000,0.07795447458684128,12.828,417
Alpaca-7B-train.jsonl,12746,d48bd9295c1e675849e2e375a7e7484c78e8ae02fd421f430fb3d1614fa796c4,c73fb143f9bccf73c1e9b65790f4a14ddfa4fbe36305bd8422499760361cc320,L2_category_difference_tied_safety_and_severity,12828,1000,0.07795447458684128,12.828,418
Alpaca3-8B-train.jsonl,7974,7d4ba38e2d1fedcb6e31fbff5c8db5b0147975eb0369b3983a929b01c5e9a56d,e221b82b6f823de4e4beafc8bf54f54f4d44a94e6a676b8c23a9b3b323453d84,L2_category_difference_tied_safety_and_severity,12828,1000,0.07795447458684128,12.828,419
Alpaca2-7B-train.jsonl,4964,a521206cc7e433da5032ba1ae724f8a5849b65f93443e17660c806a9f2cdddaf,c23ad3f2cbd508da2be8424cfa94d4c06b226d264872a2479f31c2a914c39878,L2_category_difference_tied_safety_and_severity,12828,1000,0.07795447458684128,12.828,420
Alpaca2-7B-train.jsonl,5717,4d6e525b02de222b4ed5c333dc0b4cad5f392ea369a2ff4a9e7074163b12377c,ebd74953d33d7da8e8304995b3a126e063668c8941768364289f6f2093e94c11,L2_category_difference_tied_safety_and_severity,12828,1000,0.07795447458684128,12.828,421
Alpaca-7B-train.jsonl,25162,2b4ac0498c6b41725f5300cfb5da468748d96bb9a42342d3b4952b43ce6e019d,1504ee0c7add421f92c06c559e512fba850e066a93fa5852cb3a725e8d07003b,L2_category_difference_tied_safety_and_severity,12828,1000,0.07795447458684128,12.828,422
Alpaca-7B-train.jsonl,13308,4d41ae95c3d62d68a3ad1a491481f4e8e9b90d29c14d867e8f6ca7c5759b8afd,b9cc11cdd7ec0eb2f7164f746f8239d0a67d8e7cb7ef2dfce6ed403f20d2d76b,L2_category_difference_tied_safety_and_severity,12828,1000,0.07795447458684128,12.828,423
Alpaca-7B-train.jsonl,2671,9ced0bdf877d0a333e719bbb4fd7b9f867fde4e4dd4a595c33d71dfed307bbc8,4c442796eaf5ff47689b2e066345175b80c6a86fde8f78e3ccf895a2904d9823,L2_category_difference_tied_safety_and_severity,12828,1000,0.07795447458684128,12.828,424
Alpaca3-8B-train.jsonl,18926,955add81124d88c436ef0082079676cf43a39177ffda78c7650c70497d6aa828,3bb191fc50b208649838d32c921835a114fc2fcd1de20c80751f25ac07ac201b,L2_category_difference_tied_safety_and_severity,12828,1000,0.07795447458684128,12.828,425
Alpaca2-7B-train.jsonl,12301,5bc0f10fd02476ad93fb48fad0af3e062b41450a1b717d6d615782b8ffb73b0b,01079b0747b6f12a09f90f4098410781d4b58674f044236e62988a3f9512e125,L2_category_difference_tied_safety_and_severity,12828,1000,0.07795447458684128,12.828,426
Alpaca2-7B-train.jsonl,13526,99408e91097a685b2bbfe4772f63e3ca143e9ca5a5a34d94772da5bb27938e19,7226588c7c7e943c5304536b6a33bf1d7d3c1b13b75ae599d737da4129e617f9,L2_category_difference_tied_safety_and_severity,12828,1000,0.07795447458684128,12.828,427
Alpaca2-7B-train.jsonl,2226,67faa4ab13b48d3daf8b82da34d3e9c5b010ce3405c3d92f87f96d312e5b8667,311ba72e8777495cb9b2db9aeb3b52eb4978b46e4d0c1264b4090ef7f3e49906,L2_category_difference_tied_safety_and_severity,12828,1000,0.07795447458684128,12.828,428
Alpaca2-7B-train.jsonl,23672,82b823390d8f722ea8b7f35bf934445d63461186e9aa28ad07bf4da58d6011d1,402e4c7f495374fc6cf842d433c4f80858ba53deaac0951575bbc34ef596ca5e,L2_category_difference_tied_safety_and_severity,12828,1000,0.07795447458684128,12.828,429
Alpaca3-8B-train.jsonl,17144,2ca360f909e21f9752afeef99724b7d8c4a09222c54d615e56c751d13f7decd4,cc8742b19a05114f4f6755fc65f0dea61d6457681a08ce1da4b0ba7986dd1f8d,L2_category_difference_tied_safety_and_severity,12828,1000,0.07795447458684128,12.828,430
Alpaca2-7B-train.jsonl,15940,93e03a325954429c8f2fa542a5448a4c9720e9173a872319b5ac1fd2e4aafedc,4af52118efcb6f85b7dfbdcf5e52d8107b1aa3689b1d689c4da97e474f603dd2,L2_category_difference_tied_safety_and_severity,12828,1000,0.07795447458684128,12.828,431
Alpaca-7B-train.jsonl,16218,a6acf3ab12f6cec341eb590c9f83f2e66225877c5faae08d6f66651c8157c58a,1057cdaae6c33f125abe098a7e44fd1dbd5342ca072a5f38fdb39437080844bb,L2_category_difference_tied_safety_and_severity,12828,1000,0.07795447458684128,12.828,432
Alpaca-7B-train.jsonl,21073,7f0963b52598b1cc5f0390207b458801887da99e2ce98b512c80427a9794a1f9,d64fe1b96785d69613227c0909c68f641180ae6196254ba34d66fe2130da9131,L2_category_difference_tied_safety_and_severity,12828,1000,0.07795447458684128,12.828,433
Alpaca3-8B-train.jsonl,5308,b11507f3342d50363152bc58543346ded26acf35b10d05e2933a6675402daccf,f8c4a623063f109499a7210df5299f68ba9b5519aaa5c2900769cda7ad4516c8,L2_category_difference_tied_safety_and_severity,12828,1000,0.07795447458684128,12.828,434
Alpaca-7B-train.jsonl,15021,01ba9a2ebcdd3d55cf799717dfe8e7d2bdbe3c48f1dbe8aa6cd823799495e6e8,67fff5bbd5846237858a7124f559b004278b356830c101b4a2e21eb0f40d0c71,L2_category_difference_tied_safety_and_severity,12828,1000,0.07795447458684128,12.828,435
Alpaca3-8B-train.jsonl,15975,966969797c882bda7a057fd919ddaa78780583626a0dfd454388109611cfc402,c23569d85fa364a98f24f3cce3e1d137240c4a23514219adc7b2a8574bb3456f,L2_category_difference_tied_safety_and_severity,12828,1000,0.07795447458684128,12.828,436
Alpaca-7B-train.jsonl,3721,51ad8eacbd4ae0b2ae8b1988b41537c96617d49e492a06a029276272ff13f09e,bd81dd6a2f92ef33b7a9f4bca17f4a23dad10351f41dfb0f4bc9434f88b39772,L2_category_difference_tied_safety_and_severity,12828,1000,0.07795447458684128,12.828,437
Alpaca-7B-train.jsonl,8681,980d601babade8f39e038437ac61dc9eb4297cf787fced63d20e9ff8edc3a904,de63a02b0bbdc59308acfa129542597efae6215134bdd16b3f894e7da2e6c040,L2_category_difference_tied_safety_and_severity,12828,1000,0.07795447458684128,12.828,438
Alpaca3-8B-train.jsonl,14633,b15f9e9c58e53dcf79114dc7c9ddc78ef5a3a64a23dfb87e77d975662a5a83dd,7c51dd8c4e5754167356ac1d83ba9ef76dab0d57aaaf3475cdb82bd13e6168dd,L2_category_difference_tied_safety_and_severity,12828,1000,0.07795447458684128,12.828,439
Alpaca-7B-train.jsonl,2956,7ec64b8257448eba7e841d68748badf898434e4f0aae3dda8678fdb032a1528d,14e6deb1269bede802ce8503f7ad7ce21ac6ea03134bb943dc28e3c797841cb6,L2_category_difference_tied_safety_and_severity,12828,1000,0.07795447458684128,12.828,440
Alpaca-7B-train.jsonl,19692,7f93fa49a58f3725bbf178e7306bfb61c47857c4ffad72afe61ee269ad15089f,9c502f42ae9ff861056dfae1f555146238ef3892745703f52f95702135e8e44c,L2_category_difference_tied_safety_and_severity,12828,1000,0.07795447458684128,12.828,441
Alpaca-7B-train.jsonl,15708,58553510caf831321e2153aa00a05d471e6c22de314f3650046718d1281f7eea,bd6f1bfcd4cb41a760dc963d638c1b2984f404ec6b90a09f4197327ae97a9ac0,L2_category_difference_tied_safety_and_severity,12828,1000,0.07795447458684128,12.828,442
Alpaca3-8B-train.jsonl,16858,e698bf5451e53ebd63be1ffeca737c5c0a57793d1552152f06de73792da43053,2ec2fade8e77eb00583c18e6cb3efb4a919201ae86a1f107b58be1a3931c8e58,L2_category_difference_tied_safety_and_severity,12828,1000,0.07795447458684128,12.828,443
Alpaca2-7B-train.jsonl,1353,6788271d6b8c2bbc812b8d3c9c1addc760f19b079715f5880ef83e49f5f5874b,bda053e89d7252d0eb46a24f8a322e64c2b65ceb77cbac535c18f101fe74bfb6,L2_category_difference_tied_safety_and_severity,12828,1000,0.07795447458684128,12.828,444
Alpaca3-8B-train.jsonl,19470,39c212673c33226abc82cf927db8bafe26d4d0dcb348f46662e9fbbe8fe965e3,b6f7863b6d3b0d4d0b1ca527afa341b9d8d9755a1298fc86ce2c24991822150a,L2_category_difference_tied_safety_and_severity,12828,1000,0.07795447458684128,12.828,445
Alpaca2-7B-train.jsonl,3335,e1c69322b95bc234ebc0eb01fa3ea04e6da3752f49673fea64465f6704c80ddd,b0eb83237e3a71e2fdde577e7d8e0c8ae674185d54016efb9ac077dcad036ad4,L2_category_difference_tied_safety_and_severity,12828,1000,0.07795447458684128,12.828,446
Alpaca2-7B-train.jsonl,7273,8d17e249baffaca0155ad35a5040c38d44226ee54382be0292bcfcf8f6e21827,f8f90bd4a41d9adc7eab59ff110266923884b519c2f001116f68752f70de173f,L2_category_difference_tied_safety_and_severity,12828,1000,0.07795447458684128,12.828,447
Alpaca-7B-train.jsonl,20762,6dad1525ac7cd44d27e3f978e6883aedbaf03e42e33b1846f7d3c76a98634b16,29005d827d9bc933ded73853200a7fe4b931fb50f61c41ea1433e05a4e3b36e8,L2_category_difference_tied_safety_and_severity,12828,1000,0.07795447458684128,12.828,448
Alpaca3-8B-train.jsonl,4454,cc38084b69dd54b9f7c3ccd5681c44259c153bee07a091318236c94754745c5d,07806cc3afc92c5bd18784c118a43856e464229c7e48dcb6141c1178dc9fec4a,L2_category_difference_tied_safety_and_severity,12828,1000,0.07795447458684128,12.828,449
Alpaca2-7B-train.jsonl,15705,e692c6b450505e6135393708c7f07255c03a3f10bc2ca11774e5c9a3b67371bc,64786e5c0bde0f61fc8c641a4549d68f05aa909e8fe13afba43f6c8d0ea84a3b,L2_category_difference_tied_safety_and_severity,12828,1000,0.07795447458684128,12.828,450
Alpaca3-8B-train.jsonl,5205,8f3b0d444fd360bd11af6efe723c41c2638bf4eab4abad971ff75bd2a56fa335,80cad1a19d5080f3d63775e08cb6172d32d69f1632f8751a021fbd1b7fef5334,L2_category_difference_tied_safety_and_severity,12828,1000,0.07795447458684128,12.828,451
Alpaca2-7B-train.jsonl,4099,45063712b0534d503bd5615af1f375fd1c1ad8dbb63be54ad6a6055690d49c60,1cdad203d3a3fc968c8f2f767219e7255a676647d0066de271747882251d9fac,L2_category_difference_tied_safety_and_severity,12828,1000,0.07795447458684128,12.828,452
Alpaca-7B-train.jsonl,12474,8e8b07a143c612c55367e57be58c13e71fc2cf0af720c60ed7b39876ddfbdedb,1acce35115236354be1cab37fa52c9909c12cc51cf1a0f7ee286964f1b169b8a,L2_category_difference_tied_safety_and_severity,12828,1000,0.07795447458684128,12.828,453
Alpaca3-8B-train.jsonl,3453,4da1790d45b2e17cedbb4f253a0518507f4c714a7c4b1a83138885d779d8896f,136ba1f7ada08b70e36877b99eea2260fb784301a9a012a7487193d728c56556,L2_category_difference_tied_safety_and_severity,12828,1000,0.07795447458684128,12.828,454
Alpaca3-8B-train.jsonl,8725,f1a6b4dd79a718611d9e54546312782a8c99d08d9d848354fc6add20f7649298,ba406eca672f0ad9cc2a99fd27031606505bf64e530113469090fab8b3aaf3e9,L2_category_difference_tied_safety_and_severity,12828,1000,0.07795447458684128,12.828,455
Alpaca2-7B-train.jsonl,11578,6fa281f728879e75e00b41168ac63bca4ad94504d87b0d44f1d6fe9c9f923154,80ebd3af02fd0210b6cdd934decb4893640c59f9f9f3b5f230e6822d59716a39,L2_category_difference_tied_safety_and_severity,12828,1000,0.07795447458684128,12.828,456
Alpaca-7B-train.jsonl,25737,9ee5c662a8586bebdac71b35ef9a07a372cfa85a17588c0cc590ab3e43ad4333,57f4a8c17e3e373342cc5cdc62ffd62d438f263398867141e1f8b37c72fafe7a,L2_category_difference_tied_safety_and_severity,12828,1000,0.07795447458684128,12.828,457
Alpaca-7B-train.jsonl,12505,b29df31fd8a0aa3ab792123b54787fd4de32b37c1f3b118cad0b14150c66a762,487aac63f669df1ac7d58780d8d34174c80264d6997e132092d84fa2e13c724c,L2_category_difference_tied_safety_and_severity,12828,1000,0.07795447458684128,12.828,458
Alpaca3-8B-train.jsonl,5905,87a3254dcd7ac375880740d68bfb407a41e0399bb50eb37aa895f2eb436b41cc,5f7c2023eaa0a0482120de66bdecb0b52b2813a8412551cbb830d406c0c52d6b,L2_category_difference_tied_safety_and_severity,12828,1000,0.07795447458684128,12.828,459
Alpaca-7B-train.jsonl,26942,800eee8dcc6b4e3cc2994d0166da64e207f7629a8d7f7dffe69290785b7e480f,7fbfc3bbcd337fc7ab8f08563fe1c5633aef1d4a68316ebdafaae606033b8272,L2_category_difference_tied_safety_and_severity,12828,1000,0.07795447458684128,12.828,460
Alpaca-7B-train.jsonl,7011,9d459231c9d048f863f7807037523a0545bffbb0c69042fcd5598c945c7d3658,7950e884cc581db2383243850a37a2af33a7559d303ed1b7dad596861defcb86,L2_category_difference_tied_safety_and_severity,12828,1000,0.07795447458684128,12.828,461
Alpaca3-8B-train.jsonl,5250,dd57147fecaff39583ee219b993869c7e6eaeab8f84d2da504b81076d9e950e3,69057f92fa126e43b1b0f91fc091250e6ce4845194e294a9310bafc486881918,L2_category_difference_tied_safety_and_severity,12828,1000,0.07795447458684128,12.828,462
Alpaca2-7B-train.jsonl,8103,a0d11c34123fdda79f51f9a2c73cb083217cdabacad59f1b0fb8374d7951328b,b31dec8009d01c913f0e9b32807cad3c8a705e0680844eac3bcc2112afd14edc,L2_category_difference_tied_safety_and_severity,12828,1000,0.07795447458684128,12.828,463
Alpaca2-7B-train.jsonl,6970,f5c7f9ea3986f24a1729ee48a1a70436a90266062122d779c6b766f372435bfe,7e06f454014d1feacda0f26b4abccaad2d92546db6477f09fa08e96eb71f15cd,L2_category_difference_tied_safety_and_severity,12828,1000,0.07795447458684128,12.828,464
Alpaca-7B-train.jsonl,1107,c24c959ad8ea1005d8447a1aecb735127d605dc3fc269898220f9475545302b8,48a65592c69d6cf09d980beb531de2baff034aeb278210cf72827ed83b77a1c7,L2_category_difference_tied_safety_and_severity,12828,1000,0.07795447458684128,12.828,465
Alpaca3-8B-train.jsonl,6171,59953f26c8f3353b6af0cec427c3c8a4f996f781952daaee8c5634c2c194ac1d,9185fa3cd154e9f45f487cd8aaed675b472e544597106811f7d7480b233df403,L2_category_difference_tied_safety_and_severity,12828,1000,0.07795447458684128,12.828,466
Alpaca3-8B-train.jsonl,7006,7f146ed2fb79934a1cefa10afa95c0edeb303e86380993cf584198e248c4492e,150550ed6b259986a7130d711f4571f8c01e96a2082643450376773a0705570c,L2_category_difference_tied_safety_and_severity,12828,1000,0.07795447458684128,12.828,467
Alpaca3-8B-train.jsonl,10571,aba6b6d7b7453001a53aa05996ce992f3936e75997b4efad086e1f4bc3a80562,3a87df88c337c012a520511cfec4e3ae75874cd778047d9639e950964f963590,L2_category_difference_tied_safety_and_severity,12828,1000,0.07795447458684128,12.828,468
Alpaca2-7B-train.jsonl,4849,4e7a8f706199fb40b626768f8d650a01bd5593a7457af85337a3404b564140df,eb206461a1dca7ec8a77d62b9fde9869b3a28e910dd29f72bf83f0a37199fa9a,L2_category_difference_tied_safety_and_severity,12828,1000,0.07795447458684128,12.828,469
Alpaca2-7B-train.jsonl,10046,0fd8c272594787bd2d5aa62f68b7fc10541e956a329c2bbf8922cd8a0b3b4d14,b8755b6c41c0ae1a407ce1e646dd640e28f6cb78289fa2d27f49a30d5cae2157,L2_category_difference_tied_safety_and_severity,12828,1000,0.07795447458684128,12.828,470
Alpaca-7B-train.jsonl,8019,0a2c9f3467a490442015e0d6ca56908aaed566dc428b4413d6bca60af0353bc7,ffb0078e43ceac852e153c0763317b3d1c8803e7d9d05b1cfa9605aa1344af93,L2_category_difference_tied_safety_and_severity,12828,1000,0.07795447458684128,12.828,471
Alpaca-7B-train.jsonl,10674,4dcfca8ac0836d379bb526af6d2c02b331f3d0b8f13e516d5db75a3ffd5c1f44,dce3134d16f92cf24fd34ce3ca36e7d9853bbfcdb640e17260ce794b6282f6f0,L2_category_difference_tied_safety_and_severity,12828,1000,0.07795447458684128,12.828,472
Alpaca-7B-train.jsonl,24331,43ea110b322355c4ff5f4f0428c55dd0680c00101f370e6a053abe54ad70de50,b93ddc624d72102dbbd3c71a94366778dcab1ab21707d3ee0261bdf6fc7ec330,L2_category_difference_tied_safety_and_severity,12828,1000,0.07795447458684128,12.828,473
Alpaca-7B-train.jsonl,12079,a41a01230357ad2f4a1e93fdd1e7d8635fee6809e5b26c78dc05a3454b892906,ee079ec64bf92354d3c4d006f1a381047fb8417263ca8c1c86c652610e2c812a,L2_category_difference_tied_safety_and_severity,12828,1000,0.07795447458684128,12.828,474
Alpaca2-7B-train.jsonl,22464,b2c292c12d02100155506b3bddace9fb96ac4b0ec18c083b1556bd4eda265b2b,55331a29e708128fbac854551dfd980c8b05499014a3c1d3072740c95e45fd81,L2_category_difference_tied_safety_and_severity,12828,1000,0.07795447458684128,12.828,475
Alpaca2-7B-train.jsonl,22146,0371b4f363b198a764cc694ca6a6e78d4f25eb0207557fe0dcef8854863d9f19,5e6fd3d92ed6f870469cc1452542c45e96b3bfaab61ce31e9d5207a44e9e2808,L2_category_difference_tied_safety_and_severity,12828,1000,0.07795447458684128,12.828,476
Alpaca-7B-train.jsonl,10134,3a62f8f60b5b32f0932f0e4f708537e2ee4f254de81e0268fe303e97b4f99935,4d57208eba1a17082bc175c757d8f2985fdb85f1a407aaafe4b9f8542f4741cd,L2_category_difference_tied_safety_and_severity,12828,1000,0.07795447458684128,12.828,477
Alpaca-7B-train.jsonl,610,7be1a8367789caa2841d3c5b53334f31b615b59a60d0455864174997633354d3,4af696bf2fe6983e4b0c33574c24973afd0144d5f3527b981343c80621b25693,L2_category_difference_tied_safety_and_severity,12828,1000,0.07795447458684128,12.828,478
Alpaca-7B-train.jsonl,20011,5b8a3d234492791cb6329d254ac0323dce7b36f44b5ce6c54614bd2ed7b0ae17,cef16935cf28d8056d851ed1c21b5fab1c17da42687a352c51576ba85c08ea0f,L2_category_difference_tied_safety_and_severity,12828,1000,0.07795447458684128,12.828,479
Alpaca-7B-train.jsonl,12164,d0f95642d226b7729b6cb026a5cf94ed9a97ca677de9b58203312abf5d22e222,424b0f75a6a7cda71650bbed2b5b3ed19228a31767ea51def8c4ca423723bb3e,L2_category_difference_tied_safety_and_severity,12828,1000,0.07795447458684128,12.828,480
Alpaca2-7B-train.jsonl,12195,eea43d4fb93d893670e999535369f1cf9effa4ffb8db18020c21a527569ddeba,519f63822e7ef2ec9569acbd943fd8cdb61cc8a5f7b7b266d5ab75adb70b1fc5,L2_category_difference_tied_safety_and_severity,12828,1000,0.07795447458684128,12.828,481
Alpaca3-8B-train.jsonl,6182,045e64d7085e7679c4a5c1e301a4390ee8f5b58ead8af8c455c74314d55f06f6,afc46ae8bfd2924da9c71dac5ecb1c0c0b3047b2000ad07611d5e766934ec362,L2_category_difference_tied_safety_and_severity,12828,1000,0.07795447458684128,12.828,482
Alpaca2-7B-train.jsonl,23392,1dcb59f5d1641a7a5a8f1388a4fc27373933e87a02de13b6de2ec3ad4ad6a44e,e873252aa3856cbdc90bb815ae58f2a0715652973cee2dae42cb6a49db7fc396,L2_category_difference_tied_safety_and_severity,12828,1000,0.07795447458684128,12.828,483
Alpaca-7B-train.jsonl,20752,a5ecc25415a484c07af1087a8a10f7f73b66054588d26f74980bdd44296f7794,b0a2cdeec56e04e22ea10b2d139a0844fb4fd13d2ac04aa34968acd46b244ab5,L2_category_difference_tied_safety_and_severity,12828,1000,0.07795447458684128,12.828,484
Alpaca3-8B-train.jsonl,16314,2a37882fd1cf96428273a9ddd6fbaa03479c7e7edac5ec9655f06126431c758f,c597b2573b66ec21465d29b0db0cd18216c9c2495bff33a774de240dba9b764f,L2_category_difference_tied_safety_and_severity,12828,1000,0.07795447458684128,12.828,485
Alpaca-7B-train.jsonl,18528,f2084bf26af34b789cbff1268783ab7bff9d678fb4ab9386ac73fa5e82e6a213,c85c19edebc9531e18ea69887e9234ae771e2cc1c96b84e0fafa6ac439c669a1,L2_category_difference_tied_safety_and_severity,12828,1000,0.07795447458684128,12.828,486
Alpaca-7B-train.jsonl,17393,26a9939cd4f8b7c619c8f0fe7ca765ffd22332fbb000e23bb7b92c7776ae0c4f,59a66af9842e41ceb752d979f71d26b53e4ec09f64f864d2e9c1c00b5f53090b,L2_category_difference_tied_safety_and_severity,12828,1000,0.07795447458684128,12.828,487
Alpaca-7B-train.jsonl,11707,e9ed53ad27f44daa6e80a5bfb0a5421726cea53d049a5b37dd5864f413c1c43a,950f3c960b6c14b6ddc2aca38609f5af70430f9b55d2e97513bde74a321675d8,L2_category_difference_tied_safety_and_severity,12828,1000,0.07795447458684128,12.828,488
Alpaca3-8B-train.jsonl,14760,f61472edb2b34309f6a70d6f982e5a39d967734ef2646dc3c27acf798c68bba8,cb3dfc9605260931a743a27083e3c7a225ed5e57d7b4678d666c6b5592d1bb3e,L2_category_difference_tied_safety_and_severity,12828,1000,0.07795447458684128,12.828,489
Alpaca2-7B-train.jsonl,19403,848d063e911788afcbac91421759ad78b24c98459d2b17051dac22fc2cf534a1,a000c515e2b0895b609e185a26eaa6d9ea7368082f1761446f2e5d25f87a0654,L2_category_difference_tied_safety_and_severity,12828,1000,0.07795447458684128,12.828,490
Alpaca3-8B-train.jsonl,13977,7b7f9391d6ea36bfdf810f1279fabe2f582c0be87f9722d972ef1b81f7f50b63,3d3ec0f6903aef671203871158533abdbcbf9c6cfedab3d71a699a1f30ecd142,L2_category_difference_tied_safety_and_severity,12828,1000,0.07795447458684128,12.828,491
Alpaca-7B-train.jsonl,24798,3c70015f7fed10264cd73e02f13b3524140a0f467d28ae05651b3cbb212ac309,3fa626026b1bba0f12806f57da9497852716ef42fefb2aac0f2a783aff4a62ff,L2_category_difference_tied_safety_and_severity,12828,1000,0.07795447458684128,12.828,492
Alpaca-7B-train.jsonl,21417,38d18019bdf1e80801eb0be1150cefeeaee2f726877141195b86c8cb28c54e78,b781564a6ee7854833520c9d70238da125d10f6decd31c4971b43d09d6d003eb,L2_category_difference_tied_safety_and_severity,12828,1000,0.07795447458684128,12.828,493
Alpaca3-8B-train.jsonl,2005,171e79cae9134122045a2b4d5edd6eb282ae6aad8803e8fa38c1aaefe48bba49,2f271c5f6ad9e03f122900ac05e12e5f031edfcfd83086f952598467705197f9,L2_category_difference_tied_safety_and_severity,12828,1000,0.07795447458684128,12.828,494
Alpaca2-7B-train.jsonl,18085,0d484e14d544e994e9276c44316eece20d42550767ba904ac123eb5f4a4e92ad,a4aee69cba432e03a43c1e6e8e71f1bc97ec539af12619a0fe4ac302eefc2677,L2_category_difference_tied_safety_and_severity,12828,1000,0.07795447458684128,12.828,495
Alpaca2-7B-train.jsonl,2756,ccbe325cdd34c0ad2678ce5ce763a1b2521f5dc386b79ee4f69bfa70916d4030,1844a6dd9a6a5d0db79c1d9f777e407b2c8c84e6bd1e1bc0212c1bc50c614191,L2_category_difference_tied_safety_and_severity,12828,1000,0.07795447458684128,12.828,496
Alpaca2-7B-train.jsonl,17365,621700b0e54690749b3d6b1db92b6673a228ec3a4f46e727fc6690d066150fae,92a47bdac9ce420e0174b752e8f22b845631da55e8ab9ac8e4dc0cffafad2bb1,L2_category_difference_tied_safety_and_severity,12828,1000,0.07795447458684128,12.828,497
Alpaca-7B-train.jsonl,5348,467ef6dac1ed8be9b7ddaf382ad9015e1ffc2fa0adce4e06e93c71ca93a5d892,6f5a2c5c5ba1eb1c0cfeea3b6e96e20871c70a0b18c778ae2df4b9579fc2913f,L2_category_difference_tied_safety_and_severity,12828,1000,0.07795447458684128,12.828,498
Alpaca3-8B-train.jsonl,19462,b9f68501433db0367d1a6a1813b35c3ba83bb64a7b2044a169c071dbaf49a766,e0d6d854c97a7710173b2dd2cf8362c06ae0844a1a0de1f15227ac711e5530cc,L2_category_difference_tied_safety_and_severity,12828,1000,0.07795447458684128,12.828,499
Alpaca3-8B-train.jsonl,3350,b5c439ba55dbfeb90ff7cf1c27443d62fc4ef9fb7920efb4c9de583b4bb088d2,7cf7f0b4b1b6710ea9fe992727c296bae140858fd1816fc658bc7fba64b82deb,L2_category_difference_tied_safety_and_severity,12828,1000,0.07795447458684128,12.828,500
Alpaca3-8B-train.jsonl,20423,4487f5ddfb00463c2e53e411d4c034bbbc86dd65a21b8e7576b7a902d98f5c73,4c91312937b569485bb0e3dcf5b3dc045bf0e33fee7432e88038f802538aae27,L2_category_difference_tied_safety_and_severity,12828,1000,0.07795447458684128,12.828,501
Alpaca3-8B-train.jsonl,12491,df0feb534764a731bc754fdfb95e0bfb4f21b5cd93faebd637a515cc1a994bb7,ed1090932095b33f8b103fb1d2b81e3625bfdfdd55b71054aa8c784d87e83023,L2_category_difference_tied_safety_and_severity,12828,1000,0.07795447458684128,12.828,502
Alpaca3-8B-train.jsonl,20310,e52fda44d3c79aea22d4f69a200ab0f99cafa706d59e3972e0f8af7cc5af18ea,a9c75b2222e3a2784544c70067d16c489d2cbab4821a9381caf1b97016aa8e98,L2_category_difference_tied_safety_and_severity,12828,1000,0.07795447458684128,12.828,503
Alpaca3-8B-train.jsonl,8783,b16d7d563b15e79aeae70293386f6897be15afef93ee6964e8367a0e11c3d27e,e2668c9f8455a8ed0c7e02a793c5f6149b497a123a732c827d5e6f561d0b8bee,L2_category_difference_tied_safety_and_severity,12828,1000,0.07795447458684128,12.828,504
Alpaca3-8B-train.jsonl,8757,5b95ac9be6cbd38e5b0ed64910a27f64e6a2991aeb09ebd3b249b1cf95905004,3d8837587fd2fef30bfc2c0815537af84dbfbb251d1ef4389098264e8345f3f0,L2_category_difference_tied_safety_and_severity,12828,1000,0.07795447458684128,12.828,505
Alpaca-7B-train.jsonl,24209,64ccbdc3a8e4114209ea700b651f08466e35b4bf6132c52c172a090465e3a883,058e371ff0a0b2800d262cd295fa28d0614c0de07e9c55e9b977f09a42985c5e,L2_category_difference_tied_safety_and_severity,12828,1000,0.07795447458684128,12.828,506
Alpaca3-8B-train.jsonl,14203,9442a97d432ef3597a391040ab0d2c8e24732019a3898bbcc2538597859708a9,131bacd764549f0c74ce670629228bb02e0cff019b70c1f5582c0b097d93533f,L2_category_difference_tied_safety_and_severity,12828,1000,0.07795447458684128,12.828,507
Alpaca2-7B-train.jsonl,6494,7aa0f626a174190c6a8b1461eb5cd8156740359dd64bd4a44ce0dd23d01111a6,88091e4471a3ec829d8a159600be4cf03b8e1bd6e91c8d416b416f9e22b76266,L2_category_difference_tied_safety_and_severity,12828,1000,0.07795447458684128,12.828,508
Alpaca-7B-train.jsonl,1302,4b9fbd2258d4b059c23ec5ecff91c56e98e87a9df799490b2675bc29bdafb32d,7a42ed3ffd3993f98766322d9434e5d258992d8fba99b79b7b9cac70ac46ef59,L2_category_difference_tied_safety_and_severity,12828,1000,0.07795447458684128,12.828,509
Alpaca2-7B-train.jsonl,10177,ee22645a9faf93bb7cda05150abe37a78a8d3cad35a718d204f92fdd015b3d7b,ee3ac83da7ed3c240d457820a6f3e453c8b17e2aff5c5c25c4c2449e6d690597,L2_category_difference_tied_safety_and_severity,12828,1000,0.07795447458684128,12.828,510
Alpaca2-7B-train.jsonl,3392,3a6327ff22950d861de6c96a074fe4c05f0b8e0d1e6f069fa37e7221fcf87d40,5f823232db24c53a3203c9eb058d3c35a4af53a6cfead54f62da94939eb492be,L2_category_difference_tied_safety_and_severity,12828,1000,0.07795447458684128,12.828,511
Alpaca-7B-train.jsonl,25670,e3e87794a40a2385a1d2e10dd56e6d41a8f6062927720b9bbd3140a023600412,7c2a6f341f0ff4932519144c43255ac03e964526ad3e2b0f00c59c2b16f18241,L2_category_difference_tied_safety_and_severity,12828,1000,0.07795447458684128,12.828,512
Alpaca3-8B-train.jsonl,10969,61fb34a6a0648dbfb641ead568a74919fb6e22a131b756d12c6b75f23f1fcda6,959abbc0a49d1e64f0be36858c616713eba7ef61e19fef0ca3a985112d0ff955,L2_category_difference_tied_safety_and_severity,12828,1000,0.07795447458684128,12.828,513
Alpaca-7B-train.jsonl,5362,6626438ce8422d1d8ddef19b919b55a71de2d12a0cc3926f808b38538a9cadbe,21fda2b52aa7f51d97fd3f2180b34e22e4434fe13e1ef52a0d0aba04ebecd38b,L2_category_difference_tied_safety_and_severity,12828,1000,0.07795447458684128,12.828,514
Alpaca2-7B-train.jsonl,12474,26ec7b89a4482fd28449ed3ebf1ae3b571a57abef716b39cbc45f43129d939ce,f66961297c49ed2d23a42521722de4225f89b94d457bca57737759968e4fd178,L2_category_difference_tied_safety_and_severity,12828,1000,0.07795447458684128,12.828,515
Alpaca-7B-train.jsonl,1488,eee7141c308920cc110ecefe29cf53e90f41dfaff41c2ed1792f2c08a550fd37,1ed96957daab2c13bfa9e5353d2229ab2d0ae02cb6a5d319a2b74603a8087f5b,L2_category_difference_tied_safety_and_severity,12828,1000,0.07795447458684128,12.828,516
Alpaca-7B-train.jsonl,4014,60119675fe6486042868b116ad540284c61261fd006779e408c9f97662f88c9b,470fb74155bb5061d430f8e35a813ecbce79798eb7162e6e4410d99bb992dc75,L2_category_difference_tied_safety_and_severity,12828,1000,0.07795447458684128,12.828,517
Alpaca-7B-train.jsonl,25691,dd71dda3ae1e892a779b66532bf8fdfb6fb1b58f2d6dc78130aa31607b3b995b,d46782241e2975be5fffa0369201954acbe6a6bfc22405474a674a9b803bffea,L2_category_difference_tied_safety_and_severity,12828,1000,0.07795447458684128,12.828,518
Alpaca-7B-train.jsonl,15297,b4fa061cbfd139717ee284a90dd8112799d6ccbb5ee37820d8e48c33a8799de8,650dde0340ebd8fbb1129d82dc3efbca86350ffe42a7a843deca6d41bda543ef,L2_category_difference_tied_safety_and_severity,12828,1000,0.07795447458684128,12.828,519
Alpaca2-7B-train.jsonl,20294,f02c08d9c6e7e91de206a1a36aee02f8b9b75d0864cee358d02b050abcecb8a8,ffcdce1315cf43e4255ec1844e70032a79fbe0c0645bbea4cc7edac62cdcabd9,L2_category_difference_tied_safety_and_severity,12828,1000,0.07795447458684128,12.828,520
Alpaca3-8B-train.jsonl,16410,c6096e46302bc0351914d8020929e463649b266634a87ee8907e2d81806fc2ef,6a3e4f0d1cbb35c673c59bd50d9da145d9480280ed381487d1e6b0dbc4996f89,L2_category_difference_tied_safety_and_severity,12828,1000,0.07795447458684128,12.828,521
Alpaca3-8B-train.jsonl,2336,1db7abcb97bc79a827b3bceb051b7ed2c5a4b20d48222943d93ee04ee25a51b5,8bc6f19f5fe5ec28f564577cf5797076c045368a8c8c4f3060dde6989e7ce416,L2_category_difference_tied_safety_and_severity,12828,1000,0.07795447458684128,12.828,522
Alpaca2-7B-train.jsonl,1481,6e4ce04925b387b9fbb8b7b62af4293de4eac432e06ab6bf9be9f0eac45a49b9,6f532b97d387d37e96fe03d88a7edbfbb5a50e7df5a4421f0a6149e311572cce,L2_category_difference_tied_safety_and_severity,12828,1000,0.07795447458684128,12.828,523
Alpaca-7B-train.jsonl,4284,764da456ba7c3ea29eabf1f14de033aea64589a485dfc79f261a512bb8de98f2,f9dd06d8e0fa0f2e83e4d92ef79d81b5434300f062d8a524bfe1843155dd3dd7,L2_category_difference_tied_safety_and_severity,12828,1000,0.07795447458684128,12.828,524
Alpaca3-8B-train.jsonl,12143,9c7e78ebc405aa070cb186eeda90df3380e2143d7b0644411878bfd94c0bf496,b44a8c4de1c1a375e260c2296744558d1ed5ff2fdd986358baebf850a51a8ea4,L2_category_difference_tied_safety_and_severity,12828,1000,0.07795447458684128,12.828,525
Alpaca2-7B-train.jsonl,18436,ae35914cf0282d99aba65fb6f48143b416c727e6b5f2281e354200fb7936fd4d,15b1599b1477e92eca5e0f060ecee9ee1dbd6269be113af215a88dddb0fdd6fc,L2_category_difference_tied_safety_and_severity,12828,1000,0.07795447458684128,12.828,526
Alpaca-7B-train.jsonl,24840,0960e5c986d9008f0708ad4cf70098a52926a70a53d5debe3a0fbaf69c08bbb4,6598166f26510c225145faaa6a7a6a97af17dcc3adab987cbe34bf569ad9d01b,L2_category_difference_tied_safety_and_severity,12828,1000,0.07795447458684128,12.828,527
Alpaca2-7B-train.jsonl,22762,33d850984b755d429939c2266c818345574e7ef83ed20217fb42f99bc4b852dc,a9f41c49c75eb535b6bbe0ab1ea5a38f45a38faebdfd7ff66e8a45f1a6001680,L2_category_difference_tied_safety_and_severity,12828,1000,0.07795447458684128,12.828,528
Alpaca-7B-train.jsonl,17726,10aef80ed04908f743ed16fd196521ef98be18d7b11246663682e9ce1a619783,4f86a1d8e4148408d24f8457c1ea1ba1905e25139b18a5e64fc5468d9aa8e9e5,L2_category_difference_tied_safety_and_severity,12828,1000,0.07795447458684128,12.828,529
Alpaca2-7B-train.jsonl,25238,93de9da38d9af14c9c520130a09303d829ffee591c8ade75b99f1b3a178cb2b6,2db44a8c036b8f44e50571cf9ed26d494ca62d3ae9785bcff891e3fb5d216917,L2_category_difference_tied_safety_and_severity,12828,1000,0.07795447458684128,12.828,530
Alpaca-7B-train.jsonl,5022,ad3ae1a78f11f34701a61847b27d980f5c4aaa2f0ea9eb721b969a6bfe4d67f4,89ce54b033dea6418fe729a0a9b07e4ad2fe8a89b0645f761c1cd1f66eff815a,L2_category_difference_tied_safety_and_severity,12828,1000,0.07795447458684128,12.828,531
Alpaca-7B-train.jsonl,14359,4b025f5344d0024dde4bc17610d5247e64408386bffab610938e876cdb40db2c,5a8b56d75e2861d26371a57f19926fd9ddee7663c016c133cb0761e33eac5962,L2_category_difference_tied_safety_and_severity,12828,1000,0.07795447458684128,12.828,532
Alpaca3-8B-train.jsonl,5421,d1603a1f61491a9f7dfaca8a102e39d61c679ffcb60854084a51db1fdf0fad66,e7d35918c832fe16bae72628889a8ecc335f4fc0f8c590403fd5dae51db07843,L2_category_difference_tied_safety_and_severity,12828,1000,0.07795447458684128,12.828,533
Alpaca2-7B-train.jsonl,9591,b1bb5a346d4b693b9e3722b541f8166059349c83e16810fca8a914243ab8d933,e59af4c60e5509d12248e019f0e621f71157497475dc8669a4a770609fa4793a,L2_category_difference_tied_safety_and_severity,12828,1000,0.07795447458684128,12.828,534
Alpaca2-7B-train.jsonl,14696,4338602743c81b806f6daf6eea0bdcee7a43a565ff1e74f5f8d95bdaaca52852,74706f951e2bdfff2e2e100cca45fd1319f890e298d9c1d2dde84a02e6c7ebd8,L2_category_difference_tied_safety_and_severity,12828,1000,0.07795447458684128,12.828,535
Alpaca-7B-train.jsonl,9769,aa2ef1ef86ac3125b2f7444b411fb8aeeba578512edb1b948a3e1243e330cc75,58b072a5eaa847ef0577a97e8297e6a2d4f0747548823d3121caa6fdc9d3088f,L2_category_difference_tied_safety_and_severity,12828,1000,0.07795447458684128,12.828,536
Alpaca2-7B-train.jsonl,24679,75c21c8154d88a1479a8e0530050cedd41466ea8f16a2a5599bb44bdf7c9f979,6bcc096cb82eaf3dea3b5ce936a8ef0989a92d5207457d56b1ef2e0c5defb05c,L2_category_difference_tied_safety_and_severity,12828,1000,0.07795447458684128,12.828,537
Alpaca2-7B-train.jsonl,9987,8971aab8938a2c3fbb540446763c97e5e6172a5e8a6a3d6cd0154f068f289962,bc6f06499c25686dc56144b747874d2035dcf029d98d52717463a4b9544a51ed,L2_category_difference_tied_safety_and_severity,12828,1000,0.07795447458684128,12.828,538
Alpaca2-7B-train.jsonl,15745,eb5f9d3b296695fe14e3687861537a7a1662c93c01888028811644311378f5c0,6e8d312ce5f553dc0e98ad43db98b22c1c8ce4d1ef1d65b76cc037518096bee4,L2_category_difference_tied_safety_and_severity,12828,1000,0.07795447458684128,12.828,539
Alpaca3-8B-train.jsonl,8767,d88f200a62c059396181435da36cb2779ccc9d49b3449227416a980030bf4e5a,15f6fdc9a4cc45f1a4e449b388e01c7b9c1211b30ac8a72dde89a3fcaed2f603,L2_category_difference_tied_safety_and_severity,12828,1000,0.07795447458684128,12.828,540
Alpaca3-8B-train.jsonl,10164,ca62f42472e8e316bce6a41704597bca1c94b885d844c5dfaefcf153e277ee0f,4ba6dc14839e0414abdd95629f148e62d865d5738b4d26c6e791826867dfb219,L2_category_difference_tied_safety_and_severity,12828,1000,0.07795447458684128,12.828,541
Alpaca3-8B-train.jsonl,4463,71ba7603771933ea313eddc816740c428ec66cb3369cbe26b3c6f1620a094d79,43d7eb244af4f31ae019d4abae2ab12aa8b1997c8181ead65eed872249e5412e,L2_category_difference_tied_safety_and_severity,12828,1000,0.07795447458684128,12.828,542
Alpaca-7B-train.jsonl,13320,5a9f1b4d18ba7df68c53db684fe17f261c4181709f23aed423499430534c7ec2,a46aafd9a9a3a9ad64082b1884eb97d97803c5b9ec25b2799b75abd54b286d6f,L2_category_difference_tied_safety_and_severity,12828,1000,0.07795447458684128,12.828,543
Alpaca2-7B-train.jsonl,8561,52e0b08bb738830004d5663af6d9cc8f7eff93779ddb10b589b3d95041d546e6,312a3c25ef65b6880b0e434ede77fd63224f50a0f6caf39547e4dcb49170277a,L2_category_difference_tied_safety_and_severity,12828,1000,0.07795447458684128,12.828,544
Alpaca2-7B-train.jsonl,4878,844d1c34ef5160f88c1b79f75f0b5309ea08e4e5b34485da405f9f269992bb05,c41612845b2ef2b926ac1bec873b451686047d98dcefcf51de525261e5d84a29,L2_category_difference_tied_safety_and_severity,12828,1000,0.07795447458684128,12.828,545
Alpaca-7B-train.jsonl,22848,8c824a60ef24e299a5e97fc165c352ad15909abdd13dd2e7f7a83b1be5300f8d,edeae8cba53d2cf6e3538ac9f971c9f98cdb6fa3d6c46882084f251c366b1051,L2_category_difference_tied_safety_and_severity,12828,1000,0.07795447458684128,12.828,546
Alpaca3-8B-train.jsonl,721,d3af23d9cd59af51326012e971d71dc9428a4f24469c126a0a512ca4d5c7047c,b07e9ae667742464613b57825a06babb52948d4997c63a99985d4afc6ce10368,L2_category_difference_tied_safety_and_severity,12828,1000,0.07795447458684128,12.828,547
Alpaca-7B-train.jsonl,16074,de5c9f90dc24190e44083196bee783535c1ffddb73401e7f76af4e53d212fc03,c3e553d73edc4d5f8c07bce34a053da8bdc5d84c6f7119c3201bd8550f27a10e,L2_category_difference_tied_safety_and_severity,12828,1000,0.07795447458684128,12.828,548
Alpaca2-7B-train.jsonl,12176,e5f26fe79b72c0a6995730458e4dd6a21202ddd221756f1a5d3137274f593d7e,55041572c9527a7eb3706fa694e1008cbb635f30446c0a678a992242b2b0c916,L2_category_difference_tied_safety_and_severity,12828,1000,0.07795447458684128,12.828,549
Alpaca-7B-train.jsonl,5126,6400515b045aa88b27f1488e05016f0b236d2b8bf5adbf28c1209d9eb6315afa,cadfb6c013bf854bbc3ec7c30182d6e704379c46808e1ea54c5519f5745b67a6,L2_category_difference_tied_safety_and_severity,12828,1000,0.07795447458684128,12.828,550
Alpaca3-8B-train.jsonl,9950,49dff4554d0d20fd247de2fb82e2264ff30d9eafd7209e28f74b58614d3526d9,81e6fc6d5f3f3159df7693afbb2c841c9980a0261ce0ff94d403935d6794669c,L2_category_difference_tied_safety_and_severity,12828,1000,0.07795447458684128,12.828,551
Alpaca2-7B-train.jsonl,533,022bce319123cfc4b434a56964cb2dbbdc84a41a4ca60b67e09f5e759dd3123a,2207dfb95fc1e8b058ed81cc331157d9dd2967bb434b8b76df45535fab96985b,L2_category_difference_tied_safety_and_severity,12828,1000,0.07795447458684128,12.828,552
Alpaca2-7B-train.jsonl,2424,1411408e12517283c913077e906dc9106aa2fb24f9aa9c8b660c64d2b9bfc53f,5d3c64d0630bcdc791823e220298aee0f44f80b6ac68d9a6092347c738a7172e,L2_category_difference_tied_safety_and_severity,12828,1000,0.07795447458684128,12.828,553
Alpaca-7B-train.jsonl,15387,79cf12948cafb567da647bf0bff2cedf8e05f461fc9a32633210f0fb86916e4f,822344f8154de13aa87921b867e4054585e1c5cd9d8d21a24646aa7fdc7a9b8a,L2_category_difference_tied_safety_and_severity,12828,1000,0.07795447458684128,12.828,554
Alpaca-7B-train.jsonl,6311,aaed94004bde68f5e3960c3567576100a8e6312bf5de1bccaf99b252d68f29ab,cfa0b4dd1a74b3ea6266d56ab988e9d0d585173a5a223358d8fe9efb5db45b45,L2_category_difference_tied_safety_and_severity,12828,1000,0.07795447458684128,12.828,555
Alpaca2-7B-train.jsonl,13358,aac8fa23609024b77d1bbd0117c48d3c8b85250ddb831ef8fc8ecde8c05b25c1,4a074a899b43d8afcbb3a971a9fb648494dda83551d2ac0bb3f894148769bce9,L2_category_difference_tied_safety_and_severity,12828,1000,0.07795447458684128,12.828,556
Alpaca3-8B-train.jsonl,8103,76c4b2559fdd1e8e4afdcb164a60e9d133e08c0e526e79c23576c3b7a214b789,9c0af86104bb31a0ece70e7e6034366fa05be4282177be259ce11a2c8873cdaa,L2_category_difference_tied_safety_and_severity,12828,1000,0.07795447458684128,12.828,557
Alpaca2-7B-train.jsonl,16851,38dbef1042a9369e0b66a3208f8e8ed900e692d8c858faa180a4be3d5b637707,07b429d708195a5db8dc455f9ce1dd08f9f8fec6b92efa327d7a480641d4d7c2,L2_category_difference_tied_safety_and_severity,12828,1000,0.07795447458684128,12.828,558
Alpaca3-8B-train.jsonl,5908,68ea52f698c12636bfa2631b00a45f7c085809147cbd960f415cbf763ad9c542,88e629627c85792af358c4177af2f905fa695fd688b7343e8428f7716b4c52d5,L2_category_difference_tied_safety_and_severity,12828,1000,0.07795447458684128,12.828,559
Alpaca-7B-train.jsonl,21491,ce2fa24fb7d55655350e31d75481fd3358d22ecd4570de3b15b08c2b629bce7d,fff789fc950371cb899d0481aa9cde2d741ad25dcd88e45d43bb268beb5b3412,L2_category_difference_tied_safety_and_severity,12828,1000,0.07795447458684128,12.828,560
Alpaca3-8B-train.jsonl,13442,8fe09fc52e45b1bce65b49548c807351bbfb61472ec61b77ab7b59f48e66ef3e,63c12642e8afee6a8cf87bd47ee8d750ef113b54b157c81ef095fb6a62fad1a7,L2_category_difference_tied_safety_and_severity,12828,1000,0.07795447458684128,12.828,561
Alpaca3-8B-train.jsonl,5952,e3a11efdaa89356e1d7a7420471f60d305c3f71179478876f41ccdc6cf244b3e,d2b69b1ca3eb375d44fa6f8a4c1058cf852bbec617287069d29557b5f868041d,L2_category_difference_tied_safety_and_severity,12828,1000,0.07795447458684128,12.828,562
Alpaca3-8B-train.jsonl,17423,bbeb51a40890deb9099726c6460f00cc65f604f9d9badfc609723590a1d8c020,a3a79c48233a569b7c14d285617fc1210497246d32f8a1fc6da52eae1c01a108,L2_category_difference_tied_safety_and_severity,12828,1000,0.07795447458684128,12.828,563
Alpaca2-7B-train.jsonl,17147,617554a64098d2a9145a12cf75292c65c9ea3e719adfef7a8339bb27e7bf5b9e,92dcc8a469edb96ac3d449f79ac1e8b15ee39664d85f57ae0617a30e7f6a6969,L2_category_difference_tied_safety_and_severity,12828,1000,0.07795447458684128,12.828,564
Alpaca3-8B-train.jsonl,15908,aa8e5b047353d7763b974b642cf522b8c84bcfad524cf437416da7add22673be,6cf59a0e6b5805f8a068d452a485f49adac21741f65251a9f7788e53da269cb3,L2_category_difference_tied_safety_and_severity,12828,1000,0.07795447458684128,12.828,565
Alpaca2-7B-train.jsonl,25223,f52fb96042f81b1dbb58455abc657a4682a0f5546778b4b4cb90a0214502ecc7,4bab1f5bd6045b54457e98b4fa35a2a634e99b67f2c05672b7628e914f4ab2f8,L2_category_difference_tied_safety_and_severity,12828,1000,0.07795447458684128,12.828,566
Alpaca2-7B-train.jsonl,15947,14c1b7233fd095bdbe7a50df312f257cd86b7ad4027c7b09edd77200006bf034,2001930127d670dd205747ac7f5e9bbfa00c43bf166eab367ba57e088bfeb345,L2_category_difference_tied_safety_and_severity,12828,1000,0.07795447458684128,12.828,567
Alpaca-7B-train.jsonl,26213,284f6acda89fb455b36297dff05984bc154ddc6eaa5a4d427842b826c12f9b55,c863e8c8cbe6204c5e1927792de566431c6dc2d99663a27a3205ff199465f865,L2_category_difference_tied_safety_and_severity,12828,1000,0.07795447458684128,12.828,568
Alpaca3-8B-train.jsonl,20245,afe1361d308f7e2f53ab6f9e29249f77af1e1710b561e1dd5515e6892aa34694,d7c1438b6dff9c7d5c815664416d1b043a1e55fcf8172d07f8a725e696994d83,L2_category_difference_tied_safety_and_severity,12828,1000,0.07795447458684128,12.828,569
Alpaca2-7B-train.jsonl,18710,54ee1fe21531948b99531b3834befa994092279152b31b9751ed44ea2aa8b5d8,7efc6c86484a11cd4cd2548bb2f4adcf210ca59fdd4b1d6e858387ea625887b2,L2_category_difference_tied_safety_and_severity,12828,1000,0.07795447458684128,12.828,570
Alpaca-7B-train.jsonl,14340,5b489dadb2c1aed302ca4b7d8c7c0c3c6ce0862ffc58aed195c18db1ee12a68d,4701582683286e683e750feba040b93e916aa5ba4f7dda69121c39baa40f9d34,L2_category_difference_tied_safety_and_severity,12828,1000,0.07795447458684128,12.828,571
Alpaca-7B-train.jsonl,602,e9c8f2ecb3fa45fa3aa6b35f44d4ad7acc825358145f829b3b2fe34fbfd90971,f6d8e878ebe501034530653d820eebf6d9cfdb7423b27361db38ed1dfdde683c,L2_category_difference_tied_safety_and_severity,12828,1000,0.07795447458684128,12.828,572
Alpaca2-7B-train.jsonl,18505,166fea36c26f5ac6ded7b5edadde738cf9ce063214be8d2c454123b8cfb5b97d,583d44ff07224c470d8eb0c78aa9c9f5a05641e37bc490b95719f0832e0ab0c2,L2_category_difference_tied_safety_and_severity,12828,1000,0.07795447458684128,12.828,573
Alpaca-7B-train.jsonl,10481,595b273f62b50b00e975bc84a73dd9b15129a1207475e1aaf782f4b8a59a3d46,176d536c2efc4b0ef9e23b6b7227ce06f0229469e30643a007954e5102b8f57c,L2_category_difference_tied_safety_and_severity,12828,1000,0.07795447458684128,12.828,574
Alpaca3-8B-train.jsonl,3775,bc934cca577f0b53290fa4684736180e8addd6bcb1494ee0e52583a215eaa9d9,aa5923438cad2f38fac495148cda8fbf04cce0ca5f379bc8e6cf65eb99dad2af,L2_category_difference_tied_safety_and_severity,12828,1000,0.07795447458684128,12.828,575
Alpaca3-8B-train.jsonl,15945,10bb3a68d4bcf394a8afbee0efc67e6daf46fb41cc32f0d279c841898153b489,6ed74b65597c86e328cd48096b253c7be92d3077db970bb957d667664cebbf76,L2_category_difference_tied_safety_and_severity,12828,1000,0.07795447458684128,12.828,576
Alpaca2-7B-train.jsonl,10223,d6dc1c6a154dbae23965c24ea7428bca2345c085fa929f1fb320058f81cafba2,c190b0bbbce5245ba412968fd2855c1125f37bf0b7a90278d1189372682bc26b,L2_category_difference_tied_safety_and_severity,12828,1000,0.07795447458684128,12.828,577
Alpaca3-8B-train.jsonl,11616,5e73285946b26415b55bcbb831a0e8869d36cca4147afb2b4cb73f5047f23979,698e64225ca3877c38d5a331f4ba49f49ffde261ba0a4fc360866c3120fb07fb,L2_category_difference_tied_safety_and_severity,12828,1000,0.07795447458684128,12.828,578
Alpaca2-7B-train.jsonl,14245,0b2f191d958866ec3a20fd5283a9d122e6f27f70cb62061f7da1f8e7448382f6,224097853c6a0773cd194477788440e7eaf668b9dc05dd0df8998df43d4498fd,L2_category_difference_tied_safety_and_severity,12828,1000,0.07795447458684128,12.828,579
Alpaca2-7B-train.jsonl,25172,a1c4995cbd44cd8bbc541184712e0d0b595d2f080c2c9c8f838982eac8fa3f68,fe1c097acfb1c080cf1331b06270cba2e2cb2ab9a9ffad90fc6261855c4f3af1,L2_category_difference_tied_safety_and_severity,12828,1000,0.07795447458684128,12.828,580
Alpaca2-7B-train.jsonl,25168,31c98dbc3e99f94d3bba71f283aa6e79081c3331f2e769169a9e1721e196558b,59054c71905123c58c8d124387d028514c5f4411d6cc09cd682fe0c5d497771c,L2_category_difference_tied_safety_and_severity,12828,1000,0.07795447458684128,12.828,581
Alpaca2-7B-train.jsonl,7689,c45dea999df828ebef7d38a798ee7fdb5b8f13df587557c971d2eea34daa7c9f,02813578bedce855cc3b6c6b62ef10cd36834a9ac70edd6b1abbda5e42430b1b,L2_category_difference_tied_safety_and_severity,12828,1000,0.07795447458684128,12.828,582
Alpaca-7B-train.jsonl,27331,da7d486f949708e5e168c6d51e6d82ad52fa4830f21f9a7a9614bddc4b47a907,0c67d629e215a2e8bd9a1e600fdbabff771f04fe38d8a17342153e15ddfc389f,L2_category_difference_tied_safety_and_severity,12828,1000,0.07795447458684128,12.828,583
Alpaca2-7B-train.jsonl,20256,9a9868ece3b4a9503f7b3eab73cfc308e3aee272c1c790caeb9b0341a4cadf51,9050e3a859436908c9a9dc2847fbda06ff3a792f3c8920715744bac1e7ba2970,L2_category_difference_tied_safety_and_severity,12828,1000,0.07795447458684128,12.828,584
Alpaca2-7B-train.jsonl,7699,b7784ca93e7532c2341c65930aa65acb9c2dc291f819fca2bce6165016dddabb,e596d9d0ce64ca4c91695a69973af83916f9d2d618bc5fe90444445ab9171b6c,L2_category_difference_tied_safety_and_severity,12828,1000,0.07795447458684128,12.828,585
Alpaca2-7B-train.jsonl,22869,21d934e5908ce4eb6977ca4b31fcb9c2155971add1019eb97851bcb2244c1287,e118138961117a8b10e09f5bf9762ee5e05dd5b95b1fe6f465ce4ab45902e2b1,L2_category_difference_tied_safety_and_severity,12828,1000,0.07795447458684128,12.828,586
Alpaca2-7B-train.jsonl,21921,e7c284f8610961ab8c60d7e64a91a7d0a7c9bda53e26b82e848928fcb64877bc,dc7c2635735951f3cfb800b93c2c6cad263ce12e1736b2b8e877877760e7b5d4,L2_category_difference_tied_safety_and_severity,12828,1000,0.07795447458684128,12.828,587
Alpaca-7B-train.jsonl,14102,0e27ab2d9a53aa707fafa7bec3730287614ceb2e4f4cc56e86552fd0800bde7e,cf61bb16df3abf3c59a8b7b88c565b8c59a2738e161e93c8d57d85ec96be14b2,L2_category_difference_tied_safety_and_severity,12828,1000,0.07795447458684128,12.828,588
Alpaca3-8B-train.jsonl,20915,893ee86e85f47c0422210976f9d2500e2b8fdb839a876b3ea69167d4fa7cb9c9,17a53a894219b19af4817566d58ab06588faa91628fc5265c620f6c9bd5179be,L2_category_difference_tied_safety_and_severity,12828,1000,0.07795447458684128,12.828,589
Alpaca-7B-train.jsonl,6160,295501038be88ba2f8bf3233fa51cef419da6b2a91d4113a2f76a0c4a5dc1b8b,50bf553e6ec42a6575e7227f2abc291d27fda48b3aa178e71606004b8be57269,L2_category_difference_tied_safety_and_severity,12828,1000,0.07795447458684128,12.828,590
Alpaca-7B-train.jsonl,19313,b8fd9f718926acd7caeed13ebe7ec8b1b2759f32672c241379b21463becfecd8,1c950fd66f1ae11da5e18cacc68a6cea0068039a68bbc0c41a0229c9c737bdc7,L2_category_difference_tied_safety_and_severity,12828,1000,0.07795447458684128,12.828,591
Alpaca3-8B-train.jsonl,1064,5a132247dd8dc6b08d5360b37266d230e3cf48a9f4afa26c55e4a29829b17403,27eb587e838750177b0525e2ce5e80214f15923e283a1276ea766e0dd0915541,L2_category_difference_tied_safety_and_severity,12828,1000,0.07795447458684128,12.828,592
Alpaca-7B-train.jsonl,22079,be9c19d935d1a57488ad791c232285df81d6be85b0468e6bfc4db0d6563a9716,69b07d5d8436f7bfd5bec794a8f9d0d5ab95ff8d5f618aa68f601948e76e637f,L2_category_difference_tied_safety_and_severity,12828,1000,0.07795447458684128,12.828,593
Alpaca-7B-train.jsonl,2669,dfa54c0b5a73de397aa5e90313bc8702b671369bb738e527c87a6100ccd68298,a73a142c94d035cf901cc5fa82a5e95aba5d52d59626abd05ae1dbfe7d42ebd6,L2_category_difference_tied_safety_and_severity,12828,1000,0.07795447458684128,12.828,594
Alpaca-7B-train.jsonl,5142,c4cea381d1517ff6c87207c09c5c7afe2858a4fd8b105450a45019226ffa4132,8c419e9527762cbd461b8244f86f348779f1ee4c2d1f2fdca7953699af4202f2,L2_category_difference_tied_safety_and_severity,12828,1000,0.07795447458684128,12.828,595
Alpaca3-8B-train.jsonl,9503,d1d9372f28137ad408ba1e8823ca60a99fbc16dc619858d0193488921135a9a0,7e9629f743d9e549bcf2ccd074290744bf37bd03aa820e90c1c5347caffcc1ff,L2_category_difference_tied_safety_and_severity,12828,1000,0.07795447458684128,12.828,596
Alpaca2-7B-train.jsonl,4138,236b809624e82b73aeda49bc25772e8ebe22e7564ae8a849073f48e665355057,2ec140c23cc40fd9e799a6e9a7270366b70daa471699e09ea86b42d68011cfd9,L2_category_difference_tied_safety_and_severity,12828,1000,0.07795447458684128,12.828,597
Alpaca-7B-train.jsonl,7747,693ec22a63016ecca121622d56cd7e6c9dc96eb5bdce57aadba7ee95e4c6e7c1,838022066c37cbcbb45be19416b10a81adac0c734dbb8bafdcfd58b4d67b90b5,L2_category_difference_tied_safety_and_severity,12828,1000,0.07795447458684128,12.828,598
Alpaca2-7B-train.jsonl,21483,c4218287db66f9d153e8028009ccf0088ac368c0c4a637db25d27b955a20b6de,277411e48bccaea0f0edd6a769b06f1bedd8f17c028e499d8983d9dac91526ac,L2_category_difference_tied_safety_and_severity,12828,1000,0.07795447458684128,12.828,599
Alpaca3-8B-train.jsonl,8474,e69c4a1df2a642047a6b9bc455355da7afba45eee82d39b6a0caf3dfdeb27339,e83624847f9f6db2cf88cbe4a9a482ece3d43a06b63e89277c4cbcbf062092ee,L2_category_difference_tied_safety_and_severity,12828,1000,0.07795447458684128,12.828,600
Alpaca-7B-train.jsonl,4288,2e7f2b803c4a38c9f9116e800abfff2c8a8c9c9b662ea5b61a73fbfe9b927ace,0c270ef4dd80b6b9cd8b78843a8a89ad1d69a0757f68b66cc81e49940320d3ad,L2_category_difference_tied_safety_and_severity,12828,1000,0.07795447458684128,12.828,601
Alpaca-7B-train.jsonl,20644,ab8a2e927026602c189138bcdbeb32bbbe246b9864aae9beaca1af82fa115c1b,ce21d3f74f3cf1d3c6699db0b988f22107b58e3dd21473faeec204a4855dadad,L2_category_difference_tied_safety_and_severity,12828,1000,0.07795447458684128,12.828,602
Alpaca2-7B-train.jsonl,9850,c01d5597c3971c903ad967f48dfe33c0a7c0c847db63d327193886438d212cc5,a016ce081a73717322a17dc7d0b01b963a2f392649f497d9ae076ffc7fdab75b,L2_category_difference_tied_safety_and_severity,12828,1000,0.07795447458684128,12.828,603
Alpaca2-7B-train.jsonl,22395,c08dfa83147ea92f02b1f775852c0203553a3fc3939fecf66b83692cf7c04e51,930599744004681c4cb4cc747dc9216fa167b1bee2fefba5889dd4360e590f51,L2_category_difference_tied_safety_and_severity,12828,1000,0.07795447458684128,12.828,604
Alpaca3-8B-train.jsonl,10354,8fd9f8643de0e09f814a21e5554d84a35671a88fa62d4be995ae9efb9be1bd01,0e6d728140c051a6722a9abc5a966d5f1594439a12688e8d3d76330582d1bb11,L2_category_difference_tied_safety_and_severity,12828,1000,0.07795447458684128,12.828,605
Alpaca2-7B-train.jsonl,8439,c60f1fc9a4d7bbb794818fead313026911719f1fd43d65aaa027cd16c0d96ff4,a222fdfcee5d0cd92a47a7684dbf4fef6fcd38cc6dfb782da97522d5ad734295,L2_category_difference_tied_safety_and_severity,12828,1000,0.07795447458684128,12.828,606
Alpaca3-8B-train.jsonl,2575,8ca3697cfa35d6ebad93e1f3f75e647ba85cc4debf8c7fe8f383aaa9f5d26c63,3cf4df41e8777b6a6ca90fb1af5270be206d077f6fd19ea54cd627d487e3b4e1,L2_category_difference_tied_safety_and_severity,12828,1000,0.07795447458684128,12.828,607
Alpaca-7B-train.jsonl,24402,cc273807d09f1df7ce4a9883c21b149c53eaf1ba6b3b62320579cb129b955191,2f065c837dc01a9ac47efa4c0bdf91d84544ed2d0b9395e0855109fdfdb4a11b,L2_category_difference_tied_safety_and_severity,12828,1000,0.07795447458684128,12.828,608
Alpaca2-7B-train.jsonl,3605,ef84492355cdedc19d184d578f1e78c4a6800c1b3a69834b16b6fe68a7cdc77a,7c5717abd80defe52033a4bfebc6a40cabf74cb7ee22af6a9ce55adc873c0fd9,L2_category_difference_tied_safety_and_severity,12828,1000,0.07795447458684128,12.828,609
Alpaca2-7B-train.jsonl,20127,3d07ba3ffc9e97875b9279c1a0220015cf047a5da94d8510e69e2250b6a53d70,aaac6157111116cb34954bc63deb950fc2fbbe7156912f84de05281a14340bb0,L2_category_difference_tied_safety_and_severity,12828,1000,0.07795447458684128,12.828,610
Alpaca3-8B-train.jsonl,9287,a88ea181771e3df6586e1da9e1a8b61bc1154f7c2d775b0d69f157a9709418de,005a4e3c043878fbda2d56039f66c29f6188d1946ba1c1c7fe25d4a394ec4c72,L2_category_difference_tied_safety_and_severity,12828,1000,0.07795447458684128,12.828,611
Alpaca2-7B-train.jsonl,22521,4683e926f6535e2ab18936c6b6ae4b01a1008453c6ef788ed03460da7ce83747,a105ca45253c730f66ac17f73640d16c04ffac0a50569b0d0e060d0f62450b87,L2_category_difference_tied_safety_and_severity,12828,1000,0.07795447458684128,12.828,612
Alpaca2-7B-train.jsonl,10453,8fbae24aed2ba23a9d500921f3246b35828f2fc8ec3ae11c780ec2b1be1398b6,6e954dfda27d350fd0eb13973ab50c9da4595b0c4d4837037ae11dc1ee5a0c02,L2_category_difference_tied_safety_and_severity,12828,1000,0.07795447458684128,12.828,613
Alpaca2-7B-train.jsonl,14708,ed56c40807b0e944d26d7ef9bfffeb1000287e99ef31148ad10cd4c4c8874d6d,9a6386aeb606c35089a0cd6801fa50f41d5cc6975f48db4e9b169ad5c2730e32,L2_category_difference_tied_safety_and_severity,12828,1000,0.07795447458684128,12.828,614
Alpaca-7B-train.jsonl,26304,552a0f2d59679426f96dba67a948f2a12a70d89326aedb59780dbb1d5695e823,2233ffde5922d2dcabc7119fd9e66bf299366ae048935690fd9089d33f9e779a,L2_category_difference_tied_safety_and_severity,12828,1000,0.07795447458684128,12.828,615
Alpaca2-7B-train.jsonl,4853,6776465cd1186c9c7d47b63a2de101623c4a27c8552a3df02fc8ecf08b3d099c,51054fa044bb4d04efbfec266c71a73e93b0fb9f9b3c48c06a174e378ed9ae94,L2_category_difference_tied_safety_and_severity,12828,1000,0.07795447458684128,12.828,616
Alpaca2-7B-train.jsonl,3625,429f41a42d5ee1fe25d74cc9287e00c882c713041b306bec05252631aa4f78ea,753ca35c083bf5dbefddbfacfe8a0cd84092a857463bd01d366dc5254a75e5be,L2_category_difference_tied_safety_and_severity,12828,1000,0.07795447458684128,12.828,617
Alpaca-7B-train.jsonl,9667,2c65287d6073bb2a893386cc262200dc7c6cda45d6c75b67d2eeddcf0d07e696,1e300421f0858837e6d5866e528c2a761d0a612db0c513652449b8ae15c4d37e,L2_category_difference_tied_safety_and_severity,12828,1000,0.07795447458684128,12.828,618
Alpaca-7B-train.jsonl,26211,a7baa25afd1b7dd5e84ec33609a4391c90a059c137d54246295d9ebb16deec22,72c5c77a41b2e718e53f8e93da4342b632ac6a7bfc14f58bc8080726ee208f31,L2_category_difference_tied_safety_and_severity,12828,1000,0.07795447458684128,12.828,619
Alpaca2-7B-train.jsonl,4940,70c32ff0733af465f8b1c8df0a1d6d25da1c7acb0b5fb44bd1caebc5ba36fb1f,3a3a5759e5e5554034442bf9db1886b4db04372deac7d7c1f0541c7bc4642941,L2_category_difference_tied_safety_and_severity,12828,1000,0.07795447458684128,12.828,620
Alpaca2-7B-train.jsonl,6044,db7049c0098f1d875e034efdd89f984d5910de2d61dba42b19bdd263fe101558,cdf645efc5884f3714dc4fe991f4374ee952a620073a1ba58aa8a5d55dc62ae2,L2_category_difference_tied_safety_and_severity,12828,1000,0.07795447458684128,12.828,621
Alpaca-7B-train.jsonl,21809,8bb6c631609030a40e33b21490d79e1d58b21dde3a7f2529ab903ba61328a7a1,5bfaf6c8c0f2d0d2c103f8a7c0d3ffe1c6419ee428b8997f6318d1f788e54416,L2_category_difference_tied_safety_and_severity,12828,1000,0.07795447458684128,12.828,622
Alpaca-7B-train.jsonl,10180,4c17c8064f12e6812010c4d559ff08fc4bf4074071a5ba99fe32a6c93a8f7934,64a39e9a07de17f8b36b1c93f75a01539faeffc2ee172b4b5681cd27d269b911,L2_category_difference_tied_safety_and_severity,12828,1000,0.07795447458684128,12.828,623
Alpaca2-7B-train.jsonl,16285,59fb8302774df670b99608b261aa5b2efd50aaec78600b3bff920e32dfb0e035,c38e5995687395aa744c63f8964d8500d54b5a5ad4572f27ac7fc31570dbee39,L2_category_difference_tied_safety_and_severity,12828,1000,0.07795447458684128,12.828,624
Alpaca-7B-train.jsonl,18234,cfd00605fa451086c46ffd54507aeb36625b710e72a07ab6857970063a9fffbb,c272319cb3cdc9c7383bd03744fbfcdfdd30f13dce9d12c5cb217f441c23d2c6,L2_category_difference_tied_safety_and_severity,12828,1000,0.07795447458684128,12.828,625
Alpaca-7B-train.jsonl,27101,6ab9a5032087b1368f0641f4aadd76525b792a637b71a4f3c01563619a5fd6b3,a5d75875abc25012b2ae6b06b32fa8a4f3c1f035e5c7e6c8037d8199b1101939,L2_category_difference_tied_safety_and_severity,12828,1000,0.07795447458684128,12.828,626
Alpaca-7B-train.jsonl,15564,56044f860f4941b58f08fba586019ea685c156c067859aa82e077c26b6877d07,26b7ef4367aef26688ed7583d2b1fb6d021ba854e3209d00e54f17d67cc4f677,L2_category_difference_tied_safety_and_severity,12828,1000,0.07795447458684128,12.828,627
Alpaca3-8B-train.jsonl,4876,91eda44f0ed44d0f78d24e757cc98eb932a6ffd33bc612df69d0f36dab766bd3,647f2cb7f9a47263fc335b278c2c8a736e0cabc7a297a509ae1a4b6cf54b28cd,L2_category_difference_tied_safety_and_severity,12828,1000,0.07795447458684128,12.828,628
Alpaca-7B-train.jsonl,21462,437e962ca099c7bf70105b4a3549f9bcf8f8dd68b92c3bfe2a21149c473a9f69,4b91847d196dc2123f65d904c1addb10256777530db363e293b6707bd33b356d,L2_category_difference_tied_safety_and_severity,12828,1000,0.07795447458684128,12.828,629
Alpaca-7B-train.jsonl,21952,ed200c9c209b4d982d2c87f1bebc3f6c41e1aa7d36124ecad8126a2a04898e41,f502def1f52d094385488ba44e1e320a1dd40f0b84f0d64935c97c0b07cbd023,L2_category_difference_tied_safety_and_severity,12828,1000,0.07795447458684128,12.828,630
Alpaca-7B-train.jsonl,22446,c9a6510e9b12d979f7687c29cdd75e620c1ee9d5faa713cb33ee6f48485a3aa6,f330bd3e6db4656ef3d76117000c062d3bd3c083d22cc6a38aa1afa2126b9e8c,L2_category_difference_tied_safety_and_severity,12828,1000,0.07795447458684128,12.828,631
Alpaca-7B-train.jsonl,15376,93f837aff8504743497cf5537dfda0bc2bc7d5f74382e444c9dd0d3929f0a072,3a6c7d6ca307dddafae276cf71584838283c58e81666687728aa4680475e96ec,L2_category_difference_tied_safety_and_severity,12828,1000,0.07795447458684128,12.828,632
Alpaca3-8B-train.jsonl,2788,e9ee249e6cae833425c81792c217f29e0d59ce02c4afae44be21e854643baa34,feb26dbc96a3e91b6a904815507bd1b2b8c28c2a372255a771d4e319d29ca4cf,L2_category_difference_tied_safety_and_severity,12828,1000,0.07795447458684128,12.828,633
Alpaca2-7B-train.jsonl,24640,4676af1b1ff1baad723fa530c56c8083d33f6bf567dca369cbef980fe2ee9d47,1c89d50a9238d3dfa181b37f3e2bd93de7a0524fb6383755bfd4858c9ef93c11,L2_category_difference_tied_safety_and_severity,12828,1000,0.07795447458684128,12.828,634
Alpaca3-8B-train.jsonl,11485,d6290eff403c741aadf8f2da38b22fa685210358573d1b67d1e9442f43df2d53,51556b293b85cd27f730746f4b8c6a9461813be953b723dfa0489ee310c4fff3,L2_category_difference_tied_safety_and_severity,12828,1000,0.07795447458684128,12.828,635
Alpaca3-8B-train.jsonl,11268,229b76edfef60d7a9d67074da96907855724c5837571ffc0837ea8a74422953a,35e868cb5079d39f769e7b5c8fc58d393e7c2d0c5568f90c0dc118ab71de2f4b,L2_category_difference_tied_safety_and_severity,12828,1000,0.07795447458684128,12.828,636
Alpaca-7B-train.jsonl,16851,b888cfdb03d8d82e99819d873a895f210e0156c7e3786cdbcae3bc4b7d6765f2,cdc1c9d17cf11920219649ae6abb97f2cff86a92a4457befc8d45d56cec4e9ae,L2_category_difference_tied_safety_and_severity,12828,1000,0.07795447458684128,12.828,637
Alpaca-7B-train.jsonl,17236,29ac172f3f819789f8721ed4af78ff5344488d784107b75e649fd17030d5922e,d4e8d5e62f9a2debb64961a278e0641b6da7111ce281d8c3a30fef2d85cefe56,L2_category_difference_tied_safety_and_severity,12828,1000,0.07795447458684128,12.828,638
Alpaca2-7B-train.jsonl,23182,f5e9ff1f3fd6b9ea3847229e1281a4e93394ebd1613aee183f443682da7762d6,5f76dedd8a96b3e02bdfe97c4ccdaf376567901cebb17d2bf8728dcadaee33b0,L2_category_difference_tied_safety_and_severity,12828,1000,0.07795447458684128,12.828,639
Alpaca-7B-train.jsonl,12246,dd074abca76710a54ff56a6559d67488784a869ed8a80b254aa43e009fcfd20b,178403a730d9e89e800897398df58642fdb5930e78adea49693e6b247c6f1215,L2_category_difference_tied_safety_and_severity,12828,1000,0.07795447458684128,12.828,640
Alpaca3-8B-train.jsonl,16597,ec0ca6fa5c758bbc041c96573f207233ce5d090297edfd1e8b08c077524fe031,a36d081b23b5890b8e985966672168f20b8d1a7cdb6450d99a39ccc46c61ec7d,L2_category_difference_tied_safety_and_severity,12828,1000,0.07795447458684128,12.828,641
Alpaca-7B-train.jsonl,11467,2564a0236ae4d58b73534af629b83f60fd18405f67664d21c97fd75ee391cfaf,0d8efb9d74b47e092b595e69411753896b18215e72e6d9bf811c3ffb538b5df4,L2_category_difference_tied_safety_and_severity,12828,1000,0.07795447458684128,12.828,642
Alpaca3-8B-train.jsonl,3284,286d77eb3bd49761217beaa6f38120e6df9e37fd5871b15bd05f707f3c986e6e,3819e6e185e382ff8e0d98460129452e51f312b7265586d4298e25d8ef8c7658,L2_category_difference_tied_safety_and_severity,12828,1000,0.07795447458684128,12.828,643
Alpaca-7B-train.jsonl,25783,99b30aaaa3c1dc6cfec3ee35f4e56b2461bdcc02a76214f5d3ff03dcb552a8ff,2f4a5c89516f6e13609606801d7410c27ebc8eeccba798505709ed62a915892d,L2_category_difference_tied_safety_and_severity,12828,1000,0.07795447458684128,12.828,644
Alpaca2-7B-train.jsonl,1124,1dbe05680d4bfb081c1cbe8ea89b4d6bfd14b757cc6ce5d4a2148be834e5e007,80250523d9b60c020e4d518d36249107b12c67edddd8a25304cf7f25434a912b,L2_category_difference_tied_safety_and_severity,12828,1000,0.07795447458684128,12.828,645
Alpaca3-8B-train.jsonl,874,5d282326df3c98f0435dcbc10724c4d7bd27abbe648155ccc0719f75a357d690,3a9c9b1d82b30e99b59bbd1b643cbc204cb12f39fe8a457feb18ed1c5addda78,L2_category_difference_tied_safety_and_severity,12828,1000,0.07795447458684128,12.828,646
Alpaca2-7B-train.jsonl,4554,0b92fed67f5e036f241aee77460b78077a0d77e359b1b555ee0051a88f86b849,c121513b84c6de2bb69048b348252afc952e603645ae78f3323675746d948722,L2_category_difference_tied_safety_and_severity,12828,1000,0.07795447458684128,12.828,647
Alpaca3-8B-train.jsonl,20906,261d1b8c9ade878b77a24cf275ce2ab03f70a0e449fda011975f4da553e50e35,3ae7d7f87b22a59fbb95ec731d52d77d51c93887d276db0f3f0aedef06475c5a,L2_category_difference_tied_safety_and_severity,12828,1000,0.07795447458684128,12.828,648
Alpaca2-7B-train.jsonl,10326,61e457c22001a81de2a9dd5fd71f7567de2b36ac43f8cd668e8920e6140a671f,03c42cbdbb8a5bdee1e939dea2efde510a13e0edab0ac814215001394edc7c26,L2_category_difference_tied_safety_and_severity,12828,1000,0.07795447458684128,12.828,649
Alpaca-7B-train.jsonl,22588,f0e5edbb6d80d928e73c99e6505f3176f7786309ca07202032d91862da2bcd0a,a84df87923958428ca3992b469bdb032ea8a832d84dc965577e2be3f3561df87,L2_category_difference_tied_safety_and_severity,12828,1000,0.07795447458684128,12.828,650
Alpaca2-7B-train.jsonl,18447,81557d30341c8695a25820af1290e1668ccf41c3f9c51468e1e1f166bda5d25f,14968e994d8b820c26cdf856b42848437e4c27d19b70823e39560cd91b32cf11,L2_category_difference_tied_safety_and_severity,12828,1000,0.07795447458684128,12.828,651
Alpaca3-8B-train.jsonl,20904,aaaf6fbe9d1c0222537439c8d94e80348616eff3468af65f41bd8c69c5653491,a8604646f5c7c2e51b425ec3164d9f01db3d0751f8c3569e674c6f76b61644a9,L2_category_difference_tied_safety_and_severity,12828,1000,0.07795447458684128,12.828,652
Alpaca2-7B-train.jsonl,1438,4d6e525b02de222b4ed5c333dc0b4cad5f392ea369a2ff4a9e7074163b12377c,acd9aedb16fad4afc0a3823f4e87ec6286c145e60a7a7767df4ae6d90eb98f48,L2_category_difference_tied_safety_and_severity,12828,1000,0.07795447458684128,12.828,653
Alpaca-7B-train.jsonl,9134,df638588064ccc632657453b18646127e9bf92e2b994f4371d9f1ac20c31b395,63dcb75cbab14a266ff4db6cf126903a242b383224db0738493c399bcb3fa318,L2_category_difference_tied_safety_and_severity,12828,1000,0.07795447458684128,12.828,654
Alpaca2-7B-train.jsonl,1069,9a2f9ba797f3922063b7a66c530bba0c43992e1f9a43ca7703c6ec5108030250,d16b5314e3376a0810eadbbbb9baa82f5ce7fc5733e7f60a124620475350a2f3,L2_category_difference_tied_safety_and_severity,12828,1000,0.07795447458684128,12.828,655
Alpaca2-7B-train.jsonl,4521,055104f455980245cf431950737eadb51c78eaf4071c4db4843fddabfee569fb,995fe309e3b87c5fe05154534cf007da823d623995210163351d48d37f4a2ea0,L2_category_difference_tied_safety_and_severity,12828,1000,0.07795447458684128,12.828,656
Alpaca3-8B-train.jsonl,3042,03c20aa4ec7d2084ab02e8a5326d79421918fa137724fad64c2e035b5803ee7e,6abf255c127e62975d14fa3f7365054d9746e1ffeca5bbfc41ce8b31a807b6f9,L2_category_difference_tied_safety_and_severity,12828,1000,0.07795447458684128,12.828,657
Alpaca2-7B-train.jsonl,14036,cef858c1dde5d236fa01390eb9074fe1e43c6a30e701f14ab3572e9fa5223195,d6055a62e12f49934b55b5a9f55c3c2a57b32618832ee2405de57aed6f25617e,L2_category_difference_tied_safety_and_severity,12828,1000,0.07795447458684128,12.828,658
Alpaca-7B-train.jsonl,11827,8b5703caf996cf23bacf7ace169d94fcc153e17d7c356c393f1b202b83241c06,ec4fcbc8afb739c5bad7011b5f392bd662aa062d8c7612d5b94dcf6b01f1a73f,L2_category_difference_tied_safety_and_severity,12828,1000,0.07795447458684128,12.828,659
Alpaca2-7B-train.jsonl,7243,a166c93f90ac65394b074cceee99cec060971dcdc03a7f5ba34b6b6d1a812e25,361b286bae71fc39728817a3531efd91a599ed725c98e9ff40fcb231d9ce482c,L2_category_difference_tied_safety_and_severity,12828,1000,0.07795447458684128,12.828,660
Alpaca2-7B-train.jsonl,13042,f2b23aeae41786176d96b4f4239e0f31f710821d4515173c4d8f8ea1c68e3bdb,9d19896a87694beade1ae58c52feb6ccf6de97121d4dab5bfaae5d39debc4ae9,L2_category_difference_tied_safety_and_severity,12828,1000,0.07795447458684128,12.828,661
Alpaca-7B-train.jsonl,25776,6974418a1682aa5b190a8bd6fc5a4fa8cd0071349523b808b4b620d9ea8f2635,75ece6f30329c2c442e9e977bc7e1d04c669485d4ee37a41057e3f8a57ba448c,L2_category_difference_tied_safety_and_severity,12828,1000,0.07795447458684128,12.828,662
Alpaca3-8B-train.jsonl,13012,4505ccb80417e56647ba6a866134348ec6c9e7e8ac2165167579a97a26a09b27,118593c5503a07f89788f5680d9b9c3674b14327db526b3ba4bb9a07ed103135,L2_category_difference_tied_safety_and_severity,12828,1000,0.07795447458684128,12.828,663
Alpaca2-7B-train.jsonl,13352,f59b8e5fce5e52aaaf2e9ffb440430cb2caae426218c0f742671e3f16811acb5,88598514b3891e3adb5fc4471314ca844b6f69f1787e12a5a6e536692f72505d,L2_category_difference_tied_safety_and_severity,12828,1000,0.07795447458684128,12.828,664
Alpaca3-8B-train.jsonl,3784,6e7140176d28c2c6fad1c493c0a6ee24b93eb0cab703f1b11d31f672cb339436,29629b01dbc20e88707e836871c8523ef1a5170a8245554a4985f96e9b609b8d,L2_category_difference_tied_safety_and_severity,12828,1000,0.07795447458684128,12.828,665
Alpaca-7B-train.jsonl,5695,4575f4b2f788a4351bb019a4a4eddfcd6ebe195daab204cc49039ab61cc1a428,3b7703a194c4b76e66a9d1586ddacdbccf672ded421614828da93cf50c520916,L2_category_difference_tied_safety_and_severity,12828,1000,0.07795447458684128,12.828,666
Alpaca-7B-train.jsonl,16878,fb5a0e10be75caa8880d11e3f142f2436bb054655914a1afa5dec5c79e90fdaf,efabcea104144d55c07cf1e8fa10b76c56d7828b82dc69142b3c673fb26616ab,L2_category_difference_tied_safety_and_severity,12828,1000,0.07795447458684128,12.828,667
Alpaca3-8B-train.jsonl,4698,a98a911e9b44cdae34667dab1a906011587336d48b552fc9bae4a9e62f8eb6ec,e2cf654e67347bf8dcc9e48e06cbc425ee64c27da4a02fc9f968405c050df25b,L2_category_difference_tied_safety_and_severity,12828,1000,0.07795447458684128,12.828,668
Alpaca3-8B-train.jsonl,13878,db68c9f8ca53c6e0da1e69b26f962a9b25c46ef56831c599427e39c62ecbd6e7,846b4f9555d81fc7fb36368fd7e86abaf08d20255038b51c30220888fe8140d1,L2_category_difference_tied_safety_and_severity,12828,1000,0.07795447458684128,12.828,669
Alpaca2-7B-train.jsonl,8341,bc769f67f9ac93836b6cf64b48666dea8ea6e8a4131b494e03798520020fa938,dac24ca9b5c35d113d0c5b6c22d2ac1f65ba9e11cc529a2c252cdefb08ed49a7,L2_category_difference_tied_safety_and_severity,12828,1000,0.07795447458684128,12.828,670
Alpaca2-7B-train.jsonl,15827,08fc577a4cca7b5eca3be04a3a2a78945c6d53628647eaed6a3743f73e04d528,c90c7a9f44f2752184109ef3c47959a09b80d93581aa74c527558aacacfb013a,L2_category_difference_tied_safety_and_severity,12828,1000,0.07795447458684128,12.828,671
Alpaca2-7B-train.jsonl,25416,af4e8aa0baaefae7c3f1f4bb94996656511b04b4b5583eeb3da88b00ff1c1070,63474e48eb765eb2e60ab4be2899d02b80c5a54dc3107e6fc55fc3221ec87e7f,L2_category_difference_tied_safety_and_severity,12828,1000,0.07795447458684128,12.828,672
Alpaca-7B-train.jsonl,4727,c568f7c24033ccb070653007a5d3e8ca7b7ce68d1d17ccd2611c77f7a64824c2,f5e349bea2a418b3514e450ac14b5a3b74755e8e7f00aa1b3fad4a30741d4f61,L2_category_difference_tied_safety_and_severity,12828,1000,0.07795447458684128,12.828,673
Alpaca-7B-train.jsonl,21346,d48a45543b0917fe294acdc3f7f3d6635d237ca2f2db1a5657b1afb91d0c0bb3,98f5d52170df5b5fb8216db0c6c81f032bfb2efcd44da8511a308294ef44487b,L2_category_difference_tied_safety_and_severity,12828,1000,0.07795447458684128,12.828,674
Alpaca3-8B-train.jsonl,20321,b3379df5fa85d4001bb7b05ac6ec97455a9399c242826421b4d597d2e6f47f89,036e68c1b7924dcc8ffcdb461fa544ad8bfad693368a43feb9e626cc7c01b709,L2_category_difference_tied_safety_and_severity,12828,1000,0.07795447458684128,12.828,675
Alpaca2-7B-train.jsonl,25123,155a0b1d03a5f8cdf7e556d7460c65ba3c587bf79da4d854c3e1ccde660f44f7,eb787371f179f1d0718f2e2bc324416c5697d9d72560c44ca7284af962c25028,L2_category_difference_tied_safety_and_severity,12828,1000,0.07795447458684128,12.828,676
Alpaca-7B-train.jsonl,18792,6a4961afdbea2a21ce5b0cc4e226d0532583d802c1ccb98e205c92181eddd231,231bfccd883527469ac813971abbaf126ff47b13ae72d24f085dd957555f444f,L2_category_difference_tied_safety_and_severity,12828,1000,0.07795447458684128,12.828,677
Alpaca3-8B-train.jsonl,3803,23b58910cdb0c19f0089c5bf7ecb224b3936c5307fe060edc6b2f8ef5860db43,947d2de0e58f2fabdc6c403adcfb2aa490b0707a7b318cdb702057b47a59766a,L2_category_difference_tied_safety_and_severity,12828,1000,0.07795447458684128,12.828,678
Alpaca2-7B-train.jsonl,8149,07acbb53001e80dafa81c7caa8d45f436fc321f0dd41480c1021a6d9040e80a0,bb28936dfcc340ddd8df00ecceceec6f7451c795304289ca6579cd93393845e8,L2_category_difference_tied_safety_and_severity,12828,1000,0.07795447458684128,12.828,679
Alpaca2-7B-train.jsonl,9,4c5bc64031e7a15409578c74f92b6b32b66e94d0cc0e425dd635e4532c1aa924,906580f93d95cb722b23a5667270f618c529f709883983f87baef7b84d3457c6,L2_category_difference_tied_safety_and_severity,12828,1000,0.07795447458684128,12.828,680
Alpaca3-8B-train.jsonl,18139,234d708873c9cf43ed33a686e101c88f27d180029ec250293e51dba72ce7fd9e,4a4e55c80e0e75dc87456171093eb001b7557e7cd3786735f0ba7225d56d4459,L2_category_difference_tied_safety_and_severity,12828,1000,0.07795447458684128,12.828,681
Alpaca-7B-train.jsonl,24648,4bc956b1580450722493fc991a636fcb4b70f735b5c376e50b9a5b31b11adce7,2096404770cdb8fd118cebc79e3febde3a33c5f50084dfb84663171c6ef9dafa,L2_category_difference_tied_safety_and_severity,12828,1000,0.07795447458684128,12.828,682
Alpaca3-8B-train.jsonl,6611,c8aa4e824193804f1ae69d997da9b6b741734f9735ecbe5168170ae447876758,6330706af80a35f3d57903432c1a016e54323d93eea462d586d4b0b44646f322,L2_category_difference_tied_safety_and_severity,12828,1000,0.07795447458684128,12.828,683
Alpaca3-8B-train.jsonl,10440,25ad286e1f93d8f9cb86fecb7b2216f96f81f0a11f0ff80fccd0c9a67a5378c1,85f4f1a492d74349c673b7c039a4d047e235fb419fac6ae14f2346e43824d42f,L2_category_difference_tied_safety_and_severity,12828,1000,0.07795447458684128,12.828,684
Alpaca3-8B-train.jsonl,11036,f9de4bafec24490e3ead28ef47ef846faa5785b6b4406bda983feca9735a234a,79ae0c5dfd77da18c7335530efd67cef2a2097f75eca9a4090a6edb408791cbe,L2_category_difference_tied_safety_and_severity,12828,1000,0.07795447458684128,12.828,685
Alpaca-7B-train.jsonl,25008,b7f8c2332bcd2bc3fa6bbdcb7308547ba8dc7a3fc24d28abc679e2af71e6428c,a6824ea748c7f681574cbae24cd8d27db62fb6ff240f289af4611cc01b423ed0,L2_category_difference_tied_safety_and_severity,12828,1000,0.07795447458684128,12.828,686
Alpaca-7B-train.jsonl,9106,75b564907df4906082dd9cee502d6b35b61ce937514195831d50fa042b0a8820,512175bdfbb6ad422a150aa6540f3f7bf923250e0494c3b36b7d249082436a75,L2_category_difference_tied_safety_and_severity,12828,1000,0.07795447458684128,12.828,687
Alpaca3-8B-train.jsonl,9511,a2b984c76941e91088200f75a71ec3cd75e349b89d4dd11a1cc05ba5a45f73da,2f271c5f6ad9e03f122900ac05e12e5f031edfcfd83086f952598467705197f9,L2_category_difference_tied_safety_and_severity,12828,1000,0.07795447458684128,12.828,688
Alpaca-7B-train.jsonl,6230,303f103fa6f809c50dd0b0257d2f8f026db353d73d98850b3f009efb242a136e,e950e637b2865899f2db8c98c77aa9fb17458b86fda3102aea70cd9c25bcbc6c,L2_category_difference_tied_safety_and_severity,12828,1000,0.07795447458684128,12.828,689
Alpaca-7B-train.jsonl,10269,984abb7a5acd10fef5d520003d5eed2b4499b236e33fa1858447a7ce0508e7c0,398563dd51cade8d979a726b1baaefcb33140775a90161d42cbf0d74721dc0d7,L2_category_difference_tied_safety_and_severity,12828,1000,0.07795447458684128,12.828,690
Alpaca-7B-train.jsonl,24652,ad9a9d9f8db60731f5d80f3dcf5fc21d98cdf78ef87097a98835488c0af38dbf,9ed644883af56ac6709e29be086f74713687b873ae5e9ab1b5d25b164b9bfa18,L2_category_difference_tied_safety_and_severity,12828,1000,0.07795447458684128,12.828,691
Alpaca-7B-train.jsonl,36,b0d342588df381eda71771f31525577bf6366bb72251f1a85691138f33259945,a3f18d12bbf0dfc7057743cf508fdbde4e352d72632ed490c1cc0bd33dbb0dda,L2_category_difference_tied_safety_and_severity,12828,1000,0.07795447458684128,12.828,692
Alpaca3-8B-train.jsonl,7021,2ecc889ab9da15668c5a6fbdd6e7d06389654616731bdb5c8a4fa3ae8819de46,1c275ebdfb9650a68207b22926707ae53a77613ac42ecedf72a2ee50825f12ed,L2_category_difference_tied_safety_and_severity,12828,1000,0.07795447458684128,12.828,693
Alpaca2-7B-train.jsonl,6297,73198e552c56b653782e78bed53f127c795eb268ee4ec1040c5c54a659cc95dd,3fbc2fc59b37fa70ea7aa00b32d4afde28f164ef50217c8c7e6951266255629f,L2_category_difference_tied_safety_and_severity,12828,1000,0.07795447458684128,12.828,694
Alpaca3-8B-train.jsonl,2346,1359a9fe7b194d09cb9e881c396075b1c23d1ab117fea2cbd6056a44d620688a,c5eb9dce9f6e3773f067bcceaf0009f38ad1a9dd8920b38be5d63a43bfffa88b,L2_category_difference_tied_safety_and_severity,12828,1000,0.07795447458684128,12.828,695
Alpaca-7B-train.jsonl,4679,24b3d0fa21a4cdf76bfbdfc03ab02f179184dff4a50ec83867b87a258a0cd89b,b5cf33f95abd500cca64b7780a3e10568fdd86257c9bb1a206b33c6686f39ddf,L2_category_difference_tied_safety_and_severity,12828,1000,0.07795447458684128,12.828,696
Alpaca2-7B-train.jsonl,8882,3c05d9b71daf10c6cb32009fac0ae6d2b4c2bebf5339fdab74549d9ca8cbc977,f7af6a9ca025e0f1980a8a81115508802ed2cbd812b5d6efea97db89502d4e1f,L2_category_difference_tied_safety_and_severity,12828,1000,0.07795447458684128,12.828,697
Alpaca3-8B-train.jsonl,414,e3e49dbe38123aca1b8c7da70aa13610400417d769b1962b940050e1b2bd72f8,2a2b147625ba4759ceea4849a85d8895c98155e6eb680f3c23104391b848e576,L2_category_difference_tied_safety_and_severity,12828,1000,0.07795447458684128,12.828,698
Alpaca2-7B-train.jsonl,14751,594ce7aa8272466c4cf9864017f6b0fe6ddb7f686eb25f92e11377b7b73f3f76,877c6859eea63c709f75eaf1e697a5053a9054f3d8d35dfb2faedc5c48ded493,L2_category_difference_tied_safety_and_severity,12828,1000,0.07795447458684128,12.828,699
Alpaca-7B-train.jsonl,12149,d0eb30211e7849383b531b38b45eaab177476353620d5f2cae9002e6c200d6ed,25513c0dad28411c8b2ec62e703ed11cbe4b67ea01e969cd0f1e6c31cef3ac73,L2_category_difference_tied_safety_and_severity,12828,1000,0.07795447458684128,12.828,700
Alpaca2-7B-train.jsonl,8782,d6f460a09234105f98bc4f6b8030a58fe5d18c81734b089f2a1ac0bcf0a9cc92,8b25a498fb6b60279206bce7583323cae6d837b1664d6451632cb38b70d0de17,L2_category_difference_tied_safety_and_severity,12828,1000,0.07795447458684128,12.828,701
Alpaca2-7B-train.jsonl,385,0db7e87af1c953610818c3839c37614451617be80097ede79fd3b54cdf069acd,11612ea68da0d2677bef90718c94096623e75c90e2dfacdf2b66710ab9ffc79a,L2_category_difference_tied_safety_and_severity,12828,1000,0.07795447458684128,12.828,702
Alpaca2-7B-train.jsonl,10389,2a3fa25a17e900a8b0f1224cc12688aa14bf5f0ab018f057d4bbcffb82558d3e,70b3be6ef631fdf07d23bed1b04ac8744b7864d98b398776c349e203f79cd7c0,L2_category_difference_tied_safety_and_severity,12828,1000,0.07795447458684128,12.828,703
Alpaca-7B-train.jsonl,26720,d371bc42f3e5acae9c046eece8eb30e2c0c893a74aa1217d08bbbb4e2ca4ffdf,f533b348f37297f03474a3c4e23be1383e04e3543f7772a73831876fcfe53b54,L2_category_difference_tied_safety_and_severity,12828,1000,0.07795447458684128,12.828,704
Alpaca2-7B-train.jsonl,22531,d832852c6702d0dc3b9f033fc0cb5f4fcf525912321e4268455885715bf282c1,23004836ffb7468c0c520951e53f3d96d23e4311d1c7402fe6608000a1bcc20f,L2_category_difference_tied_safety_and_severity,12828,1000,0.07795447458684128,12.828,705
Alpaca-7B-train.jsonl,23786,548aab8ae6f498e6a035494766364ab5c337d31972ea86d5e8fe3a4b2e9d162b,e60dd5adba0da0d7f74b31c9faaf1bdeade7cd0d9542e12820109db0cecf4f33,L2_category_difference_tied_safety_and_severity,12828,1000,0.07795447458684128,12.828,706
Alpaca-7B-train.jsonl,3264,c89424dc06c286f9154102b78cca0230739577d86f486460a00638e7baf69448,cdacf8777ad14f5ff609be802a89fc020518927cfe138de0d5164f4c47415ef7,L2_category_difference_tied_safety_and_severity,12828,1000,0.07795447458684128,12.828,707
Alpaca3-8B-train.jsonl,2751,142144179e29337852fa415897aa48dc6d9fb33902daf6b24d5fd1601de7e05d,4e2d538b9842505f7a9d0322e5e1e19f21042672b26dc0ac76f1f9b02d4646ca,L2_category_difference_tied_safety_and_severity,12828,1000,0.07795447458684128,12.828,708
Alpaca-7B-train.jsonl,21597,e09510067c94e79390bde44f4dcc4b56fedfde96ce7e182898d6be7a2bb53b30,500e9da9984429bc18bd4de59aa12a1fb2e59802c448c67edfe966eaef67c6df,L2_category_difference_tied_safety_and_severity,12828,1000,0.07795447458684128,12.828,709
Alpaca-7B-train.jsonl,18612,c25568a4b47bb7fc2971b3347269753d686d0ba834490988c53717a9d1468543,dba48cb81bd35cc5bad23e77ea40f39446a3d5d7902e43dbdb243407f3493cf9,L2_category_difference_tied_safety_and_severity,12828,1000,0.07795447458684128,12.828,710
Alpaca-7B-train.jsonl,24038,c0c6e54ca5062bed21cfdaba3bb8287a15a594e6924bccdbb1a042de284415dd,85d79e58b157de19c9ac407553dd5bb3b08ec06e8afa49f6cbb0e5fa820dd949,L2_category_difference_tied_safety_and_severity,12828,1000,0.07795447458684128,12.828,711
Alpaca2-7B-train.jsonl,687,5d37a5f9ab1b2b79aa6840a93943543acb53fbaa9d009ea329245f7d35dab256,89c6d945c16ce4873688e9b0c24fa347755f99599adef13ddf7e0b87e21d4ad7,L2_category_difference_tied_safety_and_severity,12828,1000,0.07795447458684128,12.828,712
Alpaca2-7B-train.jsonl,24945,5a992e225773ef19e32044c6734a2faaa47f1b0b95453a3cad81eeef4d86a1ee,5f61cfa30699845b45647d3955930241fdd7e65bcafe60c985052aa69dd03728,L2_category_difference_tied_safety_and_severity,12828,1000,0.07795447458684128,12.828,713
Alpaca-7B-train.jsonl,25665,61ef080f319ba2c74d86879bb08b553d1014de87e8f088774e81874bc4deb8aa,e15dcfa7d94b02f0f6b3884dd192b5d77e14e2cadfff7bb6029c0cc24706b83c,L2_category_difference_tied_safety_and_severity,12828,1000,0.07795447458684128,12.828,714
Alpaca2-7B-train.jsonl,11976,5780ca05e3a97905358eb6302401c7746eb6e4914d35edbae80c5a9ab168f3ad,9dab954be5e93af57b3ecdfca92b2624ab5914f7a271a5322c23f936a7a5376c,L2_category_difference_tied_safety_and_severity,12828,1000,0.07795447458684128,12.828,715
Alpaca3-8B-train.jsonl,18990,2ee9991c311cc0b054fec813c37a69d076b27f2172bc07867483975483662483,09411ac6551f5bb958f2214e7fb2174144cbf45d1e76bdcac93d2d5b84a40e9e,L2_category_difference_tied_safety_and_severity,12828,1000,0.07795447458684128,12.828,716
Alpaca2-7B-train.jsonl,4161,33a90283f2650110e9b92c6964e925fdfb8b2ff5f85b5b8b3ec86b49795361d3,131c68ab34fdc40e4b6384e88ea97eb25c8bbcce4e1965669d00f7e366ca3b35,L2_category_difference_tied_safety_and_severity,12828,1000,0.07795447458684128,12.828,717
Alpaca2-7B-train.jsonl,17264,31d5d6be96a940442f4a0970b8f4105d78395ee5d8f8f362775d47f3fcd0e26d,1db567301502472e7d12988c8474f5b3dba31a1c5a5c38e0d2ef5d4c7f3f17db,L2_category_difference_tied_safety_and_severity,12828,1000,0.07795447458684128,12.828,718
Alpaca2-7B-train.jsonl,7673,d3364600e0db5d03c63521bbb8cd01cd500218e0ad32addc7e7a78ec955f3cb6,cb3fa01bafd22898831644974e162a72974a2362bd709d6f811bdf0d11405ed6,L2_category_difference_tied_safety_and_severity,12828,1000,0.07795447458684128,12.828,719
Alpaca-7B-train.jsonl,554,8990c9a864e5f45656f433402059d78698a71efffb72541213c96d8ec8b73257,483a38d2391170f91f48212efd15df26aca0daf3190edb1ad5f7e1d88772248b,L2_category_difference_tied_safety_and_severity,12828,1000,0.07795447458684128,12.828,720
Alpaca2-7B-train.jsonl,16177,b06ed88b0f1beb496a49f38758f184c46092412124adce888e1f1813b478169e,8e9edc48053ec25567c55e5b90b1a479093d36eee93cfa42769b2940f06d42e8,L2_category_difference_tied_safety_and_severity,12828,1000,0.07795447458684128,12.828,721
Alpaca2-7B-train.jsonl,5639,64fe3b3379dec9b3ea5ef42e48c2838d12f8da3821a36706b273731c31190bc4,f452b9176ba06b122915f758d770a3f8e3ba1716892c8b223bcfefbe7964b526,L2_category_difference_tied_safety_and_severity,12828,1000,0.07795447458684128,12.828,722
Alpaca2-7B-train.jsonl,16837,489b1f625fcbd226aec5c74ceab9d494818aa296f3745beb5f7432bcc27228ce,595f42c29ed91381d0b09ca5cb64675d038cbfab04c97b0ca836b2a1f3e27765,L2_category_difference_tied_safety_and_severity,12828,1000,0.07795447458684128,12.828,723
Alpaca2-7B-train.jsonl,18475,ff9a189311aec35f5625e052bdcda0f038016b6171e93d09504a8a4aff795884,3f607100f08fb09204c83b330104f353750772fb4ea5902a602855ea0d5d7776,L2_category_difference_tied_safety_and_severity,12828,1000,0.07795447458684128,12.828,724
Alpaca3-8B-train.jsonl,1312,5e87dfdcec56df8a23aa1b2bb800abbbb916b079a1b89b74a84de0adf0148958,964cbea3bcf9ce8f31fa1aed6952715aae56035e778e1bd30bcc07eb4fbceb6f,L2_category_difference_tied_safety_and_severity,12828,1000,0.07795447458684128,12.828,725
Alpaca2-7B-train.jsonl,15588,8e3068d8db51fb2bc9b104e2ce849587458bce9f9c466f3f15473e6c2c775ed7,db6efdc37f4515313fe46357162b127d1f5589ccc9ee13071bd913dc8c189172,L2_category_difference_tied_safety_and_severity,12828,1000,0.07795447458684128,12.828,726
Alpaca2-7B-train.jsonl,13988,7e59c767aa250ebd21fc95a1e9616a92fd69d6046492a98cdab11a4e8845e3c8,c0a3dc6c37f66499c6d11eddc77a237074c0b0f5a503b3e20ac6fd120fa1ab5d,L2_category_difference_tied_safety_and_severity,12828,1000,0.07795447458684128,12.828,727
Alpaca2-7B-train.jsonl,1327,886136d5261e4f7ff94a9c4051c1767a0da84ae6b689dda9e11ec17e28e6b98d,4145284831cdb3103bd7a234632874c27df073ed135b97edd6501f4764d081b4,L2_category_difference_tied_safety_and_severity,12828,1000,0.07795447458684128,12.828,728
Alpaca-7B-train.jsonl,1358,ddc6f5df516577c7db4aca8c1f1435eae2b0bafe11f10abc31eb3d993698b543,14c657b0ca9457aff13179f2557ab208393852632de5d8cb383a996f402d54ab,L2_category_difference_tied_safety_and_severity,12828,1000,0.07795447458684128,12.828,729
Alpaca2-7B-train.jsonl,17502,d6df4ccd26d939be1ee0529377f6fb3f77d71b820e4e73cd533911a932b8cc25,7a80ab49980ef8e9b9ef8174fb2cec0020c649126ec8ee0f44b8bacc9a6ab2e6,L2_category_difference_tied_safety_and_severity,12828,1000,0.07795447458684128,12.828,730
Alpaca-7B-train.jsonl,1978,56c5f86af53472170489a57e8c96959609feb3d0d978ff86caaa2a9ad0d1dd11,bb284ae78c3ed4721abc79435efb545fa964c7feaa2558d5e36bcc6c3cb80103,L2_category_difference_tied_safety_and_severity,12828,1000,0.07795447458684128,12.828,731
Alpaca3-8B-train.jsonl,16707,556127de781a167d8662ae6dc732523ddb8f806081f08bb6036bfc5b8ad486d0,2adde0a73729e2a91bf075b3e1af786cc472348e7c9aaac5e006ff19162ecc53,L2_category_difference_tied_safety_and_severity,12828,1000,0.07795447458684128,12.828,732
Alpaca2-7B-train.jsonl,7955,60302be803e95b59dbd94336679ee49570400c88117f599fb799424e5b947b73,6d0fd206f8bc7c013b0311e3492d3c0dbcdbb9bc1cccc1b44b9c47d1b6cfba21,L2_category_difference_tied_safety_and_severity,12828,1000,0.07795447458684128,12.828,733
Alpaca2-7B-train.jsonl,1581,73a244dc7d425ee07705b0e3dc21d180796b231a8088b024dba829d66df22601,4165c2d277a2761b074a9dbd5f126f80546647e48b70a0b10019b8eb9e4710ed,L2_category_difference_tied_safety_and_severity,12828,1000,0.07795447458684128,12.828,734
Alpaca2-7B-train.jsonl,19693,0cb31961b4ebe22669f17477e03030163c0d11ea1e07d7bc46a404c243b61018,129369393d23a91e91fdcc9460417c6a0447fbfd88c35d309d2e81f8b290bc5f,L2_category_difference_tied_safety_and_severity,12828,1000,0.07795447458684128,12.828,735
Alpaca2-7B-train.jsonl,4139,a9dd4397d4aa93dffa43900f55552022356315cc5d078ec4fe2e7a97e72bd8ef,9af846f4341ba42a1fce4907117378e3c2485f78bf8913aec32fd3bfcb6346cf,L2_category_difference_tied_safety_and_severity,12828,1000,0.07795447458684128,12.828,736
Alpaca3-8B-train.jsonl,5188,cf8b00798c19f079551a6d4067c0efcd689235f331b02d31959fd8690f95a670,358907e28b0a3e72f74f61a8ddec4cf5ff3ec61e2ba90d357c5c099acb133a9e,L2_category_difference_tied_safety_and_severity,12828,1000,0.07795447458684128,12.828,737
Alpaca3-8B-train.jsonl,6650,e280757a6705a94885a4d7b2bf37b92f4d3b0811e66756fe0bec7be6dc2af0f6,274e850e56131dbc4266506c9fc8af549f56880290eb3662949a9f76d6fa6f6f,L2_category_difference_tied_safety_and_severity,12828,1000,0.07795447458684128,12.828,738
Alpaca3-8B-train.jsonl,9525,4f2d21bf6b7b47c04c72fcdcbde84cf1d024ad5a3d1ec050a66905b66ad3f7ba,9925bf8b1c7de0b0786b71cb16ecac62f9f47a9ad137763caf2aa54895f4d5dc,L2_category_difference_tied_safety_and_severity,12828,1000,0.07795447458684128,12.828,739
Alpaca2-7B-train.jsonl,11701,a95a5bf443540b3f0d9d19ae018b90c760f64c61e8ff18c954170bd6a3ffc4da,e24438abf16199eb42a0a3ac0bc12d724bfdabae00ba6f0e8182e2fc3b7e7c80,L2_category_difference_tied_safety_and_severity,12828,1000,0.07795447458684128,12.828,740
Alpaca2-7B-train.jsonl,896,ffaf1178025bba848bff613cb65da2e0355c0bcbdb77e98bf53c9f8eb39fa1f9,dbad812cecb0101c8fbd8d548efa1cb902d5817122333708737dab3074c239d1,L2_category_difference_tied_safety_and_severity,12828,1000,0.07795447458684128,12.828,741
Alpaca2-7B-train.jsonl,14146,897d60ab41b86f85d48eece218fffd27a836c7ea360069277fff9897fc97af1d,fd04b9a8279f6ee1871732f7791daace9eca194cbb7be781e4f607ab112e2539,L2_category_difference_tied_safety_and_severity,12828,1000,0.07795447458684128,12.828,742
Alpaca-7B-train.jsonl,12280,c0386b0499d95afb7c5ff5d9119ddf859072840d7707372e16c04d6b71521a26,fea49bbebe2017c809df111faccd1e18defc7208fbc8d2b957e1e8c98df05b90,L2_category_difference_tied_safety_and_severity,12828,1000,0.07795447458684128,12.828,743
Alpaca2-7B-train.jsonl,4152,1d43667402b401d0225a5eaf5565f929693eb24fb08eccbb91a068309d0d6b24,a897bbe347e920921954e66143e0e84c11c39ea3d9d3bb37941a7bd43245d069,L2_category_difference_tied_safety_and_severity,12828,1000,0.07795447458684128,12.828,744
Alpaca-7B-train.jsonl,18738,230a1c48026a8b9409a5f8c3c848275e32e0a59feb1530434cbbf553d1a97b48,1337b270af9f2276e0d7152327bd45896fbdff2fb3b30725226e4272c606a4fc,L2_category_difference_tied_safety_and_severity,12828,1000,0.07795447458684128,12.828,745
Alpaca3-8B-train.jsonl,7070,2cec2a0a458178b7c8c282ed26118018369eb866aae342637d36f225580627b4,fdc6b85563952ccb2a0ba6a3bfc635abd30df01149aa753d5e15165f28aee22d,L2_category_difference_tied_safety_and_severity,12828,1000,0.07795447458684128,12.828,746
Alpaca-7B-train.jsonl,19728,489eea4c8807b737a1dfbf36aed212f067e7f2a4f34aaa61fe5e2990ef3cfb52,29bd96408520fb4ca97d351001f9926fa81a28fa01ac1eb7b83220367a5342fa,L2_category_difference_tied_safety_and_severity,12828,1000,0.07795447458684128,12.828,747
Alpaca3-8B-train.jsonl,10429,48b44fb230ff3e68643a61382ca666550343c807924a19c80cba0610e6ecfe20,333e3a8df1bf9ba055a3c1f66d208605b6dc99c3f237d40ff15f00c62e2b8bf4,L2_category_difference_tied_safety_and_severity,12828,1000,0.07795447458684128,12.828,748
Alpaca-7B-train.jsonl,14272,4fcc454c87491c4f99a0445e56e5b52652e31a4be80d66efb252bc451717f1bc,72ffc76a292877f004dd6e6deede10bf59527127ed86acd8148b57f8db870011,L2_category_difference_tied_safety_and_severity,12828,1000,0.07795447458684128,12.828,749
Alpaca-7B-train.jsonl,25735,3ca908ffe171083ec413f73af3184bb38cc23cbef1d11a5ae443c520a3df6416,8bc26f033222c74f0c9134e9607190b368e4391cefe34d0c52a6fed4537f5916,L2_category_difference_tied_safety_and_severity,12828,1000,0.07795447458684128,12.828,750
Alpaca3-8B-train.jsonl,8151,a18136b6ed5505b402753481020ed27d6cea5c232b000903ccd551e27cfad63f,3d58a8c83d1a45bcbd14080001213b3dca4b0273aa1cdc51004c276e5e887279,L2_category_difference_tied_safety_and_severity,12828,1000,0.07795447458684128,12.828,751
Alpaca-7B-train.jsonl,25217,973cfe3a726ede2a114bc2443caa208485053097b6fccda9890c4f157c98348f,9a8710b349157863d6893daf5a96386ba6d95bf8f778eebafe5209bce13a60ff,L2_category_difference_tied_safety_and_severity,12828,1000,0.07795447458684128,12.828,752
Alpaca-7B-train.jsonl,25032,70c3bf04a7326a59dc24bf65256f786fd71fbd2c3caf1876b255d0ccf825bb97,dbf7850dc176898636cbf4515736e37f5ebe9b4be4de39db65918945a2631578,L2_category_difference_tied_safety_and_severity,12828,1000,0.07795447458684128,12.828,753
Alpaca-7B-train.jsonl,22000,9d300479c38556db8d0412e41fcb598ed2b9892e9ddd3ecdbe2a8660ee3209c3,b6e44800d3480a8e66b6fdebfa37a1d374aca9fc94aa201be12a6554bb3ba112,L2_category_difference_tied_safety_and_severity,12828,1000,0.07795447458684128,12.828,754
Alpaca2-7B-train.jsonl,22976,b4b9dca47e72cbbfac748efe2336f837f87d436671e110f0feef1b036c163f8a,a710d7eb12cf2377a977883c2f4e7453941e637a22a1290e4ee75f6718dc58f7,L2_category_difference_tied_safety_and_severity,12828,1000,0.07795447458684128,12.828,755
Alpaca-7B-train.jsonl,8730,8d5d4f715c6ac48e3da22e36d8d79e643ee7c2bf340c8c9bb8cdcd6d6120757c,a9abab01923332f4ca862c11d34357dec2ec545176e4469e2378eceb6c8bc321,L2_category_difference_tied_safety_and_severity,12828,1000,0.07795447458684128,12.828,756
Alpaca2-7B-train.jsonl,9264,e7ea3f6c4289233eac40cd20be63d1fbec07afec883741bfa01cebc80fe2483f,97681c55dd3e43ca7bfb7ce83729f1ec8f35ec252cd56d2852fd640f9304462f,L2_category_difference_tied_safety_and_severity,12828,1000,0.07795447458684128,12.828,757
Alpaca2-7B-train.jsonl,2641,5aa25b2e9531efac97dcc6c4030d03a29e24e6ced2db489ffe3bc4eb4264cb50,41378237541012a21380d1a1aef761e78d8ebdbe6e3aceca5bf52418d8dbd4d7,L2_category_difference_tied_safety_and_severity,12828,1000,0.07795447458684128,12.828,758
Alpaca2-7B-train.jsonl,4068,7c6459fe7366a737602407bd70cb08bc4694b97a79604fc8b3da5ba33de964f5,631b02a38a25d3abf498d8a4c6079edfaa88a34b9e05a70036059172c8d3c5b9,L2_category_difference_tied_safety_and_severity,12828,1000,0.07795447458684128,12.828,759
Alpaca3-8B-train.jsonl,10344,bfe40a5bfde65b569281ee5d4ee7702d53a250fc5fafc889459873155681e943,4b212f992f138abfed0d9968c020aef1bac093defe101b74b28c317110f53172,L2_category_difference_tied_safety_and_severity,12828,1000,0.07795447458684128,12.828,760
Alpaca-7B-train.jsonl,7898,5223402fbeaeab8a349bd34765af9cfcb44a23196dc1d99fc647e442a9a62f9a,39df55dd6313c91343bbce38091005195c2f7dd0aee91ed17f7938eb9a3315cb,L2_category_difference_tied_safety_and_severity,12828,1000,0.07795447458684128,12.828,761
Alpaca-7B-train.jsonl,24413,9fc8d691acaa098fa789cadf2c132c1c12aa72d13e80e519f27a3b4aa1c27ff7,357fe8390ad09ef592d326c5f91cba02e3f3ef9abd131172c8c3f8465328ffa7,L2_category_difference_tied_safety_and_severity,12828,1000,0.07795447458684128,12.828,762
Alpaca3-8B-train.jsonl,9530,48df8c722d1fac918ec58f8c7f2b3978046c22c2a7508af91ac485da6f4ca512,9f99db6358ab72e71352a5cdd5e95dd260f8185f906cbfbaf8247b4d52a6d272,L2_category_difference_tied_safety_and_severity,12828,1000,0.07795447458684128,12.828,763
Alpaca-7B-train.jsonl,11907,f22b57e10a36dc9e2678c3e5045aee16ae062d6043b7df63b018a017b4e07c8d,73671307718c4d71e0edaff00cedbf25983ab344d8664e64ca07798c710de42e,L2_category_difference_tied_safety_and_severity,12828,1000,0.07795447458684128,12.828,764
Alpaca2-7B-train.jsonl,7949,7925d7913c1e1d0c1be7397134703d89c72af3becb7abcd9ed53ec7221bb15d0,78da9789f2d49b41a1f27f486dba5c35e57b69a6aacae1d3fb67f318ef5d59d1,L2_category_difference_tied_safety_and_severity,12828,1000,0.07795447458684128,12.828,765
Alpaca3-8B-train.jsonl,14819,876cdd6a86d2ca0b5e010559f71d66ff2a4f24279ecf19473a1c13f6aadb3a6b,81cd190f9b1ea9876f7d7c7ef99bfb33913e337bc344f9c85c283d6c30d964df,L2_category_difference_tied_safety_and_severity,12828,1000,0.07795447458684128,12.828,766
Alpaca-7B-train.jsonl,6749,a561524d86d90fb4876623d260c0cecbd3d65b82bcb50777b7828d5376faf2b4,2eee5a3ce6e3097fd898616b923ed8d9e5b84a126eacad1424aaadf61aa5f680,L2_category_difference_tied_safety_and_severity,12828,1000,0.07795447458684128,12.828,767
Alpaca2-7B-train.jsonl,17812,6aaa3b369bae5522c3f36d0dadc466f3200a08ce3b5ff1cd390b368892b11343,1c103dee5a736a3dde50f0a1f7a60ccf6f8a12803d57b381cc18532b3ec91f76,L2_category_difference_tied_safety_and_severity,12828,1000,0.07795447458684128,12.828,768
Alpaca-7B-train.jsonl,24699,635864e43b368a66dea2733db37c49bec364623697adff450da6fe8a1a252501,f2d43b4d1e04c3c31b015933e2f828ce61ce20a18a7217fca7fa96b3349f5b88,L2_category_difference_tied_safety_and_severity,12828,1000,0.07795447458684128,12.828,769
Alpaca-7B-train.jsonl,8675,c45c0bef1726399db089074d0910ac32b040486be81b57b119bbb468f6303ddf,402bc23e0155ca1c51a5e40c1ccf3a824b79ca414a210b08608fb28c7fcd949f,L2_category_difference_tied_safety_and_severity,12828,1000,0.07795447458684128,12.828,770
Alpaca2-7B-train.jsonl,4212,2bba9647f924c1d3ddb82e3b48e8560dfe6d7a5da5b07bbba9847a76d872281b,58e8eb87c8744fb413cba771cd39b63fe485576f9caa3067eec9cfdc48740fbe,L2_category_difference_tied_safety_and_severity,12828,1000,0.07795447458684128,12.828,771
Alpaca3-8B-train.jsonl,19481,99db088dcae2f89173cf56803c668d5de42e8652c8b7a5f0c219dbf508d74258,a630a9d0da5129c9b55536fb4773c7a1af9e41e04c4b1af3425b0d6eccf7a8f5,L2_category_difference_tied_safety_and_severity,12828,1000,0.07795447458684128,12.828,772
Alpaca-7B-train.jsonl,24556,6fcd7a06cbe6f15af4b9a6be0df23838d9e162567dfc138b63a7bed488f6cdcc,16a1b20c37be70fe4014d534c07fb6a1c9ac50afc5592dd6c8d9b31af0d31399,L2_category_difference_tied_safety_and_severity,12828,1000,0.07795447458684128,12.828,773
Alpaca-7B-train.jsonl,3471,b224ffc976bdbd80711ce589dba5f9d438cfa4e1bb518606cc1fa7059537542b,edb071ed845b9701ae2e1c2b42aa39ddeb0894086e7fae225d61a1a0fc901f7f,L2_category_difference_tied_safety_and_severity,12828,1000,0.07795447458684128,12.828,774
Alpaca2-7B-train.jsonl,1478,1f7eee238787d3bfbf9e970f098148afc87596823d4b582ec8c3265470fed634,1426d090c203c040db3a0a01eec2fb971bbd6089e2fb8502f593aa693d5480fe,L2_category_difference_tied_safety_and_severity,12828,1000,0.07795447458684128,12.828,775
Alpaca2-7B-train.jsonl,24890,00735e968b367c72943f753ec4c6cfd942de905295e73fffb5c1d062f77982c2,c2e68ca5482dacde61ef0092cb85af198cf4f6308626aa4077aed6dc33ff0baf,L2_category_difference_tied_safety_and_severity,12828,1000,0.07795447458684128,12.828,776
Alpaca3-8B-train.jsonl,14512,35501c79667dc9858d3ba56322059c93f8bdf94f1251cc7fddbfc01ec96f5a22,39185cb0d14839aae48e0de7bea54ac5e6be7deec38d52a2e08a5be6194902c9,L2_category_difference_tied_safety_and_severity,12828,1000,0.07795447458684128,12.828,777
Alpaca-7B-train.jsonl,17411,49af371abbe67fe41f60c64a6b94bce335bfa324e35d4479bdb26beaa3ba4ba3,778ecc274abb76532b6a125c7388434096985f5b589da0ebf41c56d90b68c5c4,L2_category_difference_tied_safety_and_severity,12828,1000,0.07795447458684128,12.828,778
Alpaca3-8B-train.jsonl,11373,65903042f40598e97e5686d437765ca5a1ce4c861b36fd103c74d52475e3ada5,5fc6d03e7979e23937f9352332da653e1906cc39a1edcc791910569360984d1f,L2_category_difference_tied_safety_and_severity,12828,1000,0.07795447458684128,12.828,779
Alpaca3-8B-train.jsonl,11053,0e264b143553daad5ef1875e5363130f52c123523dd3c494e1ca8a16274e46ee,4a300465007039aa4d3574399853c55191862eb95a827efff4bafc984299c941,L2_category_difference_tied_safety_and_severity,12828,1000,0.07795447458684128,12.828,780
Alpaca2-7B-train.jsonl,4200,65e2405d55865c0db4d06ca140995464f390885ff8a3af3c4e8de23ed763024d,29028a34a9dfc9701ed2075fd85fe23e6eb688c6408792afdfbfbc0c561189eb,L2_category_difference_tied_safety_and_severity,12828,1000,0.07795447458684128,12.828,781
Alpaca3-8B-train.jsonl,11831,20898ad4335fc48268bd6b0e8ea72043cfe5f2ec86bc9cb0578aa3e5669801ff,4af8574e1741dc949c0b383a8dd96920fa357d668247f3009aa83e6469d20a43,L2_category_difference_tied_safety_and_severity,12828,1000,0.07795447458684128,12.828,782
Alpaca2-7B-train.jsonl,5437,8f9cfc0a8cf355fe738f5e31cc5f2b34270c7ef717e10d98bfc5fdfda648ece5,efde8380617f602811bce28d204a15708e165c5e8f2b14884ee658b929723e24,L2_category_difference_tied_safety_and_severity,12828,1000,0.07795447458684128,12.828,783
Alpaca2-7B-train.jsonl,23091,1d471c1f4e9219ef843fe502b211013c453c81e2afe1ebb9edcd373d83275ad2,9bc45d3f3a8bf38dcfb685f204bd9ec894e2b043329913f07271f4fac0f99386,L2_category_difference_tied_safety_and_severity,12828,1000,0.07795447458684128,12.828,784
Alpaca2-7B-train.jsonl,12343,1ab8e1df9b9020c0e5692eef225b1dee23ec59f6751307675957438c2d2beb12,2ca98f2fdbfb431e9f07ff04907eb96aca4d909513e7bb12509b2562ed7486da,L2_category_difference_tied_safety_and_severity,12828,1000,0.07795447458684128,12.828,785
Alpaca-7B-train.jsonl,25566,e93d2e1ab50dda04d53e2e928c032cc4d1b607573c34e30728561a8eff1d1d3b,2c8d494f0538878c0f9f96448072d83db0b5c8cc322ce32d2f39a25507919a43,L2_category_difference_tied_safety_and_severity,12828,1000,0.07795447458684128,12.828,786
Alpaca-7B-train.jsonl,3999,ae989718e264ea478de3a58f089aaf599c400dcaedfba30e034b41e69060367a,7f0794d26a5fd75c0072d271c48215f7fe17be0f16ecb2284c190a11f6caffb2,L2_category_difference_tied_safety_and_severity,12828,1000,0.07795447458684128,12.828,787
Alpaca2-7B-train.jsonl,2053,1d4dc691232e348367a7a6c9860530a0deecafe7466fcacb4f6ed12f1b3433f1,8d03df2d57c13d56ca2e2082fac952ea6c17788402d2d1b6048ddacb195494d5,L2_category_difference_tied_safety_and_severity,12828,1000,0.07795447458684128,12.828,788
Alpaca2-7B-train.jsonl,1945,9644a08a0d120a861589b1479097d1e356f68ab19fdceda8836bc2fedd173e92,5f5705f4daab32fb7c13fe519a216190497818aeaf532770f21b70667b289588,L2_category_difference_tied_safety_and_severity,12828,1000,0.07795447458684128,12.828,789
Alpaca-7B-train.jsonl,15665,148987c5b35bd791a88e44767af377a908a5a507b412af62ad163e297f64b8dc,86a4e7fc467f1d4f4ef77d6c35d3420c30b566fd3a3a3ae4d9025c10c209c73d,L2_category_difference_tied_safety_and_severity,12828,1000,0.07795447458684128,12.828,790
Alpaca2-7B-train.jsonl,10401,e3bd01dc7a1bf5ad4980fc2c2e65d191a56a0f0951cb4e8029eed67e616d42ac,4c317f46bceddfe2b7e9473612483baf98b977a99b1d7d25385ffe7dd0c7163b,L2_category_difference_tied_safety_and_severity,12828,1000,0.07795447458684128,12.828,791
Alpaca2-7B-train.jsonl,20178,b890b3d3460f4caf5303da3d87150034c4bd8dc7b7d5e96732c19d1df166624f,78f83309559f75387ff908ed84f3ad546f93bd8498eeebfc4c0f83c349ff555e,L2_category_difference_tied_safety_and_severity,12828,1000,0.07795447458684128,12.828,792
Alpaca2-7B-train.jsonl,12213,e36b1eb7c7fb983f9c25a06cf8f011865a7cdf472f7a40c40443d64c171e8fc3,1fece903bd213695792554c6890d566aee714af9480529d04d045bbe3a2c0d09,L2_category_difference_tied_safety_and_severity,12828,1000,0.07795447458684128,12.828,793
Alpaca2-7B-train.jsonl,11442,4cc149b189989a009d6f6cc676e4b265d8f5ed9a4ca45b2c02e878665d7d70f9,542c2f927e0884168984f4df4cfe85c9d3cdad831de5a97e99799bcd020a5669,L2_category_difference_tied_safety_and_severity,12828,1000,0.07795447458684128,12.828,794
Alpaca3-8B-train.jsonl,13621,685c33d66eaf5c193420525e265bc700ce5361504e863fb0e236838e55e838df,30eec7d096f94d461375c628ec31f2618c99bb926b87c086da7eb4bea3e9b51f,L2_category_difference_tied_safety_and_severity,12828,1000,0.07795447458684128,12.828,795
Alpaca3-8B-train.jsonl,2367,591786845bc2ec09337adb02718e8d322824bb1b0c94d7b25cc775aa5ed26ba5,169f5b509129115bf96375c291df10e974964da3aab10b8c77605d697aaa2fea,L2_category_difference_tied_safety_and_severity,12828,1000,0.07795447458684128,12.828,796
Alpaca-7B-train.jsonl,18,a1b628bb9aff3282472820aa9c778033053887e597cebc6d4e14e56e4602d4f0,a4d42627afeea5b40c2187ce90eec515ac631b25fd0c9fdc89c85a022c5265d8,L2_category_difference_tied_safety_and_severity,12828,1000,0.07795447458684128,12.828,797
Alpaca2-7B-train.jsonl,1561,6f878c00b6b550c097da280fd14fb3570c87012216926b2a200b9aefc2c644ed,be3aa9e359e69584106e064a2155848417f8d63227d71447a28693d3718e2398,L2_category_difference_tied_safety_and_severity,12828,1000,0.07795447458684128,12.828,798
Alpaca2-7B-train.jsonl,10762,b1326cad64bdcb7f9253937d8a55895f5ed62a060857e2fb12be1271d78f07f4,f43c13b1aa8dd11b6821e1acb871374a1903841bfb46fab95dd39c08206e67d3,L2_category_difference_tied_safety_and_severity,12828,1000,0.07795447458684128,12.828,799
Alpaca3-8B-train.jsonl,12071,c7568a6554edb4c8ac07c582de41a061054e24b43a9a61b4035c95c913ff2e38,82ebc9e84ab6a1d289b22749e636f82191adac2d699f6b04a103064bfce2cdaa,L2_category_difference_tied_safety_and_severity,12828,1000,0.07795447458684128,12.828,800
Alpaca3-8B-train.jsonl,11713,81d3cd9cf97fd9e0cb16faab9da8e2a65a5fc248be22e20f4d4cce07e7a41eb4,fe495337cfb1b1f6c0facae8d1a309f2c5673ce240b4ed31dd8f0d7e4ef16755,L2_category_difference_tied_safety_and_severity,12828,1000,0.07795447458684128,12.828,801
Alpaca-7B-train.jsonl,26358,fdf69b9b64dd1ffb3f364fb5b053c7235028e1eddb209df633bb1d6583d15049,0016f93dfeac5a4613c442e56867d3bb7736d5309c992563a6d57afa9c2a6842,L2_category_difference_tied_safety_and_severity,12828,1000,0.07795447458684128,12.828,802
Alpaca3-8B-train.jsonl,16527,f12588163a78fa5cd95b1d23e011bd7965667c22119bd598a964d0d983294f9a,0ef4180ce7cdf7bfd88d17961f8551367358de57f61cab225dbc0c5b5813b49c,L2_category_difference_tied_safety_and_severity,12828,1000,0.07795447458684128,12.828,803
Alpaca2-7B-train.jsonl,21369,916cf7339e17caed52cb2f3a7fbddc651a107040d2b758db6275a2b8fd560b6a,4ebee2b69b61f76e2e1d2b39d80134457d3926a67541cef3e40ec2da0deab327,L2_category_difference_tied_safety_and_severity,12828,1000,0.07795447458684128,12.828,804
Alpaca2-7B-train.jsonl,18250,238b27049895f13046a3ac6380919775a6392d29f61df90622fcc3637d27a78b,8d910e021b77fe6aaf681d956979d4e12b05a0de6686928df2dd0ab54217f515,L2_category_difference_tied_safety_and_severity,12828,1000,0.07795447458684128,12.828,805
Alpaca3-8B-train.jsonl,699,e91d1c5f0665e20c089297e9a512f0d85ca32ee35ee514d93a236de001c0c16b,60bbb7a33ec0dd4f03e451e0306f901b1a8f1d56c2eff743943ffcc7e2af5d8f,L2_category_difference_tied_safety_and_severity,12828,1000,0.07795447458684128,12.828,806
Alpaca2-7B-train.jsonl,12815,4c5abf8e1f0f6ac0960e5d34652234194ada3d3a5792526ed970fa6291735238,c3de3695722df810b076e6793ba6e2ed825329c7002cc1a5fe44933ff74478b1,L2_category_difference_tied_safety_and_severity,12828,1000,0.07795447458684128,12.828,807
Alpaca3-8B-train.jsonl,19026,38ecb546824c01dd172915b902583382aee97b86901e37a7ae9f066f9a0cff73,21407791fbba52a74c725efd13ff196a6d31b9bec00f8e4b3ddff0a5f3a4fc86,L2_category_difference_tied_safety_and_severity,12828,1000,0.07795447458684128,12.828,808
Alpaca2-7B-train.jsonl,1160,c6f25055f84fbebd5e0ec57e168b88ef32f371d06a0790fc1a874ea2b0c72a48,e5d0fa98b7178a91ec4f2d221c3e9b5d068ddffe8da63ad12db709cfe6710c88,L2_category_difference_tied_safety_and_severity,12828,1000,0.07795447458684128,12.828,809
Alpaca-7B-train.jsonl,14560,a7ed0fdfe40d6294e01f868440a5318f8e1ccb2c4924bede4b6a229d7f8668d3,69f02a0e732c2569017da468266540f89fda775d9bf06b1b716358c32e763691,L2_category_difference_tied_safety_and_severity,12828,1000,0.07795447458684128,12.828,810
Alpaca-7B-train.jsonl,18914,e4e17a0961f350f5d842d0573522ef8cab6cfe6c270afc74b6ebb74b9482200a,d819773d56dd9ae99d53c8ec7f352ba3e559de192180157853955fae607c6294,L2_category_difference_tied_safety_and_severity,12828,1000,0.07795447458684128,12.828,811
Alpaca3-8B-train.jsonl,18042,a8c97af13ccba673250d6960efc6a89540dee1c74377e82281c21395a547e9b0,623e4fad4fcf799fe0c139f8f60ca1f62952f9cba5590126b4b4f84aa9678a14,L2_category_difference_tied_safety_and_severity,12828,1000,0.07795447458684128,12.828,812
Alpaca-7B-train.jsonl,12797,56dc8817571a53b32f4fafd732b8afaf2215d27b664a7b44b9889cf7f0a45175,7b64e364931ea20e36495c7f6f3f21abea3ba8b5f1559674a3086182591fc79b,L2_category_difference_tied_safety_and_severity,12828,1000,0.07795447458684128,12.828,813
Alpaca3-8B-train.jsonl,6691,30fa259da0ad13d4e1e98bba6b75bb031338af23320ef087397a6bdfeaca8ba7,0ce218ebd66c15e4b5ebce211e020ffb5652dbba6b9bb19590ded43cc5cabe0b,L2_category_difference_tied_safety_and_severity,12828,1000,0.07795447458684128,12.828,814
Alpaca2-7B-train.jsonl,14443,ab39122014e9ffd104e3d4e9b0132119aad68e4b0f1dbbd1cf5c32418212ed58,e719ef94e5361a10eb7e8fcb086ec38c5b53605ec1eabeca7e2995723ab06ac9,L2_category_difference_tied_safety_and_severity,12828,1000,0.07795447458684128,12.828,815
Alpaca-7B-train.jsonl,20756,ac329e49991bb23283692153d4e5e7688bc3569331ab80acba7b73d3b230937e,1ba04e321aa2262cf33039ae363d6f66b98b574b9059a6b3d31ec7d4fd80b91c,L2_category_difference_tied_safety_and_severity,12828,1000,0.07795447458684128,12.828,816
Alpaca3-8B-train.jsonl,2305,5245de7508c5a560bbbdb4e40e917ed22f53954a3272875e5883ec3a11e28d97,7a588277b91c3fdd6fdc9f9cda66fe34804fb0d53106281b8e7623f7930c5966,L2_category_difference_tied_safety_and_severity,12828,1000,0.07795447458684128,12.828,817
Alpaca3-8B-train.jsonl,12886,e1ff2e08e5a385a3e17377d0d3946b32503ac2b26afa77449ec3e37979ce9848,c03c2622b73439a84c587cea086f32b325987d104c2580b07f77ac9daee8e8e9,L2_category_difference_tied_safety_and_severity,12828,1000,0.07795447458684128,12.828,818
Alpaca-7B-train.jsonl,14209,9875ae49c9a296c9278320a20fb38774f2cd2211e3ab348690280132f3cd6bf8,0bf701685290a47711d2a15b763f39beb54fedf5a219a5fdce86caaffc8daf97,L2_category_difference_tied_safety_and_severity,12828,1000,0.07795447458684128,12.828,819
Alpaca2-7B-train.jsonl,9637,745c6cec1353de06f8ccf4fc2a38db17b87295c65e684f209f7e3560fb175a29,e40648db12a4a0b68dc0f70ee7ea2041797d0b1cdd192f7455cf97a750d8bdf5,L2_category_difference_tied_safety_and_severity,12828,1000,0.07795447458684128,12.828,820
Alpaca-7B-train.jsonl,19280,a0ff26668b8bad8eec139c1228361264e0b71277060361086bd6bc4874eb3550,320cb141d3825e09a92fb799d91829ae10683e0d2610833db8d3e59471f45f22,L2_category_difference_tied_safety_and_severity,12828,1000,0.07795447458684128,12.828,821
Alpaca3-8B-train.jsonl,4139,fedc68ed39c6f47cb2117e27ca13ade5ac908fe7c75718d91c52848a7e04aaef,adf2f3ecc725ee32509bc261b351b52731d2a4aa7f92f54348f5659825d3d2cc,L2_category_difference_tied_safety_and_severity,12828,1000,0.07795447458684128,12.828,822
Alpaca-7B-train.jsonl,14504,592377fe5746d690209327950e809a3fa4b3218090ddf7cd0421a84a48d6f481,14a6234a3cada64ed511d8edd3707ba99b4d351ef48c3945e7547c7edd6c57a8,L2_category_difference_tied_safety_and_severity,12828,1000,0.07795447458684128,12.828,823
Alpaca3-8B-train.jsonl,17977,cdd6fe04459136783624084bf103caf5b8863f1642401b10533ebf23295118a1,d712f972e78bdc959bdb36e629b938ed91e2faa8db03e7d44acdd4a7a5f06ed8,L2_category_difference_tied_safety_and_severity,12828,1000,0.07795447458684128,12.828,824
Alpaca-7B-train.jsonl,20454,d290cb5f8fb1b3cdf57e24277271aff85041942c9f39aa5948a745f66e6a2e4a,d0786e54431e910392ed944469e053138b53031947e3fc8a198a07e373a08767,L2_category_difference_tied_safety_and_severity,12828,1000,0.07795447458684128,12.828,825
Alpaca2-7B-train.jsonl,654,6543cd89dba9366520b31e49f28e2757e43146f871dd4af10c9b1fa9b9b09cfc,35ee1082051387f7e5687538462ef61bb22d83402da3b3ebfb62e3302f4deecd,L2_category_difference_tied_safety_and_severity,12828,1000,0.07795447458684128,12.828,826
Alpaca-7B-train.jsonl,14437,de6258c50021bd070322b8a1cff2e69faf52a0006c498e08c2984667311957e9,8fe9cffba7d0310361497f87e4018400ddf2452986bff2151d91db2b038512fe,L2_category_difference_tied_safety_and_severity,12828,1000,0.07795447458684128,12.828,827
Alpaca-7B-train.jsonl,3208,c791828b43f981f7ac364c3e112dcf652c1c9001d2f735e98f5494e2aab9098e,57030122af5da4775a85790cd1335c7d04c7d77c57e3e15d3cbeaff0b2a61d27,L2_category_difference_tied_safety_and_severity,12828,1000,0.07795447458684128,12.828,828
Alpaca-7B-train.jsonl,18829,4bfd09f9b88a82d158c1348a0071c744add413a52e5d781961c22fa27d62c744,be70299bcd7c15b4a94cd06ff8bbfef93c1d54e3961d1684f7320bea13dbb939,L2_category_difference_tied_safety_and_severity,12828,1000,0.07795447458684128,12.828,829
Alpaca-7B-train.jsonl,12610,da5b2b16ad65073608ea6ab5f02a3e4da3084017d454df81a97f5dff375ee26c,ef7eb91548356721a61cfd02e37efd01d69ca8d96ba9fb2ac56bccda2393b91d,L2_category_difference_tied_safety_and_severity,12828,1000,0.07795447458684128,12.828,830
Alpaca-7B-train.jsonl,12118,580dd4e9052219235ad8b2435dd26501e0723ad6aedcdb74c3820df028b30ce7,e59bfba58f6e3dab4f9e678d2fd2fb68230ca1c728b372b61c3adfafbff85eb4,L2_category_difference_tied_safety_and_severity,12828,1000,0.07795447458684128,12.828,831
Alpaca3-8B-train.jsonl,2043,1e7372c9f5ce2cd9400dc9f5e7d35c5e2e9ac2196285be010ad5e6931274e791,701a015a7099501087b774d3bea068f07d61d685a0651afa7bb1b983aa2e0b9a,L2_category_difference_tied_safety_and_severity,12828,1000,0.07795447458684128,12.828,832
Alpaca2-7B-train.jsonl,24191,b211b25a90a1d484646cc3ab88c1f65c528ea008e1adb17c73f373c7340dcd27,3e523406ba425cf5691fc46eeb19a1228b34c5404022c6c7024dfb8bc8c7ac9b,L2_category_difference_tied_safety_and_severity,12828,1000,0.07795447458684128,12.828,833
Alpaca-7B-train.jsonl,17657,7e41c58eaf546c9044c4511c4cbe19157a47e2d301599b92dee96d0ae6bdee97,615e00c00242f5b89a2490a22cd3f34e18f25cd2fa729aa7f472fb135f4229dc,L2_category_difference_tied_safety_and_severity,12828,1000,0.07795447458684128,12.828,834
Alpaca2-7B-train.jsonl,4741,a0d05317cefc4c47cc4d3b0a8a29ccf0a15c6d50dd719f2446b8c471835ec6dd,9ceda56673ffa39aaf57517bff369e388281c66590adfc7c0938337f736677df,L2_category_difference_tied_safety_and_severity,12828,1000,0.07795447458684128,12.828,835
Alpaca-7B-train.jsonl,26510,027579d8970d0145a43d4e11859869794eb3ac54b1408379f007539606a39079,e0590f17b616efb4c03760871250f5fede57579733a0284ee4d4729c7eca38f0,L2_category_difference_tied_safety_and_severity,12828,1000,0.07795447458684128,12.828,836
Alpaca-7B-train.jsonl,16284,cc9c87b6bb0adba8cd50af1c42774e9b6e6607bb2e19c1236b9d98190021fd58,6f7a619527fbdda6f9499ba323261b2a406f2daf9ae10f743a44e514cbe8f262,L2_category_difference_tied_safety_and_severity,12828,1000,0.07795447458684128,12.828,837
Alpaca2-7B-train.jsonl,8993,83f6308e407f1e4101757049366258c2523fff048225fd05c02c51f77b6ac536,433773b2a1fcdaf2c91b9fa8e6aec44be6c2e3ced019330dc52dc4f52d9b8371,L2_category_difference_tied_safety_and_severity,12828,1000,0.07795447458684128,12.828,838
Alpaca3-8B-train.jsonl,12555,2d2e7fd96e9ac9418dd6fa5cb8ab418fd342f0ae164e6ddfca85d5412c8e4a7b,abf9a6928f0a0598c92fda73869b75cae7fcf83e760347333ad7701d8aaf5252,L2_category_difference_tied_safety_and_severity,12828,1000,0.07795447458684128,12.828,839
Alpaca-7B-train.jsonl,22004,8d7301c3feb71b02e906a75fe01c064c0d5c18fd306a399f26b6ad6328737302,56544eb8bac24631fb2f663ec108172ba621e54d7d0ff381aa22e2a645352d8e,L2_category_difference_tied_safety_and_severity,12828,1000,0.07795447458684128,12.828,840
Alpaca3-8B-train.jsonl,8591,1cd0565a5ec09c121c92b390ae4bf6b6b5d6a26e71e6703041d89d179b2b9ec6,9d434b9587d1a1ef09c8595ca2d2a7c17358667fb0a59537e30ca842c9e38a20,L2_category_difference_tied_safety_and_severity,12828,1000,0.07795447458684128,12.828,841
Alpaca3-8B-train.jsonl,16500,1ed3a19ca5027d08eba2ad6617feacf3780b56e859b604c7f21070bf6963fbd8,16ee5cc0a67e84f96628dbcf1465760555d75573ad3efd7441b372e5016a63ca,L2_category_difference_tied_safety_and_severity,12828,1000,0.07795447458684128,12.828,842
Alpaca2-7B-train.jsonl,18063,8093f4e45924157427d1e1b9ef2c6d61fc5be0216146fb9f1eedaa3972390f16,cea663be75f4c1402c3e08dfaf7d38f07147d8597a5e1ff8270e47971393e426,L2_category_difference_tied_safety_and_severity,12828,1000,0.07795447458684128,12.828,843
Alpaca-7B-train.jsonl,15422,b95e6410d24eb8abae42d7d6d70d0fdd5cc136e3584117819ffe06955b46b015,7f8bf0f5385ff0e630b738d06c425e6534c05bef997ac440c20f210dae10e991,L2_category_difference_tied_safety_and_severity,12828,1000,0.07795447458684128,12.828,844
Alpaca-7B-train.jsonl,14558,caf0ba979d2cd624d7451bd074f37cbaf1794410199b9131df045b3c5922875a,c2c75dcdc35fe8182d80c036ceb029e0140ae29b1757829aa82dd189de6034b5,L2_category_difference_tied_safety_and_severity,12828,1000,0.07795447458684128,12.828,845
Alpaca-7B-train.jsonl,13659,263ce5814f4f4666694552e4bb11e7bf8e0adc51ed046734fa14d678527582ea,f695a8e13c8ecc72a6c7e0c512b3ba0636a0d28a0ae73c637c8c962f78818b18,L2_category_difference_tied_safety_and_severity,12828,1000,0.07795447458684128,12.828,846
Alpaca-7B-train.jsonl,9156,4fc2c9bfcb48a7f2301fcf80311f0b70b3b15a3d6db7d4d8641d82512b48234b,8bbdd0393da3e259b71a4e58af593487b31cd6b3983b738bb852c06e3d24db85,L2_category_difference_tied_safety_and_severity,12828,1000,0.07795447458684128,12.828,847
Alpaca-7B-train.jsonl,8374,54d0fe81f147a79bbead0297e65ba9742d56c643d64f9878bec4668b066129cf,ffd9431dba8a9b4011f603f36c6ce972edc8ea0d9bb1a361cd125b291200867a,L2_category_difference_tied_safety_and_severity,12828,1000,0.07795447458684128,12.828,848
Alpaca3-8B-train.jsonl,16801,9665c0a363d21eb991a4fc9edf768501a31da654caa905d399e092434e415936,5b78957d8b15f8e44bf917c4accde376a8710a400b3ec3d7fec01539cb88d27f,L2_category_difference_tied_safety_and_severity,12828,1000,0.07795447458684128,12.828,849
Alpaca3-8B-train.jsonl,19047,c11a405c4af68a8cf20ae4e55a804d3b9c9c3893f1f108795d7e41b55407267f,15eb43995d0710a694ffaae834627b5620ab388431b08a7e86f0b03bfe88d8cf,L2_category_difference_tied_safety_and_severity,12828,1000,0.07795447458684128,12.828,850
Alpaca-7B-train.jsonl,906,ee0bbb1ab9c34485298c604b0af22a3514c87bf114a41c8f30a210ad49b5ca50,e8798fa7c7bc67ec47bfa27061207d3a127884b10d90439e09f7937aeeb1f2a0,L2_category_difference_tied_safety_and_severity,12828,1000,0.07795447458684128,12.828,851
Alpaca-7B-train.jsonl,13571,8609fd7ae7753c4ba97c2ede98b47150f271cf7ede9b93c823b2bb22bac1b0bc,d1b90f84c64ee1d9456a8dd40803bac005685aae34034f270e4265e34daf5532,L2_category_difference_tied_safety_and_severity,12828,1000,0.07795447458684128,12.828,852
Alpaca3-8B-train.jsonl,5738,aa8577fecaa18981be5956bd0ff263f749212dfdc257e7e5b9cdbfc45a306d1e,0e5c4e8d6bfd4709fe4dedb7370907a9c53c36e1fbc1b20d9b6c72fd1ac41f72,L2_category_difference_tied_safety_and_severity,12828,1000,0.07795447458684128,12.828,853
Alpaca3-8B-train.jsonl,13622,f921df6dc7373c4b48d504e82ae4b1d64cd47f7f1a5edfae97c3541fc26956f1,1f8602b9b82843b1f3da134e3384eec694b37a208cfe503ad4fc64d1b085f356,L2_category_difference_tied_safety_and_severity,12828,1000,0.07795447458684128,12.828,854
Alpaca-7B-train.jsonl,10029,807af59d270f1402f29731b132e25eaa02e2175b48befb1ab4ea9eec784b09a0,e099a9d9201036c649cbb51cf1c7a9d776af4472d3c10b0665e2b7076490e6c3,L2_category_difference_tied_safety_and_severity,12828,1000,0.07795447458684128,12.828,855
Alpaca2-7B-train.jsonl,19308,4837539f18e7fbbdebcf2f557dc690985e3a4e962afced5277f53db77305f721,d4d8386c2cbad632061ed0ad590ab566380501bdc2fa385d6209a8a026f90a62,L2_category_difference_tied_safety_and_severity,12828,1000,0.07795447458684128,12.828,856
Alpaca3-8B-train.jsonl,8063,57f7de5b43649f01992cb7b0539d6e99cc5812dfc05449e088d2d2d2ef5cd0fc,edb45dac22804bc6f73972372951559ce5af3c3cf0b862373cd22bcf09547cd6,L2_category_difference_tied_safety_and_severity,12828,1000,0.07795447458684128,12.828,857
Alpaca2-7B-train.jsonl,18050,dcdc45f78195f49638127c5c6c275371bf58585fc99d11b0c53a65193b1dae6c,1426d090c203c040db3a0a01eec2fb971bbd6089e2fb8502f593aa693d5480fe,L2_category_difference_tied_safety_and_severity,12828,1000,0.07795447458684128,12.828,858
Alpaca-7B-train.jsonl,26392,df22e4c7eaf824780076a1fd225d76dfbcdf274cb60f87b4d07795f220878b93,53100f5dff65dbbf4f23587783915b2b7203b33344f5c3b7cbcf849c95696bc8,L2_category_difference_tied_safety_and_severity,12828,1000,0.07795447458684128,12.828,859
Alpaca-7B-train.jsonl,17567,69109ad389644059cbb819bfd4ee34b0978ab70f021f042cfd12283f67a735e1,82d70346a7e3096445cb42a0e33741f7fc7daf475722f1c79f8b5b8036d2dbc8,L2_category_difference_tied_safety_and_severity,12828,1000,0.07795447458684128,12.828,860
Alpaca-7B-train.jsonl,11886,ec4f7bb1e5709e5c428146f17a495810f1757216fdfe450d8f30d59b68efe83e,52ac2f1a17ba9aae05918d2e7a93635b86b1b57344da72f9ba0a2a6481c03043,L2_category_difference_tied_safety_and_severity,12828,1000,0.07795447458684128,12.828,861
Alpaca2-7B-train.jsonl,13542,32086302e3b3064ff3d428d6d1ac2afd7d6446679446b3430f5c02b1c03da0ca,282f763a33e2c88d32ab0a047e44990826ae3e3161e937deea94042a63d50d21,L2_category_difference_tied_safety_and_severity,12828,1000,0.07795447458684128,12.828,862
Alpaca2-7B-train.jsonl,17528,5cc1202da6c85b2aeadda69a88fe935a6fe22aaf88405a24173734a7eb099276,48fa4a9f678eef2613df38029473badf7742691273abd8df91b02dd67ea6581d,L2_category_difference_tied_safety_and_severity,12828,1000,0.07795447458684128,12.828,863
Alpaca2-7B-train.jsonl,13368,22167515a62e12fee78a361fd2fc89a139b99d29e477742ddc6bd7dbf97f0142,1eeb7e37fe3c6178cbf5ceac4b509bab7bad9811b3bd5f4b485045558de4bc5c,L2_category_difference_tied_safety_and_severity,12828,1000,0.07795447458684128,12.828,864
Alpaca2-7B-train.jsonl,2565,88dc3d5761c038e3425d7eb924a9affe6bab03ba17c4efdef585d9b0b340837f,d2864c2d5eb2cb58282675a1930035a7d3b367c07725db0f2ddeca6c557d497d,L2_category_difference_tied_safety_and_severity,12828,1000,0.07795447458684128,12.828,865
Alpaca-7B-train.jsonl,13608,b1db9657d0092a73cc9789c89ccf3b8db59a59f5f883dba9a9491894dfe38547,70fdc816cc0e9750452b831bfae20a1d1eeb980dd099bd33068179478c8cce51,L2_category_difference_tied_safety_and_severity,12828,1000,0.07795447458684128,12.828,866
Alpaca-7B-train.jsonl,4935,0159e6c679c13614e315a4b67c518220a1344d96b20b49fb883637aa19a1de2d,a09af8d98d26c4bc1930dee38e05974d350f807472ababb2afd46aa5d259a7ea,L2_category_difference_tied_safety_and_severity,12828,1000,0.07795447458684128,12.828,867
Alpaca-7B-train.jsonl,9078,0b6e835f1cba756e38c6de8ee5bf005b33eaf5eb82f17526c6926ab38546514c,de0a457ce2af725144e6edc71b8dd82a2cf54e805cb7e5546501d45471ac2f5b,L2_category_difference_tied_safety_and_severity,12828,1000,0.07795447458684128,12.828,868
Alpaca2-7B-train.jsonl,13093,d75e01e09d76293e2522555d63b3f0ac8a6813885cb674baaedb0d091647667c,f19bf4aa3a6c8d5f28b976658350f0a18c6a420f6d5ad5fcc1abbce4acc9c99b,L2_category_difference_tied_safety_and_severity,12828,1000,0.07795447458684128,12.828,869
Alpaca2-7B-train.jsonl,964,fe21cde4286e249428e5e3836836983d3cecbc64cdb7662a1b4103314402aaf5,d1ec3cb03c6450b1d93ee8cb089798d9d7ef8f1e759637c57b55f7ad1a1d8a79,L2_category_difference_tied_safety_and_severity,12828,1000,0.07795447458684128,12.828,870
Alpaca-7B-train.jsonl,212,85dd38433d39e7c2c041ca177d9aa2d9ca68e3691d9c46d3ece51494ffd75ca5,c83cc4ace0f93c3b8e3b89601f470288fe37351a49db70faff3c29a536b08b6d,L2_category_difference_tied_safety_and_severity,12828,1000,0.07795447458684128,12.828,871
Alpaca-7B-train.jsonl,8109,feec22b7fdaf923a41d71f6b0a6b9a58ab63187c13b352ddd4d12a205de1e549,eab788943ddeead006dc57a6a92873b96824770bc86c08614e135fcd086e346b,L2_category_difference_tied_safety_and_severity,12828,1000,0.07795447458684128,12.828,872
Alpaca-7B-train.jsonl,5172,96f734d910ed8c2f59a662936b76b140f5fa392126f5afcf71bd585d8703d0ec,a4a6c0c50be82105f8c71df7332ea7a4de9c90e64d856417f715fb5c22ecd79d,L2_category_difference_tied_safety_and_severity,12828,1000,0.07795447458684128,12.828,873
Alpaca2-7B-train.jsonl,17405,4e64885268340026cad1a6ef0c7b884177f24a8b89a9bc43b5dc0670b252e357,9925dd00d0756ce23d5b24856c9fbe1da2481bac22d0d12e1bba0b5f5788bb40,L2_category_difference_tied_safety_and_severity,12828,1000,0.07795447458684128,12.828,874
Alpaca-7B-train.jsonl,7716,550b62390f3317fc31d57076269c08651a03376ba23a5fcf52de0ef085f1109c,6934b45e24e014653293ddf2065e58e13938dd67bb2cb91c7acd3487092f8dd2,L2_category_difference_tied_safety_and_severity,12828,1000,0.07795447458684128,12.828,875
Alpaca2-7B-train.jsonl,7920,a8eebecd26f52629701c5dd519dc7a7b2566fd6c686533a417a8b90ee190e7aa,eaf59449a105d003d4964ef3edd56be24aab64ba489621b877c135ab09239c7c,L2_category_difference_tied_safety_and_severity,12828,1000,0.07795447458684128,12.828,876
Alpaca2-7B-train.jsonl,5762,49666c310ffc3d36812bccffcd59a33488644d0aa95fb55ce2af0ded2f7ff694,cacd00e2461b73558f68d40b40a7483f19712ec5e6ff21d8fba5ab5570d04e7f,L2_category_difference_tied_safety_and_severity,12828,1000,0.07795447458684128,12.828,877
Alpaca-7B-train.jsonl,19184,fc6fe336c170f7d4f4ff571dbc7834bbbb9d01bcbaf4637275a51713095e3863,2ba50fbb172ee14b2b882bddc1f1af9a835749a89c7ece42c091a2b25bb6b98c,L2_category_difference_tied_safety_and_severity,12828,1000,0.07795447458684128,12.828,878
Alpaca2-7B-train.jsonl,20500,ce565a3d39c59518b3a30279882eb3cbd5ec8b1928da59d1fa4ff74d40b4d02f,61ee0ae4e123db15fc1d4c6ba0fb6efaab731492a57aa9e79b161e36da37c357,L2_category_difference_tied_safety_and_severity,12828,1000,0.07795447458684128,12.828,879
Alpaca-7B-train.jsonl,12691,6f838ef8d5867142f84732f1e9d40b246e44c42ad8b6b7a1a574ff1e8f2f7824,baa8992f4a9e334954da4341f79cadc7a0019cfe5c6bc49259b2c79826c972aa,L2_category_difference_tied_safety_and_severity,12828,1000,0.07795447458684128,12.828,880
Alpaca-7B-train.jsonl,17354,9df6041d4ed23f5eb757622385424a6d4e0e278b1eba8290ad2f193b8ddafb52,d677646b6c880e985a465afd3d15d928b0e2195536dbb2a8dd08acea70e4107e,L2_category_difference_tied_safety_and_severity,12828,1000,0.07795447458684128,12.828,881
Alpaca3-8B-train.jsonl,4337,521895547af236ae37b8958d27fe5cee88ce26d1385d7a25182532d0505be825,88a7feb1cb0d21046852afc92492aa3ede7525b8ae1b1273dc1764ef3ce0336a,L2_category_difference_tied_safety_and_severity,12828,1000,0.07795447458684128,12.828,882
Alpaca3-8B-train.jsonl,17613,d8301666ab7d44efdd84e73db8cf979830f4a252539ce5117f0bd3cbc08182bb,c064b7910ede6349753d1439843eca7fb3fccd1ce233caee9a8698c7954bec71,L2_category_difference_tied_safety_and_severity,12828,1000,0.07795447458684128,12.828,883
Alpaca3-8B-train.jsonl,3826,aa11c996b0fb7029d5878d203101170b4fd51cda57fac9d71b6d260480ddb8ab,12003537e6528cd64a53ffe07ef1cd4b0c504dac61bddd7e7461a659f85c2f85,L2_category_difference_tied_safety_and_severity,12828,1000,0.07795447458684128,12.828,884
Alpaca2-7B-train.jsonl,10227,e49f694633dc61e12195081eb3ee9a067cc32bf46404dbec74bd8e260bf08e9f,6d123a23161821cd0a9bdf3def0ed7fce7459c5831915b1da57cd5ccddeac976,L2_category_difference_tied_safety_and_severity,12828,1000,0.07795447458684128,12.828,885
Alpaca2-7B-train.jsonl,21120,d1ac68873f8cadef0ea89119e7aef56f9e7cc8ff04e407d68b68450d08b0e52b,da62c82f4d3e36d6e58c19c13f53ea0e6a51d44d07ce547d0bc3a1bc54a2bd06,L2_category_difference_tied_safety_and_severity,12828,1000,0.07795447458684128,12.828,886
Alpaca3-8B-train.jsonl,1721,934bd02059dd33a11f1de1a94e58c33e4f6be3d34e083b7c697ec1962782ef96,041f9d31ca55eb8f3cc4671f039b6f10cf7fdce43c1c7c538e87828c9cc145fd,L2_category_difference_tied_safety_and_severity,12828,1000,0.07795447458684128,12.828,887
Alpaca3-8B-train.jsonl,16321,d0a0e7615aeb90a696f78fb7e95455d8927f93a65b3770250f814e6d621ec7e5,94bf119563525b146cbe2cfc543b5167a9546b24c15a3e8e02ae2cbf28c89e63,L2_category_difference_tied_safety_and_severity,12828,1000,0.07795447458684128,12.828,888
Alpaca3-8B-train.jsonl,3152,a25e23f8ceacc0a30ec3db23ea8b4b30a5bb2458a6c5423a49e7d1f7d31fe368,eea00b034e1155dcc3634e34e14cd56bd60d13031be6f130be865cca9dd05c6c,L2_category_difference_tied_safety_and_severity,12828,1000,0.07795447458684128,12.828,889
Alpaca2-7B-train.jsonl,23693,f10285630922947df487a62912a30cea3605af0dcae5ad330160a18fba046014,2270f9a5aeb8b9090da3051a5d51146b8444e20c50cd72cb83016b89853d4342,L2_category_difference_tied_safety_and_severity,12828,1000,0.07795447458684128,12.828,890
Alpaca3-8B-train.jsonl,18993,4154e96f383847c0f37c65ba8c7ab4ce7123113a68bd09d050c0cd6e790dc7cc,acb601898eb413a74a588ddbc5860d904ae8709531a7c72780e96ec925388c3a,L2_category_difference_tied_safety_and_severity,12828,1000,0.07795447458684128,12.828,891
Alpaca2-7B-train.jsonl,4699,f5a70b2a0069b7749eda2b541257a2f168b5d69e41530c0b9a7d68b7687f5002,7520795dabd5b1414f4874c9fad1a19f107c7d371a630e00064a585071eddcff,L2_category_difference_tied_safety_and_severity,12828,1000,0.07795447458684128,12.828,892
Alpaca3-8B-train.jsonl,12586,056e33df7fc7b28e84092f1d77c02c2691f8b2e2ae9670c20dca1f09f83501ec,27401f9f923fef36883257053f295cc5caceb700ce9e628dcc5d09179046e799,L2_category_difference_tied_safety_and_severity,12828,1000,0.07795447458684128,12.828,893
Alpaca2-7B-train.jsonl,13902,c1b7987f0578138f4c362af07cab1ab12c29fbf22c06e1a9c53826e941fc14de,3cda62a4d557fb27fbc05dd7e086dac2406754cc4c8389c4eeaa819f0a4ffe82,L2_category_difference_tied_safety_and_severity,12828,1000,0.07795447458684128,12.828,894
Alpaca3-8B-train.jsonl,14565,b3834cdc6436657dae3c40a9b5e7594bd45f615da35912b9d292da56e5087021,d7a111185351a02126e5d153080d03fbc71fd567c96741d0a07e9f29964f1650,L2_category_difference_tied_safety_and_severity,12828,1000,0.07795447458684128,12.828,895
Alpaca2-7B-train.jsonl,18,f772b826f4d1d98f1b1ca3ab1daedc2121bb431eef0c1572bc4c453542af8f0d,b803b19a470a77b47f865ebc70894b06d2fac4d527de0165554cf7e340375173,L2_category_difference_tied_safety_and_severity,12828,1000,0.07795447458684128,12.828,896
Alpaca-7B-train.jsonl,18730,cd874386f55f5647afe057e7a90171d446cd708b47f288a5eab5766608dd7e15,adc3f5a60d73f78ce21ff6f5ff0ce62c89a8e114b09ec5d8752407ee3abb72a4,L2_category_difference_tied_safety_and_severity,12828,1000,0.07795447458684128,12.828,897
Alpaca2-7B-train.jsonl,20470,d65830a333e8eb39cbc16eea58e8010de780c27117d3acaea9bb7c0a368ea245,553a04c932ae439503aa5dbbafb03e0818a78f2e631d321a11f75233daaa4853,L2_category_difference_tied_safety_and_severity,12828,1000,0.07795447458684128,12.828,898
Alpaca2-7B-train.jsonl,3974,38b38c366901f72fb1a90db44b7bf735d91b586be03abd25d4434b596442c4c8,74d9c16f12e8a0d2ddf08bb11513df93f4783356f2aecdbfcc9ecd6f789908c9,L2_category_difference_tied_safety_and_severity,12828,1000,0.07795447458684128,12.828,899
Alpaca-7B-train.jsonl,17807,1833e68cecb639e79fb876d4f5b7922051765ef2d64a4440f4e2823c3426d8c8,e743fcc7da4fcab5bc305058d32fb3229ffcd12f815105f48aaf9c0eefab16df,L2_category_difference_tied_safety_and_severity,12828,1000,0.07795447458684128,12.828,900
Alpaca3-8B-train.jsonl,7198,99f985a4d012acf4277c999bf3310ff1bf82d10e58cafba1dc92a841f789cb86,528b59064d728453c92d26129a008cbb76d492d511d3b6fd8d07cccb908664b9,L2_category_difference_tied_safety_and_severity,12828,1000,0.07795447458684128,12.828,901
Alpaca2-7B-train.jsonl,3817,d2e17bf3bd36cd00b9dabab97c64acc6486f990fa1b3e175d37861fdae8c30c5,ef92178ba66c2909329ab33315b9ec29a46ec3a46a1cbb81ee451cbaa1ba824a,L2_category_difference_tied_safety_and_severity,12828,1000,0.07795447458684128,12.828,902
Alpaca-7B-train.jsonl,26962,adfa87ae4b5dccf7ad35bdaa326e735c04e9e41bfcf8707192c9f040de354a66,cb2316adbdcbe353fc8eb836a607dced6ae916812556a8535be064357a137e62,L2_category_difference_tied_safety_and_severity,12828,1000,0.07795447458684128,12.828,903
Alpaca3-8B-train.jsonl,11418,144d048a18df1247f56d6b6ae5d2e72cb2983a2a3660eeb4e886b75df0270d15,56c49a101585601c4fee2062d6d2d364ea5f234aa2a47df312841f4bc50e9786,L2_category_difference_tied_safety_and_severity,12828,1000,0.07795447458684128,12.828,904
Alpaca2-7B-train.jsonl,25385,4f715cf804f6f4c546d591f5ff1f03f79e9dfca2322cae780d3011e622479a51,972e023f70551d72dd16b52db8cb7e07bdadc02976637d176975bc20408af2bf,L2_category_difference_tied_safety_and_severity,12828,1000,0.07795447458684128,12.828,905
Alpaca2-7B-train.jsonl,25359,b70452155bf739ba8c2890de0b64232282c239931a8f1c33555c11e3a6f02a46,624af5814b40fbdcb967c8ce2545f5e16a9081bc6897224878bb308fc936f560,L2_category_difference_tied_safety_and_severity,12828,1000,0.07795447458684128,12.828,906
Alpaca3-8B-train.jsonl,13551,e8ba08a9b322ff17dc17de6e0a0a09d2a48d8e64151860aab9a44c370d8a2c89,22ab0c965e2586648d81c9448c29f18c2719389591ea537bf893f3a2e3fe1998,L2_category_difference_tied_safety_and_severity,12828,1000,0.07795447458684128,12.828,907
Alpaca-7B-train.jsonl,12667,a9616d9ad642e6929d4cf0ec92205d84cb86e6e6461eb1c04ae4d2ef739959fd,c762862da096f7d85dffe16d660d2e7c6e6e08052bc09907d2fa4dfd82332480,L2_category_difference_tied_safety_and_severity,12828,1000,0.07795447458684128,12.828,908
Alpaca2-7B-train.jsonl,6512,d119302e6c11e6d5f4a04d49e9bbfdae745048f12a900053dcc86cdd042fdd55,c160bca2068920aec95468da3f6a3fcb36f02389cb13364d6d262e63e2343f2c,L2_category_difference_tied_safety_and_severity,12828,1000,0.07795447458684128,12.828,909
Alpaca2-7B-train.jsonl,12120,c3354fda3d80f8a1d3ad0340388f057e83c60bf8f48bab55b2a08a0339231d43,0868b5a8c352ce37c30546b8133124f0c80dc37c6e3ef9ea8927866a2926a9ea,L2_category_difference_tied_safety_and_severity,12828,1000,0.07795447458684128,12.828,910
Alpaca2-7B-train.jsonl,22792,1fbb17ab9194a52034df759b8c9df795fc79245c4fa8c499bda8375600408767,c7da8b13bd252bd7e9eca2f5c659b33f56f929d0eeab7d7841bf23d2ea3b5e2b,L2_category_difference_tied_safety_and_severity,12828,1000,0.07795447458684128,12.828,911
Alpaca-7B-train.jsonl,24008,3e51f4dc788559e00d3008f57f3583de865179a147539dc96bc2015e5758644b,b297dcafc171ce952d1836debc29c82253d9dd6d4b118ba9f1eccee1383bc3e3,L2_category_difference_tied_safety_and_severity,12828,1000,0.07795447458684128,12.828,912
Alpaca-7B-train.jsonl,14447,ad687afccedc48ab7e2bb2ac4975217cfa4086daac3009d0443ec98ef692bcc9,d1395d9ded3287f1c36f19e401c743c3a65e8ad97fda05317359bd947b9ac6e2,L2_category_difference_tied_safety_and_severity,12828,1000,0.07795447458684128,12.828,913
Alpaca-7B-train.jsonl,13277,022e57d673ab3785246b35f4e6a31b70cfd598696ef844997973afe8f168d531,a7dbd235f011c9b9faa2f27f69a70a37c5b3bc7d66212c8d1147f212299705ad,L2_category_difference_tied_safety_and_severity,12828,1000,0.07795447458684128,12.828,914
Alpaca-7B-train.jsonl,15300,4a3c53986021539a7daf3a77b96d914df68c76f13b62899591ee6d7d2d8d67e3,b9508e271e3068211e1290e84d50b94a801c4f8d4b1d3253626602130dc39363,L2_category_difference_tied_safety_and_severity,12828,1000,0.07795447458684128,12.828,915
Alpaca2-7B-train.jsonl,8097,fa4ec4bf1fd83994c70a4efda32f0b2c83dc73c3e67086a99b53149d5f893a10,183a19b9152ec31576b7ec2cc9a1c54fd4eec2cf6a5f1663bebf007c7fda9314,L2_category_difference_tied_safety_and_severity,12828,1000,0.07795447458684128,12.828,916
Alpaca3-8B-train.jsonl,20280,af851d6cf3c81441133d2ac133de54d278cdc7e88ae9abf4ce0d6a19eb72e28c,7bf132951fdae885d89c338de964d54068175e582c89d86cecaace06be55580d,L2_category_difference_tied_safety_and_severity,12828,1000,0.07795447458684128,12.828,917
Alpaca-7B-train.jsonl,18386,44476902d3e384bec1b649eb8798e1226eec67450aa3fb9a9fd6375e87a525ad,f3b0bf504e19b79301d4009374c84587d79c77a2785af1095055972e22e114e0,L2_category_difference_tied_safety_and_severity,12828,1000,0.07795447458684128,12.828,918
Alpaca2-7B-train.jsonl,21740,9cdfc799bfab11583881bcf04164f136f87d69a104a8e1605425b5d02cf72eeb,67ca9f67c08acde100ca3af60a586953274b56a5b5c8309149523ecd087cf415,L2_category_difference_tied_safety_and_severity,12828,1000,0.07795447458684128,12.828,919
Alpaca-7B-train.jsonl,19731,c74a14bfcc5dcaff06078375156d1f30eefd451b535aa4a70d364f00202f04bd,42f6726a0488cf2c42ea7ae915b67bdc455b3b3ec8b50af15c2b57a43a2106e5,L2_category_difference_tied_safety_and_severity,12828,1000,0.07795447458684128,12.828,920
Alpaca-7B-train.jsonl,11992,9c7e40f133abea5621ba6d6e6be3a574e2f071feb335f368179b2092312b5eb3,a394a6a54ff8fdd09aa62185b67c59bd8462ae943c3243fffd45bab03f95fd8e,L2_category_difference_tied_safety_and_severity,12828,1000,0.07795447458684128,12.828,921
Alpaca3-8B-train.jsonl,18375,da7c059c2202d87264313f1bf730d343335b3a9f0166e3fcd228d95418033b98,ea448316e19c5d2ecd7a4eacfa0a425763c4c767ba5ebf2f98b927c9be90e952,L2_category_difference_tied_safety_and_severity,12828,1000,0.07795447458684128,12.828,922
Alpaca-7B-train.jsonl,4101,aef3a740d6d3e0bfd529db5f0028e459f1d725b00cc196ade14143344ad08991,a9d5e6d0d0e4a70cd25fff3e2ff7f230b3584679072fd2a284dfa53a2b828142,L2_category_difference_tied_safety_and_severity,12828,1000,0.07795447458684128,12.828,923
Alpaca-7B-train.jsonl,515,10be93818bb552f052e2cdbc11c798478bebf57fd2aa8ac73c05e31558d78074,df3cc52f5a2eed83fb1caadc3585beba2ac3cea1825d5669d48a65a5591bcb9b,L2_category_difference_tied_safety_and_severity,12828,1000,0.07795447458684128,12.828,924
Alpaca-7B-train.jsonl,6213,bb0db3d77c10160bb912bde23c2a4f09cdb61907f356defee7fe3e2426a20713,fa85e7e95d792189bd07f97fb564c6fec62088305bfdd6d56a8fa057c13972ac,L2_category_difference_tied_safety_and_severity,12828,1000,0.07795447458684128,12.828,925
Alpaca2-7B-train.jsonl,24579,414a83f9573a91579f5e90c101804c38a2ffffb18063e70525c844ff6cfe8ace,ee58a7fca05c27911819b9a11a4acd9e27c9c32b0524bfdf39048a17f2ac8d7e,L2_category_difference_tied_safety_and_severity,12828,1000,0.07795447458684128,12.828,926
Alpaca-7B-train.jsonl,14326,aaca4ad35eb66f8e753583698b44da84c2548faee317ad5043d29b56a3dc06b5,0ce25b5c4564d6291e0ff4be58e1df263f25c57cf0c28d0c47ef986f0fd67d20,L2_category_difference_tied_safety_and_severity,12828,1000,0.07795447458684128,12.828,927
Alpaca2-7B-train.jsonl,5615,d70486f8c7a79327333e11cd0c88d6e6947e4148a230f8b51a02bcdc94c76461,6716f0dcdaaa06827c989d788a548e586b54d22702dd7375dcfa35a372df12cf,L2_category_difference_tied_safety_and_severity,12828,1000,0.07795447458684128,12.828,928
Alpaca-7B-train.jsonl,3108,7c5f75e503277a0ae439f41d11c74f0001bc13b83c88d6684aa1d151f4f002e9,f7201a2c610baadd23dd6ea8a6becbc11d178cbedfac408e39d0a3e39f6c1d0c,L2_category_difference_tied_safety_and_severity,12828,1000,0.07795447458684128,12.828,929
Alpaca-7B-train.jsonl,8199,1b227bd30ad872457a3b39578bd8ce5727efeff14423dca4f3516574885d7aab,7f759960cf7639412b0d2cfb399c2f86f0ffdf8725c62373b183fc383e7cdd0e,L2_category_difference_tied_safety_and_severity,12828,1000,0.07795447458684128,12.828,930
Alpaca2-7B-train.jsonl,6303,e3b05110d96f7acdf489b3fc2416465f9b1ee80a91f3aaec2a3f8686b6414148,240cceeb608dd172a4f56c835cde7a28f1767e29bc685f71037b34911a65e0ee,L2_category_difference_tied_safety_and_severity,12828,1000,0.07795447458684128,12.828,931
Alpaca-7B-train.jsonl,4994,aecad6a8a7489a048d48f7954a18662fde5a47130237456ea293b012225c97cc,e2870d0174a735a3a69c6716144ff8b65e2aa5030f88d09b1b8db2c1d58d2343,L2_category_difference_tied_safety_and_severity,12828,1000,0.07795447458684128,12.828,932
Alpaca2-7B-train.jsonl,20780,9114781f7fd243b652814c34a665833c1b6091569b246e609956ca5ab2863514,74cfd29f82c9ee1c9305d510ab2254a4617dee7722d93da8aa3e7bb4ddfa7947,L2_category_difference_tied_safety_and_severity,12828,1000,0.07795447458684128,12.828,933
Alpaca2-7B-train.jsonl,3663,19413c133e401554921374553ac73a7b073f8fe8cd02af48f5786074e41e17e5,f2af974ec790420f8561401754f1c7ca650302bdcc8f90fddc86f95a50aef4a1,L2_category_difference_tied_safety_and_severity,12828,1000,0.07795447458684128,12.828,934
Alpaca2-7B-train.jsonl,4006,1c055c61a8eaff1e9728aefd42fe5e3604f9e5de716c931083a8bc1e73db6c39,40ad3d953034a735d6c0af4c28773b580b44b9ab3224827ba4dff0fd577094a4,L2_category_difference_tied_safety_and_severity,12828,1000,0.07795447458684128,12.828,935
Alpaca3-8B-train.jsonl,7947,ffd443c0ac3bc1331b60a56e8faa77b3c6a31fda69cec3259f5b293feebdf310,618a0411cc0a3f14b4ad7ab40844cd62b0aa89585b288cbf3a6a8aabbac56ae2,L2_category_difference_tied_safety_and_severity,12828,1000,0.07795447458684128,12.828,936
Alpaca-7B-train.jsonl,22280,1f120e5f218a6688d9c46f2240b68fe7316f7e8385d7af236df0a3d9022886e3,3dffc9ba1e251bb46a3e446e10669542a3d32af0df9f41d8a9dfc165391da868,L2_category_difference_tied_safety_and_severity,12828,1000,0.07795447458684128,12.828,937
Alpaca2-7B-train.jsonl,15270,605becb5e411ed2924dbe68b8eb39de1eabe3e89eaa93e693a61ffe781bf0dc0,a6420292961e3385c45f612eeede2a92e0742f381fd000379159118059bb2011,L2_category_difference_tied_safety_and_severity,12828,1000,0.07795447458684128,12.828,938
Alpaca-7B-train.jsonl,2030,7fd966b9ba2ada34be4eed77ebfe6e352d9da364ddd0d7407a9883efc1e9c1b5,d3339d662655719e2f6c2402fe845b1f744ba627b85e34b6803a602fa2294d88,L2_category_difference_tied_safety_and_severity,12828,1000,0.07795447458684128,12.828,939
Alpaca-7B-train.jsonl,8429,c4a4fa3fe847f3581a6568f70c9393901e8c5b783ac73d17d0632857be5cbeea,50853003b5cd82f178d4dc42f7168a6efdfa9423d4a374160f4c2ea2eedd64f4,L2_category_difference_tied_safety_and_severity,12828,1000,0.07795447458684128,12.828,940
Alpaca-7B-train.jsonl,23399,92f8a242c27ebacf89b565c6ab8bea26953d4e23ea001d98dda47eaa87747b3f,7b29b6d5cac22deba2b82874df3c08867d2309a66f7b0246c63f6aa33a8e8f7c,L2_category_difference_tied_safety_and_severity,12828,1000,0.07795447458684128,12.828,941
Alpaca2-7B-train.jsonl,24017,2d4451c7f0072e1573e84025571bcd618baab795f3a94f2ace6847730a02daf2,c6bf7bb9efa818918aee2c6ce340c1da97af8b6d4e69bdaf080ea5591edaa82f,L2_category_difference_tied_safety_and_severity,12828,1000,0.07795447458684128,12.828,942
Alpaca2-7B-train.jsonl,12442,5c278c396fadb25b9114083ff7df0863b19a0b82bc705a88fb9e4d60b74094d1,fda5b41403151c9f5d72cc5cd5bde3c057e3477f5d3621afc2f4a9283a898614,L2_category_difference_tied_safety_and_severity,12828,1000,0.07795447458684128,12.828,943
Alpaca2-7B-train.jsonl,24930,7b40b5fef654b298bbf340c9512e47bf57f3f6e6434f54eb4a64b8fd8523f78e,45c70d6ea32dc3a130533e5ea0507f09e7b38a8d5084a3405f08bad8d2adcfc2,L2_category_difference_tied_safety_and_severity,12828,1000,0.07795447458684128,12.828,944
Alpaca-7B-train.jsonl,22570,c0ee755e487f9f0af62a762e824079a17d2f717d5ff69ba2f1c6cc6ce722694f,274d711cca9a283bd2934ed0176a56159e6b2d41dce7263e9c361a669719f0de,L2_category_difference_tied_safety_and_severity,12828,1000,0.07795447458684128,12.828,945
Alpaca2-7B-train.jsonl,1302,5f5aaa7a1a78d663f502d4b127a2ba0ceeb3dd8400964308ffae0e85de444623,a7b1202d01c12adc1ce3abdd5a5d26a15c998d30c8b80c7b7fe89bf832d2642a,L2_category_difference_tied_safety_and_severity,12828,1000,0.07795447458684128,12.828,946
Alpaca-7B-train.jsonl,12138,91bdf4467d28e6cac51c69bdaffc02ff5a397a8b2cf02dacb50c81fac5b3399c,1a33e5edc6057da69c9e0c296fe02ca066e98452fcfc0de38ae80ebb2e15b4f9,L2_category_difference_tied_safety_and_severity,12828,1000,0.07795447458684128,12.828,947
Alpaca2-7B-train.jsonl,17966,256956919579384734fd8d024a6ff88fd62fe6e4b9621ac2bf7f936b295ec3b4,102afb054736bc59173f76928ea0d606607f16d8209a808e67cf60be521a7bef,L2_category_difference_tied_safety_and_severity,12828,1000,0.07795447458684128,12.828,948
Alpaca-7B-train.jsonl,6596,ca9c61f48b27454e374bba02e8acd8012c51aff0e827f833ff9d4db8714d7840,e3aee5c72e054c10c4d7789d95b57150db1784a5872be5cd6b73f44927b3f12d,L2_category_difference_tied_safety_and_severity,12828,1000,0.07795447458684128,12.828,949
Alpaca2-7B-train.jsonl,250,50396bab37097f1e0cb3a03b34d3f4898e58a13dff265d8b266f44c176d942ac,53c208a64f9922a9920ac80b6891bf069d96e73fe4765db8b0bfa605d8e1461d,L2_category_difference_tied_safety_and_severity,12828,1000,0.07795447458684128,12.828,950
Alpaca-7B-train.jsonl,5915,56de61ffcffedd163b41cb9a649be92daa1220b17ea8d81ad7d0fd946b465200,e53672950012ae5f57a16a022bbe5b2c871c7d8a2a277432747934fad78bd10b,L2_category_difference_tied_safety_and_severity,12828,1000,0.07795447458684128,12.828,951
Alpaca2-7B-train.jsonl,24095,5fe041ef7081bc0ff68ea5981599737c7823c10c8702595b1e25e3342fd9e2ea,2d713014c222d67369511c66913ddec5eb5be53cbe438dea74b9f3cef4956d7a,L2_category_difference_tied_safety_and_severity,12828,1000,0.07795447458684128,12.828,952
Alpaca2-7B-train.jsonl,15162,9798676a826bae1e15b124178389ddc4d7a64fade49f6c71ea2833e0d2bd9e51,560ab7e65b437af2e4bc409521695ce30b58d27d03c60f84b5771a926b2c5b7c,L2_category_difference_tied_safety_and_severity,12828,1000,0.07795447458684128,12.828,953
Alpaca-7B-train.jsonl,8986,6f72dbef0d4d9d08b9bfef4f1c50d18e3282852bd13d502cee08ae7f86001136,640723802c78db08d130e67fa0024cd4bde79fcfff515311d74b7414e115dc53,L2_category_difference_tied_safety_and_severity,12828,1000,0.07795447458684128,12.828,954
Alpaca-7B-train.jsonl,13825,ec12aa7aa25fa7f4b68d3acd068eff3db149beb8f8a2bcef49ba6403448be2e1,e537d932278131f39e136f5cd0609cdce55f540ab967580fac86ca413daea054,L2_category_difference_tied_safety_and_severity,12828,1000,0.07795447458684128,12.828,955
Alpaca3-8B-train.jsonl,1125,c13229de845f342759361ece9b69d75497ba4294296e85a8351d986af00f7699,f02161504077cb89b1839e53e83b1205339a99e80ec0e6c124c2017e460a1ed0,L2_category_difference_tied_safety_and_severity,12828,1000,0.07795447458684128,12.828,956
Alpaca2-7B-train.jsonl,21270,b2b38fe76040dd3960fecfbf062f42f5147623e9d2fea70d2d94ffcfd3ae74f1,98dd2670892f8eb6ca66ae650db1fc2fbfaa56730e7639cf5867f4b41c728307,L2_category_difference_tied_safety_and_severity,12828,1000,0.07795447458684128,12.828,957
Alpaca-7B-train.jsonl,2616,95d8458ccc340e965f959ad0eccc6ed00045c3fb01b3deceb3b5c1c6ed79d3a8,b675ae839cb0f7032e8a42bbf728f63d667ae0012f1140659ea1b2924bf3c659,L2_category_difference_tied_safety_and_severity,12828,1000,0.07795447458684128,12.828,958
Alpaca3-8B-train.jsonl,15761,f70ca85b465404d190ec33fa0c4daa0bbd94cd93d8b5dba6cd3b947ff7bf4ecf,5e2f730e2bf1ddd26e78bcc639402a9dd4ce129a068a6d9728a5fe867185d1ed,L2_category_difference_tied_safety_and_severity,12828,1000,0.07795447458684128,12.828,959
Alpaca3-8B-train.jsonl,10731,10cf0f8e1de13c408cb1fcd7dbcb1d4658a04093bfc90b5bcd9bafcc3c59b107,01fd4e7a9fbdbe47b22622463ca41a8e7714474dfce31be3932408001f4f5e69,L2_category_difference_tied_safety_and_severity,12828,1000,0.07795447458684128,12.828,960
Alpaca2-7B-train.jsonl,6330,be03babb9e0e41368192e0c9f81b6edfed4f6a5761dc3feac88d12c8049dc2b3,72b3ebee4d1f8f3f5c87242d845e16914a35ad8ca283776a8c6ba1ed7302e84b,L2_category_difference_tied_safety_and_severity,12828,1000,0.07795447458684128,12.828,961
Alpaca2-7B-train.jsonl,1301,32f4c9ccfa50ec8c99feeaeca2a7ee7aadf7f80e55022599baf364185712d715,f40e210af31e85445dc49c55ab211b3d675f8d774dafe7a4c7af3984b5ba8030,L2_category_difference_tied_safety_and_severity,12828,1000,0.07795447458684128,12.828,962
Alpaca-7B-train.jsonl,7730,180243943ada981109a7ceae9f44f4bf7e413dffb5321fa59584d60f6bfa86f4,8b107f62b80dad35694b4d061aad52682953675e50205a5bcf439f9e8db216d9,L2_category_difference_tied_safety_and_severity,12828,1000,0.07795447458684128,12.828,963
Alpaca3-8B-train.jsonl,6371,f33e32042bc071d175d4f3c8fd6995f2248fbada93f64043ac06bafec77d2b41,e65e86eafdd00f1b2afcbdb617d20df1ea5ff6a3969cf79e59a7d5e2ac6fd9e2,L2_category_difference_tied_safety_and_severity,12828,1000,0.07795447458684128,12.828,964
Alpaca-7B-train.jsonl,2426,55826d3c66d600da690588f1c79ea81d2d90b2843f10e6a9d55bdcd10223caae,cc05fe3350f8fec19fe438c0ef6748c69265c6b9936b9c78405673053d0ee313,L2_category_difference_tied_safety_and_severity,12828,1000,0.07795447458684128,12.828,965
Alpaca2-7B-train.jsonl,14360,ed6ae7c79e6bdcb97bd940faa19f59123321f82c6cec03639d407ff2e179f249,e707078da3e13b8a7868c8d2a54d6213170c88a2df381b851482bae83c2eed82,L2_category_difference_tied_safety_and_severity,12828,1000,0.07795447458684128,12.828,966
Alpaca-7B-train.jsonl,927,881d9d9e8e37acba3726826f575874a329b6b37417f4273fd5934da9b7d75e70,a897b86f85503108ce45d6826ab02af1594c9a142763cf9ed54f90d4e6cda60d,L2_category_difference_tied_safety_and_severity,12828,1000,0.07795447458684128,12.828,967
Alpaca-7B-train.jsonl,4529,104d56bc281bedec5bd9b32093e8be7ce755a9c1002be1d687ad5c428d330bfd,455335ffa63c35d55af84592460190c7e8fdad7a909183887ea8f78a58da1d27,L2_category_difference_tied_safety_and_severity,12828,1000,0.07795447458684128,12.828,968
Alpaca-7B-train.jsonl,61,1e9fb3e4fbbb6caf06dbe3f4018bd3460606be91f33f327ccd225932791fe4a9,3933f2a0cb7857cada08fa7b879029246d530d9579f058c1143d4611f8666ed8,L2_category_difference_tied_safety_and_severity,12828,1000,0.07795447458684128,12.828,969
Alpaca3-8B-train.jsonl,3790,042b6d8ae272f73b87f8e17c62f84b46d73ca00c17b60cb9c3b9d8cc47ba1676,d5b614fd5ffea176c929cdfaaa10148fca2f5a985a4097d82338bd8d84ba7bed,L2_category_difference_tied_safety_and_severity,12828,1000,0.07795447458684128,12.828,970
Alpaca-7B-train.jsonl,11951,c00bd3ed16645827701e8f1ba532c7af42f5cb10be7c0b98dded68fa73936ca1,7def58b8b7950ae21bda384d87533ea64eebfa6525c2b8f005d2687654c73f6c,L2_category_difference_tied_safety_and_severity,12828,1000,0.07795447458684128,12.828,971
Alpaca-7B-train.jsonl,21479,f08ef4e24a2e2c927b22fe48878f2c10b1b631fa9a71749589e8131608acd17b,b55ef9f542490f4a7d5093c08244aa301554b2e336b24f6a198350ea3e068658,L2_category_difference_tied_safety_and_severity,12828,1000,0.07795447458684128,12.828,972
Alpaca-7B-train.jsonl,9114,1b5058de736a0f82150128f991475cf4e3fc0ce2e452cc9ea64a0db45c5496f0,44b4cb9b8e9c5e30cbb3693303218340350384d48095907de2b5176ebbefa08b,L2_category_difference_tied_safety_and_severity,12828,1000,0.07795447458684128,12.828,973
Alpaca2-7B-train.jsonl,6256,4f168334831cb5e96340b98f90506fe4d23b8a8f95a32987517cdfea3dcccb62,1bdbebbe8c94ffd1aff033df53ee937f35269a44277f70d2e964aa4411956941,L2_category_difference_tied_safety_and_severity,12828,1000,0.07795447458684128,12.828,974
Alpaca-7B-train.jsonl,519,744cc8da2d0e044eca7eac22de577c39134ba040d4cd4716b33a73cc692bf4ed,d33aa4f9edef00cb8913a087ed81f1dffdf5ea7e3554a9bc7e7398d78003ee7a,L2_category_difference_tied_safety_and_severity,12828,1000,0.07795447458684128,12.828,975
Alpaca-7B-train.jsonl,15078,fbcdb31131bebaf6f82f110405c730685cd2de5b8b4dcc09977cf33e04ea7de8,8fa9fd953f5398c9a37214a0c9160adac3e06425000068087050f9befbb6beee,L2_category_difference_tied_safety_and_severity,12828,1000,0.07795447458684128,12.828,976
Alpaca3-8B-train.jsonl,2468,6c200cbff84046da53f2941afa3e58450a3c4e46fe3e73fe6294a84b554d6bf4,20b8b44a6fa602f0ff19ead941cc65c03af240241cab1b09f46d00656d67f777,L2_category_difference_tied_safety_and_severity,12828,1000,0.07795447458684128,12.828,977
Alpaca-7B-train.jsonl,26985,ccbef41db8a6417242db215f61d4261c7771faf7e6012c236fd7bd5e87288ebc,67e9defb4a60c7b5d2bf2518e92a9760bcbe7e6fb845959f70cc099bd6189df8,L2_category_difference_tied_safety_and_severity,12828,1000,0.07795447458684128,12.828,978
Alpaca2-7B-train.jsonl,18501,90244d11ff0bfeedb2f10080913213807a96261de14392169139fb47a3e62eae,8d7ee518b317458b7caf122030237a39e5c39d29b4e08a9a05f17d7b3192e56f,L2_category_difference_tied_safety_and_severity,12828,1000,0.07795447458684128,12.828,979
Alpaca-7B-train.jsonl,14115,7b538868b25386015609faf6ba8248fc953517fe7b536def9bd19ebe3f7fc213,eae896dfb03addcf905755942d33a82d5597bb6eb413ed606046ed4b08ce41a8,L2_category_difference_tied_safety_and_severity,12828,1000,0.07795447458684128,12.828,980
Alpaca2-7B-train.jsonl,12900,e7ec81c5092b9ba70912cf6d74d47b57a76e18ca4582475682c2ac6614a611ef,4b6ca052c6c11e035cadbefb4f3c6c268f71a4add2e2b267127a0db92f5aba86,L2_category_difference_tied_safety_and_severity,12828,1000,0.07795447458684128,12.828,981
Alpaca-7B-train.jsonl,13055,8f19c9905c30ac73a73140487b21badc3647a7f245cef43290d08cf3eba7fe76,b82d3ebc65b99079f75ca7bab3e579e32f4b1db86103526555ee31720ce6b089,L2_category_difference_tied_safety_and_severity,12828,1000,0.07795447458684128,12.828,982
Alpaca-7B-train.jsonl,23882,2df76ea616b58d384a5315dafb95311694cbc0681bcc00e6d85cdc51c2b2c757,86b026e128f033cdc42d1ba5a0dc29b0a2b784a4152e37130e9b14e6644c0ac1,L2_category_difference_tied_safety_and_severity,12828,1000,0.07795447458684128,12.828,983
Alpaca-7B-train.jsonl,18356,bb792e97d9a802b9d12026c2e8d48646fa775f78964b1a07b766bd0ff89cdd2a,1ecc89f5cabad57ddf2ab185a752499a372a6555d10f5889091efa60c4c570f0,L2_category_difference_tied_safety_and_severity,12828,1000,0.07795447458684128,12.828,984
Alpaca3-8B-train.jsonl,18525,fe61fd0b42953e72b2a7988067bb0ebf4713803ffe37d34a1ab1072385f63d97,25ef599dd952566b560a1387ac8a88ca52223b80cde93312b45427978152e34e,L2_category_difference_tied_safety_and_severity,12828,1000,0.07795447458684128,12.828,985
Alpaca-7B-train.jsonl,13739,9c84fb584070ad263a00d72803c0ad803903c7ffbbad603f2b0952bf6ba222bf,7174004b2fe50ad91cc93a6346fb23c60f2361d57daaa375950645ae721044c8,L2_category_difference_tied_safety_and_severity,12828,1000,0.07795447458684128,12.828,986
Alpaca3-8B-train.jsonl,17797,faf7d91182f05cf78ffa728d6606630341763a7b98228a3e0717920d6ac7f81b,10c8db66efd58f8b5f8a85c00d4d92b97a2a31ff04743c8f6ecb1152ff0b81f7,L2_category_difference_tied_safety_and_severity,12828,1000,0.07795447458684128,12.828,987
Alpaca2-7B-train.jsonl,6218,f4eb4f2d2a4c917a3bd010e22b21f800aa24c165172b888a8b5670bce7002175,6eab9c370933fc6c93c17c941eb3bc6d921be52bd3c6344a66399790d6d9ac5b,L2_category_difference_tied_safety_and_severity,12828,1000,0.07795447458684128,12.828,988
Alpaca2-7B-train.jsonl,15974,7b4cb31d6aa5fa41e898e97b9652f17f29fd0952d907c661444339aadd6912f8,c61b9f550d206d84ce4fe6a8351bb0a5b75b0257a0990e95abcfe5088929cadf,L2_category_difference_tied_safety_and_severity,12828,1000,0.07795447458684128,12.828,989
Alpaca3-8B-train.jsonl,19765,2a9045030949a2f000dca3afb3ef9fee41e36e398daf79d1ce6c816161dd36e8,08066df953b42ae165e44e5a623bf6301863a9a5b925bbe466777eec22228dd8,L2_category_difference_tied_safety_and_severity,12828,1000,0.07795447458684128,12.828,990
Alpaca3-8B-train.jsonl,2348,fdf153cd4da97854fd6632dd54ec0ad8c4e30049a0d1cf53c9405af015e6a4b8,2de1c09421481b6da760203da1f1bfc836c33a16db151a2976930894e94152a8,L2_category_difference_tied_safety_and_severity,12828,1000,0.07795447458684128,12.828,991
Alpaca2-7B-train.jsonl,17752,fe76e4c532efcf728c79d52d6f5f618ee43bfcb031af3d31dfaec5f0f2c6095f,9f662d351981f6c3d1fac70cccc65630ef600bafd749ba5e44f16fe8bc927be2,L2_category_difference_tied_safety_and_severity,12828,1000,0.07795447458684128,12.828,992
Alpaca3-8B-train.jsonl,7943,a79576caaf8447d45adcf31f9a39c5683182ebae84db305b49e6dbe86f53c71f,4d0e3e0653ec158a67b3a1586809b5055d9386750182cafbe6c04f98cf4a1220,L2_category_difference_tied_safety_and_severity,12828,1000,0.07795447458684128,12.828,993
Alpaca-7B-train.jsonl,25917,92fe144c950cf3cb33ba90abca1c9f5e3f1140b3d5ab846dd709eee4ce3f338d,5194a700da4aa043ba8f7fea56810675d0e237953f4525c272178fcb5033f5e8,L2_category_difference_tied_safety_and_severity,12828,1000,0.07795447458684128,12.828,994
Alpaca3-8B-train.jsonl,12171,268eaf40d0ab1fb7c79a42063841f20249ea4b3e8f31055b49d81211be164ab3,6a567da60fcfd411a2a135082af73042101ef1747b23957b125d31591c58c310,L2_category_difference_tied_safety_and_severity,12828,1000,0.07795447458684128,12.828,995
Alpaca3-8B-train.jsonl,6137,b9c7ad5c25820bcdbd5e8af3e88107eb75819b093508e0f041ab39c560030275,b06020dbc2cd39720999adf25339ec9f13970ade38a569bdf27ad54325966466,L2_category_difference_tied_safety_and_severity,12828,1000,0.07795447458684128,12.828,996
Alpaca3-8B-train.jsonl,6968,bd785d2a82b3a385ec9d9587ac2e7889e576eb4ba15e527444f45ef2966f0e46,7945c428e5b57f40b1a161200a050fd30fdc8e9e880a7b2a1e7a54606845076f,L2_category_difference_tied_safety_and_severity,12828,1000,0.07795447458684128,12.828,997
Alpaca2-7B-train.jsonl,23979,623dcd0d2205bba85800024f07fc654c8e3b168c5c3c627ba98d13ac47671403,e767ca4175c935854a7a53233a33bde87a4297360ec693a44058af2ea35ab6b9,L2_category_difference_tied_safety_and_severity,12828,1000,0.07795447458684128,12.828,998
Alpaca-7B-train.jsonl,21357,b4f2cdf2b5ce375def62f3ba72b6189e2f21f42c54c8be47f6440653e640f8e1,3541bb5b5064c330c77446a32055140b17a4d08c4ad5040dd63586f7adc8be81,L2_category_difference_tied_safety_and_severity,12828,1000,0.07795447458684128,12.828,999
Alpaca2-7B-train.jsonl,18592,a3f2738ee32935ce4da8afae912d64a06916713a39b20a4483944be8dc94ee2f,81b5cd225d76f486a97c0d4cc666b8062261643c670a839a12ec46aeec6bf8ed,L2_category_difference_tied_safety_and_severity,12828,1000,0.07795447458684128,12.828,1000
Alpaca2-7B-train.jsonl,3305,90088ae2694a9d099ef0f4a6b0310a0692d559fa30fe59f7b87c54baeb43993f,31e1805727eea829d3d759642b84c6ba1a4635d9c3aefb3f069bd6103410007b,L3_severity_difference_same_safety_state,5941,1000,0.168321831341525,5.941,1
Alpaca2-7B-train.jsonl,9779,153d5cca59a1cab4f0e46c8bbe4bae9c5b4adf1ae04dbc170188cb2253e6a447,a64fa4058cf3852ef248c62b212252b2d23d77e4ca48b55908925a3adb5f3ee6,L3_severity_difference_same_safety_state,5941,1000,0.168321831341525,5.941,2
Alpaca2-7B-train.jsonl,11381,ce6ff8c1d940670b8bcf6471068d9040b2081bd2e2734877da7ae76ef239c628,f71a597665942ebec35bf3b528bf1b0fce8c94c8323bae114fac8813d69ebde5,L3_severity_difference_same_safety_state,5941,1000,0.168321831341525,5.941,3
Alpaca3-8B-train.jsonl,17025,90e520ccdeba44a6e3556586ad5fe6e1b5a538b254d85fee4ec977cc421eb5bc,bbf0e178adc2a0d90069b2014dea14a82a7946365bc94a821c89ce3119bc1139,L3_severity_difference_same_safety_state,5941,1000,0.168321831341525,5.941,4
Alpaca-7B-train.jsonl,2543,cdabc929231ca88aea8cecc293bcb3cf0eefcc17a337c003167b5042829005c2,c4e3386cfd9f399f2f9466b1fb0628fe584ba7063b96028ace88802d6f1a5fd7,L3_severity_difference_same_safety_state,5941,1000,0.168321831341525,5.941,5
Alpaca2-7B-train.jsonl,310,9881dc581bbf21724bff51d071c2b09fb05b44149a0207ec81cd5588dde2799e,ce16ba1a9bb3227c73b521534d5e730630c79aaad8138dd39a04db9d15a54c31,L3_severity_difference_same_safety_state,5941,1000,0.168321831341525,5.941,6
Alpaca-7B-train.jsonl,11469,222b4e62b3c4155087991c91294daab17ae099497df2395c3d067b0e56434953,e923121fcc1d5781cd882f1b732efcf89bd3be34516a05beb278d647886967de,L3_severity_difference_same_safety_state,5941,1000,0.168321831341525,5.941,7
Alpaca2-7B-train.jsonl,3383,39c81028b3053f55c744b065fe518e0930afb68730aa1421b0d312bb94a41d9f,5b29b2f6cb5e65d096cd050b6cc95646215c62ff3eb6fb51acabe5225814bd34,L3_severity_difference_same_safety_state,5941,1000,0.168321831341525,5.941,8
Alpaca2-7B-train.jsonl,3855,3a6e020432a055ca7d4602d20fac3fb5cd0d2dd415821c99417e3d7166911d84,33512ef685320f72935f538a644118acfe90d3fbfaaa1f9baaf27c2ec857b18e,L3_severity_difference_same_safety_state,5941,1000,0.168321831341525,5.941,9
Alpaca3-8B-train.jsonl,7256,4e2135dd001b563bcf1ea4ddf5c2a2f07f26d111bcb57892e39631dcaf8d928e,ec3f7fdbea59583d0c97efdd15d87785371de19e76327b815616d877ac821001,L3_severity_difference_same_safety_state,5941,1000,0.168321831341525,5.941,10
Alpaca3-8B-train.jsonl,85,a4c8351721f1fb3214b789a21349e47e840454e3830514f03294a6c30e723134,6f9b804e98df2793d65512b816b8df01aaf878b173f4e2e1aace1476f9957749,L3_severity_difference_same_safety_state,5941,1000,0.168321831341525,5.941,11
Alpaca2-7B-train.jsonl,21127,2a394b13c75e3a953bc292151238bbff3ac0def0c97b503f25b0bddba44c72ca,c5be03687d3ed81d907af1cd22e2469545ac3bd545444fd7975911c0ba457864,L3_severity_difference_same_safety_state,5941,1000,0.168321831341525,5.941,12
Alpaca-7B-train.jsonl,10298,7ca3d1d50896a8fccb9256ed31d2c7dd4a170269cc2c7c8535c4fdc5f59a64ba,9f5aaea604105ac230a09e452de1b498711d85f7c3439be92e384cdadde81f4d,L3_severity_difference_same_safety_state,5941,1000,0.168321831341525,5.941,13
Alpaca-7B-train.jsonl,17115,24a27d67bf57aed73142d23db07d3712429970fee7531831250b9181a37f5197,12cce22dd7fc3b031aeab9a14ec49001a62ed8a143472ef1780fbe9745faef8b,L3_severity_difference_same_safety_state,5941,1000,0.168321831341525,5.941,14
Alpaca3-8B-train.jsonl,4908,c1ae8fb6ef471061a896f60833b778b2edfa291db9dc3422f6dfcce939cf0b27,9e2081dda8923e18a6b5bdb2473805fab5071c11abb650ee7bc97a823f1710b9,L3_severity_difference_same_safety_state,5941,1000,0.168321831341525,5.941,15
Alpaca-7B-train.jsonl,3519,d442b959fb571feab6c39764640257fabe2d840b3fef25edbb760ccfd8f30e46,52094f48c58781958f34351c4f4dbeae69298faaa2649e1a398763d8fb81f49d,L3_severity_difference_same_safety_state,5941,1000,0.168321831341525,5.941,16
Alpaca-7B-train.jsonl,1120,4cc781e6295bee3e4f396b65b1f3991ec8ae81fe7ef096234dc01dbccadb4314,a203808fbc25ac43f9d9f7eacc6da7056e15575ce528fc28a30e483ad75eefc2,L3_severity_difference_same_safety_state,5941,1000,0.168321831341525,5.941,17
Alpaca2-7B-train.jsonl,20355,96bbc081fd9581317c44ab4f57f344a946df3e014de77256198f9d68b0002a2d,45a23ddb0f005ad4e6c438441e14b5e3c5ecbf6a5eafbee6ec7f49bb985d029e,L3_severity_difference_same_safety_state,5941,1000,0.168321831341525,5.941,18
Alpaca2-7B-train.jsonl,11951,d757ac8ef9e0a6b25c2f0603151995c4b8e06d3267f9bc2ec85a331047aca65f,426bbb567a889e1ebd122fdcdc76a1561735cc1c516b689606bfc1acc738ac36,L3_severity_difference_same_safety_state,5941,1000,0.168321831341525,5.941,19
Alpaca-7B-train.jsonl,19642,c0c6f5469f60d81f38ce5eb208c7003d92d5ba6ae37413fb830197396640aa1e,72f613c7003233449fd5e76e5a63a3e01875aea724d375f4b5de2502351ae82f,L3_severity_difference_same_safety_state,5941,1000,0.168321831341525,5.941,20
Alpaca-7B-train.jsonl,25992,a7de6c0e10ff9c265d7130d5acecbacb6cc287db4ec00a5dff130b4f03e318fa,9a89f3d2f733b166cb3687676e456a966b7572f2dc9a8cfa0fae8ead6ec742bd,L3_severity_difference_same_safety_state,5941,1000,0.168321831341525,5.941,21
Alpaca2-7B-train.jsonl,5741,cd26452b2f4242836789c66dca0484942df67e1c077c0cf122143d98230facc1,47a35231b5ed013bc1c49b1dcecfdb9adeb527a856e6bafa4a628bc5dbccf363,L3_severity_difference_same_safety_state,5941,1000,0.168321831341525,5.941,22
Alpaca3-8B-train.jsonl,15753,9dcbb435ea7304dfedc10984ff2fe3eb52dddfd5b6eb8efeb15ea1e7f41f059b,b4514e80c6bc0f930cad82129200025150f39828003764de8f739f1a61588283,L3_severity_difference_same_safety_state,5941,1000,0.168321831341525,5.941,23
Alpaca3-8B-train.jsonl,4951,361e90f9bb022becf1154c558dad16fcab08de78fee94c44f586432105853815,9a1c7e8d7bf88aeeec67d6e6322f46002c4e1cb4f906a179bcb8eb4afbb09738,L3_severity_difference_same_safety_state,5941,1000,0.168321831341525,5.941,24
Alpaca-7B-train.jsonl,25049,fa111e37f628ccaf1fb1d7e634e2c3779c55bc34c21789d95a8a423d9f43279d,1bfd2d140bcea1109c2ca1f5678cf1c1e64f8d3f50d141fb5d4c4a07b7524666,L3_severity_difference_same_safety_state,5941,1000,0.168321831341525,5.941,25
Alpaca-7B-train.jsonl,3017,3e46b686c3684948206a8d91f3e85f554a3df829a8e6404c3d88a48b39ce3dce,2f7894e1bdadd910cbed17b76c133e1379952675b8ae72fa69eb44c329cc3397,L3_severity_difference_same_safety_state,5941,1000,0.168321831341525,5.941,26
Alpaca-7B-train.jsonl,8653,fe4f3e1c8836bec7f128bbfe4871190f2d0c1a8b2eb64cb0c2ff11f39f08e330,c85c84d2b3f6670c0789bacc4287287847cae566ffcfbc1843c8c303c5dfd194,L3_severity_difference_same_safety_state,5941,1000,0.168321831341525,5.941,27
Alpaca2-7B-train.jsonl,3419,d574db6f90d99def902b8c81e9bd70c11cb02e611828b10c97d273c5dc2cc8c1,122ed9cc9b638239b9cef30d11f3d35088bea2d62ef0eba1fedb7599a4ffd5af,L3_severity_difference_same_safety_state,5941,1000,0.168321831341525,5.941,28
Alpaca2-7B-train.jsonl,2850,fce6ee7a8d8c3ab3e7128a817be936596f58278b766f1e3a18e8def4767f115b,88f6abad03c6086312f6a6da910dc9dd8aa8c74a8527cefbe1238ad593cb3737,L3_severity_difference_same_safety_state,5941,1000,0.168321831341525,5.941,29
Alpaca-7B-train.jsonl,24928,56c5d24d2276f1b350108acab1bc97aee119129018a234281b3ca1aa00ddeddf,02ef4520be69aca571677e44051a85313244f854876cbaf3b728b68342b167dc,L3_severity_difference_same_safety_state,5941,1000,0.168321831341525,5.941,30
Alpaca2-7B-train.jsonl,22769,18cf4e343a7cf440185600748cab75c4c161b682aa93dc86b4ad34d198e8a81a,a5161a5c8e958fa1b8afc9e7e361ef5055d6053e0d8230c842acba8ca14450f9,L3_severity_difference_same_safety_state,5941,1000,0.168321831341525,5.941,31
Alpaca2-7B-train.jsonl,5275,4a036fe901ad70a1069fe767db51b2d35de034288e2c86a74342514bd57e936f,8909b07e0b1f03ac1aca2a981915e01f9abc3933690a296f2be378b2f27b0935,L3_severity_difference_same_safety_state,5941,1000,0.168321831341525,5.941,32
Alpaca2-7B-train.jsonl,5114,a18bb431664a9d07dbef70470c618a377f2879db0f93bdf9caec861aca195f23,38df2b740ab1d32466edf68617e0368b9f1dead5e70c618b57803725f885e7b2,L3_severity_difference_same_safety_state,5941,1000,0.168321831341525,5.941,33
Alpaca2-7B-train.jsonl,1590,fdec1c10d9c2b375914fd07e8ba854256cece002a90121a0c7b5d28ac132fe76,9c5076619e8bc5a012aa383299354d374d446408b6f26cf4cc992f9f55a8d0e1,L3_severity_difference_same_safety_state,5941,1000,0.168321831341525,5.941,34
Alpaca-7B-train.jsonl,14960,fffb884c119a3bb9f3366dbdb555b098cf98166cbde0c5d459f3f500e9435bbb,cfba295ccb99e8ce5d73e48937f0bd5936e3feadec2ce9875b139d1be0f7246d,L3_severity_difference_same_safety_state,5941,1000,0.168321831341525,5.941,35
Alpaca2-7B-train.jsonl,532,c74cefb2cf8b50bd2e1e503925601684bdf9ebedcb34644530eb4af8a20dd028,438fc730630cd5f94bf69184c4737c2febc250b2df5f9ca3da8eca6c9edc90f5,L3_severity_difference_same_safety_state,5941,1000,0.168321831341525,5.941,36
Alpaca-7B-train.jsonl,16623,c6f81f228ca167e8a610e3c45f2311d9794777c93a32f04a1286a44c453ce3eb,13706bf3ec1c95c0a79b0c2b7f44f770fa15601898aaaddb82e895cf8df8a44a,L3_severity_difference_same_safety_state,5941,1000,0.168321831341525,5.941,37
Alpaca2-7B-train.jsonl,7374,eab53b5f91d5d4f557336c47de264eab39f66dc801039cf3cb7600e0ca151f15,4126da284b6d70ca265db551febc1d11aac55769235081781265d01f3bf534d5,L3_severity_difference_same_safety_state,5941,1000,0.168321831341525,5.941,38
Alpaca-7B-train.jsonl,1577,b803f0e28a1cc5e5c4b634234a498f9695c31b8b561060770b89ba2563d483d5,f5eb7a5244d998bc65c084c96da67e165d3d4d06f97edbc81795cecdf39e6fa5,L3_severity_difference_same_safety_state,5941,1000,0.168321831341525,5.941,39
Alpaca2-7B-train.jsonl,13689,db91916162b9d7559f0ff1cecd6789715e916e0dc6379843f766a3536e278dc4,c4edd281ba0600643201469ef3bf0845e526bba1fe7cb723fb3e6dcbfcb6de48,L3_severity_difference_same_safety_state,5941,1000,0.168321831341525,5.941,40
Alpaca2-7B-train.jsonl,20666,82092d42e9dd0a0da34ca03c15f4ae3349044df331c573e2a1e96bbd0aec8161,af2d61d5e8dcf5cca7845cc4e40134d04e57b8be03aae03973cd06ab4b5d6145,L3_severity_difference_same_safety_state,5941,1000,0.168321831341525,5.941,41
Alpaca-7B-train.jsonl,6998,9f313104e9867728619d9d2df91cc050db57b878a4f8d74a3157c113794d966c,cd59cd67062e8a9d973977614815bca40cfbc89a0aa8f59a481b3541cd11b89a,L3_severity_difference_same_safety_state,5941,1000,0.168321831341525,5.941,42
Alpaca-7B-train.jsonl,22515,06174788950dff20be9de5377001296610e34ce9d9b0c967b0ca600b364c9455,e82809fca3ac56f98ddc0456b95bce363fcc192e3b9fdc821f8838499e054ea4,L3_severity_difference_same_safety_state,5941,1000,0.168321831341525,5.941,43
Alpaca-7B-train.jsonl,22519,f7d129f2611e338e3b95da9deee4522ff2dcec08a649715347c9639f30beaf8b,7b384aba6c06217ebaccc55cd026bbf9afd5b9a4e9cfb53e159b7ac804cdedf6,L3_severity_difference_same_safety_state,5941,1000,0.168321831341525,5.941,44
Alpaca2-7B-train.jsonl,4389,03972b607f4be232e6cb18dbfaf94b62f63a4f89d7a34bba6a65d76bd44d2cca,e08904ec41ea33638bddda0e664402ff1332352dc526f33bc0e07c3223997ca9,L3_severity_difference_same_safety_state,5941,1000,0.168321831341525,5.941,45
Alpaca-7B-train.jsonl,24734,af479192683298f3ff9615a360ad8a818eb8b889f5271c23e3d2f1895deb7ab6,3a862eb13d3dd0318dac7b58b88d143e5b18582a3967abba439e73f29d89b193,L3_severity_difference_same_safety_state,5941,1000,0.168321831341525,5.941,46
Alpaca2-7B-train.jsonl,15758,be90dee8476eb0a09255573628137878a32d5108b6659d51c234a1f6480ebe25,a7b4f0cefe3f6427b64a703247cdb10ffa13136fd04a7298316f2820a202b08a,L3_severity_difference_same_safety_state,5941,1000,0.168321831341525,5.941,47
Alpaca2-7B-train.jsonl,7165,13b6c33bfa0b0939fa32970fc9389439f2fa29493a28942dace0565cc68dcbbf,9c035c5ffbd5acd75d589ccf220fc54654b130ee0fad160f084d076813037864,L3_severity_difference_same_safety_state,5941,1000,0.168321831341525,5.941,48
Alpaca3-8B-train.jsonl,14756,a34b94ada982aa0afbd7280ca7062a68df46a17ae06d333b0be102bd08ae8a72,710f5261ea88106400b3217dad227b44e8c89f9952860c4a36f749547a68a028,L3_severity_difference_same_safety_state,5941,1000,0.168321831341525,5.941,49
Alpaca-7B-train.jsonl,17201,006ae96e45f5eebd6f8edd7a525ed80b267d8aa2b0538ebac555e2c3b700722c,617a4ab6995f9aec9c2ee25f2de3b28994cb71ea72dd9147ca351ff3b650079e,L3_severity_difference_same_safety_state,5941,1000,0.168321831341525,5.941,50
Alpaca2-7B-train.jsonl,21922,99dbd1ad1b0846db2d35b1a8eef15681815838bd83f8845db365254daa7b69e7,2bc2c80adf1962da655c67eb78b1934e806e8e7f0ab151a88965805915a29923,L3_severity_difference_same_safety_state,5941,1000,0.168321831341525,5.941,51
Alpaca-7B-train.jsonl,11041,9bbb3a8d89c351dd4540b7f961b8cc922c2404f7c6e0ddb24761084d4b5167a4,dd66ea629c750b78ea95bf1372760d8ce669e16dd4c45153ae1200de77851067,L3_severity_difference_same_safety_state,5941,1000,0.168321831341525,5.941,52
Alpaca-7B-train.jsonl,10422,de447c4026049a642514911e382dc9bf9a50dc11a8aef4ac6cbcfebf30725dca,bde444dad91c49f3ea21dd33ea1e650ba0cf03377b700c1cae1fe64694ab6995,L3_severity_difference_same_safety_state,5941,1000,0.168321831341525,5.941,53
Alpaca2-7B-train.jsonl,20653,396f7af5342a9e67bf62ae8406257080fd23367f25be38b7281e3d6bf8ecd486,e439cb291a61d6bae5f0c00ad776bf9b10c0b347e8f5b560a90aa13b9e8cae34,L3_severity_difference_same_safety_state,5941,1000,0.168321831341525,5.941,54
Alpaca3-8B-train.jsonl,5365,1347591a32548106f68933db868d589338447948d3d9ae68327813bf96c9a64a,bb527dfbaa94a78f84e12482d348975e7e6408cef0087a266159e244a29e22d7,L3_severity_difference_same_safety_state,5941,1000,0.168321831341525,5.941,55
Alpaca-7B-train.jsonl,3148,c2a50b68c3de424b84d77beb6281034db6e0db9aa8b6e5012d7c35a92460930f,b8a2af02b4e67645c799dde7fd37dbd673bf44c5ca2e992170e80e80d6067604,L3_severity_difference_same_safety_state,5941,1000,0.168321831341525,5.941,56
Alpaca-7B-train.jsonl,2384,910db72445a85bb2904a36e4aaeb8864fb1121c8768fd50d09b15ab6747847ab,69bcc6de90e0092abf8e1bf08242832500ce1c946dc875233c5d1bde00cea963,L3_severity_difference_same_safety_state,5941,1000,0.168321831341525,5.941,57
Alpaca-7B-train.jsonl,11098,946dd4f5a11138ea7e76abfca571f4106b5b1da2c65d2ac1df721c4a7c0b0fcf,80c0411e1163d446d4cfd40e3f613a196c4a4c002bd47cfa526c1803c807e332,L3_severity_difference_same_safety_state,5941,1000,0.168321831341525,5.941,58
Alpaca3-8B-train.jsonl,12760,5553233cc84861bff6f3d80eff9778275efd5add21174d70f1917d93b3f7d851,0ddff0df160bd3d56d72d224ec1dd677f17618a9e808926c4eccdac9bbc90880,L3_severity_difference_same_safety_state,5941,1000,0.168321831341525,5.941,59
Alpaca2-7B-train.jsonl,24781,7b4ac0fe56f6ecb446bb1024770eabbdd39f9c287fc0a75f9d6ed29b69e132fe,2c0ae16a4f4e08d06200f246d109e71026771c499a84905839fbcfd21aea696f,L3_severity_difference_same_safety_state,5941,1000,0.168321831341525,5.941,60
Alpaca-7B-train.jsonl,27111,f724135ef5d2c173bd5e153d57e1e7ceb94a78a86539884748049246553d08b4,1b5a40744d20ccaad53d2bde387b83709725055005b32cffb5212502dc0e17ce,L3_severity_difference_same_safety_state,5941,1000,0.168321831341525,5.941,61
Alpaca-7B-train.jsonl,10482,7a81dacd738678369dc7be69a21aab5529429147b2fd4ffc3f5d028f4593b295,e11bf947c3457462805ab565648ff079dcc07e9a12cfe4310a18501fa35d8d73,L3_severity_difference_same_safety_state,5941,1000,0.168321831341525,5.941,62
Alpaca-7B-train.jsonl,14149,243cd7ef55e72afac57e2559cc60bcc25673446c7386248fc47995ca4abc8d30,b9297a1e6fecd92a0239b42b9b5d5284c88efcc4b273875ae9c23a88af01aa13,L3_severity_difference_same_safety_state,5941,1000,0.168321831341525,5.941,63
Alpaca2-7B-train.jsonl,24950,f2f2caceb890f275beaafe7c80f1b8ac032dd7933a626f41cb71623f623c54af,acd9aedb16fad4afc0a3823f4e87ec6286c145e60a7a7767df4ae6d90eb98f48,L3_severity_difference_same_safety_state,5941,1000,0.168321831341525,5.941,64
Alpaca3-8B-train.jsonl,16485,5d1206fa413cf3d3042144bbe24d1160895af50291799bd558780b5007f2d92a,a745cc518171871f0673cc945dfd5591bd65dc914520d124385667b610bbdd1b,L3_severity_difference_same_safety_state,5941,1000,0.168321831341525,5.941,65
Alpaca-7B-train.jsonl,23231,ec1370495687b3774c630d05797a5d36cf066ed3640d88c7d68099d47047b7a4,ccd5e0d20cf8f8ae599e9a184da603e80bfe1c8e77b042c19dd973340b2e98e9,L3_severity_difference_same_safety_state,5941,1000,0.168321831341525,5.941,66
Alpaca3-8B-train.jsonl,3093,92d527a7a071dfd320a6c1585bd21639b9da99525f7ed7a51d7feee788beb432,527b5e8190c75984543a518333298bf8968e7785eb9b0de4fb8b6e98e6b2dffb,L3_severity_difference_same_safety_state,5941,1000,0.168321831341525,5.941,67
Alpaca-7B-train.jsonl,18817,70fd74d64a7957cfd169613e7eb9c73aeaa411aa73669d027bd09fe50bffa1ac,b93ddc624d72102dbbd3c71a94366778dcab1ab21707d3ee0261bdf6fc7ec330,L3_severity_difference_same_safety_state,5941,1000,0.168321831341525,5.941,68
Alpaca2-7B-train.jsonl,19532,36c02800d84868c2ae888e3340f0c8163cc7d23e1f2eb4939d6e5e6f534a693a,fae62133c5286e0bdb778062a5ff281749900f5b54842b0dba0a2a0dbeaf8933,L3_severity_difference_same_safety_state,5941,1000,0.168321831341525,5.941,69
Alpaca-7B-train.jsonl,6544,875e0e8232dd9e0dd8b0006316f80c2ef22617d6a981e640109ce3d568c941a8,2e259c0964e7a774f036134d782da3241fa7b22e4b1f023707ff776e433be3b2,L3_severity_difference_same_safety_state,5941,1000,0.168321831341525,5.941,70
Alpaca2-7B-train.jsonl,8032,94e1f758a891cf2cbefb038e0860812602434240cfc3256152577088a48074f6,570bdcae9b161e40ffbe8cdc113f7da8a06ca3276eada5b5cf677026596b521d,L3_severity_difference_same_safety_state,5941,1000,0.168321831341525,5.941,71
Alpaca2-7B-train.jsonl,25440,d9c94bb02b2b2a0a6ec13e97d204417dd0bf504b208cc55911a1cc8ef6bf00d2,3d50c5cb06f08c1050692806f75761fce106b281237d621fb55310c11d35875a,L3_severity_difference_same_safety_state,5941,1000,0.168321831341525,5.941,72
Alpaca-7B-train.jsonl,25927,62d8f9d52e92c0e3a073c5f880a96fcae217cbe21c5c8513c769c3c34e2f6958,d83f320a061bf62f3e361d48f3fd46b908042b40be7c9c7d7d1e330d778b2790,L3_severity_difference_same_safety_state,5941,1000,0.168321831341525,5.941,73
Alpaca2-7B-train.jsonl,23850,6afe5a1f154fe88edd4728d9bd74f41d38ab82a0947ab24efef7da5bc53da7db,4442ed02a5e2c774f49351b350080c3a472b980aa9720b9cd356454503d2e20d,L3_severity_difference_same_safety_state,5941,1000,0.168321831341525,5.941,74
Alpaca-7B-train.jsonl,13347,c299177c519626976f10eca8467de10d229f1cfc873e8d06ecd088200e88052c,43085aeb53afbfdfde390e00d5227c7b33f65cb193efa2bdef8dc47d41d4f4af,L3_severity_difference_same_safety_state,5941,1000,0.168321831341525,5.941,75
Alpaca-7B-train.jsonl,181,a669cd98cd5eb37a36817a96e9ba38d7be5841685b4eb5b9a2b64065e610d5ff,f5c273af3d321f81c2480baadf4d284a7e0c0281bd66ec1c93eb6e3cc20f2b67,L3_severity_difference_same_safety_state,5941,1000,0.168321831341525,5.941,76
Alpaca2-7B-train.jsonl,6240,af42a826d00f7c65d2f5dd9967a9420667beeeef006bd7e3cda880ce588a2618,aa9e3b8958538bb4b681c256f0a13b8da1d05ee1654007dd14995d0cc26577c1,L3_severity_difference_same_safety_state,5941,1000,0.168321831341525,5.941,77
Alpaca2-7B-train.jsonl,24109,ebf57283f009c9ec2caee5eb656d30df3629e4766bde745502286d8e2a333f8d,08b5b5f7819c9124aa2272b03525251d939a5ac7807bdfab123f59ff0d185560,L3_severity_difference_same_safety_state,5941,1000,0.168321831341525,5.941,78
Alpaca2-7B-train.jsonl,7918,a8cacf82471e633c1b2e1150e5c44ee567f1185c96eb922f547c56a64507e89d,fcb976b4b33a00e808535a9111478a3ad69101cbeb335726ed91234c08ae234a,L3_severity_difference_same_safety_state,5941,1000,0.168321831341525,5.941,79
Alpaca3-8B-train.jsonl,10385,85a5e3b258acda9af6f9831a756ac36b882e1868de5f3e644c1569d6ec54d71b,176fdad33de66fbc3ceb68aec0a7a256f48f65acba31efe9d1c19cbe2ca21bf7,L3_severity_difference_same_safety_state,5941,1000,0.168321831341525,5.941,80
Alpaca-7B-train.jsonl,5440,38f70ba1e45a177b1144ead53626f771d71e3bf364318f7f7f68b571b44eacca,4d17e87422a491cb733552cb23eeb79f419a1e73c65d235503933278a9f85e81,L3_severity_difference_same_safety_state,5941,1000,0.168321831341525,5.941,81
Alpaca-7B-train.jsonl,10534,45fc90e5c1c71481fd677ee4278117caf4c964b8972fadb99e92752a5f50c15f,7158c337fcb4e7a1a1aa8ea4b9ff6cb3feb56e0388bbf471865de2cafbcabdbd,L3_severity_difference_same_safety_state,5941,1000,0.168321831341525,5.941,82
Alpaca2-7B-train.jsonl,11912,e9a4962b9e6d91bc4478392b4f86f60cf6c56c66d89eff94a6d39b0cad3df19f,7547ef9ceb01a4281210730a4a6977622bee377c24edb3d8394e78ab912ca361,L3_severity_difference_same_safety_state,5941,1000,0.168321831341525,5.941,83
Alpaca-7B-train.jsonl,27116,beebf6576e9b6095ea6fc22542a273754b812b39956075f7f8322a487b9e65a4,7c28e3cde0baa95523abcec478bc7f526ec0d88c9cef59808aa04c845175dd8a,L3_severity_difference_same_safety_state,5941,1000,0.168321831341525,5.941,84
Alpaca-7B-train.jsonl,23041,f30cd78574d2b8556312c8f863b8cd921e1f42e8c50af8f9848d67f810ed1802,5b1db237ea1f36201762080e3d13c3d2938a3b360d1583fcf64fcc5cca070111,L3_severity_difference_same_safety_state,5941,1000,0.168321831341525,5.941,85
Alpaca-7B-train.jsonl,2377,6ea4a260e12cfa89f9fa617f516321a9f7d294cc20733a9a73958b776d09eaf6,cd4a576baadae3c3ad3da7954530624acf1fdf6bf5037c240a5bf0737245a251,L3_severity_difference_same_safety_state,5941,1000,0.168321831341525,5.941,86
Alpaca-7B-train.jsonl,21736,c718c57a50864abd10517ea98ef5055a015af8e22038a60e64f0ac5736a94514,8fb56679539fab7ad50365176cfac86dd4f517ae2f3c46a00d10dcf6cb7facf9,L3_severity_difference_same_safety_state,5941,1000,0.168321831341525,5.941,87
Alpaca3-8B-train.jsonl,13667,46b048522e90f0683e5adf970788be9b225e5b89f0054a521a276fe67d36a0d1,ee0e6c036f5ae5c905636bbb4d02a1863236771691d82df716882027caf88470,L3_severity_difference_same_safety_state,5941,1000,0.168321831341525,5.941,88
Alpaca2-7B-train.jsonl,10497,91898f6c7eeb99e6b52a5e8a1dc3a226c21e0f1714e174a9d850709195d4cc99,0cff908c6f2315941e581e3100d5d3684c90d0c72d584198dc478dff8d264e8f,L3_severity_difference_same_safety_state,5941,1000,0.168321831341525,5.941,89
Alpaca2-7B-train.jsonl,12659,f523651554117e93259ddded7517bee37fb687d372d264db22923d9b7f2dac56,c1cd8877ad3c0607610d5196aa67632e1e3d440b0ccc8f1407efb15344990abd,L3_severity_difference_same_safety_state,5941,1000,0.168321831341525,5.941,90
Alpaca2-7B-train.jsonl,2863,e26f8f007e8809dbc149a830db6028a14fff96a48177c90a771c36cb67baf8fe,6f4c410e77e2ab818c75664c6406307b94ea6c48d191c0076582db3d9c6d8fc7,L3_severity_difference_same_safety_state,5941,1000,0.168321831341525,5.941,91
Alpaca2-7B-train.jsonl,17345,c1386b86e8f3a86dd15ef569ec683c634dcf1871e6d5b1b67e0ee85b271f2a24,1d07f34bbc3f6d8b30f8750822163853f8d45e8ae667efe20ff79d2a89a603be,L3_severity_difference_same_safety_state,5941,1000,0.168321831341525,5.941,92
Alpaca-7B-train.jsonl,7573,93af6e5c9a71f275dad543dd8fa0acd08f1b9e7570b9f9c7dbe7bd456e2cf6d2,75242e704a32e94063c1eed49078611d34723dac46e82eb58364145eb005be32,L3_severity_difference_same_safety_state,5941,1000,0.168321831341525,5.941,93
Alpaca3-8B-train.jsonl,10506,f3c1bb39f2e19644aec41bd39fcb57d6cbf7eb521be836b9b9b9a7e2937f4cfb,a3d9732adb715c779e4b8cd4633203af2af0884c0fe1b925b14ef952f8467536,L3_severity_difference_same_safety_state,5941,1000,0.168321831341525,5.941,94
Alpaca2-7B-train.jsonl,18087,b7d3569b8e8e3e052ce6449d40c738bc5d3604af896414f02610bb31c0da1a56,acfa71b09342f14f525fdba198ca05441ba17932692f7afaf80d4a840997a3c2,L3_severity_difference_same_safety_state,5941,1000,0.168321831341525,5.941,95
Alpaca2-7B-train.jsonl,16648,a7f01cc0177119094c7caf8ea265d20800f1303826bad319514d530631d3d0b2,96b813cf6de98169893bf42e14e0b04d95c4f3de7574a6a252dfed9eddd931de,L3_severity_difference_same_safety_state,5941,1000,0.168321831341525,5.941,96
Alpaca2-7B-train.jsonl,8115,e4a2b746e4d47e323f4c876d11a870572d5161e0a6934d82cd1356a9663da205,c172ff941cd5d92fb65a017a66fa65e7d429b7d99020daa8305b494fb56d686b,L3_severity_difference_same_safety_state,5941,1000,0.168321831341525,5.941,97
Alpaca2-7B-train.jsonl,18020,eceabb2accb0e860a835cc854cf1ce57a0503bbb80c1044e57bf3f6154ea8891,4222b7778bfc4966f93097ce84a3a9d590d7cb1e4b07cddae9fe25f1f204e35c,L3_severity_difference_same_safety_state,5941,1000,0.168321831341525,5.941,98
Alpaca2-7B-train.jsonl,16236,78e291292eb631ca7e0d9648a3612ae24fc7aea787285d9e0ae8cc5fd5ebc084,88c261a0f4d884699494d05183be71f7fef5f8a10b8716950991f507fb89b2a0,L3_severity_difference_same_safety_state,5941,1000,0.168321831341525,5.941,99
Alpaca-7B-train.jsonl,4738,2a82270bdfdc8458902931179a4ba85c765b810207bfd5a352b717f641c7f282,83da69605f1663a108c1646c7ad089f91f06324f5a75ee6973edfa0054238b01,L3_severity_difference_same_safety_state,5941,1000,0.168321831341525,5.941,100
Alpaca-7B-train.jsonl,24746,df9da88f1d3e2c77a992834b95a06b615ccc7e11627a80f6d06e81ce3cf8de85,616236c16cc537aee8ff83af1b3f75e58975036b66d7042f1faae931c2e9efd9,L3_severity_difference_same_safety_state,5941,1000,0.168321831341525,5.941,101
Alpaca3-8B-train.jsonl,18094,80e9222f0bb18d0702c10a42bee355e073cd7088f2878b51a793b161c346e133,29f1940fdabcce281db9a4e2b6a14a544bef531ee4fd00dcf54f2d0c0af81795,L3_severity_difference_same_safety_state,5941,1000,0.168321831341525,5.941,102
Alpaca2-7B-train.jsonl,1358,0b3754cdf8f3450de4b6cc91bb57f7cf99a90a9fd2d1d1b874be58d9f33fd597,f1236899554183a68281654d52d33a95c67094f14c736968856864270c439d00,L3_severity_difference_same_safety_state,5941,1000,0.168321831341525,5.941,103
Alpaca2-7B-train.jsonl,16906,a6ed5ce44146fd94d8bb8d8c383ea66c13893ec23c9843c511f3c7c5dad72b39,7afadf0c6a4bd6c03376f79791a169b24b0523dc2ffc6333643d06a2a3afc88e,L3_severity_difference_same_safety_state,5941,1000,0.168321831341525,5.941,104
Alpaca2-7B-train.jsonl,23455,263ccd3e005a75af0b0df5232e4d700dfb06e66d4191700d5ad05858ee5de9cb,6ba0fb7e44454b822e4dee87f8cd1e8ec9e342f52024b4a2ce1b2199f7e4cc4b,L3_severity_difference_same_safety_state,5941,1000,0.168321831341525,5.941,105
Alpaca2-7B-train.jsonl,17323,ba5bc19432f9ac2b13482b0da47d4e8d7ed52d849d43fa54ad12d7d69fc681c2,ebd74953d33d7da8e8304995b3a126e063668c8941768364289f6f2093e94c11,L3_severity_difference_same_safety_state,5941,1000,0.168321831341525,5.941,106
Alpaca-7B-train.jsonl,24307,1aaa015092cd07ddec8abea7d1359e30cceece52b83cafbe839e3334327ee312,9c4d33bb9acf50b592d71b287ba4ce94a6e7fc3d8c84805efee20780f9c65aa0,L3_severity_difference_same_safety_state,5941,1000,0.168321831341525,5.941,107
Alpaca-7B-train.jsonl,3876,46a7ee51104a67d9643780c7dba8d649a36f19fd8da01473d8c1d9a16ca958d6,31b1883dbbda0afe9c501e2a8f520bd9cbfc91566a22f41e32845436c1dd6c4c,L3_severity_difference_same_safety_state,5941,1000,0.168321831341525,5.941,108
Alpaca-7B-train.jsonl,6079,e5a3b67ae964cca5f85e6dda3525e8e9e23af760c19b668d9b5eecaa64c692b5,7e43c4454973690926353d7719a41e24e8bf9dacbe563143fec9cc2e8e6025c7,L3_severity_difference_same_safety_state,5941,1000,0.168321831341525,5.941,109
Alpaca-7B-train.jsonl,19850,bf8c758a9a33c27621ce92d9023c92a6ce649504d8837e65278242967e36be4d,0eb4cb85345efa1293f75461186cd6da9b374d710c2f4669859f55baf8521c0c,L3_severity_difference_same_safety_state,5941,1000,0.168321831341525,5.941,110
Alpaca-7B-train.jsonl,19014,fbdf26239c7d5272459b1b1ae0f118f6fdad58d80e171334d914f486e5eee540,bce01b7f963ec6e41cddf47ab0c55c6110bea2abc64d53c532ad48f4a67df948,L3_severity_difference_same_safety_state,5941,1000,0.168321831341525,5.941,111
Alpaca2-7B-train.jsonl,3629,8da99dfc8fbe4bb540830c8e533aae0347325b2a66d81cfb34274b568063b0e9,fda4c8abecacfb93271fdcc11f31d94617f8987dd55f4977991b59d1448d0aed,L3_severity_difference_same_safety_state,5941,1000,0.168321831341525,5.941,112
Alpaca2-7B-train.jsonl,22846,f1b2689503e36fe81e09bc20777cbaa136e720424f691a099f420684425036cc,ad86989b8c4966d25903dbcebf3b7d96a5eb02cbee19d0a62b99892bfbfc3974,L3_severity_difference_same_safety_state,5941,1000,0.168321831341525,5.941,113
Alpaca2-7B-train.jsonl,8162,333982d1066914d5566355242b0537096df771c5b2a0eac865a3421071c7c4be,7bed918a2dd69a2d10047222af13c7ee1b9c7628204e5372b152ded43b708da9,L3_severity_difference_same_safety_state,5941,1000,0.168321831341525,5.941,114
Alpaca2-7B-train.jsonl,546,24941595d9d2491e7d198e738648bf18e6e784ab613ef81373e42e9502352df1,6d3b9f2e4c0bd8a0bee42e0f321c2621964505648774e89ccc4a38276dfafc32,L3_severity_difference_same_safety_state,5941,1000,0.168321831341525,5.941,115
Alpaca2-7B-train.jsonl,17486,248df7bac1f1b282964f61d680b492903d01a1bfef16a31d77882d0830672f35,275b810fe7b01761a0ef95ce5fd32232fb0c4268927f334148c511f9555b295e,L3_severity_difference_same_safety_state,5941,1000,0.168321831341525,5.941,116
Alpaca3-8B-train.jsonl,15469,8f47c65db44b148fd367764a4520ea403201951b35168e8187d61ad7c970e9b8,8969212823a9db455ffc1bce62406c33eadbff2000a6e3d69ddf674e9b3324b4,L3_severity_difference_same_safety_state,5941,1000,0.168321831341525,5.941,117
Alpaca3-8B-train.jsonl,14166,eea4ce5e4b68778ca3a9d61d2ad9448b90a211a70ab08bfba20e613d7e8a92b9,56c1bec07523a252757372f2240c835f3c4594485f0c07551b32b622641efe60,L3_severity_difference_same_safety_state,5941,1000,0.168321831341525,5.941,118
Alpaca2-7B-train.jsonl,14815,44fa68836c8f4298ff24b205743dc24ac4fc9d0e4380f830b897bd8f574bf686,6db60441ddb96102110c1c2f67b4294fe38eaca2f66511d6fbb70200dac8ac09,L3_severity_difference_same_safety_state,5941,1000,0.168321831341525,5.941,119
Alpaca3-8B-train.jsonl,4737,4e94874975d654f24e029e3debeaae12f856c1e7733fb7d22de27f47c9b9bbce,e9bbe71ebad39f13ce8d5be664e0498cbbbb5f39c3859c124f61b459ce52ebe4,L3_severity_difference_same_safety_state,5941,1000,0.168321831341525,5.941,120
Alpaca3-8B-train.jsonl,808,9c4b6044337bf884efe540a9331ad5e6cfeb294045eb6e62d000ff7ac6770fc6,e258bab161aea03f781f12fd0106981b30356c624bb348c59327084d3f37688b,L3_severity_difference_same_safety_state,5941,1000,0.168321831341525,5.941,121
Alpaca2-7B-train.jsonl,15403,909bcd0ac314b1eb36a25537a2768bf8f341ee327934812fe281c1548287965f,9c904a3f1feaecc674e4897403b75e38a4d941e86f15d723d1798062adaee460,L3_severity_difference_same_safety_state,5941,1000,0.168321831341525,5.941,122
Alpaca3-8B-train.jsonl,7150,372349e2f2fe27ced19d91e4fe40d1aa1212121fb44664dbd7da6821decb84b6,9eacd7d316782b104308c4c8ad8cd08fbc127facb873de618b0c64a6f1019e95,L3_severity_difference_same_safety_state,5941,1000,0.168321831341525,5.941,123
Alpaca-7B-train.jsonl,6322,15d0809444c7657cdc77232bc83035ae5a021ba4ae947f9e050f31b71d8e250b,2d9958a9b37369384806907a166be0c62fbdd25968568ebdaa61effe2cfd7a50,L3_severity_difference_same_safety_state,5941,1000,0.168321831341525,5.941,124
Alpaca3-8B-train.jsonl,15039,a7e65acc6b54bdbbbdf01ea7f804a4a67643e34dce98d9e143393675cddcf15a,72e123322d8d835b95562028b73908ecd28d8011cecd139088dfce5baae5a0ae,L3_severity_difference_same_safety_state,5941,1000,0.168321831341525,5.941,125
Alpaca2-7B-train.jsonl,20058,cde4a67351f97417a2bb9c03b5dbd77a5c24718d881510ff4627f1490427adc2,4e2306d300ddc7139b19d13a05e8e41d6121a700031b5fba30ade2ae35df9d5b,L3_severity_difference_same_safety_state,5941,1000,0.168321831341525,5.941,126
Alpaca-7B-train.jsonl,10435,974d5d486b45b8dd8c95c3efc3e66227b84356a09aba84c151b4d2ca9b287aec,220dfe7b170f47bab3b0f83bd787a404df3cff16ee41b7212299690ec2687bbb,L3_severity_difference_same_safety_state,5941,1000,0.168321831341525,5.941,127
Alpaca2-7B-train.jsonl,2815,6d3135b0cd45dd1c45d1752eae5d0aefb9a1c351992df67482e5e7fbeb428e2e,70f560339cc9ce592bc2e33ef74d38972b15503ae2d5b066c4b6aae47faa10f0,L3_severity_difference_same_safety_state,5941,1000,0.168321831341525,5.941,128
Alpaca-7B-train.jsonl,11463,dcf3ec2964fa1531fe553d2bb3cc3b0b0ff3ab04f2931081b4bb6c411f2a0851,1745bb9805728e68e9604f2ba92d054f2696de5dbb75adb6e070252351106f5b,L3_severity_difference_same_safety_state,5941,1000,0.168321831341525,5.941,129
Alpaca-7B-train.jsonl,15484,8da75994b7e1245121151c005a069b9a32e26fa5b26bb56165017b51bd6006b4,b34bbba212197f054418eadcd6e0c63ebc350005e00211eecaaea0dd00f53640,L3_severity_difference_same_safety_state,5941,1000,0.168321831341525,5.941,130
Alpaca-7B-train.jsonl,20392,e0a20bacca6a83d037ef92d95665c1577cd252a7c3d68bf59f81a05ceac807c3,2cdee6ae513728c22a1f40cc036cc71cd78135b46123890050d17416b8e5b887,L3_severity_difference_same_safety_state,5941,1000,0.168321831341525,5.941,131
Alpaca-7B-train.jsonl,16204,c1b46a6447ed1c039260cb620e7ae3f0a9a1f109be3e8ca136b3a90b0273a956,07ef970271365e92a693b6c531c577b05e66aafb593691108b019a119ef775ee,L3_severity_difference_same_safety_state,5941,1000,0.168321831341525,5.941,132
Alpaca2-7B-train.jsonl,24647,7620a5e58e2c14367eba6cfe63233da83477b87e6e8b655cd2fee0fe5baef9d5,a86bbd78f4f53f2bd9337f77ffea1d27947b429f7f804edbaa460ce91de0f92b,L3_severity_difference_same_safety_state,5941,1000,0.168321831341525,5.941,133
Alpaca2-7B-train.jsonl,5139,41c141acc440364023ddc470c8d54744fbcc3beef098607ba445baf75dd61211,9e4865c05aec793a8876c2e1ee009b8f18e6c2f8653b076851dc6a3d9de376f5,L3_severity_difference_same_safety_state,5941,1000,0.168321831341525,5.941,134
Alpaca2-7B-train.jsonl,12829,f53b8bb59c4923f7fc4106a70150f2dec927899bdc738e355c66073d11f1f3d3,0f669eb5c8396dd6e5ef63e544546d71320919ec3195e6dd13fce3f083d257d1,L3_severity_difference_same_safety_state,5941,1000,0.168321831341525,5.941,135
Alpaca3-8B-train.jsonl,8479,0f38c57eb45a3e017a0e7785d6b4ab0e9494070a83b2cb0ad12b27f500b4665b,4fb55bf7e68730496935145384653bc3d3da3c6a50ccbed0ab3151ce6e8dfb9c,L3_severity_difference_same_safety_state,5941,1000,0.168321831341525,5.941,136
Alpaca3-8B-train.jsonl,1165,3fcd0d1de6b4e684820afc98286f7b41879878673d4a0a2beeee19d57df1ea7d,3b0d466245838683f55d39eb66d194d9ce987d769327ed051b919bb0ff9b0b58,L3_severity_difference_same_safety_state,5941,1000,0.168321831341525,5.941,137
Alpaca2-7B-train.jsonl,25444,85a1785f0efd185ecb32fd4d6b5088568a8adf300b834671790fd710cef6d7a5,cc0051cc39915d59988106d7ba10accf8f23806319b5e128ad5bf705a3d43440,L3_severity_difference_same_safety_state,5941,1000,0.168321831341525,5.941,138
Alpaca2-7B-train.jsonl,6525,e6db5e5e5f329be129693a67da5d3b34d8164049a4bcbf38b76a1fcc768000ba,8e69ef3dddbdd826dc140b2eb62b9a70489e7c53866c74043e7fa09759c17c67,L3_severity_difference_same_safety_state,5941,1000,0.168321831341525,5.941,139
Alpaca-7B-train.jsonl,23447,59291d42900fb57dd6e59f690d04a6e182a1fc1ba790d9b2b1a364d4b26b113b,38461d237b7165806b9523b71839affad0d720ab6be239cd785e81d6a4ac2456,L3_severity_difference_same_safety_state,5941,1000,0.168321831341525,5.941,140
Alpaca2-7B-train.jsonl,9901,2269c8e4bea21371e438a168ffe010ca0371081861e7fa4b566f8e3b2453edaf,ecab4e7b98354a728177ad5863e9d0fe36e31639abd76fa41558768a54e3aa0b,L3_severity_difference_same_safety_state,5941,1000,0.168321831341525,5.941,141
Alpaca3-8B-train.jsonl,1957,5d05ec7f40ea48705a0b5c295510377255bd8e57b8478b95c11510b1dc86a9e8,30b73bd0a183791f5696f738482242dcb8ffccc59fa6291a13778394ed60d0a9,L3_severity_difference_same_safety_state,5941,1000,0.168321831341525,5.941,142
Alpaca3-8B-train.jsonl,4633,898f06c251706a5f6e65fa57b37d75b33cc4e40184815a5158a836117dd92e96,330d06bf6f1f1ffb883867981bac5c281fd3ebbef5ffa1aba46f58fd8d486e2a,L3_severity_difference_same_safety_state,5941,1000,0.168321831341525,5.941,143
Alpaca-7B-train.jsonl,21642,24f3fd07f8a301e7d36f9942374670b97c8a8e8c72d632e0394363bc0722b9a1,821d02206d911f6ea0dfb3ab73da15471f886b60042f29fcf24f229904024ea6,L3_severity_difference_same_safety_state,5941,1000,0.168321831341525,5.941,144
Alpaca-7B-train.jsonl,26736,ebeb38d211d0de9a962c6e303add7b73670b156928c8f6a417a0e0a5b118fe1e,5573403ccaa86a84c9d3ed86b0a70eb2c14928cd08648b1e0984ad3a9812c39f,L3_severity_difference_same_safety_state,5941,1000,0.168321831341525,5.941,145
Alpaca-7B-train.jsonl,834,ea9b00591aef1d9038ed0992f37f7feee2d9ae5a465bdf4834422aae45a43879,1759a4303da3b5ec076ae2f9e975dda4922c71c83973697d6ce0f4663412b7b9,L3_severity_difference_same_safety_state,5941,1000,0.168321831341525,5.941,146
Alpaca2-7B-train.jsonl,2492,ba87117da61bff00d273cfe057779142006345de8016ae1f1236d7bd0c16a3aa,c87604891023dd5862f315f62647bd23fc26f17809435851e59e523a2d53dacd,L3_severity_difference_same_safety_state,5941,1000,0.168321831341525,5.941,147
Alpaca2-7B-train.jsonl,13201,9fb4a034bfc6205df978bde08ba05aa1fc27bf12770ae912e1483ca462faafca,425659ccc15dcfc583a06523cbdae17bc435606788a37ba850ab24ed8894718d,L3_severity_difference_same_safety_state,5941,1000,0.168321831341525,5.941,148
Alpaca-7B-train.jsonl,13223,952df8e9151afba03d9dbdb357508c08b368c909438e840e070c660429058394,6bda30c369b373356de442e5c3c7c2e82d6b61b3dff9adeb3f15b12636b65730,L3_severity_difference_same_safety_state,5941,1000,0.168321831341525,5.941,149
Alpaca-7B-train.jsonl,22883,1823e382414d5abfcdd097e2271100ba3ebc45300a5b36e0290c2efc740e54d3,cf8688edb99a3ca2ca6fb4837f8dbe417d2501126c09fdf83ef89cb735dfa626,L3_severity_difference_same_safety_state,5941,1000,0.168321831341525,5.941,150
Alpaca2-7B-train.jsonl,19228,b7d3569b8e8e3e052ce6449d40c738bc5d3604af896414f02610bb31c0da1a56,cb2146386becc23fe308231559c3abdfa44f6e08ef1ee1cf8b46841b1bec0d16,L3_severity_difference_same_safety_state,5941,1000,0.168321831341525,5.941,151
Alpaca2-7B-train.jsonl,18649,cd166c359f76716934154a119ce77764ffca60fa65260bf92ecfc9366fa11c8e,e3c8a67044280e3ba593a96509777c8f5b26467976c6dcbd778deb1e048e6827,L3_severity_difference_same_safety_state,5941,1000,0.168321831341525,5.941,152
Alpaca-7B-train.jsonl,19431,2d27a2e8fc1b6b3e9befdf519f0f993a763a9205effc48be06e0b3861112c267,31e462a442a4a34c5bb0eeb5cb72d6b0c651f74e68d5a42bcce9fdeb1e13b3ae,L3_severity_difference_same_safety_state,5941,1000,0.168321831341525,5.941,153
Alpaca-7B-train.jsonl,18992,6bbe4d10719934cff2f18f3dded9d80ae275a70104c5a33adb49042c99ede37b,c44d64bafd1658e3bbfc7e28723c52d3de5233608aa68f3ba1d15b92763c07b6,L3_severity_difference_same_safety_state,5941,1000,0.168321831341525,5.941,154
Alpaca2-7B-train.jsonl,21953,2e1db3a68996dcadefcce4f534c4bb89f94a1b9aff823d44469cd088b70e8150,34f26f063a23336bf6ff9500835456a6f4071fe3bcc098aea8801dea615bea38,L3_severity_difference_same_safety_state,5941,1000,0.168321831341525,5.941,155
Alpaca2-7B-train.jsonl,710,3aeb908da43d32d195402fd8dbc62f680edcc26aec3db9ab3975b5b44cad6dff,4eb2f92418d8a535f0ec6a7152b418656e9d9be751954449ee211150af52b24f,L3_severity_difference_same_safety_state,5941,1000,0.168321831341525,5.941,156
Alpaca3-8B-train.jsonl,1719,8947eabd2b23bd85babfc8e6b83ea29c443ee65d6e4428d8ee75903913806a62,188ec05ea395ba7512e00fd43a103864a0ed2c47324b67ab6bdba9233ca76c7a,L3_severity_difference_same_safety_state,5941,1000,0.168321831341525,5.941,157
Alpaca-7B-train.jsonl,4107,14b6b7e5df1b6fc77b5b2d8e93d3be23ea6e44f12a7a5f13d1dda29bafdfb71a,26c93bcad9677b3c9b22b932829c068c12d2a62622aa78a08ab2e307af4aacde,L3_severity_difference_same_safety_state,5941,1000,0.168321831341525,5.941,158
Alpaca3-8B-train.jsonl,11067,58ea6fa9c5462fd277df4f2ec2ae2f7b0e017557e0cbcd23a087bf2ff44db8f7,a71a26a7c8032e62f55868b1b822dda42d097a51e7c4638aa4fb6db07394b985,L3_severity_difference_same_safety_state,5941,1000,0.168321831341525,5.941,159
Alpaca3-8B-train.jsonl,2736,1e2bd91f2d913529a72179a73b2a64032410f305963ef7fa73f3123fb8e6cd1c,99de3ef13e20724291a94b602259aa7379287eb67773d075a4a8c982b3beb2f7,L3_severity_difference_same_safety_state,5941,1000,0.168321831341525,5.941,160
Alpaca-7B-train.jsonl,14381,ccd81ae5f16040711529af61f39280555cfd9bbeb0386c07a144dac706aee2f7,6dd2d60081c0bfb236cef76afef7646b57c9f767d74f5d415facaae28fee67d1,L3_severity_difference_same_safety_state,5941,1000,0.168321831341525,5.941,161
Alpaca2-7B-train.jsonl,2181,ba8631ba810320131dba8ef470f327342ca3af444838daf45e09b6a0d4bd5320,9085562517e30d7b292e9858e5b5b2ae0e6c24a8f3c2523cd06dc5f1348551d0,L3_severity_difference_same_safety_state,5941,1000,0.168321831341525,5.941,162
Alpaca-7B-train.jsonl,3446,573260f6d58dba5423e2eef44c956454cbbe0139cb5c0fff5dea4183c8914f2f,3ba0018779dd51266c97a72f5fbd64bc46df63b5ea8a6d9df65420c7bb9ee5d3,L3_severity_difference_same_safety_state,5941,1000,0.168321831341525,5.941,163
Alpaca2-7B-train.jsonl,22522,dc31972b5310e3d605a0240716ce0e0ffbd745128f1ae1e0b3e178f05461333e,532f1b49012b0f711c62d94c018c0f1fbb726598f319424ca2fe86d6484a6c32,L3_severity_difference_same_safety_state,5941,1000,0.168321831341525,5.941,164
Alpaca-7B-train.jsonl,11949,448d01a5fe8ce0749a6b47a12914e60ef5cae1f894a632bf7af1bd40f40518e6,9b1c54465356f37f6b780d5b7a551c39dee1a4943400bf1310fbea96278d1582,L3_severity_difference_same_safety_state,5941,1000,0.168321831341525,5.941,165
Alpaca-7B-train.jsonl,10996,01c6c7ef63cf886ac5c766d09558db1c2add678163a54fb28b76921cf1791a18,421c23e77f7df3c90a2221898cbe5b76df220bf4241d2e62f586cc223e6f6467,L3_severity_difference_same_safety_state,5941,1000,0.168321831341525,5.941,166
Alpaca2-7B-train.jsonl,10420,b7d3569b8e8e3e052ce6449d40c738bc5d3604af896414f02610bb31c0da1a56,38bba3021c2793d5370ad0f07c8f5434fe513be52a6e220cc8f0d1f16e9f5110,L3_severity_difference_same_safety_state,5941,1000,0.168321831341525,5.941,167
Alpaca2-7B-train.jsonl,13458,2fc045cec8fd1007d62ebc136dac545667fd01c307d8b04cfe4c217198d0f05a,153640e47fcb1582b2598a319657b29a787459f470b83ba982e86800224358f6,L3_severity_difference_same_safety_state,5941,1000,0.168321831341525,5.941,168
Alpaca-7B-train.jsonl,16006,d769e2462d43e5de39c68ac0fac27e0117106cca253ad48abb0816c03a110e0e,ee43edfca7bc882d5d8d1bd2941de7b26eafc42f6f95c28cfd69af8e14e4df93,L3_severity_difference_same_safety_state,5941,1000,0.168321831341525,5.941,169
Alpaca-7B-train.jsonl,13806,f775f9523be4a99b574d8e38712f3c74590046e53622f57d2bf220c655c38843,1e9a8d8d49eed7708f0aaf254f3a803c1aebb0f10332a71f05d3523c23aec19c,L3_severity_difference_same_safety_state,5941,1000,0.168321831341525,5.941,170
Alpaca-7B-train.jsonl,20511,654d8296f4bfb74b3e3090856c582947738f58110eb5b61b5821c87bd40d2cb3,8cd2044ce9d5e8ab67f485090cc961e7edd87dc8e425895361725a4066e9d3ee,L3_severity_difference_same_safety_state,5941,1000,0.168321831341525,5.941,171
Alpaca-7B-train.jsonl,5055,7eaeed3730af847527a1a2c1f96ed4664e78f06a8b98f8beeebbbc1f270fed24,383710c8ae548302ae250f55a1b48b577fcfa2abbdd404768274c0e101ee7e21,L3_severity_difference_same_safety_state,5941,1000,0.168321831341525,5.941,172
Alpaca-7B-train.jsonl,13515,d342bf377326673bf0ff1180e74067b1e7b5d8cdb36df53ca1014a38b7b9ca24,43516a9391254b38a86bc6ab253744a27d009f049c31afcb3efb32fa93ba0320,L3_severity_difference_same_safety_state,5941,1000,0.168321831341525,5.941,173
Alpaca2-7B-train.jsonl,14706,25f9f3d80c8ee164333769b01e614d1b5d68c72059c69bce078f0c4e8f9416ad,405aae477e5bc2358b8db89294574403d7a2843344d3ffae3fd5948cb8a6ca9a,L3_severity_difference_same_safety_state,5941,1000,0.168321831341525,5.941,174
Alpaca2-7B-train.jsonl,327,a743ab21cfbcdff77a721e942d019a4c59868388f43baf030ceeb2d6d55955a5,d4a08d11b51e91239171c331b8e111c5932462989cb9993961c9fb3849b1f80c,L3_severity_difference_same_safety_state,5941,1000,0.168321831341525,5.941,175
Alpaca3-8B-train.jsonl,10625,97c3f76650ec2dbbaac4e9bd3002f86efade0ccc3d36e91fa710ae635c97fc61,809b5cbab6efc4e27ec57aa12b42b6612811b94a0aa8c93931468f20e45f39b3,L3_severity_difference_same_safety_state,5941,1000,0.168321831341525,5.941,176
Alpaca-7B-train.jsonl,15016,e9057e348abe6af2d226a2282c85a5c17686cea64259379f174cdd8ba73ce0d7,5004580a0e0f5937654b999e0f595df68943e4db130dabbc494c37e3d9e7fdcf,L3_severity_difference_same_safety_state,5941,1000,0.168321831341525,5.941,177
Alpaca-7B-train.jsonl,6683,2b7cad78f4f8a79fb6cd7b410b69eec3b3d6b486dbb1c336859f3e5dd5c4c90e,c349a15d5c04a660bf90b16ae931f4a43b800601c10488eb4c6faf0aa3078528,L3_severity_difference_same_safety_state,5941,1000,0.168321831341525,5.941,178
Alpaca-7B-train.jsonl,18510,d6ad42974165625af6fb2c3af217f757f4148b144b3d61cd62a4773574bebd34,9dca0323a51d2d0c05baf7d312705867214ef09d58c283a3ad69e623e2c01f58,L3_severity_difference_same_safety_state,5941,1000,0.168321831341525,5.941,179
Alpaca2-7B-train.jsonl,21277,d6faf24fa2cbd597cb0e019b2df9beabcf950fdbdb5c6af7080588d0d9e88112,207d41475f34225e8947cdf7951dbbfc39a9a19fa03a1ae62e8374af5c898aa5,L3_severity_difference_same_safety_state,5941,1000,0.168321831341525,5.941,180
Alpaca2-7B-train.jsonl,9377,3580ac5bc4f7f0f54be430a4dba531be9e3e4ad36572479dcf1ed4696b6ae85c,2faa128e70ad516e705225d62ec0672f17fca701d2a771f6c3d4a6c89bcb593f,L3_severity_difference_same_safety_state,5941,1000,0.168321831341525,5.941,181
Alpaca-7B-train.jsonl,24066,6e59fc7a20d1a75a5d4ce5aa1625be2c7647deb51d8890019b7ccbf33dbb4aa0,877733da6dc73ebba492b92223b2598f14f3778c90acb9304e5efcb1d09ddd9a,L3_severity_difference_same_safety_state,5941,1000,0.168321831341525,5.941,182
Alpaca-7B-train.jsonl,17245,ffde27c81fab1310192cba1180a9fb15fec709631229e3bad9d7aa0bdae8129f,981b2c7abfcc118f4303c70f7f88af15dbe33eeb6ce8a16934a687c1b8f6a73d,L3_severity_difference_same_safety_state,5941,1000,0.168321831341525,5.941,183
Alpaca2-7B-train.jsonl,25192,19e1934e1b7780906f53efcb5665137f6e7860666b11a3f8fef0ca7a052306b1,5178c8ea194733dafd4200bdd43b1da85475b7bf8311e18d32e252dbe4093687,L3_severity_difference_same_safety_state,5941,1000,0.168321831341525,5.941,184
Alpaca-7B-train.jsonl,2443,b733789abda7698165d01fda37c78e4a37362db9db003f6aa7d9b6909fc0e1a5,54333302e610e1e49acdb0b18f0107c43059c75531cafceead735fb1de35bd38,L3_severity_difference_same_safety_state,5941,1000,0.168321831341525,5.941,185
Alpaca2-7B-train.jsonl,15468,7a1ace2fc54ebeb3819b244b9964083ee55d6826a9e0cb74b5c4197b9c6b58a9,0d288a0140392534daaef1744be5db8bc8a8b94b82520b2c366ca5ef10682949,L3_severity_difference_same_safety_state,5941,1000,0.168321831341525,5.941,186
Alpaca2-7B-train.jsonl,6412,d2956c29f437edec1f4b800cf1dfac37cb2574c4bca20446a697036311d620ec,56499ec5e0b6ff071557b8ec531dfcbbe219aeff358e7a73e9433ed5c59fc83f,L3_severity_difference_same_safety_state,5941,1000,0.168321831341525,5.941,187
Alpaca2-7B-train.jsonl,6371,8678b23ce2a7888f92772779a71af85124cde6adc7d61e87831ab8dd74f8f9f3,807d271f6af47f7f024ad7bbec3107a3e756285c43ac17cc44de09375648f0c0,L3_severity_difference_same_safety_state,5941,1000,0.168321831341525,5.941,188
Alpaca2-7B-train.jsonl,7735,465ea070c5119e1dcfd81e7afb4d65664a6db95df3ef549f7d7bdd2bfe7e2560,615a93dcac5d03301ce075cc9203123e81a373dc27bb23c8068ab8d4e9103d48,L3_severity_difference_same_safety_state,5941,1000,0.168321831341525,5.941,189
Alpaca-7B-train.jsonl,2444,4a5301a2622bf9aaf1116fe3ada256edb8cb511de681c803c519f370449cea54,9b3ec848beae72260fab9312549c7b953adaf1ee88f3f4f05a422747640520ea,L3_severity_difference_same_safety_state,5941,1000,0.168321831341525,5.941,190
Alpaca-7B-train.jsonl,6816,47ead43356f07ebd9e5354c84cfc980c7a603bea24a2dc0dda3c1de0d4509f66,b7e09cbb553a281a9694287535db4c89b987e17b0c2796ada3c4b87470fa80ce,L3_severity_difference_same_safety_state,5941,1000,0.168321831341525,5.941,191
Alpaca-7B-train.jsonl,9303,7fd57f2355f5e9e3ee4c0fab52426c4f680fa878773806c0e9b9521301c7a30c,e6720099410c96f16940c63ed7eeb288b15524b65d9590815be9708b35440a58,L3_severity_difference_same_safety_state,5941,1000,0.168321831341525,5.941,192
Alpaca-7B-train.jsonl,22467,4c35396b6cbcd618cfe693f3543c3ebc45eac73b86131b5fb882104d6688fc79,797b1a608548b997eecbbebc3c2fd3660367340acd9b32dcc781853191781670,L3_severity_difference_same_safety_state,5941,1000,0.168321831341525,5.941,193
Alpaca-7B-train.jsonl,8848,1622052911ec6dfa9c25bd1ba0a6ccbfd4f7ff47828d40a8502de0620b888381,53886b2c778dee650c23bccfa812bd1ca12a353f56deeec0f7007883fe049d65,L3_severity_difference_same_safety_state,5941,1000,0.168321831341525,5.941,194
Alpaca-7B-train.jsonl,15052,7eb36a442be8ea2c2f4b1e06cb48c7dcc0508f658ad56b4332da4ab46a7bf1ed,6fe331cefc4414ccc7fd3928e09e5d03efe20a40a009f5c2498622058e9c8701,L3_severity_difference_same_safety_state,5941,1000,0.168321831341525,5.941,195
Alpaca2-7B-train.jsonl,10804,1f4baf9e1b2e43bb5363a4350c59d8e2542cd4c381b0349c61129180cc5c1c09,8f00ad0530ca2ec4fc72ee5a7eb0c2be82ff39e76fd28e4f94c5905543b24d95,L3_severity_difference_same_safety_state,5941,1000,0.168321831341525,5.941,196
Alpaca2-7B-train.jsonl,23939,75cf60c3fe4aa217b8fedf9a21edc63a57c3506c889502f50db3a4347eadcbc6,bf54dc32fa67a681216bb4b465895153b77236b734ed9d5f9356a8bf84542974,L3_severity_difference_same_safety_state,5941,1000,0.168321831341525,5.941,197
Alpaca-7B-train.jsonl,20899,8e39ef1282eb7fc77c17bbb51168299e5f155e32374431424b40013b096800f5,dd32dc1a319fd23889eb4da960531644ae60e11253c7749f4da3fda41bad479d,L3_severity_difference_same_safety_state,5941,1000,0.168321831341525,5.941,198
Alpaca3-8B-train.jsonl,2565,438afedf29909bf42e4e7c85f3d451001c6036d8e18788da0a9b966e07b8914a,afe0eef6a023791cef2b685b4ecd6c510ff096e31daf457a2581b6844defa1ef,L3_severity_difference_same_safety_state,5941,1000,0.168321831341525,5.941,199
Alpaca2-7B-train.jsonl,15099,ad4eeae5956c467239ad55160e2742268e0d6282081e400521d1d6123f0864b5,0252ea3e5a9815854726f71c306e3e3c2c27426c01f825eb897e22c534a666cb,L3_severity_difference_same_safety_state,5941,1000,0.168321831341525,5.941,200
Alpaca-7B-train.jsonl,19465,e0c076ecced4943d17696dde35ccc177d4c05627cb20f1206c51575fb67fb37f,ee3c6312a8d91147602f390dcbc09d782ae856b1e3f50a432234e6234a5e98df,L3_severity_difference_same_safety_state,5941,1000,0.168321831341525,5.941,201
Alpaca-7B-train.jsonl,682,c00cc1cb20c7a2dc7c67e3528da84aa7097d2fc93c9823d38a35d740415f4d04,6b1c80aab0353e9b59baeedafc339daf9b58817ab7428b22e5962765a127400b,L3_severity_difference_same_safety_state,5941,1000,0.168321831341525,5.941,202
Alpaca2-7B-train.jsonl,10501,e81380350cfa51621999e4a8c3b6876445fe5c62e6e1b1c9dc3a880068a29d9c,f1de488b972808d9280ad8ff1e9bd3d29279026e0cfe69bfeb21a7d6c8fd11ce,L3_severity_difference_same_safety_state,5941,1000,0.168321831341525,5.941,203
Alpaca2-7B-train.jsonl,7065,8fd36ef1c8a2823411ebd13d58122be4415288af48db48a801ececb4a5935cb7,1c208546da8753eb6064d817c0be1360a1a3caaf1c3a132039640e66ecfcf95b,L3_severity_difference_same_safety_state,5941,1000,0.168321831341525,5.941,204
Alpaca-7B-train.jsonl,22007,a9328ece96557cbb7b2a8fe3c7b2dabad974e4cbd56e91be54b2497a41026a44,b1d8296214449a54cfd9dfddbb53c7e7277b1830ba9860294531bc43823d25d3,L3_severity_difference_same_safety_state,5941,1000,0.168321831341525,5.941,205
Alpaca3-8B-train.jsonl,6948,d544acac434a0cb2f4dfbd095bc5ae53865ca47d5cd5a30293244c9240396d9d,1598e013a480bc58b03f843dcbd1b545017c67fe8f50d2cd4b101d1cdfa54319,L3_severity_difference_same_safety_state,5941,1000,0.168321831341525,5.941,206
Alpaca-7B-train.jsonl,19088,ef7a725e004582abef180f679e8fce33e102b3719fb66fdfbe3bab605f101b8e,763ea593fabe1340c458030bde2b15b8ccc6717a516c3c7be0bdf64f166924f8,L3_severity_difference_same_safety_state,5941,1000,0.168321831341525,5.941,207
Alpaca2-7B-train.jsonl,1614,e972d0fc7ada1b7a7ce5e1a491d9674b390dcbe5e9099574c735eda34d62271a,845a72bb5c3bca7527e58aa57bb8b3c6720bc3cb672dbe940f562096c1beec7d,L3_severity_difference_same_safety_state,5941,1000,0.168321831341525,5.941,208
Alpaca3-8B-train.jsonl,16577,29a251734b59ce2874d2930580022fa6562083c54e34209dee3df95134e9fd5d,0ebebb3ab971fdd38565cfd9c3e10b33a0fbe015cc660ab7a875987bb7cfd1cb,L3_severity_difference_same_safety_state,5941,1000,0.168321831341525,5.941,209
Alpaca-7B-train.jsonl,25459,574046f3223fb984e722525b140f9ffb4f8bca35b7142d710a373d53d9228a55,d2c42cca32d402eaebe9e1e31381f9f06e3fbdfc87e7115886e4d26447894ee0,L3_severity_difference_same_safety_state,5941,1000,0.168321831341525,5.941,210
Alpaca3-8B-train.jsonl,18924,3516a3aee5dfb33b1d90e3b56bd99aab778114ed1641939cd6ff8e53bfcc1f16,9c23cff64b8ef5098ccb3544d558f961db867b499cfc23670bdab7135a6152d0,L3_severity_difference_same_safety_state,5941,1000,0.168321831341525,5.941,211
Alpaca3-8B-train.jsonl,13664,4c3f1bd00ef9d223e6b8c9cc340b41d67cfc9a715f40d5759e29f8732f6dbc79,61d7c97e090348599eb62f3c285ebbc096ac49ed6858d494f7bcc785d5927414,L3_severity_difference_same_safety_state,5941,1000,0.168321831341525,5.941,212
Alpaca2-7B-train.jsonl,4471,b4f67e09989b811af58e6ab614ebf65b13fd4fc9bc3be1a242af5713d7dcddb9,ecb47084dd76f0666a67bf633904db708ba6b367acfa1cb6ea541b650cbea158,L3_severity_difference_same_safety_state,5941,1000,0.168321831341525,5.941,213
Alpaca3-8B-train.jsonl,11396,0b126914cca36abda292cebae9df293f55996c9fcf67d1ef9ba087c44aabc73d,b6c6f9a76e865d9b08349ed763c4321bde5534c74ec87c69c4445e25073cf123,L3_severity_difference_same_safety_state,5941,1000,0.168321831341525,5.941,214
Alpaca3-8B-train.jsonl,11915,53943c63ece2fdce227fd8cc95f0876c0fc736b22f1fe94ed15d1546be309044,fcd7c531fe58ecf8f3fae198ed79bc1df657e8d433d6966b1b93069344e50ce8,L3_severity_difference_same_safety_state,5941,1000,0.168321831341525,5.941,215
Alpaca3-8B-train.jsonl,11791,3372a5a04bcecf6206b4f9dd1a89040110c4c12afd63d1f585042cc0f83399f7,accccff6dc1abab674da55c27520b9d0924afe7f695adc12365da833c7c06cc5,L3_severity_difference_same_safety_state,5941,1000,0.168321831341525,5.941,216
Alpaca-7B-train.jsonl,6665,f64074887f12ee0a3567bb0627f96c90ccbec3a6ebd2ee3b255c123dcd65519c,42eabeb87558028c28edfbd85f73f17618f608ef97b4ed87f6c2bb05bf57d9aa,L3_severity_difference_same_safety_state,5941,1000,0.168321831341525,5.941,217
Alpaca-7B-train.jsonl,6639,7fec9c6f1df521c924b91b603c05a8bf6fdf18b08375f8276f2efdaa65d19906,3591acfcf96935cfa245f0b20070b9f871e4e32f8e2a2ec7525779483f109870,L3_severity_difference_same_safety_state,5941,1000,0.168321831341525,5.941,218
Alpaca-7B-train.jsonl,17890,c22d140e7e8b3758c6dfaaba385ed3d87af2d2886cf7448c9fe692d15a405dbe,3a1738b6d510f73ffc9d4c4ec7a7d3a6cb2387c6ed6b43b0ab7e23b13259b966,L3_severity_difference_same_safety_state,5941,1000,0.168321831341525,5.941,219
Alpaca-7B-train.jsonl,23670,c6fec679d8f13979ed37a8b2b6a2281d837deabff3e3793dcc9d64d00cb965eb,e834a0757aca8eba3fbc93509026c2863d60d21c31aedc1525aafa2c2ac558e6,L3_severity_difference_same_safety_state,5941,1000,0.168321831341525,5.941,220
Alpaca3-8B-train.jsonl,19346,5d08f8d1e4a965c16395550fc5cfb695782004429603526dbf4eeff517cff711,5712cb1d14ff6baf703c4770a00d585814f069d825889f2573f67dc715308083,L3_severity_difference_same_safety_state,5941,1000,0.168321831341525,5.941,221
Alpaca2-7B-train.jsonl,3559,7c8a0f2aff98988c9e13718efa785401ba8c18d8528c38d19d1ff0cc30f3c35d,1bbff380f3fe4cf91d98d3d2cda95d9c21274c3be57ffa605b5a640edd49fe23,L3_severity_difference_same_safety_state,5941,1000,0.168321831341525,5.941,222
Alpaca2-7B-train.jsonl,7250,4d58494d3c2c7d6115557c1c3be8442e76225560d23dd63d2fd1aaee2ed40a33,13514ac3ed51142380efb1a1786a4dc21ee5b33e97125d1c19ed47efdab6e873,L3_severity_difference_same_safety_state,5941,1000,0.168321831341525,5.941,223
Alpaca3-8B-train.jsonl,13252,e882edd3b00dfa84f2e41aa46179c892adcbb3c9c406cd602c2530f10e72be66,4861c8f14e26a73109e4f77715c8e79d5f6c09b786f007cf95398eb975a63890,L3_severity_difference_same_safety_state,5941,1000,0.168321831341525,5.941,224
Alpaca-7B-train.jsonl,12025,06abdb5828536e93d569e30bdf65e7e7cff87e21eb1e2a4d2915ac14442927da,bd3e65f573dbe8836c00053da6a605def6f1e18b29f52beabdb4d41abd8c0fbe,L3_severity_difference_same_safety_state,5941,1000,0.168321831341525,5.941,225
Alpaca2-7B-train.jsonl,280,784218b981d88d8192ef5f0469821c2af105ea4c3c818c62388a5d5f58715aae,bb565b868d199d7bd69d12e79dae0881f81f084b6277035562ad38ad66e88ab8,L3_severity_difference_same_safety_state,5941,1000,0.168321831341525,5.941,226
Alpaca3-8B-train.jsonl,13345,1e66470bdd49a97d6dcee57cdb3d0e7e9e4f051ecc34026dcf1e579307d0c14b,853d31270a0503de74cc30526d800e47fbbdeaf4ec7c2d85ea58b8692ffee131,L3_severity_difference_same_safety_state,5941,1000,0.168321831341525,5.941,227
Alpaca-7B-train.jsonl,17644,250f324258d2be422275ff186893d8f78af86fb2527aa5c71d0cba8e5d613736,c5af3b03303590ff166d09fa53b78a4e7a4f7d10b5cc323777a09f5959dab2db,L3_severity_difference_same_safety_state,5941,1000,0.168321831341525,5.941,228
Alpaca-7B-train.jsonl,11648,926d941636049096732f53b5dc2c33c6b2e4ccffb1332b539f87434d00f6af7d,77c10cc42f1ff9939331260d37f1450c880c1efb105684258295366f73265801,L3_severity_difference_same_safety_state,5941,1000,0.168321831341525,5.941,229
Alpaca3-8B-train.jsonl,20716,6cca1d735a36eba67a93cb6d1013581b43ae5baaf7c8b45edaae067613bcc299,5bb9bf73ecf6e80876b4a2b99c60e85bb498d471881e9ab7a048ef7c30dbf8a2,L3_severity_difference_same_safety_state,5941,1000,0.168321831341525,5.941,230
Alpaca2-7B-train.jsonl,248,9351ddde5f1cb35d0723551d2d4b6360ec4fdbd667e1d88f9ec26afcaaa0335c,5959e16e4e5dd5b8c4efd2b23b3ebe50bf0002ea416f2cee373f12be577e729e,L3_severity_difference_same_safety_state,5941,1000,0.168321831341525,5.941,231
Alpaca-7B-train.jsonl,16184,6c1bdb1b7e8211540532fcbaa8f7022e85d5141062d67baa40983f88051b8454,7765cf2bd0f734b0e9f9b2eb97084f13a602100aad7ac5684f856224ec33d9a3,L3_severity_difference_same_safety_state,5941,1000,0.168321831341525,5.941,232
Alpaca2-7B-train.jsonl,22021,968befb5acd067ec1d82cad7cef75ae06ca82a0c9cc2d42a07457452e02a98b8,aa5a48df2b4ecbfb650f07ee36f6694014177a29a40b8427968e2ca8926bbea5,L3_severity_difference_same_safety_state,5941,1000,0.168321831341525,5.941,233
Alpaca3-8B-train.jsonl,18263,f1142d5a2e9226730ad36d75ba07c7383211bf9e4158b85644d1511ed3117d73,1c050cd71dc2960afc8e2507f942867c999cb6cc579986ad23f73a755de6cc92,L3_severity_difference_same_safety_state,5941,1000,0.168321831341525,5.941,234
Alpaca3-8B-train.jsonl,12610,82f59d6c4848f87c58befbb139ffbceaa444d9c3d9f0085a18d31d13f4b848a3,eb9c68af08708a048fb5c016f16dd1fccdfdc20ffa5dddd71c50d5b34732d17c,L3_severity_difference_same_safety_state,5941,1000,0.168321831341525,5.941,235
Alpaca3-8B-train.jsonl,5706,4eb23db9c4e7f641e98ae57d84fa344131de5741e3c4e2de0497b92d5bffa7de,6f03ddfa427e2f3f042683fff6314b4980f24634f2175d94cffd8e544c590649,L3_severity_difference_same_safety_state,5941,1000,0.168321831341525,5.941,236
Alpaca3-8B-train.jsonl,16122,7d14429c2c5aa30721bad314ba0b0faeb645fb4939e5b012d95c8db7d13e45e8,6bf031419d2b3714cb6b6cfb2f3737bdd3ae8ecd8cdff6f09f26275651f2dc45,L3_severity_difference_same_safety_state,5941,1000,0.168321831341525,5.941,237
Alpaca2-7B-train.jsonl,19981,da39ac615282891e1b813ac2e509a960ec60f6dc193b10acd73b1559e03c8422,04a0b01351755edfac74df72aeda765901449a808e111aa0741486a14b902f7f,L3_severity_difference_same_safety_state,5941,1000,0.168321831341525,5.941,238
Alpaca-7B-train.jsonl,12788,4745a28fa5a801311d81c6c075e7eb71744f7a0f2f6628c3f7417a162c8e2e0a,7c50db90f0c2fb96818f5858ee952e37b901a2109c0154f285785d7be8569ce2,L3_severity_difference_same_safety_state,5941,1000,0.168321831341525,5.941,239
Alpaca-7B-train.jsonl,18943,345bc67f561e642b1905b39a3c41a99dfbe7a933273f02689093ae109c4fc921,61a9a0389a7ef4fb8f82652cc192eb32bea3480ac309b6709f2fb15b1a933be2,L3_severity_difference_same_safety_state,5941,1000,0.168321831341525,5.941,240
Alpaca-7B-train.jsonl,10624,3b7cfdc2d8e0b2f845c23ba025260b41d182abce0ad1e23d9d879795d7ec6f26,6868f1274f43dc82015c4512043c05caeb66d18319e6485c7334416d43dd8991,L3_severity_difference_same_safety_state,5941,1000,0.168321831341525,5.941,241
Alpaca2-7B-train.jsonl,23811,8b8a5dd7b786e3b867f1f3539f844fb9b2e21de3c07531e6b4c2cafc5b3adb60,5a08e22ef64f62e9b42369811d02d356ec4a76262026294755c2eeb2d1de43b1,L3_severity_difference_same_safety_state,5941,1000,0.168321831341525,5.941,242
Alpaca-7B-train.jsonl,2487,97ce8dc613bd50a840cb72742b71b92e9e338f18ffa1775a5cb6c9baa5328c36,e1f7a6ad3c1759845f56714d10d97f1befaa6657c3617d283f1363c026e8dc61,L3_severity_difference_same_safety_state,5941,1000,0.168321831341525,5.941,243
Alpaca-7B-train.jsonl,2638,787da74e6fd6a1023486ea8fead6f60810e5ad33bccf836ed9621d0dc00e4f6f,b4c6f1775d8f15669976433dc776a0a7fa212fd2a57ced5eb221efea86e53c37,L3_severity_difference_same_safety_state,5941,1000,0.168321831341525,5.941,244
Alpaca-7B-train.jsonl,23682,97f72d151aea848fed9ee64059da49b7ae26b3b3cd4dd4fa350be582a6d38414,981ba2902d95b601dba4492f505a6a65e5cad3bff66adc81ff080b482514f508,L3_severity_difference_same_safety_state,5941,1000,0.168321831341525,5.941,245
Alpaca-7B-train.jsonl,9044,9ad0d48ed2cce13ca6541db83dcf1b6b3229c2918a5e3af62134a62f0d938095,67d8620edbf67774583f6dce126e66b8534a2380a933b151481d4303ec00bcf0,L3_severity_difference_same_safety_state,5941,1000,0.168321831341525,5.941,246
Alpaca2-7B-train.jsonl,11763,3106445b429bab451a03bbd045470ae4608b2ffdc0bab70dc1ac2379504009ca,f9fddd305d73b183cd47e269e15802ba541784c81f3eb35e03bdec8410c88339,L3_severity_difference_same_safety_state,5941,1000,0.168321831341525,5.941,247
Alpaca-7B-train.jsonl,3956,f14dab532956b02057817ccd389f68e26f427ebab9d7270c2eef6201a6d71d30,d4749441448df2816c1a23ad8a14551bf2c05f1caa71ff6469d56cb0c014f4d1,L3_severity_difference_same_safety_state,5941,1000,0.168321831341525,5.941,248
Alpaca2-7B-train.jsonl,4082,49a1142d253ddcbf63b3fa21d32ca8233ae8d9514ef06330e34c26545b0e3491,464dc4d2b30ab08de0816a8ba507c64583e619cddf73fa42a5bcc3cfdda196a4,L3_severity_difference_same_safety_state,5941,1000,0.168321831341525,5.941,249
Alpaca2-7B-train.jsonl,21724,6aa2a5fb222c5265030c0986e2c0914b916e65494521680d172814b4717f47f9,f608d6ebc8be0b2da8f09f44c7604dc4874433d54767478612389442365b485f,L3_severity_difference_same_safety_state,5941,1000,0.168321831341525,5.941,250
Alpaca-7B-train.jsonl,7152,3de930c06b496f45c3a51d6bbf4a409c3110eb655199108d7a83ae96ff8292c7,15331272d706863ab54f65453dd4df535c2b37cefebef41bfaffb5ed38b55da6,L3_severity_difference_same_safety_state,5941,1000,0.168321831341525,5.941,251
Alpaca3-8B-train.jsonl,8784,d74fd062a9d86d48708e824344b6a71a06174d8090d7e94fa0448dd41b2eb765,7916262766fb129e5e02477db698bc21ff5ec3280b8f6f1545542d4c0d3826cc,L3_severity_difference_same_safety_state,5941,1000,0.168321831341525,5.941,252
Alpaca3-8B-train.jsonl,1692,1262760258bf48c7dacb025757f204a904bbde6739359020c00b70d738ce4d16,3c001d9361db9db1e0fae8997f7de54c2a265752d8019ec8df2c7f031b0322e4,L3_severity_difference_same_safety_state,5941,1000,0.168321831341525,5.941,253
Alpaca3-8B-train.jsonl,14237,fdad8b72bc8a2f8daf23e4b952701bb78a291264d858e0d6db502b8ea31bcbf5,65d0c484193721257b69d9ca7a99c3ed9b0357272698f025867ead80ad02f00f,L3_severity_difference_same_safety_state,5941,1000,0.168321831341525,5.941,254
Alpaca-7B-train.jsonl,19834,e17d5655457557f43d19e9cc6a9a9b2ed81c09c38e64c296d5e391e7a2de3ede,94c3fb9209b8686d07885387213eef31b40e466801af53cf476f8bdcb4717e24,L3_severity_difference_same_safety_state,5941,1000,0.168321831341525,5.941,255
Alpaca3-8B-train.jsonl,7494,d45f552f0d0f8085634ca648c3f9175692dfdeb266ad530603d7487a0c82b30c,9e1da3f17f8e4ff1ecfdeccda3e5b489ef437d069fcd7607368648fe16eda2d7,L3_severity_difference_same_safety_state,5941,1000,0.168321831341525,5.941,256
Alpaca3-8B-train.jsonl,13395,cedd9ce213c16ee8d214cc0ce912fe330fdbf732765fcd6f9fe3cb9adb800fac,aa74f6b944de4be615bb911ec5a5fb893873b144762586e999e3d53317c647c3,L3_severity_difference_same_safety_state,5941,1000,0.168321831341525,5.941,257
Alpaca-7B-train.jsonl,1065,e0c076ecced4943d17696dde35ccc177d4c05627cb20f1206c51575fb67fb37f,8bad1da54ca571dde35d47c2c56958e8b556eee792478f6bb011d4132cf533e2,L3_severity_difference_same_safety_state,5941,1000,0.168321831341525,5.941,258
Alpaca2-7B-train.jsonl,5938,4162e82ab4482ff15a806d2bf99236ff94d8cbb40344aa16078deb30e96d8e94,5595e942f7333c89d1c54b2948e92a7245c32e68b00b3cc64c868e795bb460dd,L3_severity_difference_same_safety_state,5941,1000,0.168321831341525,5.941,259
Alpaca-7B-train.jsonl,16707,7a8d504ba850a761ede8e4f0b510508a1b3b3881827b286fad6f995457a5c714,3e1465c64e53b1cc1a01db1adf51b7e6b75634596807ac84b76f56572282b2cc,L3_severity_difference_same_safety_state,5941,1000,0.168321831341525,5.941,260
Alpaca3-8B-train.jsonl,19727,adb10d5c5bd11d17ac3974d3345b31cd8b31739992f9a020b0a15d1a829c935f,48bc623bca2150311e44ffd013897ec57e1dfdc1ee12f6908212035cb390bbbf,L3_severity_difference_same_safety_state,5941,1000,0.168321831341525,5.941,261
Alpaca-7B-train.jsonl,4025,cb9f5a4b7a34d2ce9aa659ffc1b0593478a075af11dc75f49b96451498f78112,165b3c8325d3b89b86f1006938a994ef79fef4dde529faaf727df289407dc9bc,L3_severity_difference_same_safety_state,5941,1000,0.168321831341525,5.941,262
Alpaca-7B-train.jsonl,111,33748c6fac4d973d2370f3e59c6edd72ce88f146afbf4e80122e4165372c0cde,880005b77c6957682c7c2083a48f1565f17b3d8a9b97ea6589472ec45fd29618,L3_severity_difference_same_safety_state,5941,1000,0.168321831341525,5.941,263
Alpaca2-7B-train.jsonl,23690,d8e93b5aa0a46a97730b0c0c859db66f17a90da72ae8a07c76dafd351a26249f,4be7d3f4496a4aee481f949ffe3a7af5bb77c5ed026e60f2a2e589b58db71a1e,L3_severity_difference_same_safety_state,5941,1000,0.168321831341525,5.941,264
Alpaca-7B-train.jsonl,10620,467ebddd51ac84dafce5ae375ee4b0bc3eba2fcd0d8d2ee17256ae2ad00c6b82,484cd6bfceeca14b8ceeb99ccd110f46dfe2d7696e26f1ccc3b33674fc5a7391,L3_severity_difference_same_safety_state,5941,1000,0.168321831341525,5.941,265
Alpaca-7B-train.jsonl,12450,22bdec3dad9312ad1627835885bef8ff5a018ee07f058e91bd1ac30fc31f28bf,77cba25e5d321b6a79f9519042e445a0b6393c94508d2d17cf4252e3e87faa75,L3_severity_difference_same_safety_state,5941,1000,0.168321831341525,5.941,266
Alpaca3-8B-train.jsonl,16404,dab5496dfce5b6464d5083a7bdb270d25755a8625fae7427f69d0245b54a83cc,666dc8ed1b20fb97e2c003a50662af49684a2f22f797cd3408c45cd35620f123,L3_severity_difference_same_safety_state,5941,1000,0.168321831341525,5.941,267
Alpaca2-7B-train.jsonl,17728,0754a542e54648a63d0f34271d600c7d5b0241a270393be982f1e505b916cfd8,7b353122be3fff2f1a5eee6c3bd103b35323c1af5ab7a058aa24110e31912c1e,L3_severity_difference_same_safety_state,5941,1000,0.168321831341525,5.941,268
Alpaca2-7B-train.jsonl,15429,9edd08236bb391fd955b4b55525b9d387bb770c0eaa9721697116b749a245927,a046db52d3a8ee443a2cce8038ad34dc4fc333ec9d69b6c55cde257aa52ad160,L3_severity_difference_same_safety_state,5941,1000,0.168321831341525,5.941,269
Alpaca-7B-train.jsonl,21561,94a18f9e08960ca28ad1c8ff2e6e5d82e39a765c93e7701bc784f6b98764fa9e,1ea3a50b451e656938ee7a2045d1020a63ed642c22dd5e02339faa68a69a6b26,L3_severity_difference_same_safety_state,5941,1000,0.168321831341525,5.941,270
Alpaca-7B-train.jsonl,10798,ec11f642d82b66f01cf764d144e716340e812d0f642e952ec9fb79a3b253c23c,7908fa64d2fd051bb12c03ace6d66baf95ee6ce12d16b85b5f297930e9acad12,L3_severity_difference_same_safety_state,5941,1000,0.168321831341525,5.941,271
Alpaca-7B-train.jsonl,8380,55394200f377c0e890b3603a927383fc4673461503427d1f1f666f8b427ba150,d7197121aa551b8e66eea01e607013cd53ca34f734967cab081878a7c2ee2fc6,L3_severity_difference_same_safety_state,5941,1000,0.168321831341525,5.941,272
Alpaca-7B-train.jsonl,20525,8c340f94f901dba38f3d7ef54b6d64591af4fb3341077447cddb4ac8cd9668d0,52cd44b4ef6ef60406d525f82993de37b89169e29e0b91e208327093adcd5e3b,L3_severity_difference_same_safety_state,5941,1000,0.168321831341525,5.941,273
Alpaca2-7B-train.jsonl,4258,e07c700053b545f0e858891e876209d234fd9df6089fac371ad0e07fa9493fef,943bb899335d5c3cef993bd30d719d86f2e6303429bd78295128231e39d33451,L3_severity_difference_same_safety_state,5941,1000,0.168321831341525,5.941,274
Alpaca-7B-train.jsonl,3326,4c55498f5c2cae628d99a7952d1539cb4f16d066cbaa7756da3d74f0c75aee78,65d4884ed47943ce0be98a9cc54ef0480f020147c6726291887abf12111a7d59,L3_severity_difference_same_safety_state,5941,1000,0.168321831341525,5.941,275
Alpaca2-7B-train.jsonl,7993,f86a39a6564c96aa6282a6254252bb7dc3468c8816202f4e08f2fa8fdc12c3c5,70e4d70dff9cbfad622471c4f06db3682ebee4c3b9044b0a43d03356e017dc4c,L3_severity_difference_same_safety_state,5941,1000,0.168321831341525,5.941,276
Alpaca3-8B-train.jsonl,2883,153d62ed3c26ed9c6f123ea3cd3bf055f68f769b36f547d340dccd4fb8044b1c,25bba70eb72860e9b88b89c9e772f577ed4168678181cdbbde6f17edc40639a5,L3_severity_difference_same_safety_state,5941,1000,0.168321831341525,5.941,277
Alpaca-7B-train.jsonl,19449,7384eae5513f3cf18847f4ad1aa9c87d426f9578d5b290b3672605113933b136,553fa798c4de80f02fdb40a3e6dc9aa522a5eeb199e92b67e2b511b0feeec379,L3_severity_difference_same_safety_state,5941,1000,0.168321831341525,5.941,278
Alpaca-7B-train.jsonl,26206,cafd539dba4622debd237a95a72f004ea70af4ed69a163c775eeeabda9885011,16a9c321aeb847394b850c835adfc33a1ca993f40ffdb3c1b555f8d3433bf2f9,L3_severity_difference_same_safety_state,5941,1000,0.168321831341525,5.941,279
Alpaca3-8B-train.jsonl,1846,53d2186dc47fc67386f331326fa6e01f1c217dfe3fc7c665048798599a2319e8,fb1f0f3b27dac57f40526ee585ae52b9776f9bd95d9bbde3de7c193ba1e16f06,L3_severity_difference_same_safety_state,5941,1000,0.168321831341525,5.941,280
Alpaca-7B-train.jsonl,2784,04736b1507972ce5d71fec4e23c070d4e2463d10d75e67a6453405a01f13aa9b,90bb67330cb64971a9639729b3f2dd2da9318b5c2daa67b00cffcd3bb696f09d,L3_severity_difference_same_safety_state,5941,1000,0.168321831341525,5.941,281
Alpaca-7B-train.jsonl,23463,5a45e211b140ee8078eafbbc38fdc1ce133cbd5d8b6959071cb0bf190732cd27,2e2096bff568fb915fe7cc890e7640c09f232a0f8b95b65a222bc58500617e15,L3_severity_difference_same_safety_state,5941,1000,0.168321831341525,5.941,282
Alpaca3-8B-train.jsonl,182,7fe447c051b3affe73ac3fe09cf502c6b33731df7e5e5ec34063ceccd7462015,543f02208a5f7b708f0fc07131861a50f66be2232302397e49c977faf7d7d515,L3_severity_difference_same_safety_state,5941,1000,0.168321831341525,5.941,283
Alpaca-7B-train.jsonl,16913,4519eb7815f640175b622fdb7a8acb3c3f105b6d82a827e4a640bd8c13b4d800,3534694cfa8e90ad756a4dbc5e8ade08f839c4bf611baec2eb72043df4441174,L3_severity_difference_same_safety_state,5941,1000,0.168321831341525,5.941,284
Alpaca3-8B-train.jsonl,15881,88d82b167cfd08faa7fc37e74e698600b1bc8f48cd6f91f93dd305fae22a0632,d8feb15d1db9d0a43ca0773f531f543e5e48bdeb5f2a3113e399045f804b61f7,L3_severity_difference_same_safety_state,5941,1000,0.168321831341525,5.941,285
Alpaca-7B-train.jsonl,20814,7bdcd194ae9bcf4bb45091ddaa289108386e8ff3e1f87bd7b281d97f9771b1a1,b5830e69cfa1adf1298f57ba4db7753040ca57212671ed9cedef5c77583a2f75,L3_severity_difference_same_safety_state,5941,1000,0.168321831341525,5.941,286
Alpaca-7B-train.jsonl,17594,5b2b2d9d2f974629c3056b2c32ed11a39ac6e51b88a909de17abf45f8280bf78,bdfd9fe498783469785f93b83e24176d8d855cfc39b07e47ab98659191e9e1bc,L3_severity_difference_same_safety_state,5941,1000,0.168321831341525,5.941,287
Alpaca3-8B-train.jsonl,1076,150e3ba0aa2591020b52d7fb2d9fc8a372d44c260f0c675a3b0636c56be0cdfc,2b74c343c8942d2d1c92fa38990e9246b9ade5b0e317e6d41a844e5f84e836a1,L3_severity_difference_same_safety_state,5941,1000,0.168321831341525,5.941,288
Alpaca2-7B-train.jsonl,20950,ae883fcd34462d48c9f55c7fbc4dfaa76574cde8902322e17f095427169bd3d3,f6cfa1f44f6ed3fc8cbd98ed6ad9e70a130ae164ea7fb6fd908c6f4375c143b2,L3_severity_difference_same_safety_state,5941,1000,0.168321831341525,5.941,289
Alpaca2-7B-train.jsonl,20328,41fde752753ef2156224368bcde25637543354c2dac933cae0f0da05e45d5a9d,d598825dce8ed62cdbdf3c65063698a5ffbbd6c3f523e2d83d94082f408af8eb,L3_severity_difference_same_safety_state,5941,1000,0.168321831341525,5.941,290
Alpaca3-8B-train.jsonl,8546,24e1a5ac2f99d1f8012abda17fcb72724ff3f02c0081bb4813adf968969da0a5,64028f4e5fc1b0060691424fbfc74a727618fdc5e8e1ee416f35a34846803585,L3_severity_difference_same_safety_state,5941,1000,0.168321831341525,5.941,291
Alpaca2-7B-train.jsonl,23746,ecc8faad9aa8a5ce6875cfcf38a3e46f6af4e106232b47788d56a993e5783f29,8950ff2aef1577ac58e8c9ac53d9638e17bb8130b918bd64f36e047154671a7b,L3_severity_difference_same_safety_state,5941,1000,0.168321831341525,5.941,292
Alpaca3-8B-train.jsonl,9438,badd1ea736c3dc68493fdd03bff3a17e7b4510879ef1e0a958105e39786ad449,96c6af8ee675cf630bcb9e5b0748dca122816709b25f85068906cd990e6e895e,L3_severity_difference_same_safety_state,5941,1000,0.168321831341525,5.941,293
Alpaca2-7B-train.jsonl,12884,21d579ab6ce38c3e641054f21ec7ca6f405525af49de5ae0ae13908ed89a42e9,b48be6fa600c642191e5b3289fd4105276f67dc7613f81f978351a44b58e1c89,L3_severity_difference_same_safety_state,5941,1000,0.168321831341525,5.941,294
Alpaca3-8B-train.jsonl,10572,dcde6b6448225478946471265e27da4a815336844da5c3839445e2ecc84a809c,c288ddedd56de540bae1f614e0f3c8929efa5e7fbfe465cb028caa56033af9e4,L3_severity_difference_same_safety_state,5941,1000,0.168321831341525,5.941,295
Alpaca3-8B-train.jsonl,9007,c95bcb2a058121c1a4797d59d9f7639aca4a24052f2fb5b3e08f34666d237640,bd6b66c07ca7a2aff0e091f9d600302fd4dbfb20baf85039d3cb23f338e97943,L3_severity_difference_same_safety_state,5941,1000,0.168321831341525,5.941,296
Alpaca-7B-train.jsonl,11272,ef7357e81100bc6acbb6ee4937a3d44de7059d55aed72036e9c294280db00c0f,b0ec40f123e2a12a615eacb9bfc60c0a149889d588768c4852294c8c3b3cf6f9,L3_severity_difference_same_safety_state,5941,1000,0.168321831341525,5.941,297
Alpaca2-7B-train.jsonl,22680,fa8ab4ac337adce83bb2234a0ca0ce2c5cdd125ee98efeaa6fc2c6082605ea71,457b87d5e5f44619491f994471813d33324fcce1689e6ba5abb94e9f98b17c4c,L3_severity_difference_same_safety_state,5941,1000,0.168321831341525,5.941,298
Alpaca3-8B-train.jsonl,8707,9e969a75b1fe2aa10da16107db3e312ddfe229fc2dcd4803e97c31a5eab4439c,dce3297335964a3005e6cfd9fcd576b2e951ed81766e2672986296b8f49b13c7,L3_severity_difference_same_safety_state,5941,1000,0.168321831341525,5.941,299
Alpaca-7B-train.jsonl,1234,d9820898e5a1a929d81c921a35a46ab447476fefbf56988b291de3886037d44b,c0a0db9b4aaeef150dd0b148862e0dd1a8eeed7727bc5df4109964fbfe7e86c2,L3_severity_difference_same_safety_state,5941,1000,0.168321831341525,5.941,300
Alpaca2-7B-train.jsonl,9860,8b3ca7b3b1ab24c8683f55a9e0424c767a0132adeb198c09beea55bc4abacf0f,234ff742d8b0bdba65bd74fcc7a9e167423bf383aae02ac213175588aca7528b,L3_severity_difference_same_safety_state,5941,1000,0.168321831341525,5.941,301
Alpaca3-8B-train.jsonl,20829,2adb9d6e774004e5c6dae2eff4ff6519afda6bac033b10c085e39d47a835d86a,310361fb7a6b47ed07092ca4a84249c40bb6c3db2d6b5304be57c7e5c558e245,L3_severity_difference_same_safety_state,5941,1000,0.168321831341525,5.941,302
Alpaca3-8B-train.jsonl,18652,e124416d83f32978e8ff10e3a28fd3f6ba2c5a02a8cbf39de36ede2c82cc1511,720f13b3a487ef0ac5dad29f32f9bc001ca085f9cc5354d5a0b460a5012a49b1,L3_severity_difference_same_safety_state,5941,1000,0.168321831341525,5.941,303
Alpaca2-7B-train.jsonl,5971,fce6ee7a8d8c3ab3e7128a817be936596f58278b766f1e3a18e8def4767f115b,d59217017da32a5e790efa7cf0e2308afe27fd36d40d9738612973a819c503d8,L3_severity_difference_same_safety_state,5941,1000,0.168321831341525,5.941,304
Alpaca2-7B-train.jsonl,10578,c26ddd44830dc6ccf3987a430458aa8cf99c2086c66e66f4cf41d6a020e7a693,827a557be6d885fed63673cad7b2c41ce72b394a44f4e34ae5d243f0f5880209,L3_severity_difference_same_safety_state,5941,1000,0.168321831341525,5.941,305
Alpaca2-7B-train.jsonl,18799,610bce946abcaa68a68fa02d12281dae122a4e5d416dad2d263532f98e8a19ce,1c4cb155bf22ca293658f8a33e19a73161e42bf35436fd93e0d88586ceba5668,L3_severity_difference_same_safety_state,5941,1000,0.168321831341525,5.941,306
Alpaca-7B-train.jsonl,2373,b16bc44cc513a2745b707b8d06c784dd20df645f17adadec0f1d31d90ffec0b7,dfb1ec4a80ae482a03e3f0ed86cea77549344636b79fddfdbc73d1cee7a53898,L3_severity_difference_same_safety_state,5941,1000,0.168321831341525,5.941,307
Alpaca-7B-train.jsonl,254,c572e33840b27602bb173ae755f7102be20017b999c3ae96a7c22c1e3f3b0a7d,c76b8fddd0c39b73bfc5ffb77f0ca7f11a26a5be6a3c39ba8996932836e8c3bb,L3_severity_difference_same_safety_state,5941,1000,0.168321831341525,5.941,308
Alpaca3-8B-train.jsonl,9306,3794ff65a291765ec413451c838dda421cd856b4dcd31721377a0b7478cb11cf,0e9f9702cffcfec323b3fd2621394f7ff423f766affc6d117a25f7166e618e8f,L3_severity_difference_same_safety_state,5941,1000,0.168321831341525,5.941,309
Alpaca-7B-train.jsonl,15719,32909120a06b86647ad20cfe21499b6ea245a91903292c2d65997bf01c14c970,c6051c872636651bb454a28cfba02a67bbfbefe853f6eeb321d662be27aa7659,L3_severity_difference_same_safety_state,5941,1000,0.168321831341525,5.941,310
Alpaca3-8B-train.jsonl,7754,0d7b4dc5be13d195c67885de66ff409cd06094eadc59ffcd2b1e30a6f138dd02,4638d38ee4e3b20cc9602e1a78d02d3d219e3be8324b2bddbb9ae1f162eb1507,L3_severity_difference_same_safety_state,5941,1000,0.168321831341525,5.941,311
Alpaca2-7B-train.jsonl,14107,7c8738d15db54feabffa5e7dc0b28ac915709bdf489a1afa9a5ff3d8c637f56f,1bcadabe2e80ca5e898951a72f540808da61149f1e05afee4220a2fa40e7b515,L3_severity_difference_same_safety_state,5941,1000,0.168321831341525,5.941,312
Alpaca-7B-train.jsonl,13045,fe4f3e1c8836bec7f128bbfe4871190f2d0c1a8b2eb64cb0c2ff11f39f08e330,f1256a8c4b71f3282488f3894f65ed8dcf2f4475cb441258c17c90b2d5240c30,L3_severity_difference_same_safety_state,5941,1000,0.168321831341525,5.941,313
Alpaca3-8B-train.jsonl,3978,e5285b15b11a958ab06f0a13d1237c1d0bd2596ff43f7296f29a50c3b64f17df,b20b6e1219ea1a4cd962de4b42eef4252cc11590ceb22b36d7a10a642351cf65,L3_severity_difference_same_safety_state,5941,1000,0.168321831341525,5.941,314
Alpaca2-7B-train.jsonl,5252,971aa89393e6283ad367ee05d2f2c18035fab416df6280f53650138c9aa3633e,aafdcd890d72b452571ee57e729e644f2f6cef4f936dbadba133ee745ca1948d,L3_severity_difference_same_safety_state,5941,1000,0.168321831341525,5.941,315
Alpaca3-8B-train.jsonl,17496,1b156b36ef4769e6353bcc898e16961ff2aa0c3e855f4e637dc2519f91a79a87,ad33c97394db1635ca2f5233aacaef83d0f0ad66a9892cf369a28efcf4826c63,L3_severity_difference_same_safety_state,5941,1000,0.168321831341525,5.941,316
Alpaca-7B-train.jsonl,6655,db1818888268f0054af92b4ce6e3ee19858943f2acccda788d33922b3e81afcf,38dd5cff6b19f6e2d5855b5b66c34722a8f34bd1888b30fdbbd9ca1848524e9e,L3_severity_difference_same_safety_state,5941,1000,0.168321831341525,5.941,317
Alpaca-7B-train.jsonl,27379,6327e5375b1eb98a3d58e73b5f52381ce4272b0f9ad94b30fdf16cf6c624dc25,fa17cb6da01903a582270b61f7309bd3a60847373a235017f5f8795144bf45ef,L3_severity_difference_same_safety_state,5941,1000,0.168321831341525,5.941,318
Alpaca-7B-train.jsonl,5341,b1a48c8f200756db855406e1863916431f60f53066a5820834baec452976fd2b,2f2c3d64a0b5b21003bf969c948dd0c05c111f84a5b678bf375c2d2d7fe077fd,L3_severity_difference_same_safety_state,5941,1000,0.168321831341525,5.941,319
Alpaca2-7B-train.jsonl,22371,cf1081a3c8cc5d87af9ec094648f21390c07171b24ef30abd47b45e4f41b98f0,473df78df1a842556dfb5ebd9032e50317ea722306aeb52ff47ee063350a7a4a,L3_severity_difference_same_safety_state,5941,1000,0.168321831341525,5.941,320
Alpaca-7B-train.jsonl,2449,38857757d33118194aab7e3ee36c16da4c9abd5209aa8c2b42896bf8beb513ad,d839d37e6bcb184ceab95b151a62bfb56a6ffb0cde7e47c0239754cc335d3e8c,L3_severity_difference_same_safety_state,5941,1000,0.168321831341525,5.941,321
Alpaca-7B-train.jsonl,8649,b6b7169caded288b713b5127e64e9c2972bbd3e166581367b654b907d6d9c3ee,6bd4e6dce9defa83babeaf70ff68f2e5e8aa4d641a9e0306bc7aee08fe72566c,L3_severity_difference_same_safety_state,5941,1000,0.168321831341525,5.941,322
Alpaca-7B-train.jsonl,5543,730b7bd325dc4381941af51be366368de3eecc93773a3d733e5ea169e01b2751,8e0e2e09e03d93a758618aa3f3ed99a304ae9bcc75ca8edf04de6780262f75a0,L3_severity_difference_same_safety_state,5941,1000,0.168321831341525,5.941,323
Alpaca3-8B-train.jsonl,17429,efc820f12c0bcb4fcb7ba3b242b8562f79865df10c5a3d51b3b314a8b90dc632,3a5151965b49ee927408d48d4b89777ed8a0a8aed4d64bc2a1fa617ffcd4a6f3,L3_severity_difference_same_safety_state,5941,1000,0.168321831341525,5.941,324
Alpaca-7B-train.jsonl,9191,4c4053a7235a524eff55b4137a46df8b46a76ae19e2330522c6916ef28490972,7d41ece1b6bc8f95a838335bf3684db3d16efb45b7e4b075e0cba40b0bf80c6f,L3_severity_difference_same_safety_state,5941,1000,0.168321831341525,5.941,325
Alpaca3-8B-train.jsonl,9339,f609cf46b6b01668cc6cfeb3507aae791e7d4a656b7660859e3595716bd00ed3,02f3f4973823941d2831494fcf2d078bd1840d5f02d7ed547ae5a4219dc368e3,L3_severity_difference_same_safety_state,5941,1000,0.168321831341525,5.941,326
Alpaca2-7B-train.jsonl,13240,cf4464f9fe836f11142d76624b9bee673e0759ac752b20157df2991671951340,31379918c27dca87f95a69d16494144eedd4fac1fe11749607d79c38201e7c89,L3_severity_difference_same_safety_state,5941,1000,0.168321831341525,5.941,327
Alpaca3-8B-train.jsonl,4773,4a7ffc6e9f7907f64f091695ff89b50121937a38382bc2cd1faca41500d580df,94438c8f6b2622b14de620cf6cb4d4b36c7c53a02a10e8538b420e53c661b58a,L3_severity_difference_same_safety_state,5941,1000,0.168321831341525,5.941,328
Alpaca3-8B-train.jsonl,7406,a376e3b807ce4594070f5890ec3f8c2a5c663d87eef2846772bc4ee4ceb2c7af,dab3354c813ea8ffc01b26e35bbb34f2073be380127ba47e15c79af78f087614,L3_severity_difference_same_safety_state,5941,1000,0.168321831341525,5.941,329
Alpaca-7B-train.jsonl,16906,6dbe73e97635da6337747e815f5b50bf3fefedaee35163941aa21a8254c6044d,54064e49e00d37c64d68e64c32d7ab574f805e2c305fa1a551c367968a5c0408,L3_severity_difference_same_safety_state,5941,1000,0.168321831341525,5.941,330
Alpaca-7B-train.jsonl,12640,c5c25baa64c0409a9f5f51eedf0b24beed27300ca02e71bf2b7b1ab515f23fbf,2ee88f0b7180dd297b6fb47767197d5f109fc6a14be0be0ba7c4e31fd769dbde,L3_severity_difference_same_safety_state,5941,1000,0.168321831341525,5.941,331
Alpaca-7B-train.jsonl,15028,b4b6d8e4a9520b4cc801f2bb96e78dbc333ea16cf3fabededa9793ab951e5da4,90f3b8857ab07d58968c5baf021925ee3d9414f4c82743ae01591e76fa414e0b,L3_severity_difference_same_safety_state,5941,1000,0.168321831341525,5.941,332
Alpaca-7B-train.jsonl,10644,b3ea630fe132e398207e9a635d2aebb9964e8d113a5b9cbe12ab92de24946e2c,3a735b66e8f2d3e6c94f5a6c8ccfa430aa019af4082b936f823b376d850b9768,L3_severity_difference_same_safety_state,5941,1000,0.168321831341525,5.941,333
Alpaca-7B-train.jsonl,1758,d165bb47aa67ab65fa5c82d65c93ab504faa467b39db5af270156bb4434fffcb,88de770c59635a5b8c4da6f7d44535f256a5152655c9bf22f76230c9322824ea,L3_severity_difference_same_safety_state,5941,1000,0.168321831341525,5.941,334
Alpaca2-7B-train.jsonl,9775,693397f496cd6c23c118aef9ae9317df122a30053c2931034e50dcb427018ad8,26743643fc035f49c95b8267edab6e95a91e356e124592612a8da6148563a08c,L3_severity_difference_same_safety_state,5941,1000,0.168321831341525,5.941,335
Alpaca2-7B-train.jsonl,6914,21802d0f4472edb2b69c7494dffce75c9f6e7a2522db60731b9ae03c9550afab,5839257a4028aade399aa6c9ae089a98467559436077232f5050f9873124557a,L3_severity_difference_same_safety_state,5941,1000,0.168321831341525,5.941,336
Alpaca-7B-train.jsonl,6005,09b35efba0831422d71456436b781cfd4b774b8293081456b4a4af824961a5de,4525796f565711076421b02e0dfc94d1d5182bddd91a150f4ba2c2ba6c47313d,L3_severity_difference_same_safety_state,5941,1000,0.168321831341525,5.941,337
Alpaca-7B-train.jsonl,18860,88479a915fb9841e799aba765235ff9b867b0bd9253247066977253616a86611,ad1e940eb1ed8ca652adcae1ccf626725cbf932318d1a75f12527e9bd6d7c46b,L3_severity_difference_same_safety_state,5941,1000,0.168321831341525,5.941,338
Alpaca-7B-train.jsonl,6762,ffb6d361ade3b7ffe0666bedc7fb3c19ac78d0d0234177936cca1cc00ea6e2d3,ed39224827ca07af21a78611eb99ad4b4955389de70c45c41a50d5a9dd7edfa6,L3_severity_difference_same_safety_state,5941,1000,0.168321831341525,5.941,339
Alpaca2-7B-train.jsonl,18678,6056e4ddf727f15d41002beaa3d2745cbce808290baf5e8f87d0764c9c9b78b3,fada2664551bb0183b3c382e1880eddf4742c34213f0d034480b7d299a34f09e,L3_severity_difference_same_safety_state,5941,1000,0.168321831341525,5.941,340
Alpaca2-7B-train.jsonl,10826,3ad816f4f623648d71e85275e6c14f2248338a72ef0074a9c5488af98908a6f6,fbbb51e6e6e25af51303d5f73361e2217e3f7a5b6091a701f518c7086b30a6be,L3_severity_difference_same_safety_state,5941,1000,0.168321831341525,5.941,341
Alpaca2-7B-train.jsonl,12212,3175972e1765a62cfd1a48bb9fcfb3de5f035cdeba5eabba27f8bc557f7357ae,11c6f389e0f9f0250fb408de2041548763a145aaea691008a4da7377243027e2,L3_severity_difference_same_safety_state,5941,1000,0.168321831341525,5.941,342
Alpaca-7B-train.jsonl,13338,79cc45f05d485a00a4d40681a77478bdfd6714e74e3704f6799febfd35ded047,de5ba60f331b7218bc2773477438f4ebc953bfdedbfd1804c0e860ceb31103d8,L3_severity_difference_same_safety_state,5941,1000,0.168321831341525,5.941,343
Alpaca-7B-train.jsonl,32,db1818888268f0054af92b4ce6e3ee19858943f2acccda788d33922b3e81afcf,d781ef341385a5735e4179986ca75601192c6092e588a4e5cc52ddc375572841,L3_severity_difference_same_safety_state,5941,1000,0.168321831341525,5.941,344
Alpaca3-8B-train.jsonl,6561,9d6eb2dd85497bfa4a19608a594fe6f5f43d0463452ae60d43780ce31fd5992d,ebad2963fbb58991e99002ac52d3e2ad58341b0c5fc939241fa773697541540a,L3_severity_difference_same_safety_state,5941,1000,0.168321831341525,5.941,345
Alpaca-7B-train.jsonl,18590,2a2b2d64fadd08ec767ae22294e9558b27be4b61ab4fbe701a163df31c1c2dce,b2af033cfc218b260f1851d6349ed0b5d5cc59cc56510293bdc5aa482adc0a59,L3_severity_difference_same_safety_state,5941,1000,0.168321831341525,5.941,346
Alpaca3-8B-train.jsonl,3418,cf521154ed17e78718b3123befd8632ed3ef2d61dd4abb6e4cefe2863a71ee4c,5cfe20a69750ac29ed1cc4fa8cf73d9bab2e66954f7582cb7e7a556604bd9eec,L3_severity_difference_same_safety_state,5941,1000,0.168321831341525,5.941,347
Alpaca2-7B-train.jsonl,14310,b89b763a3030d1f71afe59eb92984480fc30ee5784fa67a493d0580954bb7ce3,c80a1f32a46009d4a7e01d412dd0c6cae07e0dbc0f89543bbbffb244a063add0,L3_severity_difference_same_safety_state,5941,1000,0.168321831341525,5.941,348
Alpaca2-7B-train.jsonl,2470,3b060d52cfdba00d6d07bdd0c34c38ff7c9ba1b33be6870ca4283200ebdb0b18,7267d1617d31ca5d71abae6f8b4264e6aa3727d35bccefff6c1df288b596a72c,L3_severity_difference_same_safety_state,5941,1000,0.168321831341525,5.941,349
Alpaca-7B-train.jsonl,12171,2425ef754942644a1d240225a24d1b8d8b737623e3a568ebeef0ed7943b54443,0707f324e626bbef3f762c90e1b04a87b18f29bbafe12c48a719ea880d036cbb,L3_severity_difference_same_safety_state,5941,1000,0.168321831341525,5.941,350
Alpaca3-8B-train.jsonl,9272,9e12ae9e6469f65bf39d3cfd0f220e543bccffe80067374a488a83043de0533d,0b5abc6a8dfaf840ebb010c16ab5c455d8c5791bcce79a941626953275295681,L3_severity_difference_same_safety_state,5941,1000,0.168321831341525,5.941,351
Alpaca2-7B-train.jsonl,634,f86ac3b90f86a9563a8e4682644e530ad6cdb7b3232ae6e3ab07b6684568eed1,375018556719636eb1fdd40e5e2402178a7c9526a00edecf4c0324ef65b822b5,L3_severity_difference_same_safety_state,5941,1000,0.168321831341525,5.941,352
Alpaca-7B-train.jsonl,4663,79f923001f2bc8e7f1ca98fd594a74dcde4063f9ac1a4269f78e289847f24bcd,2742cd13ee110da35ae88b6d6be491748ca84df14fa3abbea0710d729e44614a,L3_severity_difference_same_safety_state,5941,1000,0.168321831341525,5.941,353
Alpaca-7B-train.jsonl,27326,42647fa56a1064b3e47f26e5d4f40e4391cdacbbfe41e6e922f0da52bf341296,5ecf8ec5dd2d8d0458b4dc4294a52d81e73858962c74e3b726e8e0ecf083cd03,L3_severity_difference_same_safety_state,5941,1000,0.168321831341525,5.941,354
Alpaca2-7B-train.jsonl,13641,1dca811e11ddca9f596cfdbd941400351bc66f085ae85a01b87d42c4cec6e954,ec92b63084f058bf8d5cefe28759d722c55652239a0e96f51db3ad5deb7505b0,L3_severity_difference_same_safety_state,5941,1000,0.168321831341525,5.941,355
Alpaca2-7B-train.jsonl,24422,38cf5a967ae70784abe1c556caf370961508c54ecfd6831bc2f4005e39e10a59,94d9f640b5bb2a821043900cd8f986e4ccffc9f7ae41a86ebc2df0b1c3ca9c13,L3_severity_difference_same_safety_state,5941,1000,0.168321831341525,5.941,356
Alpaca2-7B-train.jsonl,24938,6fc8e1eb92d1152c84062a2cfae364af969375bf1c7aece53706f46bb13ccc56,7ae32453b2d7f2a6bf3e5779910f2e00147d93dc547d792fb9ba04b876cc4aee,L3_severity_difference_same_safety_state,5941,1000,0.168321831341525,5.941,357
Alpaca-7B-train.jsonl,13933,8303d1ffaf3f2ddb99be510af95d60706e3330bd2f4a2e49451af4227441eb8e,449483bfaec9535ade2104f32fe905e736cf524a2e265d30f24903031c482b5d,L3_severity_difference_same_safety_state,5941,1000,0.168321831341525,5.941,358
Alpaca3-8B-train.jsonl,7660,9723fad4167cd557581ab3292ba37675f51ccc3e1abc88766f083cb705b52c2c,35d3b6f55d0f57e97f49a51d03f439a7d9299f7899c5d47273bf0cc094804304,L3_severity_difference_same_safety_state,5941,1000,0.168321831341525,5.941,359
Alpaca-7B-train.jsonl,13819,eb61cdf6eae09fa79182ac67ce11441f38ee549d4d56ac941844d30c80cc8017,aea362a7b7a30f17acad12bc8ab9d05db5848118fe1155e76d7b1e57eca7b1da,L3_severity_difference_same_safety_state,5941,1000,0.168321831341525,5.941,360
Alpaca3-8B-train.jsonl,5585,a2513ad2eee8c3e7c940a63cd8bda80c0f5c5041926cb460232cb386bb653177,8655557611845a9eed86b263f0a0c34c83c7f112f03e64868ba449bf477e4f5c,L3_severity_difference_same_safety_state,5941,1000,0.168321831341525,5.941,361
Alpaca-7B-train.jsonl,12388,d0c89efee99d0297e832cf07a7c7431455bc9f42e96885d6e1ca014db1711eb1,813f61a7cae807ed4548fc3a8f62e97f862b0df9a58941da75a23bc1d758cb6d,L3_severity_difference_same_safety_state,5941,1000,0.168321831341525,5.941,362
Alpaca-7B-train.jsonl,20852,b9ad276af7a946347a74fe2ba7a6f1379152b16d4452278ef5d8ff438bf344a3,34b4ee949dcb1de2d2d8ae67c5e78f3e8f56fb17b16a29b21e610a29a9267e04,L3_severity_difference_same_safety_state,5941,1000,0.168321831341525,5.941,363
Alpaca3-8B-train.jsonl,12957,b079f331a3073cffcaae554c8e4053889d345dca5511353330d79d1feb6d656b,9866531fe9f5c67775250b7f9494997dd209b6c6e9693e6b2d1761a343a0b937,L3_severity_difference_same_safety_state,5941,1000,0.168321831341525,5.941,364
Alpaca-7B-train.jsonl,4077,1184f9ec05bcc7725dfff4b247f8b96379a0f5111a4f23f0196e74023ba06a6d,2b3d4ac67fe8fb4b5f4ccad10d9d1baf900ec51b23bc490222e8fb4048ca016a,L3_severity_difference_same_safety_state,5941,1000,0.168321831341525,5.941,365
Alpaca2-7B-train.jsonl,14801,e6b2145b650c97e6dbdd367a33f1473507c66d7a43eac630f32bc14a297e6a66,f11acd633ad501ad44575178f9c4f1c26ca8f6c0ba24ca137799e444a0d0301b,L3_severity_difference_same_safety_state,5941,1000,0.168321831341525,5.941,366
Alpaca2-7B-train.jsonl,14868,eddb9009da11e5e1dee392ecc9b15093be801a517d9b0bc1334b766110ac9de5,98182953b0c79d821567d5024dd747f69a0d00d23b7081f8d5d44044a42e1d10,L3_severity_difference_same_safety_state,5941,1000,0.168321831341525,5.941,367
Alpaca3-8B-train.jsonl,18900,ff78f3b3810345d1f9ebe7ca3dc6e44443536cdd2331cd32a8ca3d753f852467,a08d2123bab743ad3bc3a98f641b811ca432bfd57bf24b30fd6f6ea55e3fb70b,L3_severity_difference_same_safety_state,5941,1000,0.168321831341525,5.941,368
Alpaca-7B-train.jsonl,11024,4746905502d241b169f90b347b448db448793ad9153f7556183030204b3ca2dd,cdabafa8550d22a193aa79222e5896ad4be5bde3edc61a00c469c97167ddf5ff,L3_severity_difference_same_safety_state,5941,1000,0.168321831341525,5.941,369
Alpaca3-8B-train.jsonl,17877,4629c4d3f630f5ee7f4bee11e1e81b780069576eb4843276fbf13eecfe9603fa,4a807d275452a41187768f2618da32a5c2b03a8aa6a2b960f85844a4373560c9,L3_severity_difference_same_safety_state,5941,1000,0.168321831341525,5.941,370
Alpaca2-7B-train.jsonl,17192,6ffff8f5e41d89cce82419dfb450820190547ec6e935d9b26503463cb47e8ed9,0cf3a28225b89c774e6e6f228529ab3146d63fe7afb665944de6438e5f36fc47,L3_severity_difference_same_safety_state,5941,1000,0.168321831341525,5.941,371
Alpaca2-7B-train.jsonl,8989,f6fa187fb8da3f207726d1106dd97f97ef79284c45a76399c5e9a7894279fd16,cc89da4b6f3c5a25bd281146d3feeddfcc0582e6d9f6d0a232fcd4925bea5155,L3_severity_difference_same_safety_state,5941,1000,0.168321831341525,5.941,372
Alpaca2-7B-train.jsonl,2054,2a39857c18d21d300ad21432b331fde9b915cad3f0b46c43953d5f83ca871c65,9b6011f549c8580fa7c7d535a4469b05fa33448fc8215d42890f5f946664a79f,L3_severity_difference_same_safety_state,5941,1000,0.168321831341525,5.941,373
Alpaca3-8B-train.jsonl,3485,4808df5c10e0c1c37703b1769331b6c2ca7abc2f019bdfcf5b4a5ccd865d3033,383096d65219836502962fd7027e2fd5d69fd62d2e0d90a99182d6afd18ad9dc,L3_severity_difference_same_safety_state,5941,1000,0.168321831341525,5.941,374
Alpaca2-7B-train.jsonl,1828,f0ba0a34c8f37adcd7c6b7970ad617a8426f91269e016504ba26231790aa72c7,61da8dfbcfbf6cc23875382da54fb4268234213200c91bbf70f9e352a2fe4d83,L3_severity_difference_same_safety_state,5941,1000,0.168321831341525,5.941,375
Alpaca2-7B-train.jsonl,17905,04fef4b5bdb7d118d672bf92fba3ec530051cbd3774e8ba6a6444990f5846940,ebd74953d33d7da8e8304995b3a126e063668c8941768364289f6f2093e94c11,L3_severity_difference_same_safety_state,5941,1000,0.168321831341525,5.941,376
Alpaca3-8B-train.jsonl,17139,416e591c2bc908255fd12e5a28705dfa414a69def40d18a7f26090a554d5ecf1,88be0799737dff548cba67c1e7691e74a53fa42c73fd0d488cc41dba5139705d,L3_severity_difference_same_safety_state,5941,1000,0.168321831341525,5.941,377
Alpaca-7B-train.jsonl,22551,764212c6b33d970d299c1dc3d260ad45b94041f011c67e7183d56407df746a08,63292dc7b4e39f49dc81b4f87a48d1275581d2bde5a616b4e7ad9cb978411f51,L3_severity_difference_same_safety_state,5941,1000,0.168321831341525,5.941,378
Alpaca2-7B-train.jsonl,4646,f4b8eabfedb306a5a651e0fe98c2393540aad10bba74a8e89b4222fdbf62fde2,8f6288a00ba8a2974b335dd4f645804c25e81435fea516d6de026997af207c50,L3_severity_difference_same_safety_state,5941,1000,0.168321831341525,5.941,379
Alpaca3-8B-train.jsonl,838,f8aed309ce1d873be0ad146f3bc98540e06de57c7c9606e411c48fab78a87b57,df7348bb275fd0483b1babd73f2cec1de273af7c8f95696d73cc7738f5951d0b,L3_severity_difference_same_safety_state,5941,1000,0.168321831341525,5.941,380
Alpaca3-8B-train.jsonl,2841,14afb10fa45af2db87de6461dfe50c3818d18d7cbf222f9b662b6140a36b04d1,b6ccbf3317a43c1f67b03a6eac90b030bf896c6efbafd4d3097b007b3dc7a662,L3_severity_difference_same_safety_state,5941,1000,0.168321831341525,5.941,381
Alpaca3-8B-train.jsonl,19050,74ad4f87f125e906bf9ac0d03789c9cee9894dd0580b2ffa7fa43ae224ccf842,72bbcbbdd36a4680ae7a6a635bda7388af88f86d19559cdbba23683c5e8ff59b,L3_severity_difference_same_safety_state,5941,1000,0.168321831341525,5.941,382
Alpaca3-8B-train.jsonl,1890,bf68c8996270aeb79cd31fceb7820e23d7c7023f8c9fd0f279c87bb1d5c1ce20,8a9a2360d28ec8f3b3f4797dd6f63d454f26fef4f4d31ea6f14aa2b9a9bce019,L3_severity_difference_same_safety_state,5941,1000,0.168321831341525,5.941,383
Alpaca-7B-train.jsonl,27051,fb5a0e10be75caa8880d11e3f142f2436bb054655914a1afa5dec5c79e90fdaf,d781ef341385a5735e4179986ca75601192c6092e588a4e5cc52ddc375572841,L3_severity_difference_same_safety_state,5941,1000,0.168321831341525,5.941,384
Alpaca3-8B-train.jsonl,16473,49639caa70e94a8857fb2de114564566ced3b9db18ab1a441d1ecaff28c572e8,68ea09d8ad442449f6f8d8789958a55a4b74b0d842e2f72f479a5f69dfa4318c,L3_severity_difference_same_safety_state,5941,1000,0.168321831341525,5.941,385
Alpaca3-8B-train.jsonl,2055,4e0f72e7a1c62bdda6ddc5ab3fe1b6bc331f35b34a3f44b906a02779951dea98,c7b4997abc3e9b7a64ff73c5d89fb0476c5367d93a845a1c2836a402684651b4,L3_severity_difference_same_safety_state,5941,1000,0.168321831341525,5.941,386
Alpaca3-8B-train.jsonl,12194,fae73613b93412fffea5fd2cb65e7eda02594ec79046694d4c0a5f720dfd3dd0,687482ecd27b2211e77689f28387a2b94ab86b7c1563fb9f7c8355411db6e4bb,L3_severity_difference_same_safety_state,5941,1000,0.168321831341525,5.941,387
Alpaca-7B-train.jsonl,7706,28e637e6d9f5052750aba8910f0eef6ddc296876f05c78dca93d7fca994c27ec,6874c809e2bab702f1e473b06547c9015345e423aca1a5ec8306b043f1df0a86,L3_severity_difference_same_safety_state,5941,1000,0.168321831341525,5.941,388
Alpaca2-7B-train.jsonl,6209,e97574480b75a4695f7141463f6b97ba3a7641016d58eba7b0bdbfb43e6d15e8,97e9dbd7ef94f6b947142d38a2f3b83995d47443b063b587a03a7cc86dc9744b,L3_severity_difference_same_safety_state,5941,1000,0.168321831341525,5.941,389
Alpaca2-7B-train.jsonl,18661,26d2dbc8413cbd7ec14de0b3cf7ebadf6733e2b84454aea4de912964f639bedc,64682866411a7f2787c29a70491ecd6f800798a113068cd9c45f96bd4108bfd5,L3_severity_difference_same_safety_state,5941,1000,0.168321831341525,5.941,390
Alpaca2-7B-train.jsonl,17048,8ba7121c8ac24ac913f369e08dbcc408eae3b8546e854715a1594e3a26515c42,ff3d45d3c6f889de16592ab090b75db558e0ccd50bb3f34a2f5a5ae84adf5eff,L3_severity_difference_same_safety_state,5941,1000,0.168321831341525,5.941,391
Alpaca-7B-train.jsonl,4795,2e1db19c4e603a200da10cc07442f9c8fe72450f15bbbb6bb943b1637b737280,e223879df77c6d6d11b6d3a2edb0593a7285b1f289454718ad2ce879b3c3a1dc,L3_severity_difference_same_safety_state,5941,1000,0.168321831341525,5.941,392
Alpaca-7B-train.jsonl,4216,9d4e1a10e3d17f20bd27002501928b1ffa6426f3f8236924a43c17f104117101,4354b3915212b4ea28b7f427c0533a6ef8734ca29e56958de8e71648385bf81c,L3_severity_difference_same_safety_state,5941,1000,0.168321831341525,5.941,393
Alpaca-7B-train.jsonl,7272,a9ff5b1a41e71c0d759be75eb8adda4578621ee870324850ce30788192a52b81,6029fdcde1fcbd79da74c098e50df59b700b6c7456ef3ac35c85786b24508c3a,L3_severity_difference_same_safety_state,5941,1000,0.168321831341525,5.941,394
Alpaca-7B-train.jsonl,2755,821846c298fa8df3e9fd1f8f14d8d9e9b42391d91c1c67553f4baf4c2bd7e437,9054c9ea3f9c86e6f7a34307d66ebfef55d0c96c2ceec3a5656d30c62fcdfe7e,L3_severity_difference_same_safety_state,5941,1000,0.168321831341525,5.941,395
Alpaca2-7B-train.jsonl,15278,44e9d61deb276e48d56ad8cb2b04018b790a9dcc59b413d76f48d6bf08389d81,628c792afd9f02bed1e767a552d4cd24cfa2bd5d4a23be5a987b03446ce68806,L3_severity_difference_same_safety_state,5941,1000,0.168321831341525,5.941,396
Alpaca-7B-train.jsonl,17402,fc779775bcd5d0067b1480beb9a407cd1f22f6f4b6a403d66f38096bef8d738c,d4d5a955c1ffc9896b11566c5ca3b52d322da31e67d88fc488980dcd3a16d5cb,L3_severity_difference_same_safety_state,5941,1000,0.168321831341525,5.941,397
Alpaca-7B-train.jsonl,14041,515ecce367320aa15ab826fdc2cb3cfba47c056ef37e9f31da8b9b905707fb16,c81ee0fc24d58d30dfed39165257597e5fc655d49baacacd7988ca5d7b5eb298,L3_severity_difference_same_safety_state,5941,1000,0.168321831341525,5.941,398
Alpaca-7B-train.jsonl,16158,cf2f82f13de3e11fa81900fedc6e1c59077d9f70bba8c7b06763ee961bb1e9b2,4cc8be08d41aad48386084171667072e2cc9cf5670bd921114db83b40557a7b4,L3_severity_difference_same_safety_state,5941,1000,0.168321831341525,5.941,399
Alpaca2-7B-train.jsonl,8479,60366db25af098aed31b054140a2769ca8b6cf9ccd35665a663f5824c2555788,8e4b767972235210d468b73afd58a078d301662576c2a98848c3c85a49cb037f,L3_severity_difference_same_safety_state,5941,1000,0.168321831341525,5.941,400
Alpaca3-8B-train.jsonl,16927,fd5c1925ed84a6f765f8783ad32d821118b206467b465c2327172677be4d3838,22f67e6366b06e59a80de3801079c9138edfbe0d67a5c9b0e6e11bdbe1b55f53,L3_severity_difference_same_safety_state,5941,1000,0.168321831341525,5.941,401
Alpaca-7B-train.jsonl,22543,e21a7bc7d512194c0fcead4e1e274247eb574889b03482c99cf999b0c6cebcb7,8e8a9481876bd1a7e7ea8d461773fe24387be7a0b2cc3b415f6d538b2d69a568,L3_severity_difference_same_safety_state,5941,1000,0.168321831341525,5.941,402
Alpaca2-7B-train.jsonl,22614,c8a396309cc0ca083a629d9071f05cf66c368bb9f4feb2467832ce8c47e1e8e1,d881b6d6bfa8383295e835d3408f33de73cbc12f49772370cfd7429923638d5b,L3_severity_difference_same_safety_state,5941,1000,0.168321831341525,5.941,403
Alpaca2-7B-train.jsonl,6845,b4d80a8420968c58d4062e914bfd9d0fdcc61b62a497b2521e36ad3a7ee6a7b4,cc3cffbda865346db9cda168b710344b7eb925c2d3023ebb14f1b3ebc9d2fead,L3_severity_difference_same_safety_state,5941,1000,0.168321831341525,5.941,404
Alpaca-7B-train.jsonl,26546,dbd7a2f25d35a831af50db4a5518a9a6b626a47276a493de6a2fb8783e2322c3,6ec362da16e601b87786adf7e76beaac567a95e730b30d39322856d56e78e02f,L3_severity_difference_same_safety_state,5941,1000,0.168321831341525,5.941,405
Alpaca2-7B-train.jsonl,13158,fa21f76ddc325933d9fddcec5c890d0eea35d9fcd56ce8af14d50e42e95b79d5,252545c9c22802a598ceabaea36ecd2fba476281ed057e3e14a0bec872638bd3,L3_severity_difference_same_safety_state,5941,1000,0.168321831341525,5.941,406
Alpaca2-7B-train.jsonl,2560,5ef98760049bd5aaf094aca74daefe303bb90af4486e9a43daf00cea3ff4aa03,ec4f25b17931166fb86a3fc834055111face24be13bc388b0fa75054fcc792b1,L3_severity_difference_same_safety_state,5941,1000,0.168321831341525,5.941,407
Alpaca-7B-train.jsonl,13157,119d75d6ac5f7b94f5aaceaf142d293e520dde4d19b762cf758ae974aad8e2a3,2ed13c2676ae16f2088b537b81dbffca488254882a95510e861562cda564b809,L3_severity_difference_same_safety_state,5941,1000,0.168321831341525,5.941,408
Alpaca-7B-train.jsonl,10812,650dd357060e1905ca49c161422fe9a7900e743c1ee937f201089de719bfa969,84d2a19c2e9c1f5c5363c093ab4e906505e991aee546ca6491d4680a52d7a9d8,L3_severity_difference_same_safety_state,5941,1000,0.168321831341525,5.941,409
Alpaca2-7B-train.jsonl,8522,0ea950ace14f00839422d04c0636f571a8efff1f82e43b4d302c2593ec356af8,f8b1de4f6a48a454287e76d4bb893b4237c8eba7b1594e7b2684f06900a12649,L3_severity_difference_same_safety_state,5941,1000,0.168321831341525,5.941,410
Alpaca3-8B-train.jsonl,18768,965f7c4071bb7cc16e375353a32b2aec88f7d3b108af8bfa0d7c1b1e86f3ca91,55ec25a94d21d4501e888b41144af131a11dc87a05bda38531e3f92bcd46917b,L3_severity_difference_same_safety_state,5941,1000,0.168321831341525,5.941,411
Alpaca2-7B-train.jsonl,7028,ba5bc19432f9ac2b13482b0da47d4e8d7ed52d849d43fa54ad12d7d69fc681c2,38bba3021c2793d5370ad0f07c8f5434fe513be52a6e220cc8f0d1f16e9f5110,L3_severity_difference_same_safety_state,5941,1000,0.168321831341525,5.941,412
Alpaca-7B-train.jsonl,3306,70fd74d64a7957cfd169613e7eb9c73aeaa411aa73669d027bd09fe50bffa1ac,c85c84d2b3f6670c0789bacc4287287847cae566ffcfbc1843c8c303c5dfd194,L3_severity_difference_same_safety_state,5941,1000,0.168321831341525,5.941,413
Alpaca3-8B-train.jsonl,8273,d3f18f6ae6ae7d55c8b9138be87f17f21ed90cc7f76984c65b5251e4ebcf09f6,0fce4ecd81e1e828434c484c9449f80ccd5b2482d4590135afe4f4e799903d2c,L3_severity_difference_same_safety_state,5941,1000,0.168321831341525,5.941,414
Alpaca3-8B-train.jsonl,1753,a8607377e770cf0daef418c4e36545738049844c15964acde8981c1dd99d2347,c67069445bcb8f0cdb4ee2ac96adf3682131a92ed924d225ec9725be0b67aada,L3_severity_difference_same_safety_state,5941,1000,0.168321831341525,5.941,415
Alpaca2-7B-train.jsonl,17026,dd9adeaa7726d3d5c377be1e1ae76a0855331da6f2df367eec3c9ecac3c4684a,4f7079f35aab677ceb7c6e2e303097e38eb9d3f463a328477b59a599169f1be0,L3_severity_difference_same_safety_state,5941,1000,0.168321831341525,5.941,416
Alpaca3-8B-train.jsonl,16395,b71f448fe86c10284725fe912d77c7581839ee4fefbc2dbd4a9c592520794bf7,fbfa48821414545b62a582b53ed1a68432e66ee90b466d0ab6272609db670128,L3_severity_difference_same_safety_state,5941,1000,0.168321831341525,5.941,417
Alpaca3-8B-train.jsonl,17865,587c42453784a64df5232768db56667b48a779a58a8fa89a25eba2b7fb3463ec,6e324704b65e42653bd2b5074ef69870504e3eae4d71d88d6be4470ff9071e81,L3_severity_difference_same_safety_state,5941,1000,0.168321831341525,5.941,418
Alpaca2-7B-train.jsonl,15166,7bbf4f8520c58c5b1490a5c7f2d4d885ddce1cf6b1f78c3f89ad3adcf9e66070,56703c188d94e02b15ec1bbf413ad90827888b055cd654b6de38babce5c1e58e,L3_severity_difference_same_safety_state,5941,1000,0.168321831341525,5.941,419
Alpaca3-8B-train.jsonl,17009,fa02b15c307495ad448adf1dd6d946bbf63b685de57a1276836a93daa543136d,aac9f3bd01de18ca1293b4100ec44c4ced27e4d6c77408f613cae43c73bd8d71,L3_severity_difference_same_safety_state,5941,1000,0.168321831341525,5.941,420
Alpaca-7B-train.jsonl,27278,c98eb5edc8bdcaaa628329a4563e5b25706b3c9ddb7d5c403e11bc1fffbf27a4,425bc3bc844c96a6c750b2fda74f6013b7edb8c1b55558a33b4151e7f32fbfe2,L3_severity_difference_same_safety_state,5941,1000,0.168321831341525,5.941,421
Alpaca2-7B-train.jsonl,17816,1f85641d880dad288f152ab488a786969d44ed44d4ece1a1ee554ef6059ff01c,6cdca8bf07599a63b655b131749a065c47e907981c1918a9de13bb3506a27743,L3_severity_difference_same_safety_state,5941,1000,0.168321831341525,5.941,422
Alpaca2-7B-train.jsonl,8146,79be19b3e081531662c30b7938fe85b61510deb5dbe0e19ed64fb36fac809ee4,0588241146172bfda7f24fcee62153bd0ef1e4d26cbf29686b2345f76a908c79,L3_severity_difference_same_safety_state,5941,1000,0.168321831341525,5.941,423
Alpaca-7B-train.jsonl,22413,33fca2e5658d62aba72a5a3ca16ad8c30344b65cb742aa0c0ef1a78dbb87fa69,b93ddc624d72102dbbd3c71a94366778dcab1ab21707d3ee0261bdf6fc7ec330,L3_severity_difference_same_safety_state,5941,1000,0.168321831341525,5.941,424
Alpaca2-7B-train.jsonl,24856,9717c4019cda99d4399c6631d5417bf4e349ff4fe2008d81bf02dfdaa2932079,d3d142cea263f482b7e0be9e9fe4d6b4667c3ab03a9da8c5497961857b917663,L3_severity_difference_same_safety_state,5941,1000,0.168321831341525,5.941,425
Alpaca-7B-train.jsonl,22429,aa7ed3dd144525cba858d93f910a05ea31d1b89f16b6d88e652a9db1a446e33f,a4a67356667aa7076e986e75419c5d6f2e06b7ccdea593aab6cd8fdcdf62a276,L3_severity_difference_same_safety_state,5941,1000,0.168321831341525,5.941,426
Alpaca-7B-train.jsonl,18989,689a8ec8cde0d63467e526766aa8255b609a4824196b893e1f561cb84d8d85d4,6f1a60a8a2a78ea072a3b11be1aa90a53db91905e60161ea2892061b3a63ff48,L3_severity_difference_same_safety_state,5941,1000,0.168321831341525,5.941,427
Alpaca-7B-train.jsonl,20624,33fca2e5658d62aba72a5a3ca16ad8c30344b65cb742aa0c0ef1a78dbb87fa69,38dd5cff6b19f6e2d5855b5b66c34722a8f34bd1888b30fdbbd9ca1848524e9e,L3_severity_difference_same_safety_state,5941,1000,0.168321831341525,5.941,428
Alpaca2-7B-train.jsonl,3916,7fe7396dff4e8a650dc596061ecca563c0776194d42764e4f744df6d51681049,9b9123b67635339e1257acaf42bcd8064847aa66732d13f39ab8df0691ea45a0,L3_severity_difference_same_safety_state,5941,1000,0.168321831341525,5.941,429
Alpaca-7B-train.jsonl,13189,cae2c6fc26b1c39aa6b41323dece719302c2e71f740a5a1dc58f907d1eedb95f,62cdb801ba06ae86aec84bea736e6c26d9a8c74028a93cd4cdb5f5e43241e8c9,L3_severity_difference_same_safety_state,5941,1000,0.168321831341525,5.941,430
Alpaca-7B-train.jsonl,5763,a23d360b6d5f223126b282fefbdaedce8c91073221c55286c2bf7314fa7ef153,076d5971107b9c1b095400659f9a27965aba0d20a447d2d57319a8e3a5b13135,L3_severity_difference_same_safety_state,5941,1000,0.168321831341525,5.941,431
Alpaca-7B-train.jsonl,23164,c4c386206823f743fd08e133e6e1ab6158d18dd96072a43e990b6162fc9f54f2,f8561ae118c01e08a41685d93f2da8d4b0b6aa2e52e28813f90517f10ed46f59,L3_severity_difference_same_safety_state,5941,1000,0.168321831341525,5.941,432
Alpaca-7B-train.jsonl,23614,9fed9c24eeb94b29bf5ca8e7f75a5b86bf03d82a6f1523fff71fa5bcbb7fe837,645c5ad8301b0170385e0242419d3ddd09d51d2ecfee945888701a881a0730c8,L3_severity_difference_same_safety_state,5941,1000,0.168321831341525,5.941,433
Alpaca3-8B-train.jsonl,18720,1789ac9908541b54aad3dacc495c37dccfa1cac8ff5e75bceabda14da5e4e1b2,642c9352aea4d93190ff8cb67b9c91978e2c7db565f8312bf7a376e9c8b4be73,L3_severity_difference_same_safety_state,5941,1000,0.168321831341525,5.941,434
Alpaca-7B-train.jsonl,4948,162cd9bfaadbcdb3796351e838210718a851f31e6b82c4b93c8e220525b42ec8,87c9ba843dc5d5491de17831cd4b089199fbc912019bf07568f01373de68f3d1,L3_severity_difference_same_safety_state,5941,1000,0.168321831341525,5.941,435
Alpaca2-7B-train.jsonl,531,c349c498e6b8b97257452c031dfa494a932e9990ce560d7d453edc5ffd6c102e,fa28742918b7a8fecfae346750ecca3359c8c2052ef5a9a57a4a8b5b706b4763,L3_severity_difference_same_safety_state,5941,1000,0.168321831341525,5.941,436
Alpaca-7B-train.jsonl,11929,7fb92a69e09639a486a0175012293b436e27d44dfcdf1d42f364c79816963e5e,762fb1f2ef2d894f4457a93364cb0f049790ffed672dba2867b9ee9612cea93e,L3_severity_difference_same_safety_state,5941,1000,0.168321831341525,5.941,437
Alpaca-7B-train.jsonl,648,57e146e0183fe68661308209f8ccc35e557e7b308488c30a959e2682933a2460,84c38e765acdffb7310584ea56fffa487d9f1900b5a4cccb315e43ad6034ba71,L3_severity_difference_same_safety_state,5941,1000,0.168321831341525,5.941,438
Alpaca2-7B-train.jsonl,15084,84d38bb1afb61b6a7d85ba16278d2c864c3b8b39bfbe867fd7db85586289ddf2,414b5a9df788a94d22805d8a711d062e7abe623ced3a21259bf4008e49509c98,L3_severity_difference_same_safety_state,5941,1000,0.168321831341525,5.941,439
Alpaca-7B-train.jsonl,611,64e6e436afa0b2d9aafb90f632e59bdc8d6b113a1553a53ebd6300a29e6bfb88,aad3c8e878a004e3d4bf25587262901eace11b5a102b8b3cacd32cf31fb0643b,L3_severity_difference_same_safety_state,5941,1000,0.168321831341525,5.941,440
Alpaca3-8B-train.jsonl,18651,f7c7e26d6e29e9f00ce858414ee49c3138aae1c8befc2212982787fe35e98112,84bca406ed16a5f1ec92b9d4441237b98b3386c6b3316dd6d21fc72c137025d9,L3_severity_difference_same_safety_state,5941,1000,0.168321831341525,5.941,441
Alpaca3-8B-train.jsonl,8621,51e51c8f655d84a62a02fa0a5617d3103e60145b221dfa6a30ba38dd7aec91fb,47a04cd116e179f917e68adac8dc04b9681e3887e8601c24921fb0bebb688baf,L3_severity_difference_same_safety_state,5941,1000,0.168321831341525,5.941,442
Alpaca2-7B-train.jsonl,11562,0d82e0e0a4d14d08ba35246e894086affa9e3c6db109d189f6c75243da03f880,8f1f1f7ded0ad557db0e1a70464867719122bb1842f8469a4c336ff813ca75b4,L3_severity_difference_same_safety_state,5941,1000,0.168321831341525,5.941,443
Alpaca2-7B-train.jsonl,25525,b94fdd1f5e4a200a065a295d0706c7595abbfe65c7ab0c2e6fda776b0ae60f9c,61fd1086eb940a072406a8cd32f80a7d27eecfbe4fcea45ce4e37f891c070c90,L3_severity_difference_same_safety_state,5941,1000,0.168321831341525,5.941,444
Alpaca-7B-train.jsonl,10336,fe802e6359ba2492abf90da0c2b214df701275650cb8115e199ee0230ba5a651,9c9404195d131d2192eed32e336bfa6b67127a0b62e807e3c0e52a87038aca12,L3_severity_difference_same_safety_state,5941,1000,0.168321831341525,5.941,445
Alpaca3-8B-train.jsonl,18841,eb54396a943613292cd1bb31c425bd4b115e5b72c106fcf36167baf49cafb4bd,e3b0e6b0f42e147846601fedc3d43a08ae01a96179eb6aab4b9caf222f9c908e,L3_severity_difference_same_safety_state,5941,1000,0.168321831341525,5.941,446
Alpaca2-7B-train.jsonl,3072,097428172cbe337b484f7c2dbfe93a2f4031ebd47ea71d1f8df74e92c1cf5980,516cbea393457ea8f9d200dab4c3570744fb970923d2e3dc1692745aa1504bfd,L3_severity_difference_same_safety_state,5941,1000,0.168321831341525,5.941,447
Alpaca-7B-train.jsonl,1007,d37042b82faf9cfabc3bcfca450e0156271eae6680a2cfd8df7fd41e7ae73fc5,71d310253213ab9aafee6c4aa9240f7e9825aca7b64c52ffa50c9ca5f5484a70,L3_severity_difference_same_safety_state,5941,1000,0.168321831341525,5.941,448
Alpaca2-7B-train.jsonl,6575,7444f66ef958ec1326c57c14733af74145783354aa8258ad642bc97b63a1982c,b20a517a2cfaa4cb3775dba635c6e0239d8b27be2af37427feabfe39029e67d5,L3_severity_difference_same_safety_state,5941,1000,0.168321831341525,5.941,449
Alpaca-7B-train.jsonl,2680,4d1afb53de96e2d0fda5bb0a551278acd54d28b78f549b8304958ac2ecad2f60,ab1d2870f9680c71b3655bff12d0e036b6eb25848a8fb51b525503495cec5044,L3_severity_difference_same_safety_state,5941,1000,0.168321831341525,5.941,450
Alpaca-7B-train.jsonl,16988,4f4ab82de696b6a8ce6e1b1f73d37679549d8b8e8b49dbae075f5ea329073119,f1256a8c4b71f3282488f3894f65ed8dcf2f4475cb441258c17c90b2d5240c30,L3_severity_difference_same_safety_state,5941,1000,0.168321831341525,5.941,451
Alpaca-7B-train.jsonl,4383,3823edf475e707222ce7d2bf033e2726a256cff14db039fd4aafab3653aec1f7,5ef034eeecd4d33fd23177f7c7e6d2e7cb165356ba47f5c206aafe6cf847e1aa,L3_severity_difference_same_safety_state,5941,1000,0.168321831341525,5.941,452
Alpaca2-7B-train.jsonl,14611,a59b373e18d07cc1d128e119652d3e9aef78db8a814be5f21fe1b04038243cb9,45a13d6fd1792d090a0fb2570104cd70cf4c5f099d2a82fde0448e60796ca35c,L3_severity_difference_same_safety_state,5941,1000,0.168321831341525,5.941,453
Alpaca2-7B-train.jsonl,9797,ac962599cf47e069b2d33e3f8ebb04870c48fa74f450fa3e801434b0e073ae47,e79eb5cd42561e7b94e637a6309e1bf025e8b71a47170dc4fda2fbd72d42fd63,L3_severity_difference_same_safety_state,5941,1000,0.168321831341525,5.941,454
Alpaca2-7B-train.jsonl,7722,755fb959efb1e7c84ee4113335d85d01c397cce303350afa96e547ac6ae53468,86c3d86f3b9365982e593343ad89bc82726fe099965666edd4dd8095815472d0,L3_severity_difference_same_safety_state,5941,1000,0.168321831341525,5.941,455
Alpaca2-7B-train.jsonl,12162,4b111ece10ba5a76f9adc9a96877331ca58b26f45c7c002c61949e8b6005a33b,1700cc059a92348c8fca0f8411be482499193db0ea0fe1463f93acde5bf16ede,L3_severity_difference_same_safety_state,5941,1000,0.168321831341525,5.941,456
Alpaca-7B-train.jsonl,3454,5d30c4040da9964e0ff61d922f63d75db74d0a24bcae881dca84de744c8bb0ba,b8c32dcf5d5c13483184386048ae065157d5db7a2100df83c8be0e596bf70da4,L3_severity_difference_same_safety_state,5941,1000,0.168321831341525,5.941,457
Alpaca2-7B-train.jsonl,21319,abadeee2832c8f9831a88bac3e1c3677a4eaefac4948698b47d66de038c547c1,3e13cf3365fd5d54bba44275f0715dab7b9c3dc4a8d99f52a4792225e10457f2,L3_severity_difference_same_safety_state,5941,1000,0.168321831341525,5.941,458
Alpaca2-7B-train.jsonl,358,08b15392ffa54e92c645e21608e422b68049c10e4ad031c87ba035788aa2ea31,1f85945a917d7a72aab70418617ede9a85f9e4d44ba83499e0311d578082ea0c,L3_severity_difference_same_safety_state,5941,1000,0.168321831341525,5.941,459
Alpaca3-8B-train.jsonl,15611,343047e47dcae0b143645e9b70cbe0e8e6e91eb8508877451c4c9a0fc139e217,9734a49c176533d0b54d4ddb7c32eb51ad5525eaca88aede96e384428e349651,L3_severity_difference_same_safety_state,5941,1000,0.168321831341525,5.941,460
Alpaca-7B-train.jsonl,10808,7cd367974cfdc10bdd8f100f6eda9caaa14b8afdfc4df84b4279f6cc9269e9d9,09dc462c13669d78ab764bd12203058a877586b27b0ea2f8dbc0faa1ecc4008e,L3_severity_difference_same_safety_state,5941,1000,0.168321831341525,5.941,461
Alpaca2-7B-train.jsonl,18031,6f705afc6308a13d227901eac17619e7dabe625c3d4cd6bd878b6402776b4627,65d525640289be8df0eb1b98ff2973b101d3d0a75e92bafd7a39f840fd54c823,L3_severity_difference_same_safety_state,5941,1000,0.168321831341525,5.941,462
Alpaca-7B-train.jsonl,17526,6928055a57f9714f3177f479e89858db8eb3f50e30bcf3bbdd0d87402402117d,633d67d7900cda4ff711ccf298b28ebb630f823f081439c90fc16f1b10d2288f,L3_severity_difference_same_safety_state,5941,1000,0.168321831341525,5.941,463
Alpaca-7B-train.jsonl,5559,7986103fd3629a10ce1da2ffadd3bd70dfd352455b62ea72f90a3cc2181a1a63,adf04d0a369a9c9be3c722cdb82ef9cdfaf530914d12af0c623dec89c6368cc5,L3_severity_difference_same_safety_state,5941,1000,0.168321831341525,5.941,464
Alpaca-7B-train.jsonl,8137,649998d9f8178360270938f9205391c34d96a24791d3961574ace9b9e2860f41,5c5352152f5ac66d1ec979ad9615f465d9928c9689bc2ea5bb9647f14b9f6ef5,L3_severity_difference_same_safety_state,5941,1000,0.168321831341525,5.941,465
Alpaca2-7B-train.jsonl,4372,bccfd31b1893720be0304e12cd658f568d90444665d373eb5e975ad6c5ddc55a,599b3db8455d2dae5dd8c20e9de3e20aa8fa9c1a5ea7d29405556caf03ba5082,L3_severity_difference_same_safety_state,5941,1000,0.168321831341525,5.941,466
Alpaca3-8B-train.jsonl,5255,1d79deb9033b6a4f25907d5c956b7142a0b729eba8c592618e5688ed013310e7,7e5f1cb270d4bcdaac177b42e5fef42252d7be9762fda6c626b86dd5722bce98,L3_severity_difference_same_safety_state,5941,1000,0.168321831341525,5.941,467
Alpaca2-7B-train.jsonl,7050,117e1733409b151eae103c6ede5663c8f099f90d760b4b3960d5f0ef95704e10,07513b085f27081f1b23b48a3f887a604b08f78a7116a0af73964d80085a8c13,L3_severity_difference_same_safety_state,5941,1000,0.168321831341525,5.941,468
Alpaca-7B-train.jsonl,24217,4ef9aa3bd5f6fb392ce9a4c144a87db90b98854bbfd6ac405e9a453e810eab86,c6463f507e0aafcedb442e429dae8ae740e73265abccc47ae712d645ebbe6187,L3_severity_difference_same_safety_state,5941,1000,0.168321831341525,5.941,469
Alpaca3-8B-train.jsonl,3473,08040e33022248f8815ad6220ed6621c15a89d31af53689349e2a7142ce998ed,3b127f6faf7b5edfdd309803c9ab422e327426bdf05793b7aaa28c6728580161,L3_severity_difference_same_safety_state,5941,1000,0.168321831341525,5.941,470
Alpaca2-7B-train.jsonl,15951,2ff448f4848740a0dbb60d86fda0d6db2003818ea93b371c8be7cbb4d909fe91,f19d6aebbcb404b8451994372a28ef8bba81128ae8d420053dec14854d9d173e,L3_severity_difference_same_safety_state,5941,1000,0.168321831341525,5.941,471
Alpaca-7B-train.jsonl,13518,0e9bcc078dfece5b9ff7ee514fca54551516b98936fb8fc5039dfd489d73ae90,839d7d7fe99635854709ceb5bd78f3ce7d21b9987e2fdbb3a2f80f9b446336c0,L3_severity_difference_same_safety_state,5941,1000,0.168321831341525,5.941,472
Alpaca-7B-train.jsonl,2323,e48ad11e6e8281a747d4f6295fce256e39f3f6e50b08542715c71319e0032257,369934350eb67641c6672ca53d7ad9dc9cfe0aec8826977692f26b8c31c1f961,L3_severity_difference_same_safety_state,5941,1000,0.168321831341525,5.941,473
Alpaca2-7B-train.jsonl,8327,68110c93bba61d501939721613b9acf8e937013bcce935671bf28a72f6614195,3977eebf246a5d702d430c8187346df9ae1c192b15c5bb60dd079175d232c602,L3_severity_difference_same_safety_state,5941,1000,0.168321831341525,5.941,474
Alpaca3-8B-train.jsonl,132,ccea5f42c39d51a96bc75a7ad50e18b96de61161d6ee58bee6f138fc3fe8845e,605f878b710f939f0f34a12a89b5b25b2952f86580bddd44d5950bc77a2f484e,L3_severity_difference_same_safety_state,5941,1000,0.168321831341525,5.941,475
Alpaca-7B-train.jsonl,4973,23d4d1cda29175725e9f433bcb3b1f10ac07393d88734efed90ab05c9c3882a7,bfe306c94490f9c5c1e63b95b5da422fc5a3c76d3d8045f06126d73a88933d2d,L3_severity_difference_same_safety_state,5941,1000,0.168321831341525,5.941,476
Alpaca3-8B-train.jsonl,11878,f1d70b48dae500cf75e38f92a22b1af4fb01a4b8ef446b793c8f7fe250ff4b2c,4c8c5c8887a0b8a38db2088ab92e3dae974685e7749c835f8f102e5086e0fc4e,L3_severity_difference_same_safety_state,5941,1000,0.168321831341525,5.941,477
Alpaca2-7B-train.jsonl,25117,074fe9dd4075c678b942dec367c2092f9ddfc751e1f7a346979d886caf69df7c,68a8c8ada525cad4c111d37dc39a2fcd2364bac1df2b48da7b5df0b4f28eeee6,L3_severity_difference_same_safety_state,5941,1000,0.168321831341525,5.941,478
Alpaca3-8B-train.jsonl,4316,dbede0facd7b157daf1e7f70009a5b019530c339d378ac267e038f57011ab215,735f1855c27ce706dfe45fa8fbed946b2b0a78b0ce01fe5465af1495ce6b996a,L3_severity_difference_same_safety_state,5941,1000,0.168321831341525,5.941,479
Alpaca2-7B-train.jsonl,7138,6db996f651d2edf9396e625143216bca399e38a8eb43dc4f6cefa7f7d5622c04,8fed43f31ca862e83521da4b8046fe1c8f69f4db29c12f6aef3d9851af69ab1c,L3_severity_difference_same_safety_state,5941,1000,0.168321831341525,5.941,480
Alpaca2-7B-train.jsonl,12147,7f106c2fecb8754a3009d12b68c0733a11e8a7c2f9ad4289d924d2fe4b72dfb4,d9fb83a6790211d582547b9ee81cf99ee237bd413f59a57cb0532787a79ae818,L3_severity_difference_same_safety_state,5941,1000,0.168321831341525,5.941,481
Alpaca2-7B-train.jsonl,18655,fdb6b3e618c966c252abfc4b24287ef9c66601ee8f25de96fcd38a9e163ea63e,d243b3c2cf5da5f7e2e39b2eed911fba1ea7eb6f5630b24c7aee22b61467b1a4,L3_severity_difference_same_safety_state,5941,1000,0.168321831341525,5.941,482
Alpaca3-8B-train.jsonl,2449,14cc4efb026886fd00312f78be83e21c70387bf98ef963833eb62aada90a3e01,4196dc486958ac794b8ed9698077312eba06fcf790b5baa88d877d18f85b4244,L3_severity_difference_same_safety_state,5941,1000,0.168321831341525,5.941,483
Alpaca-7B-train.jsonl,7314,e95151e93a9bbe6473c4b1acfedc010b59654f750a3bb464980214963074d57f,ce70f6674aca13eac23a40d7f3025612c75c681ae124af62f490881f7a3d58f4,L3_severity_difference_same_safety_state,5941,1000,0.168321831341525,5.941,484
Alpaca-7B-train.jsonl,15809,e5359b575651b692ecc7d5421b8c629436bc54b433e18ec85209b36cf03f38d8,df3508d43f6cb8b5037076e9027bf498ad65df7a4baf9b41df883c75cb003f12,L3_severity_difference_same_safety_state,5941,1000,0.168321831341525,5.941,485
Alpaca3-8B-train.jsonl,12209,c358924e7caed1d475565dc8656320fec1ba7a69a8d30405442972360f03fa81,4178a62348a895125fa61f64aa8466e5b00cd1df91547511f35f128f35deb4a9,L3_severity_difference_same_safety_state,5941,1000,0.168321831341525,5.941,486
Alpaca-7B-train.jsonl,12843,6cc8982a22efe70e9a4fe62c975f605cf68854388ede3c62c6a67507ddfb3158,b1817251236ec7e9f7da3d3d6ebc414ad0f0191eabdf4a1d8d9484177966be61,L3_severity_difference_same_safety_state,5941,1000,0.168321831341525,5.941,487
Alpaca-7B-train.jsonl,22742,430d27ea51db2994024ca45cb4e64c5007808ae59d29b927d21e29c84ee79528,88d048548aa9d9d3a7d9c96ba80eb133e2315d35669531c9318df8d1328f09fa,L3_severity_difference_same_safety_state,5941,1000,0.168321831341525,5.941,488
Alpaca2-7B-train.jsonl,12652,27cdf8a2aa591242996f4cad81a85d2abbf45970e6fdc7d46d952b36f09939c3,580a4defdc15ede055b05d2f56633a40ef2e90ac68b758554a3515407438eebe,L3_severity_difference_same_safety_state,5941,1000,0.168321831341525,5.941,489
Alpaca2-7B-train.jsonl,21333,a7888dbc8b0eec2188d5fe7587a06d2c528dc8ce322556bf586a048ad8f74388,ea9428205c4170e9e1df21a16573c1d96764c06636b95116575b19df03164d3e,L3_severity_difference_same_safety_state,5941,1000,0.168321831341525,5.941,490
Alpaca-7B-train.jsonl,21922,0ea42f6b10e1d5ea466a7c782a4587d2e14e6843a6240b8748a5fe497370e493,1792a11cd0773622cfca7b17dd0b5a277304509129328473bd7601cc96fd09d1,L3_severity_difference_same_safety_state,5941,1000,0.168321831341525,5.941,491
Alpaca-7B-train.jsonl,4593,14b32f5fa67612da8019aa2a26807c9e246c920f11f06b63b2f2bcb26c9dab41,2447eeb7f490f2432ca48f2db437b3e456888eaeb386be2b4c41ddcde530b1d7,L3_severity_difference_same_safety_state,5941,1000,0.168321831341525,5.941,492
Alpaca2-7B-train.jsonl,12731,9f21e30d3d6aa47a1988c72344e245f4f20b499899cd8098deb95beab7be732b,7f7d7494d1ca3694202396d81f4f753431f3cbcb5234d930620227689b67abd2,L3_severity_difference_same_safety_state,5941,1000,0.168321831341525,5.941,493
Alpaca-7B-train.jsonl,21683,6e744847ea2b06801fa16033f2f2b968088abd9a04c7355dfd3d2f5fd6f1606a,e9d756af54156da9b2d550dc1e79161c32472c4bd78c3a9e88ffb9da1ed04ed9,L3_severity_difference_same_safety_state,5941,1000,0.168321831341525,5.941,494
Alpaca2-7B-train.jsonl,7646,32f34ad784ef14c9f4e2f085da33f728f801d1bef33983b2f5a1ef4c853d1c33,b93ecf34214f0a8482787724b2b4daccf5cda48c92a53215c94c93604746e4f8,L3_severity_difference_same_safety_state,5941,1000,0.168321831341525,5.941,495
Alpaca-7B-train.jsonl,13431,7d45218297b12121e97b5b07dd7b7fb9f1f4d3b155c1e201aec810d699c928db,b96b2a428e3829cb43aa1dc59c6d0ef099318f093b212aa98627d96f69a35731,L3_severity_difference_same_safety_state,5941,1000,0.168321831341525,5.941,496
Alpaca-7B-train.jsonl,1641,e61fc9a7a3991501e833dbc07dcd6274765268e7f97212214b11964d8c4144f6,8e4a4b764a722140a9b9a31a39aafbde05ef3be8b13920cd8cb4c80f5bcfb221,L3_severity_difference_same_safety_state,5941,1000,0.168321831341525,5.941,497
Alpaca-7B-train.jsonl,16359,ba1b3cedf06b5df6c9fb912734324ae13c0eb0b278402ad7b82a89121ab771a2,8449e837120df0ba64af6fbe43ba9be3a1b4782ef24766eb539c4bd198b87ffd,L3_severity_difference_same_safety_state,5941,1000,0.168321831341525,5.941,498
Alpaca3-8B-train.jsonl,18128,238c65c9d4c623abcf2a97d25e79f89fc4c721c708f4caed99aec623c07972d3,8c58912be3919fbf4a058eb9454f0b78c9a9c483d80d912ead72bc77ae806c7a,L3_severity_difference_same_safety_state,5941,1000,0.168321831341525,5.941,499
Alpaca3-8B-train.jsonl,7080,e9c8fd9ab3b26f70413667dc106b1745550ba458c8f57fe05705ef0db08264ec,2045415a7c89c885d8d704b2ba90dad2586d1c2226ff8c93836079942ffaeb1e,L3_severity_difference_same_safety_state,5941,1000,0.168321831341525,5.941,500
Alpaca2-7B-train.jsonl,22751,9717c4019cda99d4399c6631d5417bf4e349ff4fe2008d81bf02dfdaa2932079,e2e7b1f847b2382cf6afe309e7edae9d8199a8c8af4696c1cb14cb40cdf61193,L3_severity_difference_same_safety_state,5941,1000,0.168321831341525,5.941,501
Alpaca3-8B-train.jsonl,3412,2da0f0c68ea0b2290dbb04a53bd9bb2de57e2aa8faf7d71e9b07b8fcc3edd662,8f7063b1e562d1bc7aa9cdaa0ce1ef7396e09de6a6ae787eafc9a414d566cc8f,L3_severity_difference_same_safety_state,5941,1000,0.168321831341525,5.941,502
Alpaca-7B-train.jsonl,26881,5275876d61bc9b69cbaaf660463c81c50bb9056456f0d0fcbcf74aa74510f0a8,b73b2268c8a1ea0067aa2826c3e778414ca929e3357281759cb420807a83eaef,L3_severity_difference_same_safety_state,5941,1000,0.168321831341525,5.941,503
Alpaca3-8B-train.jsonl,9123,bfa34b5a89ae58292e9818b20074995815123520d90a179ce505c61c025a1dbf,08dde550b4660d481db20d7156c2aa39f9ed6cf0d9118edeeccc030c9de03548,L3_severity_difference_same_safety_state,5941,1000,0.168321831341525,5.941,504
Alpaca-7B-train.jsonl,16237,582d9e3063c1034dd4d6499676799df9656a3cc93067928f0cbf5b031073c6fe,0afd8805bdaf81feb59e8c2269e6d401d7fad624aac8b504853d9346a569cb95,L3_severity_difference_same_safety_state,5941,1000,0.168321831341525,5.941,505
Alpaca-7B-train.jsonl,20196,ecf2aa48cc85078d55e2ac7c9103743dc1f4c605a0f23bbce29fb5953af683e4,f8dc37da55d1775cab57bfe40204e717ff07fd3cd77b956e4ef6e07f948b8644,L3_severity_difference_same_safety_state,5941,1000,0.168321831341525,5.941,506
Alpaca2-7B-train.jsonl,6665,3aaa2084358d9f8ab851e462a55bef248e10548655ca1fb661b90bc49349ed4f,13aa17a441e4ea4182efbaf8b2877bc47a47561202c4fe45df97174a3a1d3d96,L3_severity_difference_same_safety_state,5941,1000,0.168321831341525,5.941,507
Alpaca3-8B-train.jsonl,17309,ce0987d78b86b51d551ee8488f6aefee5e8a3f9b311788d0e572d1539cfd7a4b,e9047c80d149e128fd9abac83e9d7041493aca97444590ede931aa1ea2ed66ec,L3_severity_difference_same_safety_state,5941,1000,0.168321831341525,5.941,508
Alpaca-7B-train.jsonl,5542,de0dfc02c1d6423c2f74fdcddede6262563495bdcb34bc77f8a383096959d620,ef038da834d2bdf759c0d021d83d261676bb775234e695626d4d89921bf8dbc7,L3_severity_difference_same_safety_state,5941,1000,0.168321831341525,5.941,509
Alpaca3-8B-train.jsonl,8613,a1404bd721dc03a9b3fcb2f834487c136d9ffe160407ccb72479665aa824df63,698bd570dd0f0b209778ad8335cf16a6517aaac7f68518f454067ec3a40e0190,L3_severity_difference_same_safety_state,5941,1000,0.168321831341525,5.941,510
Alpaca3-8B-train.jsonl,1893,ffa6ca80ae1d375e6354c859df16601e702ac2f8a0d213647ba59d35d179e49f,3524b3b00cdc2b5f79822aeff3791437d33c6dc3cb0655048e2c6b86b4e0d96a,L3_severity_difference_same_safety_state,5941,1000,0.168321831341525,5.941,511
Alpaca3-8B-train.jsonl,15751,445f90f7848e189a91166136ef1c28df73bb629514d56cc2febba1d7f8592e96,6ae4b748832c010ae6b7f1124b235ed999f853f70feb33607229d29de0330787,L3_severity_difference_same_safety_state,5941,1000,0.168321831341525,5.941,512
Alpaca-7B-train.jsonl,13834,6cbfd18ac8f12912a22eca0daa26bb90e3c9d6cf0b84ea30334237d282f0a077,6484df6468623d671bd28253585e1c252db0ee970ef19d24ac176e5e2d595a8c,L3_severity_difference_same_safety_state,5941,1000,0.168321831341525,5.941,513
Alpaca2-7B-train.jsonl,5926,a4864111fecfdf6bd530355575342297ec27e27a4fe485f9d01895516ea6400e,e77c27bc661fa352ec3a71d5cea13740df0ede3f52ff7697bfe09c3affab5257,L3_severity_difference_same_safety_state,5941,1000,0.168321831341525,5.941,514
Alpaca-7B-train.jsonl,5656,823089f8c28b67b9ca67aa784804fe13582d70987bf05377e8e9778471f9d758,db283e597e4491ffe7e4e5c56ef6557359602dccb589a257ac9aa391dab5f796,L3_severity_difference_same_safety_state,5941,1000,0.168321831341525,5.941,515
Alpaca2-7B-train.jsonl,7563,ba5bc19432f9ac2b13482b0da47d4e8d7ed52d849d43fa54ad12d7d69fc681c2,ca77dbbec16b00a895e47a93a3745ebfcee523b808e355dd24f1854b6a437dc4,L3_severity_difference_same_safety_state,5941,1000,0.168321831341525,5.941,516
Alpaca2-7B-train.jsonl,19216,2984d65e3ee5f468dc6ee0ed6db19618668f410774488baa9abc64c56d25f748,23f30572181c028de98ddec1629289615a7a3abc1adbb20f3f7ccd9ac9104a78,L3_severity_difference_same_safety_state,5941,1000,0.168321831341525,5.941,517
Alpaca2-7B-train.jsonl,6018,a0e892e2e38efa26e1c16815a1467ee5c4fde1910e089217babbc310ba9ffae6,bc37231116ffebedcd96c77ba6c0141eb0b61a629550814cd0eb7e0de4def07e,L3_severity_difference_same_safety_state,5941,1000,0.168321831341525,5.941,518
Alpaca3-8B-train.jsonl,6807,e4c845155e462e91a36b0bf29131d79e129a37c0fca8e23397c2c1aea2e8f242,63c09ffbe3f99dc4e13b328bee382e284ef3efbd8c049c19e18addcfde34642a,L3_severity_difference_same_safety_state,5941,1000,0.168321831341525,5.941,519
Alpaca-7B-train.jsonl,13975,60260ff10caa526e92b523ba3ad448c0a2ba542ba0cfa621736965eb28aa5c70,5eca3db5a48160853d9a1c49a80cb877030fb5dc96f087eaf6c95735c48fe033,L3_severity_difference_same_safety_state,5941,1000,0.168321831341525,5.941,520
Alpaca-7B-train.jsonl,20600,243cd7ef55e72afac57e2559cc60bcc25673446c7386248fc47995ca4abc8d30,ad4514479c5a7485715ba792036efa793ee87cb6e8da5e6a7460a6deb93a5796,L3_severity_difference_same_safety_state,5941,1000,0.168321831341525,5.941,521
Alpaca2-7B-train.jsonl,8814,e0d6d6883867c5f34b2af8fa04e8b7c314ea74922190ec74e261cb9a2ee3ba03,ae54b964fc2a7377d926b4c167da113d5dbc9b25304517ee36e276d2b62f7f3d,L3_severity_difference_same_safety_state,5941,1000,0.168321831341525,5.941,522
Alpaca2-7B-train.jsonl,9268,d6e24fc0d1da335f79ce3479118c13e2ef8980960b45a016d2fae7df8da752f2,335f26f26db718302cd782150291b65be4d8c418fd561e262d47bb59f5e5e02b,L3_severity_difference_same_safety_state,5941,1000,0.168321831341525,5.941,523
Alpaca2-7B-train.jsonl,341,a007e5e496dda9074e2377896174c83c1b7bfe0ab28f10e6d31095dde90898b1,c1a8fac85042ae8c398ca914bcfe519486c68969bf7b701fa910d9883425954b,L3_severity_difference_same_safety_state,5941,1000,0.168321831341525,5.941,524
Alpaca3-8B-train.jsonl,6549,eae213c157956fec9b015b05720d638b9bad4b39460b03b222ea5730648dee19,d8c4202a344043a7696ba72b7822a79cfcf0b8061acc76546b62a41a444ca933,L3_severity_difference_same_safety_state,5941,1000,0.168321831341525,5.941,525
Alpaca3-8B-train.jsonl,7675,2a441311a11c3969f2edcd2d0b2ce2b33c949ca50475b47ffd1e24791d46c4f8,dc7a994d2909ecaf8791ab514b65d9fd41a2b2fb4182418a1dc0ade58e70b1ae,L3_severity_difference_same_safety_state,5941,1000,0.168321831341525,5.941,526
Alpaca-7B-train.jsonl,2845,fb863fcade38452628a47b62946b9ee0ec3414b9afd32d91c09b015935c17652,5111adf958ae5aae66de170cb3b5cd5a189941f0a547d126b437c8e562eb79d4,L3_severity_difference_same_safety_state,5941,1000,0.168321831341525,5.941,527
Alpaca3-8B-train.jsonl,13880,e7b396e6896456afb9fcfa2fcd9b75955534afd87188985a68c13f07d44f30ff,28bc3190da5c2c7507bb233efffabc6a3c11e67a5ed4162a8bdf4ddf462553bc,L3_severity_difference_same_safety_state,5941,1000,0.168321831341525,5.941,528
Alpaca-7B-train.jsonl,5328,94ff05a2548c13f5902cad77844f85b42d180c4a349a1e32145c125d2068e317,6b230c19b737d0627dda13c85d376a8eb94856dcec5ffdb627b9e680e4a3f4c2,L3_severity_difference_same_safety_state,5941,1000,0.168321831341525,5.941,529
Alpaca2-7B-train.jsonl,16593,144eba47ac7e6930d5b935448020583b33edb0f8bbf41bc3e8b9d0ce18a137cd,f2753b0ccb6fb3b3a7af525bd9f5825d878889272abf70f4b6adeadc4991476f,L3_severity_difference_same_safety_state,5941,1000,0.168321831341525,5.941,530
Alpaca-7B-train.jsonl,20627,5012ba8481aa05f818e505c95c9fc66c1807a218bb7eeb470409a36f111df271,14e6ac5d8c88ac7c43a3e6d8adef65578156d9120c239af45d58ec85f6e35eab,L3_severity_difference_same_safety_state,5941,1000,0.168321831341525,5.941,531
Alpaca-7B-train.jsonl,9822,aa6fb08d0ab794dced770d1cfeba83d46e86210644b2c11c048a6a602d388f16,ff44709c52efdd364b26102959fadbf6ebd397c64c24ca87e530af7f61fde47e,L3_severity_difference_same_safety_state,5941,1000,0.168321831341525,5.941,532
Alpaca3-8B-train.jsonl,9671,bd317de5e561dd87297d4b046d4c43fc5ab7ff9e3f5187a712ce6db1d3e180bc,4490bb4cd6270ad54af773b0e42125b6696ac6a41a4cb37e51a7996e3cbf1a62,L3_severity_difference_same_safety_state,5941,1000,0.168321831341525,5.941,533
Alpaca-7B-train.jsonl,10705,fbcf6695a1c13d487385c42c2a8f76eb32e8ab3517c505e905953a4aa9bd909c,a5231ccd5bd3040d785aabeff77bc47674fe004409fb2d571db059117448cdb6,L3_severity_difference_same_safety_state,5941,1000,0.168321831341525,5.941,534
Alpaca2-7B-train.jsonl,19802,a139bcb6a8b1bcef950d4f015ddec5b6d096fcacceaaf06f1c542dcdd780ed0b,cd15ba68fa9e3f7a8879b794cf229a56f4f5a4851f7a8f20936fb38817bbfe83,L3_severity_difference_same_safety_state,5941,1000,0.168321831341525,5.941,535
Alpaca3-8B-train.jsonl,17833,0fdfe11a68b0f5e4561114b0c71abbab2f75f59d6e1a168778356eb205e9b27b,e3ea87c76e93988485ca3b68a5bc0d1e755b966184924aff3d6fec4b6a2f809f,L3_severity_difference_same_safety_state,5941,1000,0.168321831341525,5.941,536
Alpaca3-8B-train.jsonl,10586,e779634ee949f5a6e8d859ebf7c2ddd867760d7995b2e22a8b992b3973b14d46,5f157caaa8d36e4592f1b685ae5e3e60a4e29821e901c6581c46aea65baf64d0,L3_severity_difference_same_safety_state,5941,1000,0.168321831341525,5.941,537
Alpaca-7B-train.jsonl,6265,33d1270853892cdc0a9f6879529b8c31f845bbe18686fa532679baf2cab33951,265cb22b6f56fb481c7bb33607d0e5be853c757fca9401de0e63e0036477faf2,L3_severity_difference_same_safety_state,5941,1000,0.168321831341525,5.941,538
Alpaca3-8B-train.jsonl,7786,7ad732091cdc61b9499d466ecb9247c709c1360ecd130fdefdfcda15449f07f5,8fc76a24fb3cb55e42a4971697a032470825c9cc1de2f80d4a56faf136bfe547,L3_severity_difference_same_safety_state,5941,1000,0.168321831341525,5.941,539
Alpaca-7B-train.jsonl,23986,86f27c253ecb6af6d3b6ff21c3ac4dce701666c4084764528d9bbaabe3e0677c,335e4e6396fc36b057e7577b898166352ba6d1f44ee6f1a6f45db872f5220a15,L3_severity_difference_same_safety_state,5941,1000,0.168321831341525,5.941,540
Alpaca-7B-train.jsonl,11617,1a0443b2e6defe259d51abfc106730540cdbc19c96688efd1604d0bb799b021d,feed2fc001fdaff0130148d2e3c083dd60d0da50a83385e8bb93f3abad656a4f,L3_severity_difference_same_safety_state,5941,1000,0.168321831341525,5.941,541
Alpaca-7B-train.jsonl,8411,0a1979befde7c061abb887f9d363ee4a420e91e18152d3ee6c97cfe54ff498ff,f389b8dc79ff2ced0c43f329f89c58bded7630afb25966e22e06721c0ccea9b0,L3_severity_difference_same_safety_state,5941,1000,0.168321831341525,5.941,542
Alpaca-7B-train.jsonl,24662,c916020e87f233d4bb9471d97474ccd769798a380c4a1824c30e43bd6548f23d,566f502aece2cf33b26dd8ff3c87fdf7b652f6ef44998ecf60be31fd24c93663,L3_severity_difference_same_safety_state,5941,1000,0.168321831341525,5.941,543
Alpaca-7B-train.jsonl,11739,30c1a926b38d66bde0153e37634dea50a9116bb1d1d16dc8076e6f7c45b47934,46af3abe4101bfb2ec5444bda45ce1bf0fc2b6073f4077591357fcd714ea5854,L3_severity_difference_same_safety_state,5941,1000,0.168321831341525,5.941,544
Alpaca-7B-train.jsonl,2825,2d0ca04b4888269666d83e0e52e5f80a70d83b515602fd32eec73ee47365283d,5f877b0bd2367193374284c0d4b2d6beaba3fead69d8c62a886d640dcc17c0df,L3_severity_difference_same_safety_state,5941,1000,0.168321831341525,5.941,545
Alpaca3-8B-train.jsonl,19697,e0ee6529ed44182b673201390005cc0bc393c3ce5c98582f764e67ae76b21d8f,6f86d21aa871f20b017fc042a386e34ed3fcb5300693abc72d11f0350a92ffce,L3_severity_difference_same_safety_state,5941,1000,0.168321831341525,5.941,546
Alpaca2-7B-train.jsonl,15691,5a774d68466e0aa3a5eb3cc130a234ab9a4f45845f0d1660c56555565b24859c,5edd15647cda29b04fbe1f91a5b87348bbd6e522ba21c0e4dc49f831f9502e01,L3_severity_difference_same_safety_state,5941,1000,0.168321831341525,5.941,547
Alpaca-7B-train.jsonl,24715,ca6a22b23592bccf68ba93b18bb77bd07d22b9c532f9d9e117a79acbc0aec733,d6369f37a12d304cf9562b73701f739d570b6c75d2fe818a2d21132e3a05b7ce,L3_severity_difference_same_safety_state,5941,1000,0.168321831341525,5.941,548
Alpaca2-7B-train.jsonl,4863,5e06a838a479028aa8d32a8032ecd997a2c3d3e588e137a95c0e563d5353b549,69feb3c384e11605d2032dd0095adb21cddd12b4f8682ecc95343248fbf74380,L3_severity_difference_same_safety_state,5941,1000,0.168321831341525,5.941,549
Alpaca-7B-train.jsonl,15452,18cfbbe098ca5b68aa153aa6e1372c7ecd5c2e15104979285c9c75f433800004,612a936eb11afb0d891c750b64ffda3419ee41898496330c9fe7e27b6cf045ba,L3_severity_difference_same_safety_state,5941,1000,0.168321831341525,5.941,550
Alpaca2-7B-train.jsonl,5722,0eeb6677e5e46f83651e4a3faea3e467bb025cfc56719274589e0e87288406d1,4eb067d0b88aa2bd98f1070167aa449c6314ab00830be4dc78ae6efd9ecffcbc,L3_severity_difference_same_safety_state,5941,1000,0.168321831341525,5.941,551
Alpaca2-7B-train.jsonl,13124,e9abc2758df48a152f97f0f80e51285a6ced47364f77f220272842416878fda2,fa902157fd60a60df91b4df346965b07e1e2961bfbc74dd340fd62f7c250ecb5,L3_severity_difference_same_safety_state,5941,1000,0.168321831341525,5.941,552
Alpaca2-7B-train.jsonl,18365,fb4893079d170ff9d72a5f8693156508af24cdfa21742f652d49db18e6966506,3921384ebd0e9c0fa38c7f1283e20aaf14ba70bcd16389bbe175cf83612e53aa,L3_severity_difference_same_safety_state,5941,1000,0.168321831341525,5.941,553
Alpaca-7B-train.jsonl,7293,f11fce5e3bd9c4bda98736baca1314a5af68292a0b7d211c4bbca1b201f8e0ea,0a08090c97ce87df3fbb2d82ae57fc9ef01612288e0d74b67a5751377fdf81ff,L3_severity_difference_same_safety_state,5941,1000,0.168321831341525,5.941,554
Alpaca2-7B-train.jsonl,1981,c77ce59c7f892048c55c3fa4a87a3677425804e8bcc155d772219a7f44519b7e,e005ff3bdb76a5ef88c466e518677e182deaa6974c095616a7ab919fb8c28eb9,L3_severity_difference_same_safety_state,5941,1000,0.168321831341525,5.941,555
Alpaca-7B-train.jsonl,1071,bb93121a7e6c2beb352cbc29e95249ab647ababfb1f82c680d8f4c7490efee14,2c2e949d86cfe093a29264ee08ec7d383f14f0459f42e1b64b20d33a033f58ce,L3_severity_difference_same_safety_state,5941,1000,0.168321831341525,5.941,556
Alpaca-7B-train.jsonl,11426,941e9174e8f1ed56fcbfc397ffac191e8409885f08df9b2753ff22b7ba2ced8c,366f12b9cc3311e087af1836038fb65095d0dbbfbe16b0fa64186a9239ba4837,L3_severity_difference_same_safety_state,5941,1000,0.168321831341525,5.941,557
Alpaca-7B-train.jsonl,17728,e81913f8ebc37cb3cf2b93e1a0e172999cf8c3d43313811fa95b6072e2207066,05ca26b5d2cd96d6d977e034b41d14bc36a9b4a2b157c4f3f01dc7fd23151d02,L3_severity_difference_same_safety_state,5941,1000,0.168321831341525,5.941,558
Alpaca-7B-train.jsonl,14133,4e9655b0dd0b529b592cdd11c70ef045d9fd0b85a80f2ce4fe16baa78a453577,c47cc4a98bcda624006efc18bfcde8a9a9c7087ba7ab70a11d53d488dc871075,L3_severity_difference_same_safety_state,5941,1000,0.168321831341525,5.941,559
Alpaca-7B-train.jsonl,5860,1983ded9f39483ec9c713f91dda06675c463adf6388dac13a7af9480a5e0bd13,068662bcfb05d2ca92355f905c0d3b8a1bef07e3bdc623fedf17c59db085ee86,L3_severity_difference_same_safety_state,5941,1000,0.168321831341525,5.941,560
Alpaca-7B-train.jsonl,23875,244c0af2c0675dffa99c4d05eed82e62d6c9239231ea85bac70954ada660797d,2b9e5b8f3cd92b7257a896138af910f6fee5a0e6f483fabe33bfd8e3a3a62e47,L3_severity_difference_same_safety_state,5941,1000,0.168321831341525,5.941,561
Alpaca-7B-train.jsonl,4346,a0f9a12fb7719fa1a6a0491c145ef9921f640f0558cbf36669fee10ad92c9247,80665cc16b3ac23c28e91fee3d1da43b63f66cbb48ae854125a1767d20b6b730,L3_severity_difference_same_safety_state,5941,1000,0.168321831341525,5.941,562
Alpaca3-8B-train.jsonl,7988,27813ee79c301023df27a55369487603db517fc84eb731d17d291b319490ed90,76e1f3d4c4e97d2f52d6e6199f06bd1eeaff9d97109c4665e5b8ecabf4b1da45,L3_severity_difference_same_safety_state,5941,1000,0.168321831341525,5.941,563
Alpaca3-8B-train.jsonl,17051,82f59d6c4848f87c58befbb139ffbceaa444d9c3d9f0085a18d31d13f4b848a3,f54425be2e90c9f36543f18932ad2523c5235ae9f46f91c9af0277e4eb27a980,L3_severity_difference_same_safety_state,5941,1000,0.168321831341525,5.941,564
Alpaca2-7B-train.jsonl,16676,fc1903d6a7724e02b7e431dff19a4fdcc417c03ec72f28af0c66854a083bcf45,c93beb3f91e4612a94abe9d39deb62a018021a10c630acb81027852af43a9f10,L3_severity_difference_same_safety_state,5941,1000,0.168321831341525,5.941,565
Alpaca3-8B-train.jsonl,19164,fc368b2f283d563188f2f853a2bd6b293b2f8df434e28e356d07f7f212e90c40,3fed771132503209c29280598a3b3157a9b9474c9e670f68bfb13b9d50239c67,L3_severity_difference_same_safety_state,5941,1000,0.168321831341525,5.941,566
Alpaca3-8B-train.jsonl,14394,6efe6e2ee673d30d176473cf17ef1073f898f38d5dd1d91e823f87886cd1853f,46dca0818bca65d97adacb476a5562796c14f9114bdea454aea8c0ee13115230,L3_severity_difference_same_safety_state,5941,1000,0.168321831341525,5.941,567
Alpaca3-8B-train.jsonl,16422,5f4edf3c73582144fcd6d5020d6aeeff0d0246a115fbaa1a87212552aaf7ca2b,2ce021bb55c9d805d17fd15e0e0e071537fa9f24f1583820fcd4909e0d556c48,L3_severity_difference_same_safety_state,5941,1000,0.168321831341525,5.941,568
Alpaca-7B-train.jsonl,13507,475de81b85c1c938c8f56b3c0d6c3b7e7c2573b5fd93d9c29ea8fa84cf3286e7,ad494ff804d2903a8551858ac4e92d3911f7c19e39bc07ba135e3a89f6bc5a39,L3_severity_difference_same_safety_state,5941,1000,0.168321831341525,5.941,569
Alpaca2-7B-train.jsonl,6516,a711dc043e03bd6c013b69f88079b9ce35b76a5385038f5a3e072aea8128f848,0f9448f2790a588f67dca72fd89f3c905b0670be5e087ea72c7bae7f7a5d7803,L3_severity_difference_same_safety_state,5941,1000,0.168321831341525,5.941,570
Alpaca2-7B-train.jsonl,14600,2ea197f234a04f50a481eb66cd0e462dcee7e3f0a88a6baafcee8bcd2d23953a,73c3c6c45f13adb0454dff7e7a952deb7e2146ce5a019ac0afce4c80807a9e1c,L3_severity_difference_same_safety_state,5941,1000,0.168321831341525,5.941,571
Alpaca-7B-train.jsonl,12873,739d5c4b179e6d421592bd51f49ee63d36a7c21e1cd98f1470e137344d04bc3b,461ae0d080d0a9937daeeac05d096010417a2702a46eee91b0faa4275fbee877,L3_severity_difference_same_safety_state,5941,1000,0.168321831341525,5.941,572
Alpaca2-7B-train.jsonl,12552,2134726f8e8a71488a47d8a2493637dc98a82aaca3b246be3aabf0e750bc13ab,c716ed12a323baa612002ab73b341fdabf6c57b1fb81b10842506eb18f17ae93,L3_severity_difference_same_safety_state,5941,1000,0.168321831341525,5.941,573
Alpaca-7B-train.jsonl,18863,54fae4d47053931f6afaf78fd7f0f91f6c0075fa86ead30783c290e9df528cc0,00860d3c28fd24dc8d662881c25b53cfa04b4e11a1e02a374388fee9204f55dc,L3_severity_difference_same_safety_state,5941,1000,0.168321831341525,5.941,574
Alpaca2-7B-train.jsonl,2614,2e8aaad67688f591a9f90ed31b25ac249787d5ea753b8134a5eda2e3f0ea4187,f04999d9d8a6c8afdaaa9861a210326cbc57bc1079bd160178f628e2ba02136d,L3_severity_difference_same_safety_state,5941,1000,0.168321831341525,5.941,575
Alpaca2-7B-train.jsonl,5724,aebc487c1974edde62163e55aa47c5bd559c2ef0f38cb94eddbee87632c13162,a07e3acd29146b7afb00c641e591bbf8f2e6a45af45b168ed460adee6f3f6cc8,L3_severity_difference_same_safety_state,5941,1000,0.168321831341525,5.941,576
Alpaca2-7B-train.jsonl,19676,3d340712bb241c99d8f94045c15703e52a61668af18fc968f484690f2faded69,d82db457726f6508ab70577ec897494b1c2f2032c8b3777725ca836a3968d465,L3_severity_difference_same_safety_state,5941,1000,0.168321831341525,5.941,577
Alpaca-7B-train.jsonl,14325,7f780e92e7c9dfe48743488dc34159f54024f2ad73aa4abbaa93c600314bcd7a,45d2cd75cffdce4dc82770c8c5448e124be605a46027d9f3d252db85fac86c11,L3_severity_difference_same_safety_state,5941,1000,0.168321831341525,5.941,578
Alpaca2-7B-train.jsonl,4992,3f87cdd738196024904c6f32d2d68330baf8fb911a8f7c00bd43e1098cb57d6c,e4b0d2c8a2058af6cf00608050dbcbe02ffb98f0de591677c955fbbe5e943ed2,L3_severity_difference_same_safety_state,5941,1000,0.168321831341525,5.941,579
Alpaca-7B-train.jsonl,7413,7a80821f9a7e00c6af6f220313355e0cc766ea38f4bcfbc1971a274512a45234,4cb2d4685f9a09e6102f7ee90f6d3385f36cc8a34dfdbc13a67e9973da087524,L3_severity_difference_same_safety_state,5941,1000,0.168321831341525,5.941,580
Alpaca-7B-train.jsonl,22133,86eb90cf926f51fc96c00b7b4a7caa035908c02389d59c1afda73d87c61dda0a,ac392bdc87fbf5442f88afa43108755fbdd0f49d9af8da00c2d559352a4d3d60,L3_severity_difference_same_safety_state,5941,1000,0.168321831341525,5.941,581
Alpaca3-8B-train.jsonl,8765,ff61853356407d709f74957db7abfb3b2f8b718eb05096848d2172a82a3444e8,1d416907e36799fe977bdeaacb654ee2983e9d6a1a1c3500420ffcd58ebbae98,L3_severity_difference_same_safety_state,5941,1000,0.168321831341525,5.941,582
Alpaca3-8B-train.jsonl,5646,71f2764e8843b7e1013172f2b50f3b3366067cd58c453dc4a516c1699fe6d8d4,ba6b605367d63f6557689e61d1c1c7543babe9eb707df7d1e45a9bbc4c3f8116,L3_severity_difference_same_safety_state,5941,1000,0.168321831341525,5.941,583
Alpaca-7B-train.jsonl,4513,51b657e61a68ffe70716c20575a44404c90cca542b4a701c799f5f0e14ee33e5,2664207389bce30145b6b3b181798b2c2d19cf679b7cc80e370e408045e2ab9f,L3_severity_difference_same_safety_state,5941,1000,0.168321831341525,5.941,584
Alpaca-7B-train.jsonl,25093,dab257a44fc8280e4eae96e714217301d6f37b2beb4fd10e0f72243571e934dd,6ec0c96df20e29269714e0a1f566d084fefe8fe05bb95799809796ff2f6c1af3,L3_severity_difference_same_safety_state,5941,1000,0.168321831341525,5.941,585
Alpaca-7B-train.jsonl,13796,c247e2586ce79c3c40baba364b5c397271a6d8f5093e054825d34aa7a5b7d4a0,fe16c1f84511a38f10d0ba8b4692d7b9271203b7df3284a862a25d1141382042,L3_severity_difference_same_safety_state,5941,1000,0.168321831341525,5.941,586
Alpaca2-7B-train.jsonl,11495,df2f8f2c52a8b6f391f4f22d3f5c69cd995e87847b6c321e70ca9623df85a404,13c0a3fb7131cb808166f78cac4e557830ba754e275b2b590b0dcf74ee6a0c7b,L3_severity_difference_same_safety_state,5941,1000,0.168321831341525,5.941,587
Alpaca2-7B-train.jsonl,14069,37ea3a29e6fecc0697018ec26a7218e1e217e5816ceb3b6b9bc5f961261ed308,4827062cd4e51fa9c38cceb17eca07732a015ca1e5795771a7abcd63d467e7df,L3_severity_difference_same_safety_state,5941,1000,0.168321831341525,5.941,588
Alpaca3-8B-train.jsonl,9356,a86d9875a4bbb3e2f427d17055cf58051c1a6381eb17835e69c7c043940140ad,b60ee562f20ffb7c327a6da1d36ff441c51ed464d6778b0d67d1cfb5c74c71cd,L3_severity_difference_same_safety_state,5941,1000,0.168321831341525,5.941,589
Alpaca3-8B-train.jsonl,19155,c0b524bb80c6f4f6f87d8225049f9fed8f188d8944c70c776b812a517674fb7c,53a535e8fa9e9778da634c1ec8a05a0800db5784bd05edbbe642ccdd2a5a5a01,L3_severity_difference_same_safety_state,5941,1000,0.168321831341525,5.941,590
Alpaca-7B-train.jsonl,20777,fe4f3e1c8836bec7f128bbfe4871190f2d0c1a8b2eb64cb0c2ff11f39f08e330,b93ddc624d72102dbbd3c71a94366778dcab1ab21707d3ee0261bdf6fc7ec330,L3_severity_difference_same_safety_state,5941,1000,0.168321831341525,5.941,591
Alpaca-7B-train.jsonl,11202,754d91cc7679b6f2dd35a9fb20e146ac7ad55040f6317fa68f9b7fbbd7857989,8251a79be1a4bf100f251c003033e7b75b53b0c24ccacb3b4be064115eb087c4,L3_severity_difference_same_safety_state,5941,1000,0.168321831341525,5.941,592
Alpaca2-7B-train.jsonl,2948,69c9e954a55c606de195015ef0cb4e953eacb3ddc1c7b58ce8a8712c1869a8ab,60eecb7a835014eebf3368d5cdf9c9c10d361460bfb41d39a32d73b53dd7dc0f,L3_severity_difference_same_safety_state,5941,1000,0.168321831341525,5.941,593
Alpaca-7B-train.jsonl,19720,a495609a5c6d94637cecd2dad0f3cfdf6a176c8993afee707969c8a622a19e76,b8076d07297308893e1506928adeb61329463cf4ea0465f9d210a354299d4ef3,L3_severity_difference_same_safety_state,5941,1000,0.168321831341525,5.941,594
Alpaca-7B-train.jsonl,9310,3c91fa65435cf62788da85e5e56fe4f5e23f4e25577423fef8b2d7cb4b8fefed,2a7d4fd24f92e998e12db064716d24f56f621898777ccd75d73e1abdc667571e,L3_severity_difference_same_safety_state,5941,1000,0.168321831341525,5.941,595
Alpaca-7B-train.jsonl,8733,b3c6d2e4d0d176e68263ad6ce49be8b250ff55801b4c9ef7ba13d31a42056eeb,9674b7a41c6a906b7ff2c6684e8db21a3f25086018c9e6f579489e6179bc6899,L3_severity_difference_same_safety_state,5941,1000,0.168321831341525,5.941,596
Alpaca-7B-train.jsonl,25972,8406fd935d1df0858e78fcf2408f6926a6d03e76a5361193da5123459128df08,1fdad2bb91240c1a2dd7a5d87558c2f50a892241a11cf494189e4f2e7d0b570b,L3_severity_difference_same_safety_state,5941,1000,0.168321831341525,5.941,597
Alpaca-7B-train.jsonl,22224,b4f10924a743d80e44e92b2d0a32587795649ee583ba1c7300d96c7654e20756,59238637e40f99b9de2eefb4eed14b5a4fdd13dc4da1d8d7d946691a29d1b790,L3_severity_difference_same_safety_state,5941,1000,0.168321831341525,5.941,598
Alpaca2-7B-train.jsonl,21195,ca65f5e23a28e1d68f5168f8864a020b9e5cc77f5bdd250ed9c888085041d111,21b3c3a63efa735ead98467777785ede32b7e7bfd7c2ee7fa84c9a47b18e9f96,L3_severity_difference_same_safety_state,5941,1000,0.168321831341525,5.941,599
Alpaca-7B-train.jsonl,4601,aeff3025440cc204eb5a2c5893497114e8e3cd85222bd89baf7caae4faf7f474,499526a3e7b77e9d7cfc4380e824793a9972d58e95b57763a85b32da7fba69f8,L3_severity_difference_same_safety_state,5941,1000,0.168321831341525,5.941,600
Alpaca-7B-train.jsonl,8828,6f878185bace136b68a94ce39e58b16e64964bee9f190b76d2ca526fd6b3d136,cfff8b2620e5ee691be9134d478516862fa9e4e987339d2a802c32391f74e0ed,L3_severity_difference_same_safety_state,5941,1000,0.168321831341525,5.941,601
Alpaca3-8B-train.jsonl,17963,b9703d5310b2ca3d5dde2b154e64f7007ad186528ff3a2e56c63ed632dbcc5b0,72b2377214535a1dfc32579a8ec722205b12db0ba3c9aa0da96ec816f613bafe,L3_severity_difference_same_safety_state,5941,1000,0.168321831341525,5.941,602
Alpaca3-8B-train.jsonl,5893,9f068a05c7c3f0a52d2e07728239fe700d2fa40e5c53ba7345d01ce4f9ab9d3b,5690810b5d8f1825b6f1b3869aec0fec5089df2363b35a4e82655521072671d9,L3_severity_difference_same_safety_state,5941,1000,0.168321831341525,5.941,603
Alpaca2-7B-train.jsonl,24215,3e7d80d4c0f0f9e159a06a0de4bb9f2d716b0fb80f2e54f6d4a27c1efab085a7,cc0a1ef5ef569521472520048159e3302967b7806a1c6e7f5ec9a7efe07249e7,L3_severity_difference_same_safety_state,5941,1000,0.168321831341525,5.941,604
Alpaca2-7B-train.jsonl,15432,c7ac70429b54b96e25d741a41518e7dab8da93fea7a58239813e6ad0138a49e7,cec1d04f5cd53f3cc34d12a3ad4d3f55655b3fea5e33c5e16917d3ad9492b3a9,L3_severity_difference_same_safety_state,5941,1000,0.168321831341525,5.941,605
Alpaca2-7B-train.jsonl,2244,78bb8c056a07535a1c914a71914fd7cb9856f423e4638f622f1a6f2e98bb42d7,66d837d5ccd381808103fcfb9407f345b9f972adc2dc12f91a478b757f20d81e,L3_severity_difference_same_safety_state,5941,1000,0.168321831341525,5.941,606
Alpaca-7B-train.jsonl,26329,ca0143e1b094815f0bb77a5af29fdf19166c7b8cc36cf0e5f9f4985284fc65df,070380e0b11c561842566feede1d0e47bf7bad14cafa86585316536db16e5413,L3_severity_difference_same_safety_state,5941,1000,0.168321831341525,5.941,607
Alpaca-7B-train.jsonl,12061,8c7570512099e785965e33c3294361f2b15250dd0a6f2d6108b038325c5fe1cc,3063a660d60db08222da7c63aa7437890f61478d3aa94e5de89b058e0fdef172,L3_severity_difference_same_safety_state,5941,1000,0.168321831341525,5.941,608
Alpaca3-8B-train.jsonl,14695,757eeccffbceb41ab665379733f1bc48070976ebaf86859f1ffd72bba50aadde,ead5196f43fddc55aaaff4aae5c6f501b9610f3c272ee7cbf19da81a7c0f6b8d,L3_severity_difference_same_safety_state,5941,1000,0.168321831341525,5.941,609
Alpaca3-8B-train.jsonl,16017,aff9b548501e5cd22e57d1c014d07a25da923a9151d0743e1460102820dfb6dd,c541836542f51f661c21ec061e37469e37aa21595f9936da4433efa696778675,L3_severity_difference_same_safety_state,5941,1000,0.168321831341525,5.941,610
Alpaca-7B-train.jsonl,24741,e4863753244c6f4153c7369603d62ac8b35762d9ba1b0685758dba24478b9fd8,6bcac86778b2d01be3fad6f68d8843f81943a8a284d9b7774fea299098649fa9,L3_severity_difference_same_safety_state,5941,1000,0.168321831341525,5.941,611
Alpaca-7B-train.jsonl,10041,d6c69b308a21c5d2c73a39231655570af5bd912950664b3146bdfae30e848031,e2dfffc39257dfe2c2035ac98439f86f6178e5529ef5702afa6423c27069ce5b,L3_severity_difference_same_safety_state,5941,1000,0.168321831341525,5.941,612
Alpaca-7B-train.jsonl,22997,0e8e2df3c92418aab8bff2e7ffd4a9e9661f36f188e572acab30307b8d2f5668,0d7ea9e572f3a1feed031b2f88ef9d36ae96b6e4f32c2ff05ae1c6b62b7e8e18,L3_severity_difference_same_safety_state,5941,1000,0.168321831341525,5.941,613
Alpaca2-7B-train.jsonl,24691,78c706fdc2ae0d099ab97d87d117715491aed4e27f054ab938c3f5d8aaa959d0,c7577272a4a8cf3c09ed873850f69b1dda029000562ac4872093f04a51d98602,L3_severity_difference_same_safety_state,5941,1000,0.168321831341525,5.941,614
Alpaca-7B-train.jsonl,27281,2d3d1fbb6c1ad8e079b19fc07924cee71eb848f6f55cac0026a876b8a3ae9917,00c71125ae27fc9c34f3b162f8d2a61f78a14b0f041fa9e3da84f9dd6a4bed13,L3_severity_difference_same_safety_state,5941,1000,0.168321831341525,5.941,615
Alpaca-7B-train.jsonl,17980,9a5ce91af18bbc62d3ed94b1955e498c7c3b7757d4f184e664ee0d85397596da,393bb1f516bb6842e9757fb8662651644edb408a98be9a5d3bdedfc7e5698390,L3_severity_difference_same_safety_state,5941,1000,0.168321831341525,5.941,616
Alpaca-7B-train.jsonl,3056,2efd14b414155f41a5988b07f27bc18fb0a5fa5f2a8770067b83ebe3223847df,ffb694b73367b4ac987c20925fd562101859a19fca3ef891b66245a9e076a207,L3_severity_difference_same_safety_state,5941,1000,0.168321831341525,5.941,617
Alpaca2-7B-train.jsonl,9983,8a35df791a64e9ed8581a29df68583500e2246db261ed7ed2170614660fd5d37,8672fea978cca0032c0438bbd90310b3834ec19013e6543071cfdf6459441bd8,L3_severity_difference_same_safety_state,5941,1000,0.168321831341525,5.941,618
Alpaca-7B-train.jsonl,21345,034e8774ee54be16827486b654dbffb6660d432134af116ead7572e991ff2d10,c68ac27a6a5e6cac621542c9d5c71004039eac45517de7bb7979b41cd6b73b2b,L3_severity_difference_same_safety_state,5941,1000,0.168321831341525,5.941,619
Alpaca3-8B-train.jsonl,9480,28e2b14b63d79e7bb74df3b36d2275467cb16bd477cd30b394c1b897aec06316,3a97dc9b172e354d0358025ef7b14e8cfb9b00ef5e776ab9686d3d09be63fdc9,L3_severity_difference_same_safety_state,5941,1000,0.168321831341525,5.941,620
Alpaca2-7B-train.jsonl,16742,6a35e4aca435a153299d678daff228a7ecd40ae84210e3b0fbc0eca87f27e754,c2ac514be942046d771514ff26a0a401f957970135f3cb546b52c90ef403e68d,L3_severity_difference_same_safety_state,5941,1000,0.168321831341525,5.941,621
Alpaca-7B-train.jsonl,16993,9adce6f9caa12c95f76b6c1be3cb1e8e930e04e0cb0a66bf82830ff1df514724,b9a13db70b5781c515e9da739a9919b811c27cd56e1eaaa2063160fd36c9f4f7,L3_severity_difference_same_safety_state,5941,1000,0.168321831341525,5.941,622
Alpaca2-7B-train.jsonl,13552,5abb0c63736360bab66014d2c3350e40733f37fc96e417a3e1c065af92a3a425,4189084033a767016e43ed6de363734eadf3c88cd48bd30eaa4fe4b3465a7e0b,L3_severity_difference_same_safety_state,5941,1000,0.168321831341525,5.941,623
Alpaca-7B-train.jsonl,25812,151fd3bdcec641fe3123f3cce0a0dfc8fc2ee30c0cda72d008110a78307c78ac,11c06c7344c9b27c33c6bae49ee710d8da47b545400da0d2ce2294c27bfb46f3,L3_severity_difference_same_safety_state,5941,1000,0.168321831341525,5.941,624
Alpaca-7B-train.jsonl,17203,3660b40f81fc7dd9bbed60ae65f0e947c2bdd7770bf372f0b119d098e7bd6f0c,a0cefaa6e35a055146ab55adf1c7a39be828ac92c51511fc218720c84ab33410,L3_severity_difference_same_safety_state,5941,1000,0.168321831341525,5.941,625
Alpaca2-7B-train.jsonl,5591,34f866ebbad31ed95e257f3b0d33086a26c29719e92d2e5fa5a072c7c6dff15c,9a430cd71f0e56e4eb85a64208f1cd94d9d224d1beb9088b134dba4299e5e5e9,L3_severity_difference_same_safety_state,5941,1000,0.168321831341525,5.941,626
Alpaca3-8B-train.jsonl,14963,3c4e03daf27a9ecb82c1dab892f1710d816ae2e48410c8501466261583a29b62,39351edfbdbc5b1c04dfccf5d82f0809f0a9c610f5504d47c3fe527eaf40ce29,L3_severity_difference_same_safety_state,5941,1000,0.168321831341525,5.941,627
Alpaca3-8B-train.jsonl,12364,35897d87864e29fc58e0996730dd737ceb2d52d3a86c10b7e894828a32851624,87861d373e160441b2773a0fe68f30ffc1a08e63b0e4120b5c52f7d9b3357570,L3_severity_difference_same_safety_state,5941,1000,0.168321831341525,5.941,628
Alpaca-7B-train.jsonl,11377,1b965cebd4d9d2f95278fdbe487908da8b0e21bd3a35685694a1e11e47d54089,b570956751b40d63277906ab142f2c3a8410a98f8be5c1b9408b208c1aefcb78,L3_severity_difference_same_safety_state,5941,1000,0.168321831341525,5.941,629
Alpaca-7B-train.jsonl,9676,182c92fc7e313cdbf7f2bdc3eaf14dba52e0b3c36f47e0d30217be9c6cdb0f88,4015343e0451e138c24e4d93d85b5014e8464eee17334ac564ff6238bcc4dbc8,L3_severity_difference_same_safety_state,5941,1000,0.168321831341525,5.941,630
Alpaca3-8B-train.jsonl,3371,9f6586753c611c5f2c8b2ea6c27e1611458e06f0ff4d0c9a49d26280524997dc,d2e6f9e49fe3541bc386d5ba8d598284b8a34fa0fd6a9242dde3d75abbce4178,L3_severity_difference_same_safety_state,5941,1000,0.168321831341525,5.941,631
Alpaca-7B-train.jsonl,11297,9ac268ba75f35ae38a91abe4c5b3845371e209bc5831c07b61accd7217aa68ad,f1d59313f70853bbadf54cd0fe73121ca239b875c4d32541a6b66747f9ccd105,L3_severity_difference_same_safety_state,5941,1000,0.168321831341525,5.941,632
Alpaca2-7B-train.jsonl,7258,3f706463c0e7b879c1f2fd906f1597a20a7d73bc5dc3a2186a8aaf06a4756ba7,d04491c905957a96b87d1344b80b4879ece1472755791159e7d5b64de993ec5e,L3_severity_difference_same_safety_state,5941,1000,0.168321831341525,5.941,633
Alpaca-7B-train.jsonl,829,93c7dfb072b888f725583d271383db89358fc8c03e45eaad65deaa2637987454,3d6394bd838ddd6b40fa63bbd10ad84fb0b27e184eecc86596aac98dbd70128e,L3_severity_difference_same_safety_state,5941,1000,0.168321831341525,5.941,634
Alpaca2-7B-train.jsonl,23514,f0031840a2d1d7a4ba411b98a0fda9f815606978ecb380da939bf3702012657a,92e339337b2d579d53578b37f9d5994d276df47bcffeeea9b5d21d2f3644903c,L3_severity_difference_same_safety_state,5941,1000,0.168321831341525,5.941,635
Alpaca2-7B-train.jsonl,22739,78e291292eb631ca7e0d9648a3612ae24fc7aea787285d9e0ae8cc5fd5ebc084,a9f3a3e683d63ef75a64c04e6ba950b3780e7e21efb74cf84aaf709777e58caf,L3_severity_difference_same_safety_state,5941,1000,0.168321831341525,5.941,636
Alpaca2-7B-train.jsonl,5755,fca2e7e1aa566a51f72981d4f4485611aa19c12057ee3993c401c7b1b6f09e37,2a0186034b7a3c005819bafb9042d28d6ca48ef8a0a25a469c30aaf333ae6777,L3_severity_difference_same_safety_state,5941,1000,0.168321831341525,5.941,637
Alpaca2-7B-train.jsonl,4582,2e48de6d1e76a03424e14faf7afe64664e59d2f7fa57ebc129c9bad86547dfd9,641343a9c5a435a20fcedd809bf8042149cf6e625dccc5cbf6ef58e93b835817,L3_severity_difference_same_safety_state,5941,1000,0.168321831341525,5.941,638
Alpaca3-8B-train.jsonl,19058,872faac02c383aec0cd77bd3db4f1706f9f04903f055fef4632ac27fa69cba8d,a5d0eccaa5f2b5166ddd529fafba291f98baf89eaa248931ad5c7611e18d7039,L3_severity_difference_same_safety_state,5941,1000,0.168321831341525,5.941,639
Alpaca3-8B-train.jsonl,16459,26eb58ededc0b3e7660b829d53c3f9561b787ba769569e3810ed72245a150984,7407b8f64123350143bc70a47f171b4453ae8f00897e916635eca104f0ba808d,L3_severity_difference_same_safety_state,5941,1000,0.168321831341525,5.941,640
Alpaca-7B-train.jsonl,4434,c417b1bb38d5a6faf25b0554cff561acf07d22376587083e3790efe3d2658710,587ac8def1389cff401f7d96a7e375183fc0ffc8bb77335174ec2536db74b644,L3_severity_difference_same_safety_state,5941,1000,0.168321831341525,5.941,641
Alpaca2-7B-train.jsonl,4866,8aecb4cdeff0ee6078805f2cf9040fb0ac02ac6096e171c0346af55cf585f54f,4a7b37056c142f3a26e3eb38d7f8a4ed7e5cf8623e6d32b8e05b9cb0d712339e,L3_severity_difference_same_safety_state,5941,1000,0.168321831341525,5.941,642
Alpaca-7B-train.jsonl,9102,e0c076ecced4943d17696dde35ccc177d4c05627cb20f1206c51575fb67fb37f,8251a79be1a4bf100f251c003033e7b75b53b0c24ccacb3b4be064115eb087c4,L3_severity_difference_same_safety_state,5941,1000,0.168321831341525,5.941,643
Alpaca-7B-train.jsonl,5062,0a269687e2a0b9cecc602d3d74e64241cc2a80cc490fe5df4e43be58ca0e2a3e,b0901d13618dd34d4df4ee3c4a8a6ad3a74a398bfd4014a4a33a28472b498723,L3_severity_difference_same_safety_state,5941,1000,0.168321831341525,5.941,644
Alpaca3-8B-train.jsonl,9399,e8b37657d3aeaafa910ade97feded7018ca8c7a01740029c834add4dcb4ef244,df8ec9c12331cd24f6eb4844c0c43eb865822716ac6bd9463afc9749a9e8d100,L3_severity_difference_same_safety_state,5941,1000,0.168321831341525,5.941,645
Alpaca-7B-train.jsonl,17471,d6081eab5519b03ae9be8c6e3a20aec4bada0690fc49cdeb2058bd9dfcbed77a,c2684441a9b5870db0c07eef55faed7c1cecfea878a8ac4ad6aa5c852620462b,L3_severity_difference_same_safety_state,5941,1000,0.168321831341525,5.941,646
Alpaca-7B-train.jsonl,24388,1bf99c6e4e09be99455513efc687b030f398f4571015e3135bfeebe3f1c9d5cf,d1d08dd2f1191ab1fe34cd86defc3601aeb457fc37ad2b231cdcc30b0d41036b,L3_severity_difference_same_safety_state,5941,1000,0.168321831341525,5.941,647
Alpaca-7B-train.jsonl,734,81945adebd42c27d6563835114bb659f6e8184f4205ea25c23668d161e6d7bfb,4575c9cd00a41f56103c0a613e424fa1930e9da6c4daebc2b1c2905dd94af3e6,L3_severity_difference_same_safety_state,5941,1000,0.168321831341525,5.941,648
Alpaca3-8B-train.jsonl,3727,ba855011db289a58301e51e1aa3a10fb77b397631474ae570b51b2727fa46e41,f41501b4a9ceb10d376b5a85bcfbe7d858e9424a4896acd1bd348eb35d77bcbe,L3_severity_difference_same_safety_state,5941,1000,0.168321831341525,5.941,649
Alpaca-7B-train.jsonl,21149,6ba4d85be629335fef8ca49d5926f135a4aefceae8b2d7f07cb8085379ae7da5,d2d8a7dc063a10fbc8cafcb11237f02409be4da281cbe82cb63bf0de6c385e17,L3_severity_difference_same_safety_state,5941,1000,0.168321831341525,5.941,650
Alpaca-7B-train.jsonl,8509,286a0410985bf9a33779a6616c8ac9eb6a114d6e44d953768ca698b254c3ffd1,69360c635de4c1b6def089ea90d838b2e421544ec43634287af2299078737a81,L3_severity_difference_same_safety_state,5941,1000,0.168321831341525,5.941,651
Alpaca-7B-train.jsonl,9372,f14dab532956b02057817ccd389f68e26f427ebab9d7270c2eef6201a6d71d30,efabcea104144d55c07cf1e8fa10b76c56d7828b82dc69142b3c673fb26616ab,L3_severity_difference_same_safety_state,5941,1000,0.168321831341525,5.941,652
Alpaca-7B-train.jsonl,17487,3fec76ba444a5a6564ce6601b983132847c1da3c00a773f5723bed61205366f9,1191f0f8124d44df98c27b5e5c4d69fa9b3527096236b6d0ea7525dfe5796810,L3_severity_difference_same_safety_state,5941,1000,0.168321831341525,5.941,653
Alpaca-7B-train.jsonl,15332,c00a529a7bf613a0ba228032bf2d0da089a15deed6615ae5e7cbf75049bb9296,02f6f0139280b6e588890a8cdfb0f45df68e8c9766cdb49100c3157bdbd26866,L3_severity_difference_same_safety_state,5941,1000,0.168321831341525,5.941,654
Alpaca2-7B-train.jsonl,20748,564dc3b5d8c82cd826abbe40d8edd63ed40750beb56b0f17937f150a5475ae28,64f65e73b3756e62eed1803136fdbcbd2c13fd832b3701e10ad962d6f5d56264,L3_severity_difference_same_safety_state,5941,1000,0.168321831341525,5.941,655
Alpaca2-7B-train.jsonl,4228,90f89116b322ea7e4484d14a81a1e40e552c4620920568fbc5b44331e011e0fc,5b6cd812658c1c4f26e59b77b1241416002707b12f8575afafed1d66566bdb82,L3_severity_difference_same_safety_state,5941,1000,0.168321831341525,5.941,656
Alpaca2-7B-train.jsonl,25472,1c0c1019193d9cd838b24ccd183ab4bc06e764d3c5d0f527d24f322b72c81b6f,333566356e644be34219b0a60a13d47f8e972e2cca0ce82a8922290881e6d1fd,L3_severity_difference_same_safety_state,5941,1000,0.168321831341525,5.941,657
Alpaca2-7B-train.jsonl,189,9849c99cf07e6938d883c551e3beb60ddb7bf240cea40972a679058168cb909c,c781ea488da783007fea0184eb690970650c5ffe017d1a7700847b9ec42da478,L3_severity_difference_same_safety_state,5941,1000,0.168321831341525,5.941,658
Alpaca2-7B-train.jsonl,21615,7831bf747c175ee2597cf8ab58057347b0c833f1269965f61578825d9334904e,73863bbb748e4faa064d886ae3c6cf4cd21b31a49ce275755cafd06b742908fa,L3_severity_difference_same_safety_state,5941,1000,0.168321831341525,5.941,659
Alpaca2-7B-train.jsonl,19772,ba886883c60389941b72ef7f0858e8fc1eaf798f7671847ca6b35cf2a3bb0afe,fe7672fa12ee0457d3227fb4593159f6af4d492914c3e89d99f422afe754cfde,L3_severity_difference_same_safety_state,5941,1000,0.168321831341525,5.941,660
Alpaca-7B-train.jsonl,20998,815c7b3481123e521f81dcf567173735d3bbfe977f4e6c1a085495e7343878ec,ea3896c2f655bdbb80c4180af77658239adf168d9109b2423fb3e8a796a87043,L3_severity_difference_same_safety_state,5941,1000,0.168321831341525,5.941,661
Alpaca2-7B-train.jsonl,27,9e0b1b4f11bedfd87eb3550666ba59c90ba289558aeaa871acef7bedce9a4f70,58382cc4925942ba18d3d5449667c404f1ae27776ffde64fc18ffc5f9b1d75fc,L3_severity_difference_same_safety_state,5941,1000,0.168321831341525,5.941,662
Alpaca2-7B-train.jsonl,2953,60c25caeed56f7415cfa225f916ad7b127f47d85cbe8eaf7bfc8777973a8ebd1,b6cf0d1f0a77c474417a87bfdfddf28bebfaad6f9c7f164cec22ccebfb06752b,L3_severity_difference_same_safety_state,5941,1000,0.168321831341525,5.941,663
Alpaca3-8B-train.jsonl,15902,450be02d93daefb1fe9223af554f293ed1ad9cc08a8a2e3e343b4c6c2adba73d,3c7af53871acae2dbccddf78cd99db9b2ba9a3832dc7f88bce36db4dcfcb69fb,L3_severity_difference_same_safety_state,5941,1000,0.168321831341525,5.941,664
Alpaca2-7B-train.jsonl,10662,b2e6426cdd08c891dc3be37be4fe5e0b5ea80bd9c2847c6179172d899d223b99,9b51ca28e5c2cc92d475771e3595827168a76798d0dc1e4803f1ba9da848b3c5,L3_severity_difference_same_safety_state,5941,1000,0.168321831341525,5.941,665
Alpaca2-7B-train.jsonl,771,f624b61c287f461dc48a38da5ee6111bf92d3375a20e3c75d90c1a3c56c8dffa,32c7df18b13fe42cd6d8ffa8ccd771e82ec44ef1eb52d7c767d6bf9e09c22f04,L3_severity_difference_same_safety_state,5941,1000,0.168321831341525,5.941,666
Alpaca2-7B-train.jsonl,18767,e0d7c034e8c5011047fdfff4ac7c50cb328cd53f46a82bc8197c8bdbdf7a2e58,7a30d203d47a34cee8eb31eac6fabf251b72748d5a9e15662a9c48a771d306ae,L3_severity_difference_same_safety_state,5941,1000,0.168321831341525,5.941,667
Alpaca3-8B-train.jsonl,9898,9ba360f15f2a9a880b465e2242a51d1949fff341b500611c7ebcdc1b81167b98,011168701f863a229402ac96e32cdc039fd4d449acf0e0c7b9e5c5e05f05592b,L3_severity_difference_same_safety_state,5941,1000,0.168321831341525,5.941,668
Alpaca2-7B-train.jsonl,23611,075ed505e62a59d34ba33eaf3ad58ec3ade62f89d133a49b04050e275333fe03,da0f12588905388ddb58acf803cc81f3a2be1e83e4768aa619bd1c6c7f8e87e4,L3_severity_difference_same_safety_state,5941,1000,0.168321831341525,5.941,669
Alpaca2-7B-train.jsonl,2331,d2b6207ab9e1219b51cb92232dc2be812e60bb9562d18f11d6dcafba5fa6b9a9,7d3906846ab227198794e384bfc6c856ce12be68d17c29129010ad42fa4d891b,L3_severity_difference_same_safety_state,5941,1000,0.168321831341525,5.941,670
Alpaca2-7B-train.jsonl,24477,56bcf03cb2a5885e96903853a2eb5051dc1c83f568ae0b5955514ec4d6de8d02,31c858a1324439c04f3417001d2d3e2398cf5deb6af879eeb05757809e236539,L3_severity_difference_same_safety_state,5941,1000,0.168321831341525,5.941,671
Alpaca-7B-train.jsonl,14783,1dbabcc47754eb52ab3b19f747a01c036a9309895cec64453129faa1fdd209ca,08e07e1e828c70c57b507e241f04808d5fb78594ac3df815b581d9f8f63d0fe0,L3_severity_difference_same_safety_state,5941,1000,0.168321831341525,5.941,672
Alpaca-7B-train.jsonl,6406,0c2815682c021ea0c3e2e2be78c9e38bc655f2879046c51f04aaa78d0fed41ff,1d9e8f0d68fb56e76b4355fb1ac20e173b383ac0188776849e625ca3e18a8446,L3_severity_difference_same_safety_state,5941,1000,0.168321831341525,5.941,673
Alpaca2-7B-train.jsonl,14495,81ab79dccb921fb0f6982638b5fd8145deb0fa5d82e2880868220cb87ae943f6,a3222a9584e1c9bff1328c67ee41601557bb275181e8b46a00c93893bad7f18e,L3_severity_difference_same_safety_state,5941,1000,0.168321831341525,5.941,674
Alpaca-7B-train.jsonl,22465,2bcfe74865f4761176f0673d0b3a98a6bc61739ec1132551be758a03502957c6,1c53503391dd9b1e9155d0c6571df0acf464f2efd128832a3b2436cf0f628c24,L3_severity_difference_same_safety_state,5941,1000,0.168321831341525,5.941,675
Alpaca2-7B-train.jsonl,21485,6ff6dff7ffcff8b4b83fbf2ec13fcb1ec305e2ff1d5a2ebfaca3bf5bcb9d0945,c219a24de5590557f4ff82b5ecafbf844d3c6209bb6831ff2246609655eff40a,L3_severity_difference_same_safety_state,5941,1000,0.168321831341525,5.941,676
Alpaca2-7B-train.jsonl,10596,bf18f060007994fe4779072d55237509c0ed3631b2ff3a6f8fc397494ef2d1bb,11ca46f31fe708283f770cc6ca50b15dcda803414612045e318828e32a3b661d,L3_severity_difference_same_safety_state,5941,1000,0.168321831341525,5.941,677
Alpaca2-7B-train.jsonl,18320,c4b08a7032aeb94cfe66ad83a6981b5aa66f42f94be6932aa742472ec3ec1187,e8872bb57cf4f750e862a3c2b966a27ec4e7bc00f123bc5960d43e4bf83c74c9,L3_severity_difference_same_safety_state,5941,1000,0.168321831341525,5.941,678
Alpaca3-8B-train.jsonl,4732,c35d9a50cdff38f525eccc144599e6256be52b7d5a18e45e4a3cf2fac7c7e7e2,58f201fcee6d96bd3395771717127a1d0ff4f9c46abf7f9e79e0205f941450a3,L3_severity_difference_same_safety_state,5941,1000,0.168321831341525,5.941,679
Alpaca2-7B-train.jsonl,20831,3d79c6f93a103fe2a474fd412ab6123df65b3a38c2ddd13705d7ddc727176fdf,d0b34dce8bc4b799c71fc836aa8ab2e498316c717e6bd859094585af20be2190,L3_severity_difference_same_safety_state,5941,1000,0.168321831341525,5.941,680
Alpaca2-7B-train.jsonl,23881,283dc4da3bc70347a55064cd9a8b8283d7887d4c40a93e67b5b00696337ac6cf,703e162780ffa02581842b311b0577f117e8696d230743306a355f8404cc769b,L3_severity_difference_same_safety_state,5941,1000,0.168321831341525,5.941,681
Alpaca-7B-train.jsonl,15350,ac6e586e235d15ccbd73e435c2bbdb985581f4d8ebf3435e553c506d3bd46dda,cd405c3f54341ac4c1b6c7878607db7191c73cf4515b2aae420c33ef1bf137e8,L3_severity_difference_same_safety_state,5941,1000,0.168321831341525,5.941,682
Alpaca2-7B-train.jsonl,20812,0ce11866d7512576de381f72bc63f5d25e8ef96e57aba63e2976acedf6a2f620,8a8931161ea60e2a0b615ff504782d12e18e96ef58877b54301d8a43ea169cb8,L3_severity_difference_same_safety_state,5941,1000,0.168321831341525,5.941,683
Alpaca3-8B-train.jsonl,6489,7917000789dcb05347a190bf7d59084ec60cd7692cc3406493908d948dec2d70,b6e85ccd107a4e429ac3e695c38e9a87d4edfc1273b98ea25115984c901ec2fc,L3_severity_difference_same_safety_state,5941,1000,0.168321831341525,5.941,684
Alpaca3-8B-train.jsonl,867,350a9823fa9d79170737161d07b94eaddbca9e8669e98bf66b78767e41020760,69c9ced7ec63f839d9a676f671aa175b5f01d8b69f39aa361ef5bbbdaebc2fc3,L3_severity_difference_same_safety_state,5941,1000,0.168321831341525,5.941,685
Alpaca2-7B-train.jsonl,22274,378ab664f8b818fb9781c25ac32372e825fb774df65a7a0602424f5683b42c4d,829a70b26deb00071371d16a622f5ff5a4b65ce90d63acb6307104c975e0c357,L3_severity_difference_same_safety_state,5941,1000,0.168321831341525,5.941,686
Alpaca3-8B-train.jsonl,6239,c576b4530a5e51a0e98f05fabe674164a62d202737f2ec5eb5b951fba0c18737,e3ff2f3b6a5185408447f3c372ac49015869167a5006259a5d64ff432cdcb767,L3_severity_difference_same_safety_state,5941,1000,0.168321831341525,5.941,687
Alpaca2-7B-train.jsonl,5239,e7696ac216498ac488fe3121856f87dacd893b275fa9df4021c12c7b5bb020b7,320db0bceb380fe0c13a24ebfc372a5b9eb45723ca745e1319ea98b99992057f,L3_severity_difference_same_safety_state,5941,1000,0.168321831341525,5.941,688
Alpaca-7B-train.jsonl,1009,724e0a296f586478bd23406046da1fc1e261638d49596893e76b32eeb5447551,9b00b2cf279dedb7133e2487f53c1af5b143249f5373cfb5201f7857f5957cfd,L3_severity_difference_same_safety_state,5941,1000,0.168321831341525,5.941,689
Alpaca-7B-train.jsonl,23585,7956fce8fd539fc81d5241e9518569bcd11a70166bb841c69af6f1a1f125cad7,c114c63864b8f6126cb2ef51a9d5b31598f329f8774fb38d99dcf02be19c3f1a,L3_severity_difference_same_safety_state,5941,1000,0.168321831341525,5.941,690
Alpaca3-8B-train.jsonl,10796,a897b4b874c1571d02c66705312806d4abdeecaaa3d9d572f565ea2dd8b2f2b5,a67b9bd3552f8cc2fa78d4fa63254e9c05f885986955f458eb4831702c7b746e,L3_severity_difference_same_safety_state,5941,1000,0.168321831341525,5.941,691
Alpaca2-7B-train.jsonl,19849,ebe9861f08ff382f430c419760a9b1bc54117ae8f8d48e2f74bb69867429345b,495759cd89255a1241eb3417c1dc7950ebb568749dea70852e9d56e6c43f8ef7,L3_severity_difference_same_safety_state,5941,1000,0.168321831341525,5.941,692
Alpaca-7B-train.jsonl,13378,47d55d3cfde8fcbe00c8bb60eb8116858d2cacca704ee03d52605f6d8bb3a7ce,7040722422ac7404f68b92f5b6872a1c911b8c235cbab7f3d0ac2b4ec6b2a65d,L3_severity_difference_same_safety_state,5941,1000,0.168321831341525,5.941,693
Alpaca-7B-train.jsonl,26580,e521d890edc10ebdbe0b77b617989eaeaed8b304ab3c0433537af856a8aba69c,ddc42c4ea98fcfb604b0cb241094e3542796a66caa67388691cb89ba70c52954,L3_severity_difference_same_safety_state,5941,1000,0.168321831341525,5.941,694
Alpaca2-7B-train.jsonl,18155,b4fa15d5e9a6416e45393eb4473ed511bc5dab2622cf4d0c22ffd93dd579383e,12062abaa485b3d6801d93033e564f2a3cdc5149d0c07daabb33cdd5faa3531a,L3_severity_difference_same_safety_state,5941,1000,0.168321831341525,5.941,695
Alpaca3-8B-train.jsonl,2291,ff3cb974ade7499b53c86064fa6649c1a914e59b0459d2ab7fe99dd4e766ae08,3d0fa500f156af62dda8190c9b8aa645202dd30ace0eb0b3460476aa6188e8a6,L3_severity_difference_same_safety_state,5941,1000,0.168321831341525,5.941,696
Alpaca-7B-train.jsonl,24743,86819daeab4bb770e30ba52eb8620d5cf834de6b784138851948e7b124ac449f,5173cc7487a1932a01306c458fda66116e2b8fb7b6eab8eb8e87685155d41cb9,L3_severity_difference_same_safety_state,5941,1000,0.168321831341525,5.941,697
Alpaca-7B-train.jsonl,4520,6bfa272316cbff181b81ce1f078961eac9e13dbe85551af4cbf9cd61846c285b,07eb390dcb2fb50c0684965cdbef8ad180b363519ef5689291c83292777b2763,L3_severity_difference_same_safety_state,5941,1000,0.168321831341525,5.941,698
Alpaca2-7B-train.jsonl,14797,326114c089fabd620f9702d4e29415017348991015574a8b715b06d8853788e9,3c7163be24448ab7fcbe0dbb4a8f42cff40c2ed306d69c6d7c3be0ed188d7802,L3_severity_difference_same_safety_state,5941,1000,0.168321831341525,5.941,699
Alpaca2-7B-train.jsonl,17205,075ed505e62a59d34ba33eaf3ad58ec3ade62f89d133a49b04050e275333fe03,3e6e0a187fd4e529855587a7e5f627a77c7bc1eae166918ef78274f2ca2571e0,L3_severity_difference_same_safety_state,5941,1000,0.168321831341525,5.941,700
Alpaca2-7B-train.jsonl,9567,4838a094b7882967d3d672aa0eda91472485aa559c9393ea221e9b7154bca24e,4f6300ce28846f0119f6b4606601e81d1bcebfee609e8eefb1f68c5003b2bee9,L3_severity_difference_same_safety_state,5941,1000,0.168321831341525,5.941,701
Alpaca-7B-train.jsonl,1005,754d91cc7679b6f2dd35a9fb20e146ac7ad55040f6317fa68f9b7fbbd7857989,4daf0f0997b0a4362a07ef2ddd21f4a21d96aff613595e50ebf18a7cd5169925,L3_severity_difference_same_safety_state,5941,1000,0.168321831341525,5.941,702
Alpaca2-7B-train.jsonl,10016,eb37bb4351d24cbc293299cdb705e911a9efdf8726c688ffdaa8637117dfca16,544a8432914bb2cd92049fddba2d3fcbc91035c35ba0adc1cb15a003fed37d4b,L3_severity_difference_same_safety_state,5941,1000,0.168321831341525,5.941,703
Alpaca-7B-train.jsonl,21889,c540965062bf2a337cdafd982b1c2f130591a8e96bb297723f97c3d205f5a9f0,8bec5bae5260195c553920753b1dd96aa9da6442a3161c65176b942b862b2ed4,L3_severity_difference_same_safety_state,5941,1000,0.168321831341525,5.941,704
Alpaca-7B-train.jsonl,15890,5f3dea26749c477560c466129e12fb39b16c77d1854c01511010ce91788bbc8c,87bfd1710909555cb1eceacb1b9de97eeb900a26f18bdac5c98b4e9a28dfab57,L3_severity_difference_same_safety_state,5941,1000,0.168321831341525,5.941,705
Alpaca3-8B-train.jsonl,10502,e2e03cf9fecf785aaf4c3a507bd29839397f6af02b343cde6dca6ac4d4889b4e,f3deda350780b6b11463a4bfceba7794c39c1ad1d152fdee19b14a9f5ae8192c,L3_severity_difference_same_safety_state,5941,1000,0.168321831341525,5.941,706
Alpaca-7B-train.jsonl,13065,be22b1631c8950dc4847740d135887a2a17fe850982d7d4b1d0b06e1ffe7002f,647c569ee0fbc4f02f204d2b05e93828550abb9ce18cbf08853a954c5ce65fd1,L3_severity_difference_same_safety_state,5941,1000,0.168321831341525,5.941,707
Alpaca-7B-train.jsonl,9956,19ab40d37b903fedb938042a32e66810884c9444d0ab6d39137b44d2e060db24,3af1a1bc694139ffc5488ffacf0209b38e0fc0825b6ecfcaed06c84c0c7170a4,L3_severity_difference_same_safety_state,5941,1000,0.168321831341525,5.941,708
Alpaca2-7B-train.jsonl,18498,fad77fceb0e756deb6aa4a5e45073001ebd525667cbd5e9e3a534391b077c7c1,923c01b496fd937ee88c1ca262607368845d3255e726b32074c898ccb9895790,L3_severity_difference_same_safety_state,5941,1000,0.168321831341525,5.941,709
Alpaca2-7B-train.jsonl,16766,90931237c8de9ded94b2d27bafc2cd986ac1c9b2e0a66d2717e9829c892ae2f7,783628ade8988f7a4b455f67d1627efc43d98bf106eda713be5f139b40197336,L3_severity_difference_same_safety_state,5941,1000,0.168321831341525,5.941,710
Alpaca-7B-train.jsonl,17423,dc4f80b571544815f148c1e9e2413a01273143ae392ea88963ba2cbc3d05e3f6,7848ad53b4e04c9a036aa20b65447965a7b8dd415c0da0b240c17a50c1764daf,L3_severity_difference_same_safety_state,5941,1000,0.168321831341525,5.941,711
Alpaca-7B-train.jsonl,24456,76b3b26e8109e4d7c128f2e7e833d161273ed22f465a593f4fc5890b7ebd473a,1be7ad4b564cd879439fffdf405a66d852671db89975f22f03bfc16a690c594c,L3_severity_difference_same_safety_state,5941,1000,0.168321831341525,5.941,712
Alpaca-7B-train.jsonl,27145,1a5652da78bad3e069d3a06e8d008d2fa71405f14b1b562baa186e9b7fde93e4,19b40b134056cd06d3ede22ff4e54f943b6f855a9e72b90035011b47740c65fb,L3_severity_difference_same_safety_state,5941,1000,0.168321831341525,5.941,713
Alpaca-7B-train.jsonl,17,9682000a305fd8ddbe37b469d3efcde859f7899b0ea0a241de29f31048ed3ea9,81b52780e1386e24921c9cc1a107fcb9c2bfafa6c0242c784602b8ee387b6506,L3_severity_difference_same_safety_state,5941,1000,0.168321831341525,5.941,714
Alpaca2-7B-train.jsonl,15436,a6dc0fcabfa0dbb5a52a59c22108495b0ab0e9de49164f40bf961f07280d708b,8447c58cbd4654b1cf16068408178e2e57ac0bbc9b23755f294415a21ea9742f,L3_severity_difference_same_safety_state,5941,1000,0.168321831341525,5.941,715
Alpaca3-8B-train.jsonl,12897,715f29d9696d5905e2e7d6bfcf9245cf29bcc7643298f97a3dedf7080621ca8d,e447dca2b64810af14185d04850038c69b54e58bce80f77ba3c2b1da42e1b477,L3_severity_difference_same_safety_state,5941,1000,0.168321831341525,5.941,716
Alpaca-7B-train.jsonl,11445,c8852b6a9d6cd2f5817c6b8e615e8c7c40848f133462c8f4d09859ad1509116d,e61bdc145f2f87184a065a410848ddb9085f007986a80a034bb79af6ac40c15b,L3_severity_difference_same_safety_state,5941,1000,0.168321831341525,5.941,717
Alpaca2-7B-train.jsonl,3446,5fa7c2aa38f5c0c3a5095ad33360d2ffa2e7a2c802974b8c83676ba99eb1abd7,8f7918e5219209afa06b4267b614336c229fa5ea51d7cd57031187b7d997ae56,L3_severity_difference_same_safety_state,5941,1000,0.168321831341525,5.941,718
Alpaca2-7B-train.jsonl,7465,4d101f78fbb1cb52db7864ab95911662cbef90e8a72d62dcb415a9e6258ba7b5,20f3f5c3f21f701106422596f6f9563e9a702532761609bd833afc65adc9dac3,L3_severity_difference_same_safety_state,5941,1000,0.168321831341525,5.941,719
Alpaca-7B-train.jsonl,10834,1942bd9cf8fe68689a3cdad338b797a5944276b82acfc1bab0ca074c843fff32,bffab19749c1ce088cc5560c55f5b7444236b7faf31e6f94bada47960cc5c0f0,L3_severity_difference_same_safety_state,5941,1000,0.168321831341525,5.941,720
Alpaca-7B-train.jsonl,13553,f0ceeef7dda3753eea0da681a2773b33c2bf78ad36c3496b573a1697d46e35b4,5004580a0e0f5937654b999e0f595df68943e4db130dabbc494c37e3d9e7fdcf,L3_severity_difference_same_safety_state,5941,1000,0.168321831341525,5.941,721
Alpaca-7B-train.jsonl,1891,dc0a2d676311961872c00d7ee061235e619bece5884b23539558454efb1c2ebc,c725517b0852b6eabc27bc4a811b2c46cf31671e37cef227fdd4970d400d25af,L3_severity_difference_same_safety_state,5941,1000,0.168321831341525,5.941,722
Alpaca2-7B-train.jsonl,24899,1ad64b1bc953facdbcdc0e0ec4eebcbf1bc0f362481780272fd0fa0812c638e2,997f21c93f2cf724aa4d6fd7d07e10aac7b793913f2c35850e8505868d6ce9b4,L3_severity_difference_same_safety_state,5941,1000,0.168321831341525,5.941,723
Alpaca3-8B-train.jsonl,11024,1aee21b2dbbe6fa8d1f1a668dcf1139ecddb0474b55bf73247455e5fb01f3086,e0a70d5f0b3d96eea8975bba005c361e51d4ac68c9d7c2c4b0f583a1958833ac,L3_severity_difference_same_safety_state,5941,1000,0.168321831341525,5.941,724
Alpaca2-7B-train.jsonl,23024,b995cf8102b6754650a1fa5e95cd01235fe2819120bf389552632b3158dd9cbb,9a430cd71f0e56e4eb85a64208f1cd94d9d224d1beb9088b134dba4299e5e5e9,L3_severity_difference_same_safety_state,5941,1000,0.168321831341525,5.941,725
Alpaca3-8B-train.jsonl,13200,8a14d1f9bb9d1f5ac2f90c0bf617e467abc627ac6d9c421ae5680e9a20db199f,f80201f72e2995cdf30d4bb7b8fa6e2bb25edd126c5ee421cfe6fbfbe54279d5,L3_severity_difference_same_safety_state,5941,1000,0.168321831341525,5.941,726
Alpaca3-8B-train.jsonl,7746,553734d5ea609c399c948281bc123c05cd56aa29cb276e9e142d800bc57713eb,d03dd5748b362737b402ba5a4748726af8a0e8ffb98b20205736cabfb4ee30cb,L3_severity_difference_same_safety_state,5941,1000,0.168321831341525,5.941,727
Alpaca2-7B-train.jsonl,17512,f092db5a9264cb879b89ae38ccbafa1052aaff9b2fe418a78dd2cdb88b7bd106,f406e383317a05fabcbb5175920dd4a80a5425de8c71d163f327c2ac788968b9,L3_severity_difference_same_safety_state,5941,1000,0.168321831341525,5.941,728
Alpaca3-8B-train.jsonl,2920,3a039349187881c740fdfe2ec9212e137a3441fdffffc13918fd821ef6697d34,fbc9f923f217eb1eb9fa85f6450c1fcf66551b5f6e972c18f55d66caf64f0e50,L3_severity_difference_same_safety_state,5941,1000,0.168321831341525,5.941,729
Alpaca-7B-train.jsonl,14706,190400920b2fb1f88e410aa98496f0cdbd1c665b6adf9dd430bb69f09486fc72,b189e56d97fcfd2d842c6f094e392108de0ee3e0fc2b2484f6de65bfb057a60a,L3_severity_difference_same_safety_state,5941,1000,0.168321831341525,5.941,730
Alpaca-7B-train.jsonl,7696,eb2196b1b0c952a551c51ec614d9468c3b6fc6c0c514e154fc5aecfd9981687a,4fa9fd6ff3d2a1276b093079f33641826195dbeac24d41c46d44fa2340568280,L3_severity_difference_same_safety_state,5941,1000,0.168321831341525,5.941,731
Alpaca3-8B-train.jsonl,10441,d244e44de2a92c397dbbecbed4c7b05d7e4da67a48cc1d897000fe1a6ace32ce,2bb90caace9a5f8cee1a4f36271fa145e38e59289e4679f9fe38d8f564b8954e,L3_severity_difference_same_safety_state,5941,1000,0.168321831341525,5.941,732
Alpaca3-8B-train.jsonl,9183,dafb38f01ab764cf48f358abcf2eef246561624d5d494b393b0051bd01cf548d,79c5924148c71f2e651049dfda00d787d30e4deb95bdcd4084ef1496cd9d2d82,L3_severity_difference_same_safety_state,5941,1000,0.168321831341525,5.941,733
Alpaca-7B-train.jsonl,27007,d9a1d37da41e16cb9b751a7babf86a98c7a725587f2c866eb62b133599578da5,75302bcf7caec0fc796e9776e59e39bcf3462b8520ff7c03e42bade6ffb2ecf9,L3_severity_difference_same_safety_state,5941,1000,0.168321831341525,5.941,734
Alpaca-7B-train.jsonl,5189,b52e84d4d13c6d654ee3b0c90d3cfa458ae609edf7ad7f977c471125ed0db778,9e106eb3885f74a29c38625daa9aaf7410b35f252a5f48880c8d6b6d6cf47866,L3_severity_difference_same_safety_state,5941,1000,0.168321831341525,5.941,735
Alpaca2-7B-train.jsonl,16084,fce6ee7a8d8c3ab3e7128a817be936596f58278b766f1e3a18e8def4767f115b,a9f3a3e683d63ef75a64c04e6ba950b3780e7e21efb74cf84aaf709777e58caf,L3_severity_difference_same_safety_state,5941,1000,0.168321831341525,5.941,736
Alpaca-7B-train.jsonl,14688,5d36946ec24a8a561ee4cbb8012d42eed01cfbbe61bbec881a50d1dc21d50ecc,3c5c7f99cdb597f2418a614f061625a5101eb2afea94ba6db9ced2432a6f8f49,L3_severity_difference_same_safety_state,5941,1000,0.168321831341525,5.941,737
Alpaca2-7B-train.jsonl,5033,d738792e96c0b4cd509f2dadc853d38f50f7346ec621f63c93adc27d65065ed9,235af6a89f5c25792c2a1d6c12e6728063319044075df0b08120dd26d22a0525,L3_severity_difference_same_safety_state,5941,1000,0.168321831341525,5.941,738
Alpaca-7B-train.jsonl,2483,32f07173b9f28fd7852404bab41e0acfbb86f0354e96aca3da9c3f7a66fa074f,08b9f46eddec0cf2d60b2f71e3aa806651aacba41176c076c29f84f7ebef4e63,L3_severity_difference_same_safety_state,5941,1000,0.168321831341525,5.941,739
Alpaca-7B-train.jsonl,27020,d026d79719258d54555ee5624f5d8f4cf1afbafd60cd5f0e4a837db2ba294cf7,4c67b131de9952e171a4369ce2d2af3daa8b1788342bc2128f70e1b6b92f1458,L3_severity_difference_same_safety_state,5941,1000,0.168321831341525,5.941,740
Alpaca3-8B-train.jsonl,4611,83894d8c1ce2bc6a3a7d2c916bf80b2c21ef99bd17d33302cf51fc9bfd5a5d49,3c1954eb2dcd7d08c68f19fa06ad43d9cfd80326729afecb955a006d668eccc6,L3_severity_difference_same_safety_state,5941,1000,0.168321831341525,5.941,741
Alpaca3-8B-train.jsonl,16174,6c6bf94c6ea41d7d63073e2647386f35c608d6a5a7c4854c1e204eb2c5d6fc92,d378120006c7aad093ab6580f5cec6ea0e800c46bb2bee6eee09c688bee244e0,L3_severity_difference_same_safety_state,5941,1000,0.168321831341525,5.941,742
Alpaca3-8B-train.jsonl,7000,3b3532d48492802d9561f80b88baf8e190b8e8cb1291f5efa68e98c74c352f82,37da02c7170c9c6e8a528fb2f52fc43f50c26a50557059e9c86ec0113384366c,L3_severity_difference_same_safety_state,5941,1000,0.168321831341525,5.941,743
Alpaca-7B-train.jsonl,6038,2fe935f15ec89c1ac927e864c314aaf3e096f28d646f7f3aa7b5db3167e8d36a,cdc7be337865c98df8018ff9075dc7f84d45c1fece818afdd79f01147df6ba87,L3_severity_difference_same_safety_state,5941,1000,0.168321831341525,5.941,744
Alpaca-7B-train.jsonl,3736,be093db76691ed8ee0adb6b31e8aa9b3216d11aa6a5647cae15339087261966a,104ef7a82e0f7902a28ee8f181b4e584ff2e7dcf6bb2396ef6d697944d556276,L3_severity_difference_same_safety_state,5941,1000,0.168321831341525,5.941,745
Alpaca-7B-train.jsonl,26417,6fd5324bc43aeabd7a76c8ba56b3b9e249f934a13950091a385f9d726b18e255,2c3d5298efedc11808872554de715acd40a3518b118cbec73ef6d7e723eb24b3,L3_severity_difference_same_safety_state,5941,1000,0.168321831341525,5.941,746
Alpaca2-7B-train.jsonl,1425,1e475d085cf694bf8868b80e27151f52fdce7603320bedee0489a8d967ef6eda,9a430cd71f0e56e4eb85a64208f1cd94d9d224d1beb9088b134dba4299e5e5e9,L3_severity_difference_same_safety_state,5941,1000,0.168321831341525,5.941,747
Alpaca-7B-train.jsonl,15384,cf52c0cfc51328df6ad12c6574feae2f5164d7aea8192d315443ef7371ca2841,bd5705422176b5068097c2fe6ea06ad0cf036ef31b5b40848e66e83c6848b337,L3_severity_difference_same_safety_state,5941,1000,0.168321831341525,5.941,748
Alpaca2-7B-train.jsonl,17100,c3515e30d4d605492752d201c91d9b36f614af00acb1e673a1a3557755bf12ba,0bbd58d9e15a7cda67507039ec3c4367bef2137ef7d10979084dc474230f9d05,L3_severity_difference_same_safety_state,5941,1000,0.168321831341525,5.941,749
Alpaca-7B-train.jsonl,15585,78c64340ef113968725cb99179bf25f24e844776fef57aad7e3590170d61680b,0ccd9c400a0ba120e1136ff08f66b5b2223afd3438fe9554a302fa6222016e77,L3_severity_difference_same_safety_state,5941,1000,0.168321831341525,5.941,750
Alpaca2-7B-train.jsonl,4405,66ab12038a2c4b0fde0ee3ef0389ff28a17c5002176b816635b93563cf8523e0,930ffba2d20508c0de3b3c8622e1b6fd4b51e1fdd6cb8329a4470730240b4e3f,L3_severity_difference_same_safety_state,5941,1000,0.168321831341525,5.941,751
Alpaca3-8B-train.jsonl,16360,52e3603f277ad3d80221b2d2db683fd326ffae0d8c80b931872cec5fafdc6d1f,4a7f85fb2a0a176347499b4b2678ef15f701b9162a5d6c38307bb97976a1f75e,L3_severity_difference_same_safety_state,5941,1000,0.168321831341525,5.941,752
Alpaca3-8B-train.jsonl,18673,148a710bfba8a794243688c909985bc242597b08ef542571ce49baf6c3665b41,8d1318b31ba2d8f854af597da5992817e0967b23d4feabdb2b8466f735f7ce49,L3_severity_difference_same_safety_state,5941,1000,0.168321831341525,5.941,753
Alpaca3-8B-train.jsonl,3769,cb4d6ab605c86c4ddf085d36a086bfeb9b9088438795af7f0b5c916ef9f7d796,c459405175af6f27c4cc44abbd2a314a41e9f018f741f8e550f7caa4da138ffc,L3_severity_difference_same_safety_state,5941,1000,0.168321831341525,5.941,754
Alpaca-7B-train.jsonl,14066,2773a19f221ee70676cd196a77d6ba4d967671c8026d4ef67f768b7a0047958f,7c8a05b823413a04300ff014a67918a170d4f674e811bf1ef4a5e7a46a815f6a,L3_severity_difference_same_safety_state,5941,1000,0.168321831341525,5.941,755
Alpaca-7B-train.jsonl,13935,9ebcc087679d44358222075d134fd95fb89cb38c7eaaa326046f47d467fa2723,19cc88ea4b17bbbdbc707135d58bf2897aeb7a882c16c8405050a97a5da0c213,L3_severity_difference_same_safety_state,5941,1000,0.168321831341525,5.941,756
Alpaca3-8B-train.jsonl,9742,958c61f112305245a28c3995e9e57d8145c17abe4cafa215cce39be7e315ac23,3d2ee6f27e2d2d80a602445b2b8650dcd68a7daad526ca525a9684be174b3629,L3_severity_difference_same_safety_state,5941,1000,0.168321831341525,5.941,757
Alpaca2-7B-train.jsonl,8624,79944999f75bd6533b3e61546929f7f1fc0b9ac963103eda93caf8ac28bf7f3e,a42e0c8ef0dc890a5918899e57165ab51f8a42f6365704c6b7c347624e69dbc1,L3_severity_difference_same_safety_state,5941,1000,0.168321831341525,5.941,758
Alpaca-7B-train.jsonl,14550,fd7bc8871ed9861cadc4dcfa04d5d45c0b0f9662478aaf0a826e51e812bc6044,934731f19f45d976229e6dd6805c89da0040ff06fa709d7c7102344cb018107d,L3_severity_difference_same_safety_state,5941,1000,0.168321831341525,5.941,759
Alpaca3-8B-train.jsonl,18548,c2856769919fc6dfad13d97ac145a9c93adb184ee75128c395b6a7603c511862,da830be08e4e6e8b72f364dfbd5a89c2800a1df2a30f63d2eec790edd65d0f17,L3_severity_difference_same_safety_state,5941,1000,0.168321831341525,5.941,760
Alpaca-7B-train.jsonl,18365,2c19aeb8654e5f766936bda0b34d4cd35f7b456b44154ff038b6f9b1f6e7e6b4,033ad339f58256c48077448b092d5748e6d3bc742ec4b94f8cc3437b8a3c76ad,L3_severity_difference_same_safety_state,5941,1000,0.168321831341525,5.941,761
Alpaca-7B-train.jsonl,92,01c758f46033d55344c3cd15188501b76d50e72bbba049518088f96259eb73f0,04913d220e01ef199f59aea3c2f69e63f64b74b3b449f738d0ad80c43b196edd,L3_severity_difference_same_safety_state,5941,1000,0.168321831341525,5.941,762
Alpaca3-8B-train.jsonl,5597,e710fab2184de6a1d6cd2cbccdc11400e530b226e54728efc524d68ce1322bec,2f89e3ec23ce6c24ff2cad511c4936e07bae2839e50df96f0f101f0c0a127fa1,L3_severity_difference_same_safety_state,5941,1000,0.168321831341525,5.941,763
Alpaca-7B-train.jsonl,3371,6be6eae08ae3375737da5f80cd808cd14bf6c7baf9e8939a716c39e6abc26591,b5625fb68ca0f555de24106948b9090eb9fe35932eccf2b3573cbbeb67f88d89,L3_severity_difference_same_safety_state,5941,1000,0.168321831341525,5.941,764
Alpaca-7B-train.jsonl,21516,73a3df3e12ca70b5b8a2aec202def9e914cfd82340d676649b2501c0a13de212,36ad650fc5af2b240cd078ee327ada06c68d5f55219d272d1c73a795bf970eaf,L3_severity_difference_same_safety_state,5941,1000,0.168321831341525,5.941,765
Alpaca3-8B-train.jsonl,1004,3ac94e0d6a146531e3e91963d94cb412a0e0299b68608bc8dfac0168884f451e,415ad244dc52c82a5ce41da897721d8f89756ef13111d86ef9571d213db4b7b4,L3_severity_difference_same_safety_state,5941,1000,0.168321831341525,5.941,766
Alpaca2-7B-train.jsonl,13480,04fef4b5bdb7d118d672bf92fba3ec530051cbd3774e8ba6a6444990f5846940,261ef0cc6f6ee4a9a9c16dcd2988bbd41009eb7db7938909d472154eb2503c62,L3_severity_difference_same_safety_state,5941,1000,0.168321831341525,5.941,767
Alpaca3-8B-train.jsonl,8986,cc534e8eb0fb4114a1907dd4301aecd8885f3cc4b50c70cc8f598f7fc9ca85df,03a405c4b79bd6c2df4d81b0cdb92b92e67810f2dac229037f0d649390507772,L3_severity_difference_same_safety_state,5941,1000,0.168321831341525,5.941,768
Alpaca-7B-train.jsonl,1724,59b88a90de7434b19a1fcb07184f48ffb6e7621c197cc918cf3a6f579d589d10,b2bc149c9536fd258bd6eaeb8574d07a5b8822c616bf37b9dda8914026f656f7,L3_severity_difference_same_safety_state,5941,1000,0.168321831341525,5.941,769
Alpaca2-7B-train.jsonl,18390,54abd0509d65fab30c24f9a977a4845cdf2180e6e08be860ca6080e32c80d987,b9251aa321e8a471046f56c976758f90b56b5607544faf0ff83c06b69bcb35dd,L3_severity_difference_same_safety_state,5941,1000,0.168321831341525,5.941,770
Alpaca3-8B-train.jsonl,19252,643e9030f7b35165dbe3c83060130fbfc385a5470f2c01b344235e876a3a21ef,556d054087c0fab89ba89fb42dcc94be5c31629fb07c5094fca0c3bc4ab67fe8,L3_severity_difference_same_safety_state,5941,1000,0.168321831341525,5.941,771
Alpaca2-7B-train.jsonl,1241,d9f4ca947e13841d1e144fb67644d8d9bb84fd74ab12ef8b911cee249c43a973,409ccbfabba11cbf54a1114ef9d105c122b09306268fbb5420d89ee371874660,L3_severity_difference_same_safety_state,5941,1000,0.168321831341525,5.941,772
Alpaca2-7B-train.jsonl,2839,8d6c944e8ea3cf5d0f9d39f95cd59f80f88ac2d825e225c0d803a7971a88ccd4,bbf5a37b294986eb862c93bf1aebddd0439e436156e7f76226d9e3060f1f9365,L3_severity_difference_same_safety_state,5941,1000,0.168321831341525,5.941,773
Alpaca3-8B-train.jsonl,5094,dae860cb541f4ff68557552c05ae347f1dfd4202817a3b60c4ce9002d5f0b690,c38d17ee57c42da784340d4cbeb29b50b6a5e456e4715897fa4d1956c4adcb99,L3_severity_difference_same_safety_state,5941,1000,0.168321831341525,5.941,774
Alpaca2-7B-train.jsonl,5058,bf3a0d6b0c89771f02811ffa30347c2f15f2edbf24acc90e74adbcb3960b6079,66e6709d95b2efcba5d876d5ce1a9e6de44f96d3b1b6bc66fa8fdef0c315facf,L3_severity_difference_same_safety_state,5941,1000,0.168321831341525,5.941,775
Alpaca3-8B-train.jsonl,18368,4768f7fdf2b293e067cf5ffe4181d4aedf1c313f6dc1a7fada13099f07e3dacc,ca74ffc1dc6d2475dcca24d202ba7783b4b9975e134d62b62a2b9640d95e5286,L3_severity_difference_same_safety_state,5941,1000,0.168321831341525,5.941,776
Alpaca2-7B-train.jsonl,7180,53edbe2193247772d6e9cda4a7e6cb45ca72647b98e9245d47a1a9ffb990e978,23642cecf39657946a76645ac011146f1931d38af345ec6524c4693338929a41,L3_severity_difference_same_safety_state,5941,1000,0.168321831341525,5.941,777
Alpaca3-8B-train.jsonl,11951,484c41e4165968255845dfb86fe2241f28aa4cf52916533091f07e7607e23bf3,a50afa1af43f7d3ac074b38cc9bf1593a67cf751b213b28c6f2ac41118281e50,L3_severity_difference_same_safety_state,5941,1000,0.168321831341525,5.941,778
Alpaca2-7B-train.jsonl,24629,14e1cac92fbc9f3d76552ae9e5c19f17708c69e05ebbfb1e6de8752c1e7ce587,bffd91b3a8bc76ba63081fd4034dd614e948812cd3bc77ae2fb4dbf24e3cb6d8,L3_severity_difference_same_safety_state,5941,1000,0.168321831341525,5.941,779
Alpaca-7B-train.jsonl,14551,1381ef7ad083d688df3d6411daa546ec7f85018cfec434e964827f6764dd1792,e83daeb7bbab0b0c4447b3e9e4c94dc27f9cb99d7dfe6e61e5d2dc48cef83b47,L3_severity_difference_same_safety_state,5941,1000,0.168321831341525,5.941,780
Alpaca2-7B-train.jsonl,23837,f65aacefca0a3e134bd275b685a49d7dc93996ae20c74dc1026e93a5e53569f7,3a526d94699b47378e6d1d241ae8ac584c6942f30eb33ab429c7aec4000ed5d2,L3_severity_difference_same_safety_state,5941,1000,0.168321831341525,5.941,781
Alpaca3-8B-train.jsonl,849,cf12919093ee290153d9cd15ab3e2d9c89d2179fc5e3be7e739fa0e366c4eaf3,3a20d4e6b9f316cead4049dc2decca02f0e28cf9c05e66e919858b8d84c41bc6,L3_severity_difference_same_safety_state,5941,1000,0.168321831341525,5.941,782
Alpaca-7B-train.jsonl,8883,b2c5e6f11f9e390907388a3f0efc5dc303ee05d1e24c2d960cf92b6405b6395d,fe31bded3ad87fd2f5c8d6833755d85e3eeb2217172dcc41728da10258c569e6,L3_severity_difference_same_safety_state,5941,1000,0.168321831341525,5.941,783
Alpaca2-7B-train.jsonl,22543,b57613037fcc2c614dfb11048deec8772fa82cdad8b67a14c9322202b76387c5,bf107dd9e3c844f9f9a3daca8315f32c74e8f5cbba06e62fe7ca646be00c07de,L3_severity_difference_same_safety_state,5941,1000,0.168321831341525,5.941,784
Alpaca-7B-train.jsonl,15006,e9057e348abe6af2d226a2282c85a5c17686cea64259379f174cdd8ba73ce0d7,c85c84d2b3f6670c0789bacc4287287847cae566ffcfbc1843c8c303c5dfd194,L3_severity_difference_same_safety_state,5941,1000,0.168321831341525,5.941,785
Alpaca3-8B-train.jsonl,16303,c755893c70d29e39ca8d571fd3d13ab8dd3eca762773d6c1520d02383561d893,73959122ed9c8b1a05296c300df7f272c46db89cf978389b992b2c6b9ac14c01,L3_severity_difference_same_safety_state,5941,1000,0.168321831341525,5.941,786
Alpaca2-7B-train.jsonl,2570,b62ca8d97e4eb5505d965cf2217c99929246ad8f8262e29efaeb4edcc26cf155,68eb7518f3f3426ba7cd3f0e729198e16156ff63d6dd286d0c4e11073c599f2c,L3_severity_difference_same_safety_state,5941,1000,0.168321831341525,5.941,787
Alpaca2-7B-train.jsonl,3785,cb0494b1ebeaf35a5ef460c67e60234a545735ed0268ee84d57b379f03913ec0,31b19db0dbcb1b69dfcadff3c7a2b41c9663b7c17ab2a84ec96b884fb285938e,L3_severity_difference_same_safety_state,5941,1000,0.168321831341525,5.941,788
Alpaca-7B-train.jsonl,6464,b0bb65501fc723940e787e88e89f0e72b1b5c2d0f244eecdce336e41aafa52b1,30970e5496f69e498056f91cd5b9747f82684bfa1bcb12e061830ecda0e02e40,L3_severity_difference_same_safety_state,5941,1000,0.168321831341525,5.941,789
Alpaca-7B-train.jsonl,14020,c2cfc9331eb9a7462f9a4a649efb29b992e6e18730416bf001006e8e94439d57,a2afd44b0807fc491068a5feb4152d76a1a5fb9bd90e535f87f5b8c9dd75675f,L3_severity_difference_same_safety_state,5941,1000,0.168321831341525,5.941,790
Alpaca-7B-train.jsonl,7836,5f6ef2d4c151f988c7533493fe95d15138158e4962d7031707aa0c240fdfee13,4c0c8cfcc90e4500813b0fa0cd9c422b46d6c162e4efa4175044096b9f80538b,L3_severity_difference_same_safety_state,5941,1000,0.168321831341525,5.941,791
Alpaca2-7B-train.jsonl,25077,ad3385fc7f04286530dbc4f6a0de80b118592220c9bf0a10e4ffee325ff73b84,4348b9f3dbc4138f7f190b177f397cfe8654870d20ef46ba0275275f05b2b45a,L3_severity_difference_same_safety_state,5941,1000,0.168321831341525,5.941,792
Alpaca-7B-train.jsonl,22599,a3d9ecf3197b91a7e1210e86d9539f48961bf19c897edbe4dad91839d65145e8,9e66558642aca97049f3649de74335968c4cd9b78f88631a4f43591cb2526236,L3_severity_difference_same_safety_state,5941,1000,0.168321831341525,5.941,793
Alpaca3-8B-train.jsonl,9793,711a2859d70b00832b6071dd093f47e07714e177403c63b373bdaa3c3a52648b,e69c0d2567c1ae8370f7b808d9e8414b09db8a725e2419fef96298da9c13bd86,L3_severity_difference_same_safety_state,5941,1000,0.168321831341525,5.941,794
Alpaca2-7B-train.jsonl,7860,e395f06dcc53c6743f814cc1b679ed63bb32e7f6ff74f1b0975aa40863f9301c,0af1edcaa30c3a8efa1d325970131b989ab122b8cefc6bc84df48ce405dae9a2,L3_severity_difference_same_safety_state,5941,1000,0.168321831341525,5.941,795
Alpaca-7B-train.jsonl,24377,cfbdd650ce3098c6d80573da5861ebc71278af5d79d2126bc74f09fe9eca700d,07698887339bce0baaf209be9d751611f24736e571aae9e46a900c2859f2a212,L3_severity_difference_same_safety_state,5941,1000,0.168321831341525,5.941,796
Alpaca2-7B-train.jsonl,15291,fe31336d89f54fb3cfc0b859b2c647d212d2f6e255c45be61441c0bb7f2019d8,599293e66b1ff35a63070a04896b04d378ca896f0b6a14ed15b53935822e408c,L3_severity_difference_same_safety_state,5941,1000,0.168321831341525,5.941,797
Alpaca2-7B-train.jsonl,22502,d96e01847c0dea47f4b67ce5b510cfddae285a14c33996fb693f7f1ff6d0c013,3b06a07e3405c9f3f8169955cd62f90b31493d08de72ee80fd742d6556a23a28,L3_severity_difference_same_safety_state,5941,1000,0.168321831341525,5.941,798
Alpaca3-8B-train.jsonl,11950,7f5ae8554570afe4561ec88b6417debf52dda6f94b498d395055c5f7a31b44d3,1f7104b429f163d83a503e1584771cac6279997ee922a8fb639a22552cb2a003,L3_severity_difference_same_safety_state,5941,1000,0.168321831341525,5.941,799
Alpaca2-7B-train.jsonl,16505,379c4e4a6027ecb5dbbf07fd292b5f7596c24e1303c4bd446e398ae5d7aeb7de,e8c22a83d9725801fe240f05bb50c17902dac7c271ac9e98c1c123d7928e7537,L3_severity_difference_same_safety_state,5941,1000,0.168321831341525,5.941,800
Alpaca2-7B-train.jsonl,9799,87b7079b6296e56a68f46192dc747a5c87e9931f03264c9a582d36bf017f8577,68db9aa5f81eb58173360efe61120f852d2551b07fda3b2110075ae1710c6d71,L3_severity_difference_same_safety_state,5941,1000,0.168321831341525,5.941,801
Alpaca2-7B-train.jsonl,7797,13383efae36dd4f3c3cdc08a8b8e004aac88895d204f9f761687c0738cb58691,b6dcd6048d7b705b672972bb11e3541ec61e1311b2273bac58a050bc6ae28dc3,L3_severity_difference_same_safety_state,5941,1000,0.168321831341525,5.941,802
Alpaca-7B-train.jsonl,5572,060d5dda2a054c90cd7122957216947af90015a4014b8afcae62415cd6d8811f,d62c90b2b9496e76ba4f361bb4a10a402958670d253f616df0212736f0b35c39,L3_severity_difference_same_safety_state,5941,1000,0.168321831341525,5.941,803
Alpaca-7B-train.jsonl,26410,4f4ab82de696b6a8ce6e1b1f73d37679549d8b8e8b49dbae075f5ea329073119,acdf643b3a5ada4f1b70c6fd4a8ad75a3e806459d5b6a6d70b1c6e54ac0ebb05,L3_severity_difference_same_safety_state,5941,1000,0.168321831341525,5.941,804
Alpaca3-8B-train.jsonl,18930,ee6247cf9ec4462e537b6dd099d5b60159e1007a80e6c9e28aef222752289169,432b027abbd81086fb1a61779f986759e98fc2f8e6bb92b18395eeba56895e5c,L3_severity_difference_same_safety_state,5941,1000,0.168321831341525,5.941,805
Alpaca-7B-train.jsonl,16106,81ce4b670cf5c9dde8896ed21f2a11bd84c83d9fc6239f5ae1152edc9037cff6,dc8231f9c7d4b3bc3b8857609eceb2da7bf0278da66fff21f45bde2ffcbcc39a,L3_severity_difference_same_safety_state,5941,1000,0.168321831341525,5.941,806
Alpaca3-8B-train.jsonl,8914,6486590efe12c7cee62cfddf9569d5e09f85d0cb6c5c9893baad05aa950b7d39,a2088db1021d97bf8b65eb03613afe7f32244733154b37232c1559d6a3ada9b1,L3_severity_difference_same_safety_state,5941,1000,0.168321831341525,5.941,807
Alpaca-7B-train.jsonl,25898,c29471e52414a093bcd65a57fa595d0d0789a6de1a146416f20c6abe14cc7d07,d9dc804209f0af6d0136b9512f2127a35bbdf6050bfb121adccd01c44f831cfb,L3_severity_difference_same_safety_state,5941,1000,0.168321831341525,5.941,808
Alpaca-7B-train.jsonl,16502,fe31b22f200c2de657a53a488160de06ce0b4e50f0843a31f92ac503a98b1645,867c537f90f0d2903bf3feec62f57e647ff24af010210757d27d94182b8daed9,L3_severity_difference_same_safety_state,5941,1000,0.168321831341525,5.941,809
Alpaca-7B-train.jsonl,2111,43ea110b322355c4ff5f4f0428c55dd0680c00101f370e6a053abe54ad70de50,cc015221f4d682e45689515bef261780d61f80fca314c31cd93cd65e4dff812c,L3_severity_difference_same_safety_state,5941,1000,0.168321831341525,5.941,810
Alpaca3-8B-train.jsonl,15917,afce9672325eeb7782c00bc9b87efd00a6bd588d0eb4db146115bed1e212d542,ec4a35cbcf7d824bf67eb2f09ebf59972caea1e5c605150faf0efb9bb6e034c5,L3_severity_difference_same_safety_state,5941,1000,0.168321831341525,5.941,811
Alpaca3-8B-train.jsonl,2929,ed5ac94c153651a57833283207f0845884e30073f0687512e60aea21ea6930c1,618cfa2ccc1ab8b795eb0d29968c1b8de9dc1cb7ab328eb5e27d7e1e9e2204a5,L3_severity_difference_same_safety_state,5941,1000,0.168321831341525,5.941,812
Alpaca3-8B-train.jsonl,3664,fe9698818a150698b25747f6c3da184567ab8be80227360d8410663aaa7695ce,e2435c2c3e62dd6afa459800a84b4f873c98d285ebc2b930f8f2ed50b4d97ff7,L3_severity_difference_same_safety_state,5941,1000,0.168321831341525,5.941,813
Alpaca-7B-train.jsonl,27023,aa062d670d047493dcfaeef6aa0cdefa49a346fbe20b88a0be865d28863f238e,188200756356cfeafcfae1fda38b23ddc0727e6655b8915ed611aa70a1148a28,L3_severity_difference_same_safety_state,5941,1000,0.168321831341525,5.941,814
Alpaca-7B-train.jsonl,22060,c98eb5edc8bdcaaa628329a4563e5b25706b3c9ddb7d5c403e11bc1fffbf27a4,8a2976b534d1a523c841d7e9bdef0c056f515e6af0890ffc7e84dd80e7501b19,L3_severity_difference_same_safety_state,5941,1000,0.168321831341525,5.941,815
Alpaca3-8B-train.jsonl,14934,9137af04794deaf2d0cd05d4680f01acb2b1856752840993bfaaff9d0e539840,35e616391783bfc23b17a377367d42efc80c1dcc32cd3508638aea2e52151add,L3_severity_difference_same_safety_state,5941,1000,0.168321831341525,5.941,816
Alpaca2-7B-train.jsonl,20636,c5ef6144429441e7fb26b45771677f8aa31bcb05000524d2b8587e8d8b1c1be1,0d3c585c4bed40c0c30c948339864eb4e43e16d7b342b444920bcaae99c781ac,L3_severity_difference_same_safety_state,5941,1000,0.168321831341525,5.941,817
Alpaca2-7B-train.jsonl,7775,6667d189dfcd8b49b898d23738f6a448d3f92b86dc97f68cdc3d8bc1dc05c7af,56885774a0e487dbfe5f0e942c5a14ca77ee526f46a3e11b7a71d093ea7753a8,L3_severity_difference_same_safety_state,5941,1000,0.168321831341525,5.941,818
Alpaca-7B-train.jsonl,18382,8494c70713e6f7b8a9082a536c835706a96a1da3407f8c159fd601b7205d65f6,be4b9e9a5ffe3d63459af6eceb80314c298671d7232083a94fc1525f35cc8351,L3_severity_difference_same_safety_state,5941,1000,0.168321831341525,5.941,819
Alpaca-7B-train.jsonl,24570,c3fb96065788ac201239c3f2160924b0437dae69d9e035d26f63244c14144856,869178bfa8f90669012559edf13d8e16b898a335371440660566d8ad4180dc2f,L3_severity_difference_same_safety_state,5941,1000,0.168321831341525,5.941,820
Alpaca2-7B-train.jsonl,9184,f60e0008203f1516db5aa7861df3d49e01715020dd998866350713fbba3e3ac5,71fdc033b1ccaf391b0986d8beb6cbb6cedfc9bd7b198bf4e94862d9f8e9c1dd,L3_severity_difference_same_safety_state,5941,1000,0.168321831341525,5.941,821
Alpaca2-7B-train.jsonl,21164,44f4a06adcf4a363c807861e8315f01ed5b58752041be999fdee03cd8a82366e,a30d5b5d644ca596f006f73b6434ea7872827646c4d5209f8b47db929205e2a7,L3_severity_difference_same_safety_state,5941,1000,0.168321831341525,5.941,822
Alpaca-7B-train.jsonl,7271,f630217e23d48827e61eceb8be7c15ae8966ab9ea752eebd6f3f1b192ee250dd,17070fd35ee2a4ad6c239cf0a7c3388eb6b9dbb8d6123159d962b083ef0832a2,L3_severity_difference_same_safety_state,5941,1000,0.168321831341525,5.941,823
Alpaca-7B-train.jsonl,12965,4a8bcec61fa0a5b7db10ccb7684f4e2738631835048a5343beba36ace7890ce6,c5903b5c09ef7343eb66a62206262efcdcf9bcfaf56524f53b1546a704ddd094,L3_severity_difference_same_safety_state,5941,1000,0.168321831341525,5.941,824
Alpaca2-7B-train.jsonl,14812,e5451c69dea709437fd10fb63a8c6e12df62fec7148eed19476becab3715c4eb,ae246a73be5c53f9618c62d8a23ec3b8d8409f36dbc034df9608008c52b4ab2e,L3_severity_difference_same_safety_state,5941,1000,0.168321831341525,5.941,825
Alpaca-7B-train.jsonl,1440,bcc90ea589536f644a9b76c65c529b2704135b68b184f3c5839854700c765a45,448c7660c5bfe532bbbff4480df1d7e89807b735d943823fa68531b57757edb7,L3_severity_difference_same_safety_state,5941,1000,0.168321831341525,5.941,826
Alpaca2-7B-train.jsonl,4046,175c276c8aa9b8ecc9e2ba7a3b9dbd23a53ad906d16b84ecad0755e39f2d44e0,4bd9eae89f5a976eee91266ea8913343741819d356496352da9a3227f1f4a423,L3_severity_difference_same_safety_state,5941,1000,0.168321831341525,5.941,827
Alpaca-7B-train.jsonl,2489,e841ad7166a6ace4c1e66bd4e9851a599a96c896f308b33d256b2fcf9e00654a,72110b8f20e1afe59487be8a7e43b7f145235989301baaf3cdfdc0f32a791f35,L3_severity_difference_same_safety_state,5941,1000,0.168321831341525,5.941,828
Alpaca2-7B-train.jsonl,670,72684f2f5492a9974584be1171bf06370f7174ed4cbe76ab1ebe20a27c7c42d9,fe2909f0011c37a1b0653fd51bc3a4fc013eb4a45cb23e69a6be601edea77dbc,L3_severity_difference_same_safety_state,5941,1000,0.168321831341525,5.941,829
Alpaca-7B-train.jsonl,24271,daf231df7a984ec83df26c890bc65f9fbd74e7185aa095a8f855b27e57ea8676,41ce53a576905e2cc74e2d0e530cfaeb74e6f54213a38ffb9e1e378064086d45,L3_severity_difference_same_safety_state,5941,1000,0.168321831341525,5.941,830
Alpaca2-7B-train.jsonl,11493,3b0a2ff3cf90d8e366af885878eb994132cd3ab97aca0bb428e4c2049ced7343,898b5231b41f8051d77f696cbb1102b5cd13032ee6a2c1564fe0538627cc6b94,L3_severity_difference_same_safety_state,5941,1000,0.168321831341525,5.941,831
Alpaca-7B-train.jsonl,2195,1576513bb0914d03e79555a8c88d702c9de84dec78b0290b8b8a0caf17ad1c24,1293870fd206831b9e385c5a94b6eb131f2f9a6c5ad8940d37f90c5fbb5bffc5,L3_severity_difference_same_safety_state,5941,1000,0.168321831341525,5.941,832
Alpaca2-7B-train.jsonl,15332,5857b5b01c271d502fd816245b9d4ec3ff98653442e04e1ddf067bb8a4bb64de,af4e3e237b3268bd073b5420b5699670ad7b1dfa92c0d7351420d9244d8ab3ab,L3_severity_difference_same_safety_state,5941,1000,0.168321831341525,5.941,833
Alpaca3-8B-train.jsonl,11093,d730810e352c633ec0ee6d4057a530ea44ad54b39222b34cf9a74cb3721fb908,a846256b1367fc89b34bc8b949b9cfc4d2bb30ca823f1e7898dafc2c56f51125,L3_severity_difference_same_safety_state,5941,1000,0.168321831341525,5.941,834
Alpaca-7B-train.jsonl,12845,ab79da3377384621f8c2b214c2cd245fa3f15709d335b453dd9cf7677568b192,54b22e7db4765cfb72f0ffd5022592fe1aa6667bca1ed1151341982dc35818ba,L3_severity_difference_same_safety_state,5941,1000,0.168321831341525,5.941,835
Alpaca2-7B-train.jsonl,22065,00eeb5e32bb93a052e01134d91066d0cbe1ca01a66c3b4828555306c868906df,487e6eb93f902331d4efe2910a7b0c16c0ef18076e3b5a31988b5b48a2de6671,L3_severity_difference_same_safety_state,5941,1000,0.168321831341525,5.941,836
Alpaca2-7B-train.jsonl,11848,8f8b0d2cc6aa797b71a02673276b8eaa662a59d55170aef897e9cf9290aaf345,9807a1f6e39a58d13c7fb820d7920b93117de28b2737394ab779989609368d3d,L3_severity_difference_same_safety_state,5941,1000,0.168321831341525,5.941,837
Alpaca2-7B-train.jsonl,16056,48fdfd70a17c3330627c83e8c6c33c11747677e2070bad7907b33532f016c01a,a6b5e91c0846e1037e3c83739ca39736a80789bac03a6f22056f1c2d3a0d77d5,L3_severity_difference_same_safety_state,5941,1000,0.168321831341525,5.941,838
Alpaca3-8B-train.jsonl,4079,aa66601283720cfa62355fdbd70db9edc1879d846ccd861d4cb65a583f7ef9c1,8389976c558f5546cb45ad3fe35e7e549b589f426a65bb3422c97a7a6dba33a1,L3_severity_difference_same_safety_state,5941,1000,0.168321831341525,5.941,839
Alpaca2-7B-train.jsonl,23482,9d75275161825607e9f2559f9ddacc15b64bcc15c86e9d5165169e2bb235035a,bd499233786b8c38561d76e4da4b6d6d8aac0e9aaa31651d9470693814157926,L3_severity_difference_same_safety_state,5941,1000,0.168321831341525,5.941,840
Alpaca3-8B-train.jsonl,7995,342916785f0108fa27aef697dad6337089df9282fc73e195b67c0aaabe2cfebf,5da40f10275bcb9094a9ba5145007e0edc00bca995789045e6c4d37b51267b31,L3_severity_difference_same_safety_state,5941,1000,0.168321831341525,5.941,841
Alpaca3-8B-train.jsonl,11886,9052241c32c6f3fbe193d42fe8aab2b2e3de4eddb26b5d062cf7c6df235ef856,01d77766ef031d7ebf4d13372e7b49de1485d11b2d14399af70e36bf1617034e,L3_severity_difference_same_safety_state,5941,1000,0.168321831341525,5.941,842
Alpaca3-8B-train.jsonl,19818,6af4440eea30293d1625ea656bbc23349065fb292631419dcbfe6462f43ceae3,f9d6d481a37e11859183626ca53d47c5d77b2d7b10f28d016733617fc9347e07,L3_severity_difference_same_safety_state,5941,1000,0.168321831341525,5.941,843
Alpaca2-7B-train.jsonl,24070,29e0677f507b5069ddb79951d01d0e6aa92c3fb515f84912253bd4209bf1d05e,365e85c62667c7ed244e291b9c54e125be0d87a350bb6c3d34b8cdd3f4b2ad79,L3_severity_difference_same_safety_state,5941,1000,0.168321831341525,5.941,844
Alpaca2-7B-train.jsonl,20340,f2f2caceb890f275beaafe7c80f1b8ac032dd7933a626f41cb71623f623c54af,38bba3021c2793d5370ad0f07c8f5434fe513be52a6e220cc8f0d1f16e9f5110,L3_severity_difference_same_safety_state,5941,1000,0.168321831341525,5.941,845
Alpaca2-7B-train.jsonl,22535,39ff304784deb2a0a3edb32192e97ecae1bfa7f1d1cd0ee43b94633e7a49157f,e17c638aaf9daacd8f0bed81dd2be328b9c5fd5e38ecb9d830c71f00d1b210d0,L3_severity_difference_same_safety_state,5941,1000,0.168321831341525,5.941,846
Alpaca2-7B-train.jsonl,1204,22d6a8990217054daba8f338d8d6c8db710f5f421e93ead6760b46f1403f4c34,32c426e4afcdfb7fcae06d2d14538341a78f5d32dae33f5a5f88773671d37f81,L3_severity_difference_same_safety_state,5941,1000,0.168321831341525,5.941,847
Alpaca2-7B-train.jsonl,19182,075ed505e62a59d34ba33eaf3ad58ec3ade62f89d133a49b04050e275333fe03,4633d08ba732912e5f33871a610bf61266dbdf6ad7f8b92e4bd138021bc99242,L3_severity_difference_same_safety_state,5941,1000,0.168321831341525,5.941,848
Alpaca-7B-train.jsonl,3568,a2ba1805b6f69ebf859f3b68cc01cd557ae6f43bbaf0864f6b12af2ec1751938,b65990b3d31be7520382faddd8d079f9ccab5fd43ad675aa43f860f26dec3b52,L3_severity_difference_same_safety_state,5941,1000,0.168321831341525,5.941,849
Alpaca2-7B-train.jsonl,23086,cd452d0bb0d2231a2e1dbbd19059d6300da966eb7503f59ac6f4c096b1dbbe33,5cf4574de83a3b51194212d42ba974ea039002362efe7eee8e2ab9f4d8449c2f,L3_severity_difference_same_safety_state,5941,1000,0.168321831341525,5.941,850
Alpaca2-7B-train.jsonl,20586,12558939efaae2e22831c61a89169676173fae458c7d1f43787e255ece145777,b2199b938c82ade1b02512dfab78830ced2b76c102fb572e9b6513071c9238f6,L3_severity_difference_same_safety_state,5941,1000,0.168321831341525,5.941,851
Alpaca2-7B-train.jsonl,23629,3f98e3b88c9e11551496b8a9a7f97e113a3959a919876b3d276702ad5a89f905,f97ab9aec16c2372a09ed3772952d2ea1120e92f47f4f2ee8e46544568dcf373,L3_severity_difference_same_safety_state,5941,1000,0.168321831341525,5.941,852
Alpaca-7B-train.jsonl,10037,3ea3cd23c6a27c3adad45e643ae0c6b94103775e1ea0a65cdef0a7ef5bead82e,ea2ec93d085d3572c4de1dbb957f464c4e443c59f9401a743129fc1710f4cec9,L3_severity_difference_same_safety_state,5941,1000,0.168321831341525,5.941,853
Alpaca2-7B-train.jsonl,8347,8bf6fbb9037fd77467e59655c734a1932634c2d165a3831798f601702b3ad5ca,5b77a45c677cd0fb8f83fae249172ec52c92d4c3715d68d35055836b909fbbc2,L3_severity_difference_same_safety_state,5941,1000,0.168321831341525,5.941,854
Alpaca2-7B-train.jsonl,9440,8de61a8dcaee909b99833d43c030bf54aba9dced26942d721c9d14ac7b77d992,64c7a2835b58274ae9a453c89bb2f084139670e00c662a19bdf94927ccad2144,L3_severity_difference_same_safety_state,5941,1000,0.168321831341525,5.941,855
Alpaca2-7B-train.jsonl,11828,bdb09bd07679e5b3c413318137bab8bdbbbdaa58b4203fa0a60feedda107bf82,3622a9657ccc2b182b5ca7f921e6ad32df723ef74199b82c753761c0a61fffd7,L3_severity_difference_same_safety_state,5941,1000,0.168321831341525,5.941,856
Alpaca2-7B-train.jsonl,9122,eb031b930bd4e1ac509dafbef0db058cde29cd4e6d7def8b068ea279fe70cd86,6deca97a9858f8100952d6bf6793c0fd399ea798d290327a6abb9ea09aa13bb9,L3_severity_difference_same_safety_state,5941,1000,0.168321831341525,5.941,857
Alpaca3-8B-train.jsonl,16013,c92d1623b0df20f117315fabb9011186d88b59721b8cccdbca0a0d6aeab0d525,c556d2eb3a0b48600f03f950046ea7a68544c86a3ca12e3befd4b3b061084f81,L3_severity_difference_same_safety_state,5941,1000,0.168321831341525,5.941,858
Alpaca2-7B-train.jsonl,19018,b7d3569b8e8e3e052ce6449d40c738bc5d3604af896414f02610bb31c0da1a56,261ef0cc6f6ee4a9a9c16dcd2988bbd41009eb7db7938909d472154eb2503c62,L3_severity_difference_same_safety_state,5941,1000,0.168321831341525,5.941,859
Alpaca-7B-train.jsonl,5938,1d689a62c8a0e0fb2be25af377b9273a508fe02a818c090c4bf95e1d58a76359,4caccba79df9cb2b91e17e3bf1cba1c8ff4bbe24393682dd3cddc925aaf63544,L3_severity_difference_same_safety_state,5941,1000,0.168321831341525,5.941,860
Alpaca2-7B-train.jsonl,21049,1142aa8e02fc543f67fca6ea8336bb613ce7949bfc138c2453514ddb617e6f8d,0530caf884346054e4b1a1a29061dac6549ed6c362fceed91ff1e1d84c178d10,L3_severity_difference_same_safety_state,5941,1000,0.168321831341525,5.941,861
Alpaca3-8B-train.jsonl,5152,32ea28b5c2bea17ae4d470ab6e82e8212ce481d016c026385a119e9e0706d79c,5ef219420520a50b0b562099ba5ae445a25654dae613dea2cbdf0515830838a9,L3_severity_difference_same_safety_state,5941,1000,0.168321831341525,5.941,862
Alpaca2-7B-train.jsonl,7994,7fd794921968f639cf40af7e9d845bc647a08a98a6e621bd8ac57da84b579ae2,a17bd0b032b7b7c785513c9c75ceb21b53d44c4340f337bf5bf124108794f69a,L3_severity_difference_same_safety_state,5941,1000,0.168321831341525,5.941,863
Alpaca2-7B-train.jsonl,15739,0a16f94201606d9770e2fd68a6a67da6f8d0c6206854340be26bb502b7b8e1d4,7e1f222acce1b1601ab99e616b80097e38658747e4f7b2324cd6251f8f5db7eb,L3_severity_difference_same_safety_state,5941,1000,0.168321831341525,5.941,864
Alpaca-7B-train.jsonl,11605,c5425dae4b6443ed1babac0aa8c2681cdd8b08f726b4059b33667bc45fb60bec,69e06fa182105f42b1c4bf9cc0dd37f3c42ede7bc69513ec3b069d5253c6deb1,L3_severity_difference_same_safety_state,5941,1000,0.168321831341525,5.941,865
Alpaca-7B-train.jsonl,7529,d84aec88f8f9be5dd82b02f9401b831c631254e0abbad1dcd7b2828082c58da3,84beecc6426d5047aef0389095f051d80afa7e9db3f728bd9c1355d0dace10d3,L3_severity_difference_same_safety_state,5941,1000,0.168321831341525,5.941,866
Alpaca-7B-train.jsonl,6087,d6dde9e731f5a95684fcc1e40a9f2939c81b78a5cd4eaea0f0c820cc1a08e97f,9119844d2e1a604131ae2a216f565b7ebaba98f581dc077101f983be6d93d1e5,L3_severity_difference_same_safety_state,5941,1000,0.168321831341525,5.941,867
Alpaca2-7B-train.jsonl,14936,0f97e41f144438fb107e3e4d9bd4fcda09c9ff852475531770cb52ddf35dbe81,e560e6f49bc51a4a79d6463f377ab192c46baa3b03f670f1f55aefd427908dc9,L3_severity_difference_same_safety_state,5941,1000,0.168321831341525,5.941,868
Alpaca3-8B-train.jsonl,14810,4795c61fc6b743adaf96544290aa1dc46d4ed5c1933e19e1d0f29d267dc2384c,d1bc04ddbb40b6d0dbeaddeda60715f2ca69157ffabc83943c72f41bce16e371,L3_severity_difference_same_safety_state,5941,1000,0.168321831341525,5.941,869
Alpaca3-8B-train.jsonl,214,e25a3e1e519cc0acb9d158febef83304018ea99ad2a8832716f5376c135937c8,169065455acccce413e7209adaa0e693a6a4084a1aaae6b0e47837df9e0801c7,L3_severity_difference_same_safety_state,5941,1000,0.168321831341525,5.941,870
Alpaca3-8B-train.jsonl,20311,c6286e4e5022facb039b6e58eff30f40cc9d2ec4c2d70c9168de8801953746b4,7fcdaffb9ffee5138aa8824ccbd9e6b0d3385fd7d386daf01a4748aa54807937,L3_severity_difference_same_safety_state,5941,1000,0.168321831341525,5.941,871
Alpaca-7B-train.jsonl,19095,43a4d0889329e33decdbf9a569d60d2eafa9ceecb42bf898f78bd2f634207bd8,b5780e78cab0d6f7cd0013fed11a6f7e79cacf06dbaee5906ae8e6d9077542f8,L3_severity_difference_same_safety_state,5941,1000,0.168321831341525,5.941,872
Alpaca2-7B-train.jsonl,15679,deeeb1817d4d1d37fe82f6ed18d81f46369edaf57dcc06645a3176ba35024f2d,e3ab5ecc8567a71787950a0e70bcd911b49d1f0aaecd079c74fcdcad1a062f3c,L3_severity_difference_same_safety_state,5941,1000,0.168321831341525,5.941,873
Alpaca-7B-train.jsonl,20383,036575a6eece631323183a0e5a4a39739f8ea688ca062464263c12807fa70d00,d28461b1d2658ee423dc0fbc1e3d90340bbbc59ccbbba92bd5c36daae8b0e698,L3_severity_difference_same_safety_state,5941,1000,0.168321831341525,5.941,874
Alpaca2-7B-train.jsonl,15104,55c514b5c1315f585c63836276307357d7894e9d5ddac6460fa052254c90abbe,b78c010d26be61f41f3a4ef0643717ac1ef6e7d3434503bc29291bc13a3467bc,L3_severity_difference_same_safety_state,5941,1000,0.168321831341525,5.941,875
Alpaca2-7B-train.jsonl,10556,2cfd3b068af146520e22ae32ba96153b033832924d553524af0d007295cd1e19,544a573fb7bdc6cac74636c2cc2c5304db8df3ebacac263cbba4b48e99a89bf3,L3_severity_difference_same_safety_state,5941,1000,0.168321831341525,5.941,876
Alpaca-7B-train.jsonl,19428,09142d2e124add1357960d7f0600c1ddab4ebec57d7099ad7a14f63efd81acec,af433ef0dee52226245233448c58efcfb064484236b3d08e2d67e596f652af1d,L3_severity_difference_same_safety_state,5941,1000,0.168321831341525,5.941,877
Alpaca-7B-train.jsonl,5836,de0f8f61d7ab8d906fb58b54e50e621dc08dc5099dcf94de493753432fc7f9a7,0bb2e22ac4d9c5949e533e778e8edc7b6b107f73fe4997bf50458d5aa047cf6b,L3_severity_difference_same_safety_state,5941,1000,0.168321831341525,5.941,878
Alpaca2-7B-train.jsonl,804,6b8b8b846f9fa1cedf1c488ccc8db4f1544718dcfd1960a4638cec0d81a6c12e,38d90277da4031860d4da2c98cd5b0a0439dcd0453f249762961b9d629056315,L3_severity_difference_same_safety_state,5941,1000,0.168321831341525,5.941,879
Alpaca-7B-train.jsonl,17287,3011b19f0757918cf2c19fa3c92495ea09d8336cc32d7f6e6f8f43998a62227f,1d56fafd59b6eac25a958fb10dcf18ae66cc340ab2841d44230d04d515218508,L3_severity_difference_same_safety_state,5941,1000,0.168321831341525,5.941,880
Alpaca2-7B-train.jsonl,10989,48363f4e71608c63014cfaadbee83e3eeca853f57a38e6d5c2808fa2188874ea,b48593abeb03da6cefc18076e38cf8395bb1311734a028901a1cf7c86d61f297,L3_severity_difference_same_safety_state,5941,1000,0.168321831341525,5.941,881
Alpaca3-8B-train.jsonl,17137,c05756b154caf275302b67c81b5d7fec584def36d7e06ec0d96c5f67a699b818,30da56cfd1447c48b537cdb5636b8538e574dd8cea82220d7a2ac68f872401a0,L3_severity_difference_same_safety_state,5941,1000,0.168321831341525,5.941,882
Alpaca-7B-train.jsonl,10185,60d2c035efd84aad622167702a43774820a31092ce279b23d749ab7ceb886de5,e454f811942c611943199376298c2e43d19e79ddbb20baf01256a2e532766da7,L3_severity_difference_same_safety_state,5941,1000,0.168321831341525,5.941,883
Alpaca2-7B-train.jsonl,5805,a6bce8afb53d6283690f81cac04c6146533ad7cac6ea8e02e447feafff8c93d1,9b2ad23af56293bf965d4138a8a370d138a985b2cc7c02443c83f2e4a0703e9b,L3_severity_difference_same_safety_state,5941,1000,0.168321831341525,5.941,884
Alpaca2-7B-train.jsonl,7456,1925a8f304b9e080ee8a5a011cd0b2924ba0fe150ff63024a99e7bdde26de0a1,f4fc3c9e02ac94ba16fb0674800f78411793a82fccb3f5e1cece326f721afc95,L3_severity_difference_same_safety_state,5941,1000,0.168321831341525,5.941,885
Alpaca-7B-train.jsonl,17095,1a1a6b2566bd45f651920a2b439d04dfc3c25ebb0d50d32db721389f1299f1f5,5aea35bb96ca3e48426ea255c6b890efb3f2f025365ebb033450fe9d8a0ac574,L3_severity_difference_same_safety_state,5941,1000,0.168321831341525,5.941,886
Alpaca2-7B-train.jsonl,1912,7d9d16bfe8f37676c2b0465c3badca2c8b56339048144a561aabbbc473b033dd,b31b612b3283c9fa7a50e554b1acf1ae7c40553a2f52aa64ca662a7ea65b1ad1,L3_severity_difference_same_safety_state,5941,1000,0.168321831341525,5.941,887
Alpaca-7B-train.jsonl,1147,0c81778df50aecc4abeebd695ba19e7e4cb8d90064fdd1d63c76be139a6fe433,899f03d36f8e5ae220b85ee02643d6e6e112bd1336cf0e39e00b09f261692586,L3_severity_difference_same_safety_state,5941,1000,0.168321831341525,5.941,888
Alpaca2-7B-train.jsonl,7094,83af740e211a43ed287cf67499c9d8c26dac5c2589bebd291fd44642f0c49504,7e2d45d5a0b20db9ae9de669de27dcb36727239a52c39996f967a6941f863d39,L3_severity_difference_same_safety_state,5941,1000,0.168321831341525,5.941,889
Alpaca-7B-train.jsonl,4287,8e720ecb023a6152acee23213266c238ebbdbd21c68e2675cca970c2d80caf19,fa094da880bb731fc7ff366f710355855ba3e2dff60531743fd00fe83abf232d,L3_severity_difference_same_safety_state,5941,1000,0.168321831341525,5.941,890
Alpaca2-7B-train.jsonl,15589,8cb1a0b12bbe0a7d3a7b5d00f87509b1d3605dacb2b73fc9400d265ab3e968bf,b768d0d9e961211cdedf90ec88cdf8448eb146a2ce59dac71db8f93578ef9fa3,L3_severity_difference_same_safety_state,5941,1000,0.168321831341525,5.941,891
Alpaca2-7B-train.jsonl,16886,5f119f3134f3b9917633fdbd8f237e46471c89dda22142849e6d99e58942e7f9,7bed918a2dd69a2d10047222af13c7ee1b9c7628204e5372b152ded43b708da9,L3_severity_difference_same_safety_state,5941,1000,0.168321831341525,5.941,892
Alpaca2-7B-train.jsonl,14530,df8020a8bcc586b64730ec13a6c862b92efde8b5cbd0e855cacef0794dbd8d6f,f1f8cda8cbbedfc493f6bf3ffcb385595ed5cc0e70ca1d2abb66cb7b037fed3c,L3_severity_difference_same_safety_state,5941,1000,0.168321831341525,5.941,893
Alpaca3-8B-train.jsonl,3855,db3e234a95ea3155ac007afb5c25a77bdf1a94cbc5d3cb861686f50a456be1bc,5a4c591c29cca6195ab3d23c932a4feab396ae3e392a0bb1e9306fd98d38fe27,L3_severity_difference_same_safety_state,5941,1000,0.168321831341525,5.941,894
Alpaca-7B-train.jsonl,7980,f724fdc6d68ac5938d6316ed606a5b03c2dde5acd635d229eb20f789dece2579,d50c9bd13d71751882b31bafab2d4d46ff304306bcb5948c5da5235511ed7140,L3_severity_difference_same_safety_state,5941,1000,0.168321831341525,5.941,895
Alpaca2-7B-train.jsonl,5738,9791310fdf4d436f0f7287b930a5089f1c5a5f795ba75784683b21fb0917bb82,c85a3f22e944db34a32c699570f0ed777b157db6f9d686787ee4db4b00272c93,L3_severity_difference_same_safety_state,5941,1000,0.168321831341525,5.941,896
Alpaca2-7B-train.jsonl,23989,b70a687ac5f36dfeffaff8466069d0e81f0e0ee3c77a6d18c1d8dceb26ed9d80,3974b43277a3f4e6383c889a2246186c5adee657ad535654a85e78cb39adb18c,L3_severity_difference_same_safety_state,5941,1000,0.168321831341525,5.941,897
Alpaca2-7B-train.jsonl,6037,1e475d085cf694bf8868b80e27151f52fdce7603320bedee0489a8d967ef6eda,7bed918a2dd69a2d10047222af13c7ee1b9c7628204e5372b152ded43b708da9,L3_severity_difference_same_safety_state,5941,1000,0.168321831341525,5.941,898
Alpaca-7B-train.jsonl,5756,06a03047af72555d73738402905ca5cd66a0126c824d0cf82b275100074a23a8,78c7a2fedf800531dcec59394c60953f336d42105e4bf26dc36d8a3fc73799cd,L3_severity_difference_same_safety_state,5941,1000,0.168321831341525,5.941,899
Alpaca-7B-train.jsonl,13661,3bc5e87aec6f374c1abc02747cca1c29b9a9d09c3ab97f98ec89871f26f4ea2f,963cc50a42d85fc0c98d95f3ebeafb6d29371522adcbfe85af5b56f3b6ba7269,L3_severity_difference_same_safety_state,5941,1000,0.168321831341525,5.941,900
Alpaca-7B-train.jsonl,16297,91b2c6653417d4849b45a2f0ed02e1bc8234f96e7d335ed94a3393e07ff737bb,1adcdf97a484d28166fd8ead8f90fe7df09921f1a9e2dcfadb6a27c0d9cddfbe,L3_severity_difference_same_safety_state,5941,1000,0.168321831341525,5.941,901
Alpaca2-7B-train.jsonl,23373,d2e55e44f1d3aec8675e28d5c917168c12740639f284418f5102fed93513e0ee,c0a578aa2e2c4200aa1c48d4f9ebe012ccaef81e17521795398273e3396deb35,L3_severity_difference_same_safety_state,5941,1000,0.168321831341525,5.941,902
Alpaca-7B-train.jsonl,10570,a280ea0c7db5d24d8e1d4450507db1cf1bac6e66c60e8fbabf7a5b740bfdcab4,4891131d0271b45af8c6d91cfd103595eb93de8e96138aaeb3c5c89a6a0afc09,L3_severity_difference_same_safety_state,5941,1000,0.168321831341525,5.941,903
Alpaca3-8B-train.jsonl,20714,d56e68be00a9d6a768f4f3adf37ac289607cdfbc745cb48aa9b670c00b4d1a7e,5b7222f686cb02da36877994abe43d423520244d97e2ed042396fd0ec79a8156,L3_severity_difference_same_safety_state,5941,1000,0.168321831341525,5.941,904
Alpaca2-7B-train.jsonl,18476,75bb2a7af6fec291ce3093a633a48b5b2b3b0fc835306b110d8bcd7225e99fdc,b1b404fd5f2445f6e966271c6bc360777327fa16b45e2775f4eba7b8334b6fbf,L3_severity_difference_same_safety_state,5941,1000,0.168321831341525,5.941,905
Alpaca-7B-train.jsonl,1550,4fed83260187ed7f20f2977b66cacef749b19063fbe95ca106132284d3e992ec,f1654362b3224ca6ac1ff4de4d1da15e4becb8ac1dd5f8fc63ed63ac8aa86f9e,L3_severity_difference_same_safety_state,5941,1000,0.168321831341525,5.941,906
Alpaca2-7B-train.jsonl,6113,98f982953a1edb9e5adcb30396b275455482929b2282f8e0a25a7ffe163c1bab,8912730301b3bf870ac1b9e419538a4659f52fe018384d021e0625d3f7a1ada5,L3_severity_difference_same_safety_state,5941,1000,0.168321831341525,5.941,907
Alpaca-7B-train.jsonl,4786,a3dee8502d5f273a583c692023bf1958018ae0b4155d022c15947fd659025aed,f548a5d5177b65b293d6eea02ed830595ff1a22001e4d50ee218b1c89c1c9239,L3_severity_difference_same_safety_state,5941,1000,0.168321831341525,5.941,908
Alpaca2-7B-train.jsonl,9012,9ccd858db2ddc5db04e6573611e19eb8642bd8754edc7b8fad91bc7d5e52baef,c80a95bed4f1de4f6be475c5720f25d3079235303ed7b14a9c2617445543299d,L3_severity_difference_same_safety_state,5941,1000,0.168321831341525,5.941,909
Alpaca2-7B-train.jsonl,8141,4ada9aca5fe19f1f96f21ad2e422faf8330dabcb5a83aec8fce3b273bc97c344,4fb29f0398df9bcadd151dc1b4d101ca5cc3715405019867cc3f23da9f3233e0,L3_severity_difference_same_safety_state,5941,1000,0.168321831341525,5.941,910
Alpaca3-8B-train.jsonl,16104,1ed6ffa463e62a35b662a244de4357d299685d8e13fcd9db7ddc96bb5d094635,ae265e39f5b600d3b48a6213976221b41ee2085ec61e1b0ce18c1bb8ea9d43e9,L3_severity_difference_same_safety_state,5941,1000,0.168321831341525,5.941,911
Alpaca2-7B-train.jsonl,18950,f0934aeb89de8429e89f317306e31438d8abe469e52c14450b276fc6c61a88a2,357d5766b71335aa9b304ce866dad4823128e06ef7b122d104fab862ca1f4e25,L3_severity_difference_same_safety_state,5941,1000,0.168321831341525,5.941,912
Alpaca3-8B-train.jsonl,515,3b8ab5acc2f56a1caa7a66c67740b59db92023cf165c3c9b61299652b3355539,100314e66b4a74ee130e00043fb7e754d63aa117e72830ca21b077ffa914669a,L3_severity_difference_same_safety_state,5941,1000,0.168321831341525,5.941,913
Alpaca2-7B-train.jsonl,1051,861dfbf01d9e16d9b1f5fdbda58a755fa3d719ca6dcf780b4e29e1a94050a381,29088615dddb46b44c40a4aec3b677a4d42ae0b810c70eb3d8fa6a9b3447d03d,L3_severity_difference_same_safety_state,5941,1000,0.168321831341525,5.941,914
Alpaca3-8B-train.jsonl,16533,6a170d8570af9f5d1dc8d593a61746a4122d55a9529b8d5baab6dda6f319440c,b4be0f0233adb049b05f160bcc45965819f6b547528020daebfb2d2e87e420fd,L3_severity_difference_same_safety_state,5941,1000,0.168321831341525,5.941,915
Alpaca3-8B-train.jsonl,7312,bd4e7846f7e97b31b152cfd44a97ab98b53de34508c478593a370c7c34f78d21,ce47e424619d06e2ba9d68df5a75f6affab2230d9318ecbe974d7e2282d5fcdf,L3_severity_difference_same_safety_state,5941,1000,0.168321831341525,5.941,916
Alpaca-7B-train.jsonl,9150,768f7ec7d5c1e550a737f48af869f420cf027f15917dc629d139ef903bfaa5e4,d1afaca8c2087be6a92f5520ec94fd20f74afa725780ba2e7487cb26662b1121,L3_severity_difference_same_safety_state,5941,1000,0.168321831341525,5.941,917
Alpaca3-8B-train.jsonl,4706,07d648220116d10062c9b1606c31dce37dc7b17d764f696371ec25ef971917b0,b0ef180e1cddea27258035458ecae53839ba0f2dd990dfe412b6d578eed76176,L3_severity_difference_same_safety_state,5941,1000,0.168321831341525,5.941,918
Alpaca3-8B-train.jsonl,2805,8053f959b30957a195ccb599e6213d81b20504056cfcbd41e880f0226d3b4777,d9baa5e91301754baf95d574bf613096925875653d358dd7b258bf69c14c3d1e,L3_severity_difference_same_safety_state,5941,1000,0.168321831341525,5.941,919
Alpaca3-8B-train.jsonl,14673,44952b06b475b6ada4f41e19ace140532f5ec0144caf14fe95280fe175e437a5,397bc0f336594986efa9b273d9128dc53429f3b94e0a3313f340852ee87312c2,L3_severity_difference_same_safety_state,5941,1000,0.168321831341525,5.941,920
Alpaca2-7B-train.jsonl,18554,05563f307f50c9252952589f69c43abeec7fdd9f2f603eeb69a896c0718b0d26,bcbbb5c2b6ba34b11ba9cd34dd195227cf8944cbc99fa5eab354e123e10aea55,L3_severity_difference_same_safety_state,5941,1000,0.168321831341525,5.941,921
Alpaca3-8B-train.jsonl,11322,1fae08ec75e5ab0fb2d365a3cc5ea7af6c1813f614ebf654b8cbfa5ceb351775,55b4ba78fc7c01a7e5b4302d21d769ebe6cfbc53439aa8f4a1cffbccedf20633,L3_severity_difference_same_safety_state,5941,1000,0.168321831341525,5.941,922
Alpaca2-7B-train.jsonl,17257,7831c4ee8b2e2f31d67a86ca9c0e7e524392e3d2614b69967eb7f16aecd6f360,4923bb6f2c4f701643bf1ed6510c4770797a6b256f62b42659117bc2bcb8d62d,L3_severity_difference_same_safety_state,5941,1000,0.168321831341525,5.941,923
Alpaca3-8B-train.jsonl,814,2af613ff5b451934042bfcd505dbc6a4fc19fe6fad8543db406969e4bc167dc9,e399cc5b15e61fd72a73d2ab24bc14650eb6c8939a5504fe40c14391c41714ba,L3_severity_difference_same_safety_state,5941,1000,0.168321831341525,5.941,924
Alpaca3-8B-train.jsonl,8951,1646a4eb8b881b1e7f6ac972909deb1e846757f209b08a7c607bd9ea20ee640e,ee7a93ca183e0c40903f6f9bef4061d4bb1d32a9f2718d23173681d24f742815,L3_severity_difference_same_safety_state,5941,1000,0.168321831341525,5.941,925
Alpaca2-7B-train.jsonl,19242,04fef4b5bdb7d118d672bf92fba3ec530051cbd3774e8ba6a6444990f5846940,311ba72e8777495cb9b2db9aeb3b52eb4978b46e4d0c1264b4090ef7f3e49906,L3_severity_difference_same_safety_state,5941,1000,0.168321831341525,5.941,926
Alpaca2-7B-train.jsonl,2713,959a3f2fbd7f6ed24beead2e261232ae489c41a67dea20de1e2363563517792d,40887e3f0a0f2fdb337409331154a5c5ee49340eeed3f79862f23f0c17fec293,L3_severity_difference_same_safety_state,5941,1000,0.168321831341525,5.941,927
Alpaca-7B-train.jsonl,8460,1a6bcf9eb1e23a781b65b7a0d2969ffc67c2ec23965b86332abee5069452959d,765c6814ffe4b6831300eb36139ff3dcf49876f51eb07afca9cbefdedd162532,L3_severity_difference_same_safety_state,5941,1000,0.168321831341525,5.941,928
Alpaca-7B-train.jsonl,26692,fb5a0e10be75caa8880d11e3f142f2436bb054655914a1afa5dec5c79e90fdaf,2ed13c2676ae16f2088b537b81dbffca488254882a95510e861562cda564b809,L3_severity_difference_same_safety_state,5941,1000,0.168321831341525,5.941,929
Alpaca-7B-train.jsonl,25839,e6e8a7a4c905722c003f112ed40b7b8d8371c32ecdb640e0418591471b6aa56f,80846a3c5e3ae17b88c5a403ea10b21cb3b1bcd79205aa19186810c177a9a782,L3_severity_difference_same_safety_state,5941,1000,0.168321831341525,5.941,930
Alpaca2-7B-train.jsonl,3579,0a904e644d160f732bffd9178263c25f629a70c4a3c14267447144045e2d0054,8a4d03069ff289492390973aa40e25ebc6546464e838f9c5183eeb949dc0849f,L3_severity_difference_same_safety_state,5941,1000,0.168321831341525,5.941,931
Alpaca2-7B-train.jsonl,23419,3c55a4b3523eac65749ed955720ad41d84d483c34b801a752df16eaf491ac183,3feff5914196ee89d45426bfdc389671228d15c978d51afebbdde33a8996a3e1,L3_severity_difference_same_safety_state,5941,1000,0.168321831341525,5.941,932
Alpaca-7B-train.jsonl,18275,1184f9ec05bcc7725dfff4b247f8b96379a0f5111a4f23f0196e74023ba06a6d,5f5c747aacff8948214a828bb4f275cc07b142a5fab078ec12d860bb98ae6df9,L3_severity_difference_same_safety_state,5941,1000,0.168321831341525,5.941,933
Alpaca-7B-train.jsonl,21352,f64295c519cad28598851cde163dde32da982291a5ac8ff6d05864cd6545f15d,4df5841726234fda9fd511cfcd65503a2e4f2daaec99ddefe7b88f7f85f2d481,L3_severity_difference_same_safety_state,5941,1000,0.168321831341525,5.941,934
Alpaca-7B-train.jsonl,10957,dab346be2e64f33de7f488bc23b3248c5d8f2ddd00bf0e1e624be1e3d3d37bc1,d14eebaf4ac82fc61fe8ac2540d18e3fe9c96283a1d8293f44cc699c04cb738c,L3_severity_difference_same_safety_state,5941,1000,0.168321831341525,5.941,935
Alpaca-7B-train.jsonl,2905,bc222689c6dab70b94c01e82ae020bc2555ed64f6fbb09801e972d58b43782f9,7321e31f0ec6081134eb1cda4d3a3fa7212f5d869eae0824413414240276f3b1,L3_severity_difference_same_safety_state,5941,1000,0.168321831341525,5.941,936
Alpaca2-7B-train.jsonl,10837,302a4adec5e3e2ad83ba17877371b5a1a41fa652f9b4a9140a202415ed7d7a85,69c5762df38e1a19c1e52b5cff68ed6e395ed0f099ea0fb3c995e8aeafd7c6c9,L3_severity_difference_same_safety_state,5941,1000,0.168321831341525,5.941,937
Alpaca3-8B-train.jsonl,376,47476ec4a0df7987de58113c367c75a10a4721df4697dd69dad8ef51103937a0,be4b73e3f35dacecb8da99b4cb985bb6c16fcf959f438ab921d8165bccb2a9bc,L3_severity_difference_same_safety_state,5941,1000,0.168321831341525,5.941,938
Alpaca-7B-train.jsonl,16333,904bb8c61a53e86ed1a9b304e2d83cc480ecdb13714e18e717aa7b07edc83ba1,c9e94a24a2395b882a01c967c1ea6fc474a341b13fec870c1a55accee81972cb,L3_severity_difference_same_safety_state,5941,1000,0.168321831341525,5.941,939
Alpaca2-7B-train.jsonl,17876,7025f252d80715a80b589888613bf29eb2ed67fdb645d61627aafba253b77528,4c16e0403c488b78f9c21d82dcc29fc91990db5579e37c4ce309ecd6cf9fe16a,L3_severity_difference_same_safety_state,5941,1000,0.168321831341525,5.941,940
Alpaca2-7B-train.jsonl,14050,ba5bc19432f9ac2b13482b0da47d4e8d7ed52d849d43fa54ad12d7d69fc681c2,88c261a0f4d884699494d05183be71f7fef5f8a10b8716950991f507fb89b2a0,L3_severity_difference_same_safety_state,5941,1000,0.168321831341525,5.941,941
Alpaca3-8B-train.jsonl,5207,f79407d00e87e506694c81160d53ab60fd621d2a140e9030799f0b3a49b0d774,eef8e4265ff4781b943af77c1746885b9a27cf85aa1d0a2c2d6325674a0305ec,L3_severity_difference_same_safety_state,5941,1000,0.168321831341525,5.941,942
Alpaca2-7B-train.jsonl,21284,25c0f289ee36f820ba54d087eed480f6bf7b2ba5b74b600568f00be06b0c9ea1,ddca6de2d1268f8d405087dd7ab5921b0bbd5fcb167fb7ebbb277c05eb399407,L3_severity_difference_same_safety_state,5941,1000,0.168321831341525,5.941,943
Alpaca3-8B-train.jsonl,7560,f5cb59d72175921772fff6f7c7aa1eda9a0c593b475780a7e1afb95cf90389fe,14dbc81bbe96c84a4bbf9fc95f83b7896e382fc7ed79807634eba0735e9bd6ed,L3_severity_difference_same_safety_state,5941,1000,0.168321831341525,5.941,944
Alpaca2-7B-train.jsonl,16554,ee00c4832a5383bf2f5f9f361a732d079ab0956fbef039849c5d7b1d20f6f1cb,5b80d6199048c8b33ee64bf893458c2ad53b079950947aeb90970daf438bc839,L3_severity_difference_same_safety_state,5941,1000,0.168321831341525,5.941,945
Alpaca-7B-train.jsonl,22238,455767c970ee562760e2520477959b8e1e0656855f7aa7637e58451988c16d9b,bed266b2eaf0b1b8633907b7079a903d24c671f9d179bb49628142097921076d,L3_severity_difference_same_safety_state,5941,1000,0.168321831341525,5.941,946
Alpaca-7B-train.jsonl,17941,542fbba06af606087b26c129ae5af83086a627dd768d64740c0829cbcbc9e339,bfc54451ffa056a9f3959efbb79f433877d6bead259a9858424d93ee751b2c3b,L3_severity_difference_same_safety_state,5941,1000,0.168321831341525,5.941,947
Alpaca-7B-train.jsonl,4045,788a976e2d7f528e54dc1ac38cfa55d57e8c5652a3a42c30717437c54e18d40b,16fb9382d9b931521976c4eed3381479e3fba42d320bdf5f10700791d5cc2b9f,L3_severity_difference_same_safety_state,5941,1000,0.168321831341525,5.941,948
Alpaca-7B-train.jsonl,15055,db4e735d1c98e4709d2aabb07345efdaa7aa8ac338adad386deb518878237fa5,1abcfbe7f8011800481ec7f3ff3bbd134a77c9c35246141914569477124190f1,L3_severity_difference_same_safety_state,5941,1000,0.168321831341525,5.941,949
Alpaca-7B-train.jsonl,25502,3879f9252da19f7e35fe358adceb0f6f540fab3c76946c759c8b66d06439c02d,e54e3b8ecc91e41ab2c6c36ba7b14c654f8acc9d26f0cb0f10b08b8ab36a4e2e,L3_severity_difference_same_safety_state,5941,1000,0.168321831341525,5.941,950
Alpaca-7B-train.jsonl,4416,0cb551ec27ad39e9d6e84e6201b0e4b09a652b330121a37d4f179ab1c69edb89,2c584a06987fa8de20da14656344a7c5b3244d5ebc32b9260f9370b14d3493f3,L3_severity_difference_same_safety_state,5941,1000,0.168321831341525,5.941,951
Alpaca3-8B-train.jsonl,13193,c558e7c0b979d144f74338a99b8364e217982ccf973c6afdc3f0203847b8d8a6,60a488b880eff5c8615f135e82422341855bee5fe975687e5833eeca26b89ece,L3_severity_difference_same_safety_state,5941,1000,0.168321831341525,5.941,952
Alpaca2-7B-train.jsonl,12674,3977f275a44967dde8899f998d4f40662bb0cc506343ae0ce5135d9b93b1c51a,eff44438dd045a216d892b61901ef381bc8061c8dc6cdb0d09829345d7db04b4,L3_severity_difference_same_safety_state,5941,1000,0.168321831341525,5.941,953
Alpaca-7B-train.jsonl,15629,b8ed684fc62a9ce51e49cbefb2fa30c720c168d787b383fbbcbcaa5f55783a92,38207ab27f7442134aa9f3b2eed895591262e745b6f0f626e9f3a78a566f9540,L3_severity_difference_same_safety_state,5941,1000,0.168321831341525,5.941,954
Alpaca3-8B-train.jsonl,3619,f7bca682694452412f633b2665d7f482e23073f6651a586d6c270f12ece26ae8,3be4e8adc16fb8d015f9dfa689d12e29a40365f0c713767e4c57fc00d6174de1,L3_severity_difference_same_safety_state,5941,1000,0.168321831341525,5.941,955
Alpaca2-7B-train.jsonl,22207,d44e786230aa53059efd9d98175ca3ce60ed409763c7ddcc320cb1d63966977b,9807b5ccc46556b3490f33a066e543d84d2e58e2a8411313d8a4b70112b34b27,L3_severity_difference_same_safety_state,5941,1000,0.168321831341525,5.941,956
Alpaca-7B-train.jsonl,24136,9d9c7c12be800cf4b194ae46aab1f58fec38434a9ece7db8363c0ed6deea60b8,40bcf955975630cb9008776c5a7745352c2c603528e85b8b296ede358b84c627,L3_severity_difference_same_safety_state,5941,1000,0.168321831341525,5.941,957
Alpaca-7B-train.jsonl,10773,ebd5bd99113ade3171eb6792317f40edb7de33bb1c0bd3c2b2993266d39ca5bc,ce1e7b1ad03657002359eef9ded0ab665c799b02246fd43b3c9828b9e5c45d9d,L3_severity_difference_same_safety_state,5941,1000,0.168321831341525,5.941,958
Alpaca-7B-train.jsonl,24255,ae6d3ff6163c2bcf5632d67bd05840b33d25f954acf55958566236ac65fcb788,b8d4d965d2ed7b6a1c42b7e343f39f5ad2fed7c2a1c63eaad1babee2fa5d7e26,L3_severity_difference_same_safety_state,5941,1000,0.168321831341525,5.941,959
Alpaca-7B-train.jsonl,23466,754d91cc7679b6f2dd35a9fb20e146ac7ad55040f6317fa68f9b7fbbd7857989,d4749441448df2816c1a23ad8a14551bf2c05f1caa71ff6469d56cb0c014f4d1,L3_severity_difference_same_safety_state,5941,1000,0.168321831341525,5.941,960
Alpaca-7B-train.jsonl,20569,4848ff618ec7bb6e37f4d0b39ca0f736e0b0ae7277a545fb96d263746bb00aba,740d1168c90c95bb35f3de082767e50760d87f9db6b8e6fedafcff61cb072bc6,L3_severity_difference_same_safety_state,5941,1000,0.168321831341525,5.941,961
Alpaca3-8B-train.jsonl,10210,b88369cee07dd5d0d91e3a1b21e57cb519ce1f8d6864ba91e8f6bcf59972203a,3dc4769ec58fe3a950827ddffdcf7cbcc36a9af0da720e6043abe4d1f1808a83,L3_severity_difference_same_safety_state,5941,1000,0.168321831341525,5.941,962
Alpaca2-7B-train.jsonl,18613,54f5c53a7a3b3c3b2e166e86b855dd84bfe98521cfc91fe7f208f735ca3536db,535d1c60737081a69c25f8861b735ed528493d886d10cfabe1b8844959897f5f,L3_severity_difference_same_safety_state,5941,1000,0.168321831341525,5.941,963
Alpaca3-8B-train.jsonl,19775,d29e675db67964c1539250bb68780acaf6e9fc79e16cb2669e68ecdba8d64a89,22ca35fa0f65234d61cf0ed2c6b0403179c707e607ce7f82e629156c5aede653,L3_severity_difference_same_safety_state,5941,1000,0.168321831341525,5.941,964
Alpaca-7B-train.jsonl,5813,0a11ed9d838a6bcd0f9032e68d6395f20f5b93997274c53125ae765854018f68,2b13e382b55220348ef173f1cdb2df0c4fc010d70d7c31dfab3fae70cbe11a15,L3_severity_difference_same_safety_state,5941,1000,0.168321831341525,5.941,965
Alpaca-7B-train.jsonl,26455,137d8026a3e2735de26c03e76b688af4342c9c85f1cb7e712a304cb2b206caa8,8ca93a63779ea82ba6b3f13f453a30a80d9413a347481540d5a43f561be52182,L3_severity_difference_same_safety_state,5941,1000,0.168321831341525,5.941,966
Alpaca2-7B-train.jsonl,19675,010b59913925cea3dd235f3d5f1709abd02e2e29f182e01f7a86133b20395761,f6feff99ab22dd20b4779eee9ec602b94ffb436acaf5d2610eee55bfed6c7dfd,L3_severity_difference_same_safety_state,5941,1000,0.168321831341525,5.941,967
Alpaca3-8B-train.jsonl,10575,042aeb93c2f43e58a34b0a989cb997049eb3d816c22136640d38e05cf3798381,444ab40d2004acc1a5720245fe420a2349a70ee83a40e9c55fa21048a6c4a0cc,L3_severity_difference_same_safety_state,5941,1000,0.168321831341525,5.941,968
Alpaca-7B-train.jsonl,24657,b962ccfe778f035ce850b06042ecf6f9e2ed7c8241dc0a5f2cc1a4b36d218506,5f4d932b5baadcd4c64b89ae5b6fab6381542cf5c1dfceb0d60a2baafe0e7275,L3_severity_difference_same_safety_state,5941,1000,0.168321831341525,5.941,969
Alpaca2-7B-train.jsonl,18549,a616f8541ca23d55bd8ca7fd16b6c9dc3c61e21702d636bb8703355445948e1d,552986054269f5c4a6b06a72d95993e1f25355d7bf4e49e34b0e70b3df1da050,L3_severity_difference_same_safety_state,5941,1000,0.168321831341525,5.941,970
Alpaca3-8B-train.jsonl,19476,7bafa5ee374f3f29ef7cc49dabbfec5846c95a22477df6e598c7ac367642f938,942dc7fd4b0e1a65ccd54f26eea7d8253196d62b147c89c28f06211e528c4800,L3_severity_difference_same_safety_state,5941,1000,0.168321831341525,5.941,971
Alpaca-7B-train.jsonl,17030,a7454203017f3c65bb233aec8eff4ef58fb9c1eb2628d26169ad3f73d001ba57,5861e062714f0b93912022282edb4642686155961d334d46cf02ea318e8eedb6,L3_severity_difference_same_safety_state,5941,1000,0.168321831341525,5.941,972
Alpaca3-8B-train.jsonl,9011,e33927cc01846e9d0bedfbdcc79e35b86d7f0ef9c00519e40f671158df90213c,62008cbc893c777108af0023e98f6701eef06e259e89bc0174ad4f625f6709ff,L3_severity_difference_same_safety_state,5941,1000,0.168321831341525,5.941,973
Alpaca-7B-train.jsonl,17383,70fd74d64a7957cfd169613e7eb9c73aeaa411aa73669d027bd09fe50bffa1ac,f1256a8c4b71f3282488f3894f65ed8dcf2f4475cb441258c17c90b2d5240c30,L3_severity_difference_same_safety_state,5941,1000,0.168321831341525,5.941,974
Alpaca-7B-train.jsonl,23395,fe205505945875ce9dfd233af3d9ec39444eb0ebf530d939c3cda391ba9a03b1,9784ae208a095d24fc9f3453606323c0a34ef1cef7520618bd257bdd121f5694,L3_severity_difference_same_safety_state,5941,1000,0.168321831341525,5.941,975
Alpaca3-8B-train.jsonl,13265,0984c894952c12653513d82cba65e0ab4f88867b13e4e7df86705ac5fe5be328,483dabff812f4e5668ca4b98195f1b5fe7acf0a144b0c815e10adf57ae3330a1,L3_severity_difference_same_safety_state,5941,1000,0.168321831341525,5.941,976
Alpaca-7B-train.jsonl,3665,fe6af0c84ab19bc4430f5494c8a88bde50782f6099f49625505320693c873f72,6d7692cec26b00e40dc8f2c2ec3cf4fce7e877c935caa4de1eff9d1524775ce8,L3_severity_difference_same_safety_state,5941,1000,0.168321831341525,5.941,977
Alpaca3-8B-train.jsonl,18899,cf2f8852ae3dca5cfecb99fdbeaace768dae2898e8212d6bb1b12b3b8b0d5b45,a531dadbee689695fe3897e2aa69145e9c638e8ab378743f6ba7db33468ec197,L3_severity_difference_same_safety_state,5941,1000,0.168321831341525,5.941,978
Alpaca3-8B-train.jsonl,20649,ebde6aa1d070e7ef2305023b13e4d532e0cdbfec34bc1b1711a8dd6a6333485f,7eb546fe1d6ca79d50bc2f448e60545104bc5b4706a57cfcfbc39afa49764021,L3_severity_difference_same_safety_state,5941,1000,0.168321831341525,5.941,979
Alpaca-7B-train.jsonl,25189,8c29a901546972c4e9a2509901cc820da486db123cb421ce3e2da2928e41e870,c4682a2bcdbc76fceb261282519524c27905da38007c1d1489698f4ce3cf629c,L3_severity_difference_same_safety_state,5941,1000,0.168321831341525,5.941,980
Alpaca2-7B-train.jsonl,8363,d9d438014ab2eea0c7d0e51078527012beee72c3175b0c26f9112b6d9ad65e30,f214dbfc67650a01fc5e5ff24572113377ccd7bf7805d8ac895b889f925ddd5c,L3_severity_difference_same_safety_state,5941,1000,0.168321831341525,5.941,981
Alpaca-7B-train.jsonl,21490,9da39dcbb5c6eb58a6b51d0a048ba28f22b3d984df2545304df1327cb2bd20f8,513ed7c50ee1dbac6633fae1e8ef33c7f87e31c3f81276377a73d4d001a0c7ec,L3_severity_difference_same_safety_state,5941,1000,0.168321831341525,5.941,982
Alpaca3-8B-train.jsonl,13671,9565be11d6830befd003acfb2f2af9a9d79176153c3c045cb4459a27a455ee06,1eda4520a851526e3b03f9abc9ff1b1dd8e9a8f2ce97f8de64387b4bada3fa34,L3_severity_difference_same_safety_state,5941,1000,0.168321831341525,5.941,983
Alpaca-7B-train.jsonl,18285,ef9e787be8930d407e994a6086644b3d8c390ebb202099318e7671eaa1a6ebc1,9267d71be0b9b31f6063ca2660480e1e072aed4d485017b51cb00e2efa09db28,L3_severity_difference_same_safety_state,5941,1000,0.168321831341525,5.941,984
Alpaca3-8B-train.jsonl,20772,3ea1c1583881128b2b86b39c2e3633af80f683711d8cfb421ae27280a5975d93,68614bf45e502c3a4dd364c3ca1d03cbf7f1461f8609fd2d399479f52877efc9,L3_severity_difference_same_safety_state,5941,1000,0.168321831341525,5.941,985
Alpaca2-7B-train.jsonl,19454,df2f8f2c52a8b6f391f4f22d3f5c69cd995e87847b6c321e70ca9623df85a404,69d9b73ae861ca9d21c4aef22d5fa0f8ea558b3442711f673584c2a7d9e05935,L3_severity_difference_same_safety_state,5941,1000,0.168321831341525,5.941,986
Alpaca2-7B-train.jsonl,22644,564dc3b5d8c82cd826abbe40d8edd63ed40750beb56b0f17937f150a5475ae28,bc3e81c64a764038326903f8ff751de477ecbe2cf3c05c89832aac87de7f22e0,L3_severity_difference_same_safety_state,5941,1000,0.168321831341525,5.941,987
Alpaca2-7B-train.jsonl,615,2f33734bdfcc3f25288fa20a8b5290f6e410c0bead1d95738f87a44b36e05d45,4b5b1da0cd03915c5feebc45318a10f92a0a8b6e2c3c35763b24a06c7fa5aacb,L3_severity_difference_same_safety_state,5941,1000,0.168321831341525,5.941,988
Alpaca-7B-train.jsonl,10752,a119cfdd6645761b6b9e3877fa8068d3560a1ff393a1d021cc607f00edc8797b,327b007007e1a1b6f2c4ae3480477100f280b0a77753ed526349471a67977840,L3_severity_difference_same_safety_state,5941,1000,0.168321831341525,5.941,989
Alpaca-7B-train.jsonl,3274,307de6a0ace198d2d7ddb8c3cf738e1c227b8349d008ea476e6ac2475c208a5d,8f6728b59006046860c51298a7c95610fac917a711588951b61443f10164c09d,L3_severity_difference_same_safety_state,5941,1000,0.168321831341525,5.941,990
Alpaca-7B-train.jsonl,21474,550a244920f5c952b9ab8a34eee4eba19bc3acc6c47cebce2c02505b2fe8ea48,8f1d2196bccd051aaf941bea3ec6ec29546454e9f29cb925f3301561a991952e,L3_severity_difference_same_safety_state,5941,1000,0.168321831341525,5.941,991
Alpaca2-7B-train.jsonl,21355,e05d68073515dd867624b187e614cbcd479b7cbcba141890f70b332db8cec11b,8bd44706ceb539534b23ba4bc5ee5acb872861c91ccffda6ae6d47fbf3529192,L3_severity_difference_same_safety_state,5941,1000,0.168321831341525,5.941,992
Alpaca-7B-train.jsonl,25916,1184f9ec05bcc7725dfff4b247f8b96379a0f5111a4f23f0196e74023ba06a6d,d4749441448df2816c1a23ad8a14551bf2c05f1caa71ff6469d56cb0c014f4d1,L3_severity_difference_same_safety_state,5941,1000,0.168321831341525,5.941,993
Alpaca2-7B-train.jsonl,13435,bc8b251b660ce19ddeeb15f3f917197e9fae117488d85778d98b8087bbb11997,db63704e44330ea7a8bc682c36484bdc7c5c25360391818924af9cfeb7caa154,L3_severity_difference_same_safety_state,5941,1000,0.168321831341525,5.941,994
Alpaca2-7B-train.jsonl,9643,1bbc87b359262fcd1a7ac493207684f9b358a1f589500009fb6c9b0646bfb243,8a7afdfbd8c0942ba42a75d10541eeabcdb4a459fd186750822463114e73c0e6,L3_severity_difference_same_safety_state,5941,1000,0.168321831341525,5.941,995
Alpaca-7B-train.jsonl,19004,0bb8478926975676c9fbd11535b07966819d97ecd1173da76c737e632352f535,4a50454aad42fa052bc1f647561881e01fccd1c6477cf060a47e65169282966d,L3_severity_difference_same_safety_state,5941,1000,0.168321831341525,5.941,996
Alpaca2-7B-train.jsonl,17652,f2f2caceb890f275beaafe7c80f1b8ac032dd7933a626f41cb71623f623c54af,88f6abad03c6086312f6a6da910dc9dd8aa8c74a8527cefbe1238ad593cb3737,L3_severity_difference_same_safety_state,5941,1000,0.168321831341525,5.941,997
Alpaca3-8B-train.jsonl,18021,aca43383a737258f3f195b999fcde58b8bdcdae5a3f44d3edfc3c0c346b802c8,a316339c076ea1508ec7ce3e3eb21de321cb1fefd3b75c25f2528722e8551cc4,L3_severity_difference_same_safety_state,5941,1000,0.168321831341525,5.941,998
Alpaca3-8B-train.jsonl,20902,233320fd1c0045c94288713fe7905c7bd7f78fdaee6a755f66b40ccc190cb2da,2a9a20c908567585fc789224376d4084213eafdafe8b203221422db25eb747c4,L3_severity_difference_same_safety_state,5941,1000,0.168321831341525,5.941,999
Alpaca2-7B-train.jsonl,19778,a58f3e122419c1eb8405fdd11d80838cb9c5530565bf129047ad5f6fb2479985,86fbab2f56a0eb03e1c9a443f5a20c6ffc26091c0b37ba44f65bbe7880682540,L3_severity_difference_same_safety_state,5941,1000,0.168321831341525,5.941,1000
Alpaca3-8B-train.jsonl,16903,fbcede4d3f024c96096e076fa54e8df09190d783f28157c037bc8ff78c38620d,b623691cc2a06f3506102bfc165e8dd21a5d758c5a4ef607c5984085ff3803aa,L4_safety_boundary_difference,10813,1000,0.09248127254231019,10.813,1
Alpaca-7B-train.jsonl,18166,4aa411130e75a365856cc740770b178c5545982504e581a9da886ae74d603971,74ee8f5b951b46a474f51050c987581a80d699bfb732602cfa8e0500bdc3a183,L4_safety_boundary_difference,10813,1000,0.09248127254231019,10.813,2
Alpaca2-7B-train.jsonl,15050,dfc5c0dfbfd59b40e86c7ca2ddca5d337dbcd910b08dae44358c3e2d900b039b,0ca46dace1e3cfeaaeabd880aab0e9f155ec6dfb6087d68a986e9417e45d4208,L4_safety_boundary_difference,10813,1000,0.09248127254231019,10.813,3
Alpaca2-7B-train.jsonl,11494,286ebcb33ea15a3dde37279ab599b84c981c7694249c410734aeaac0ab420555,a8ed6d4fea1ce73fbee45eeb8c8f3347396a840f097b9693425556fff4863b86,L4_safety_boundary_difference,10813,1000,0.09248127254231019,10.813,4
Alpaca-7B-train.jsonl,18425,b4b6f0aafd2befe396c929d7d687aacfc3a8e06e35f702852901fa1c59798848,89cc37a185ea7c55fb80c3e314a0b7a5fe1c66bad8c0a55db87ef1cd3a22d3ce,L4_safety_boundary_difference,10813,1000,0.09248127254231019,10.813,5
Alpaca3-8B-train.jsonl,12843,5616dd240e553f51477d2b5d8d2748e16bb04a913b4a34b48f26688b54bf921a,c2cba2afb39c9fd6d6e958af0b443f40d44ac5b7130287d800afe3bf485e7036,L4_safety_boundary_difference,10813,1000,0.09248127254231019,10.813,6
Alpaca-7B-train.jsonl,7734,3e24a1fe8bf171aaa3a91b8a2a1097b689783e96b47b78b5efa69ad5afaddfde,18cf3e5321229c3f9e3f213be5d23649983f5d6fc8b430376141243ee76c731d,L4_safety_boundary_difference,10813,1000,0.09248127254231019,10.813,7
Alpaca2-7B-train.jsonl,18522,c11b5b1d3f17790edd68768581fed6df714747703adcf02d507161b2ef061ce6,8b7daae05acf60f511878ef36a543153d340514e4fd6d2d27fb03d9778afc1fd,L4_safety_boundary_difference,10813,1000,0.09248127254231019,10.813,8
Alpaca3-8B-train.jsonl,16761,98cf79b1ef9a0cb2dfa46eaf4d8343a018d7b237f69a9aa289cd80381b58107f,6d7a3698caa4ef7d60bf6c76fe73dddf11233dabb248e4d84c7051981c326bb9,L4_safety_boundary_difference,10813,1000,0.09248127254231019,10.813,9
Alpaca-7B-train.jsonl,8764,e3f1c4a7183218af482a900f604d8d6b11433f5bdee4e99fa52eb69b1f0469cb,d02fbb337b7deb240a2ef5c6e72104db9d5e7c93d5e7f4e695c7f10799577723,L4_safety_boundary_difference,10813,1000,0.09248127254231019,10.813,10
Alpaca3-8B-train.jsonl,17998,e0169e90b5992c630483d1b02f1a636f2c65e3adafc0098478ed508a6183ca72,bc68b823384d693b1052a55f1589a23e47abf741c323dfd0692c42a9185366cd,L4_safety_boundary_difference,10813,1000,0.09248127254231019,10.813,11
Alpaca3-8B-train.jsonl,10004,8cd2a6b2eefd6a9d5895fa9318699fc419e13788d5db964149f6209701e7eae3,b457b641259abbca732b87a4c37841cb8433d9395cab5f62b8cba2976f576928,L4_safety_boundary_difference,10813,1000,0.09248127254231019,10.813,12
Alpaca2-7B-train.jsonl,11614,00fc0f059d4d237d144994be3ccf7261640b5e159c5bf67380892593674a8c90,eb8f099a3972a84ae9d45c460c24cc1333768391169cbf80a4f09034e79b8c67,L4_safety_boundary_difference,10813,1000,0.09248127254231019,10.813,13
Alpaca2-7B-train.jsonl,5226,f918741136f868d8e9e2418dad795e32c9aec261d1dbfb00a810a8c5523e9010,a59ca68674bd908f91554088fcc22c4ff4c5fd20faf96644d1ccae7f67ee78b7,L4_safety_boundary_difference,10813,1000,0.09248127254231019,10.813,14
Alpaca3-8B-train.jsonl,4484,a491c2fa6ab37fed1689bac859bc20003293a51769560b9d681fd2d8e186173c,22bb9bfc4ca051869834c60868351618443ab13dc894e03ca4d65d44303d97af,L4_safety_boundary_difference,10813,1000,0.09248127254231019,10.813,15
Alpaca-7B-train.jsonl,7127,464c464e3418fed2c874257cb38a1183aae9ce67bc6bfe86e6bc4cc2024f4c4b,28614a4f39e6aa5e3c9df0f12e51139559b4d99d76cb1d06453dbecb93488788,L4_safety_boundary_difference,10813,1000,0.09248127254231019,10.813,16
Alpaca3-8B-train.jsonl,7699,2a5bdc961f655829d50be530bd2f6da690fdc2beebc74825cd6423a0f179d8ec,d34673a3f02b8d2e58e52e015e9ea50fe87f82bfbeb09e44a24898815850000d,L4_safety_boundary_difference,10813,1000,0.09248127254231019,10.813,17
Alpaca-7B-train.jsonl,14019,7c9ce580450324f9cf5339726b6fb6c1a45078d4e06785d24f06982df269b5c6,ff9a67e2d3c36509a1d37c4dfbee4a9d50f0a4b26e51c0f90304f9de2a15c7f4,L4_safety_boundary_difference,10813,1000,0.09248127254231019,10.813,18
Alpaca-7B-train.jsonl,18148,26040dd15ea505cbc61a7f56945c55d0780c5e399c72dddeb464b6918b4bdaee,ba486dd16b2f1cd767a5afdc32240fed32b85ec21c2318ac4675491e623c6d4d,L4_safety_boundary_difference,10813,1000,0.09248127254231019,10.813,19
Alpaca2-7B-train.jsonl,18698,563220d7ed744d9dfddb615ba5306518498eb5a5a0b49b0195cad32bcc6c78b4,a798391e91d27311f9367fedec5e1d2c2de69bd72949cff1b8da4ce49865eba1,L4_safety_boundary_difference,10813,1000,0.09248127254231019,10.813,20
Alpaca3-8B-train.jsonl,13832,e1c7e66a9403e583c8ce96be8c8bc54dcb11a498c659e212d0bf529ed040cf7d,9b94048df2a364b74782166c733553870ca281ae8b281b613dd45f34dc0538ca,L4_safety_boundary_difference,10813,1000,0.09248127254231019,10.813,21
Alpaca-7B-train.jsonl,11718,ab2459cd5a678e0c381b64cf5b5dd80c11b1964f30264248d632a057f5750a44,1cc58b1d75a9639ca656c7a28025d6ed58b564ccb9c25e95cedeca8b09760af7,L4_safety_boundary_difference,10813,1000,0.09248127254231019,10.813,22
Alpaca2-7B-train.jsonl,8551,92e6c04d84ab709d1011b961c066421f00cf093eab9438e99856fce6261fd8ac,287876ecccfce54952c535707da6a02f8e73d051fefe7ba1bbac91ae1f348bc7,L4_safety_boundary_difference,10813,1000,0.09248127254231019,10.813,23
Alpaca2-7B-train.jsonl,588,cba081383db658c5db086aee059087bedc528921b21852c664af83752751d6c6,e1389281ad243117490fa457f516fddc19f0d5e1b11b3ff4a7da22610a6179f7,L4_safety_boundary_difference,10813,1000,0.09248127254231019,10.813,24
Alpaca3-8B-train.jsonl,2099,ca4a400acc6e2ed88915dee8e68220819b86c1d2feafdb5047f752cd06aa1b43,d8607bf98b6d9e036203bd7507c951953467f7609d0dbf54bd1cd272bb34d970,L4_safety_boundary_difference,10813,1000,0.09248127254231019,10.813,25
Alpaca-7B-train.jsonl,6124,981320d4fdf7aecc3b9fba000ff4a53e3520f77f26f3606c684eb920a93a5896,9036fde7f819a1546a0b7d973b325b2bbf2d40900fdc8cdfd6f2632e2a055b41,L4_safety_boundary_difference,10813,1000,0.09248127254231019,10.813,26
Alpaca-7B-train.jsonl,5339,7af97848fdef91d56eb8e896532c841f8118595eef6151a37dcac4788cf19b8c,c9060eca659aed9265d54ff7c7d5258ea2dc3c944245ccceeeba368ed4544128,L4_safety_boundary_difference,10813,1000,0.09248127254231019,10.813,27
Alpaca-7B-train.jsonl,20295,b50c6bf78233c211eddb823d0de5b45c27eaf41adf1a5f2eaadc9661bc28d07d,8362144f34e232d0d923fbc44b9caa9045e781e8adc98e7cef754ebc4d5a0052,L4_safety_boundary_difference,10813,1000,0.09248127254231019,10.813,28
Alpaca-7B-train.jsonl,26869,c287f44e3d157611b066e106ed72a27a82da545334ac57990e62072ab4024533,d2b5de3eef54089a2e9a8518d2469304c94ad4d0f739e57ed9b6f67bed71462c,L4_safety_boundary_difference,10813,1000,0.09248127254231019,10.813,29
Alpaca2-7B-train.jsonl,2797,fa22180ce1a476ff0290c0d06107a1ca966324c20e26e565688bca21eec3ba1a,01d94e1f648adddf4af75b8ae647850d7f80156cbb1f47111b4edec73fd80e3a,L4_safety_boundary_difference,10813,1000,0.09248127254231019,10.813,30
Alpaca2-7B-train.jsonl,1825,f3ea35c16647d2722c9107f99a36087106b970e49eea536547953ef185b96c05,9a0b7a005317e4bfd08373a1bb9cb81439a6bdefc966c8be45b2cd32b12bbf2f,L4_safety_boundary_difference,10813,1000,0.09248127254231019,10.813,31
Alpaca-7B-train.jsonl,12867,570ceb9546a77e4517636a0e8505cd1644e53c5e83804a4d3b29dc0729c7ffe3,5d0dac306b4f2c9d02f322fd10fbc78c57cfa088b7802a8e8ba14cc126ab9f36,L4_safety_boundary_difference,10813,1000,0.09248127254231019,10.813,32
Alpaca-7B-train.jsonl,9267,99215eda4ba6a992be0203a6080ea731d7752cb67b26a03d13b51ba17933051c,6598d2fd34835048f407cf61613aa1e9a248db16127ef8e815a960eba3f3325f,L4_safety_boundary_difference,10813,1000,0.09248127254231019,10.813,33
Alpaca-7B-train.jsonl,23658,517a53f2541557d75f368dd1d05cca513fb837a883d6de6a6aa678b4c63b3920,8a1c2d12f57ab17f27371f78a25ad2380f4aace98502de2b4409133b7321932e,L4_safety_boundary_difference,10813,1000,0.09248127254231019,10.813,34
Alpaca-7B-train.jsonl,26670,ddcb30c3ad139f3f37d9a6cfef1ebf6d4b0f93432a9a929d658171d1891581e4,6e198ae2abbea964958152975d340ed49bb17f7bef5b1762f3292052bb80c036,L4_safety_boundary_difference,10813,1000,0.09248127254231019,10.813,35
Alpaca2-7B-train.jsonl,12987,e5f861dec26af5d6e9114dc57fafecdea51eada201be2dc6de0b95daaae96011,b949b97e8fab5665b949d7ab1212c0e75c4c6cbb4757d63c44bb66635436523e,L4_safety_boundary_difference,10813,1000,0.09248127254231019,10.813,36
Alpaca-7B-train.jsonl,6517,88bc7f27bc21f77f6b952e26a8c452eedc521278bbe14947bf97f85fe1448990,f5929d0a764dc0ccf6ad2100d11848098cf402442f81377df0e954e7ee3d4afe,L4_safety_boundary_difference,10813,1000,0.09248127254231019,10.813,37
Alpaca3-8B-train.jsonl,19938,678eb5d2a522a40244e2a0f607dac2d6319bce581a495d6c131f387f3286d6c2,575c1987cbd21af6ebe81034dffc1bd4399307a128e4e4077f9e5c653c4e5ac9,L4_safety_boundary_difference,10813,1000,0.09248127254231019,10.813,38
Alpaca2-7B-train.jsonl,12980,e6075cd6cff7ffb4f6fc95f4bc604dc5a8c16aa06acedd52eb5207ab0b2a1244,0f923ee5a5792f8d4af3dfa21887c982d25debf16a612aa5f588a867aa859593,L4_safety_boundary_difference,10813,1000,0.09248127254231019,10.813,39
Alpaca-7B-train.jsonl,20869,748a3e60133a1fcd0c0751ce75145c8a612a570bb67a8d385d32eb3d685eb8b6,b5aa8fa226523e3a02b256588038530774f668e8c5ba6448f0142e41401ab281,L4_safety_boundary_difference,10813,1000,0.09248127254231019,10.813,40
Alpaca2-7B-train.jsonl,23712,3a3fbc7b1ef5059657cbe985221df908303eb3ab462c326b278b9539fd38e4dc,27cbab84f52babcf3f3287e62eca1138d6e795a142d52b7d81fe668a504d67c7,L4_safety_boundary_difference,10813,1000,0.09248127254231019,10.813,41
Alpaca-7B-train.jsonl,359,c93b61906543e20e4d26d7f114d1a4eb4add23e614b2d08e8cfbcf7da2223042,673c5102fe29a4bcd3e8223b24b4d8fd3c6190a2ec4b91fcc9b58114ef7a2bed,L4_safety_boundary_difference,10813,1000,0.09248127254231019,10.813,42
Alpaca2-7B-train.jsonl,3870,fcca5d8418792ab78994f450e5f2df83bd4b1408b9b814dd8adf3575d7cfa068,52c3d1cdd7a68ded26cee8da20673a5c53fb9523e4d454c7b2c28f9668428202,L4_safety_boundary_difference,10813,1000,0.09248127254231019,10.813,43
Alpaca2-7B-train.jsonl,6963,3504cc736f74cab3096f527d376cc4286bb201045bb9831865af4648291b0302,36ed3308f559675cbfca7f4dd7901878f36ded7420d771648b28b8cca8997408,L4_safety_boundary_difference,10813,1000,0.09248127254231019,10.813,44
Alpaca-7B-train.jsonl,2713,624e5773c4f24221babebf7fb30a8457d83957c467df13426101f7ffe5fe2504,46e3c7a3672b4f058a5932a8c0d04ad820a15d54c91f3f8f4606797ee169d68b,L4_safety_boundary_difference,10813,1000,0.09248127254231019,10.813,45
Alpaca3-8B-train.jsonl,19448,6627df0dd539e4473a6d700604dee4be0ce1141993cd712436d610cf8527549a,b03034b6aefc45ad8cf7c7d091dd799c1d7bf2e43cc92b9125686c43063d5a02,L4_safety_boundary_difference,10813,1000,0.09248127254231019,10.813,46
Alpaca2-7B-train.jsonl,24011,71fd372af7ca8ff22fb05cb7cd6dd27dde9b715ace6c46c2eb7ed3cff95b05c5,9b692fb06269b5f843b55dde7375080e466aa33d800ea0fd775fc47016a31b2a,L4_safety_boundary_difference,10813,1000,0.09248127254231019,10.813,47
Alpaca2-7B-train.jsonl,24521,f63d390d9020387376c4e4ead11642b36f8437313e56d49faee0be506aae2491,0520de7a756f6334dd96e3e5cdfbb2f6192b2c0ad661935fe094b4fa0d6c788c,L4_safety_boundary_difference,10813,1000,0.09248127254231019,10.813,48
Alpaca2-7B-train.jsonl,2211,d4274f546f587efaeb458d960800b38a2277cbe610888cbd55910cc96f800204,cdfcbd49e4a764721f96f621540a8191ad620114f2da9d434b0e79ca9c3b0f96,L4_safety_boundary_difference,10813,1000,0.09248127254231019,10.813,49
Alpaca3-8B-train.jsonl,11008,f1d30414080261e48f3aa323fe744136e73aa864100647531cf8a7eb6e311d51,0f1a530c9fe1f6ae8647aa68af22eac9ba3317e588947208294fe2eacf8667cf,L4_safety_boundary_difference,10813,1000,0.09248127254231019,10.813,50
Alpaca-7B-train.jsonl,27382,9daaca4372cd5ab25bbd676340c99b36f9c4c693501bab6b10fe39ac2ecabf79,afa60af4d12e0b3bd9f6e7a36acf29141c3279c2f0b5997f82361ce14b87234c,L4_safety_boundary_difference,10813,1000,0.09248127254231019,10.813,51
Alpaca3-8B-train.jsonl,20759,97087b9a6d0d7cce8abb076045b7ccb1d156bf5604c3c45ce346f8d0015fa491,5f4c8d294364ea11f0fe3bff8790b2e3d1f7e3356ef77de6addb59dafebd89ad,L4_safety_boundary_difference,10813,1000,0.09248127254231019,10.813,52
Alpaca-7B-train.jsonl,20224,9a34afc9f7c5269e17423cd81010c33a6ab430dfde8972c50c8598c58f87b9d2,b4efb2c8f915f5953295ad02b11d1fb6207909f5ecd24667364cf8b1d22e6274,L4_safety_boundary_difference,10813,1000,0.09248127254231019,10.813,53
Alpaca2-7B-train.jsonl,10792,b3c926aa4896ecc05aea8e002fb806f35b586eae20f6e68e40cf6e91d3d46aa6,4eba9e9709dbecd756eca21e4d0b66a268774f25a1925f7928100caf5eeb71a9,L4_safety_boundary_difference,10813,1000,0.09248127254231019,10.813,54
Alpaca3-8B-train.jsonl,3927,e5479d5872d766f133ed8e84495665e4a3e097c809330769c3edf47a2af12010,ce1dbd983deb20ac8336f86d1f56079e91e54c0cab2ecedf15e36033f1a7b5ac,L4_safety_boundary_difference,10813,1000,0.09248127254231019,10.813,55
Alpaca3-8B-train.jsonl,4364,01ff2e6ee20cdb63c4da73ae91fec7510887486dcb2fe078925eba3d14ad95c2,2f75b38f1dca070d17f7332f0b97dbbffe7a5179ab4983da225b15567aec86ff,L4_safety_boundary_difference,10813,1000,0.09248127254231019,10.813,56
Alpaca-7B-train.jsonl,10868,6b9661e1350510b75c0d7060882868018f39b31fe312880c84b75c82c58c6fcf,723ccf3df171fe738b8d8b5ae2926f3cea7e9c17a3b2318413f445ffbaa8f527,L4_safety_boundary_difference,10813,1000,0.09248127254231019,10.813,57
Alpaca3-8B-train.jsonl,12046,2f4d93990641e4dd64290b71a176ceba3a2099ded1381eef6f8da7996b2bb96e,99c25490b240eb73062d5da02ea82bbb000554cb97d37e0ea45199b4b68f3e6f,L4_safety_boundary_difference,10813,1000,0.09248127254231019,10.813,58
Alpaca-7B-train.jsonl,9268,30092a44a8b81f1139b0a4afd5377d1a4513aa09d034fe22c6a1b584a996ed89,d8ae60f04d8e00926fa57fc56b8d6de23d5e85e3204df5dcf6292f8fe766f9c1,L4_safety_boundary_difference,10813,1000,0.09248127254231019,10.813,59
Alpaca3-8B-train.jsonl,18844,5825dc05e1276e0ccfed086977b979565212503951b61698d434bf4076ec3dcc,1165c6fd056ef1f0a4694d158e0e1e850fab59b01f58f595ba2fd6afbe62a486,L4_safety_boundary_difference,10813,1000,0.09248127254231019,10.813,60
Alpaca3-8B-train.jsonl,10569,8e759668c77cf82fdea9b129a212eb158f130ecc3b3f72cc80dbda6c248b544c,df4b903542393cb2fae389ddad851f4dc81be30025a2b1e271217b4631f15035,L4_safety_boundary_difference,10813,1000,0.09248127254231019,10.813,61
Alpaca2-7B-train.jsonl,18484,b7360473161f21378fe43d9f6b87d2b8d5da06d9d88917cff1e99a1994c1073a,582983c1f7ea36199f6746df216634141ec2a886769728f51d573775e56a82ba,L4_safety_boundary_difference,10813,1000,0.09248127254231019,10.813,62
Alpaca2-7B-train.jsonl,23461,9dcec3dbde4cb2b931b77086ce3b6267c988612994194e2867d87c1de2cc3f0c,82fa3bbf5141bcf477b747b438cd35ad2eff91e0c06b5a23b182f6ca4ff6dc91,L4_safety_boundary_difference,10813,1000,0.09248127254231019,10.813,63
Alpaca3-8B-train.jsonl,14846,19b2668a622d5d70fbcb91905a6d9d0892cf9ab275df4c7e84d353186026de7c,0e383f9dca01881ee213133120cc11c00a3e0f5ffd15e2915534289958275dda,L4_safety_boundary_difference,10813,1000,0.09248127254231019,10.813,64
Alpaca2-7B-train.jsonl,18619,f620eb6acdb28e3f511451ec9b0cf48a024e34988b30b8b79968e390f7d39791,e1d9e58b280b16657f60b9aae757778c16271420b1e1c021971f9104328865ee,L4_safety_boundary_difference,10813,1000,0.09248127254231019,10.813,65
Alpaca2-7B-train.jsonl,13441,3f7333715899b1e67503347c698f2d4b8efc99f913cf762a82694b42afb642ef,10a4cfe4570de3db71a81a9f6a37733a50498b5609db56463ee1d445b7376ae8,L4_safety_boundary_difference,10813,1000,0.09248127254231019,10.813,66
Alpaca2-7B-train.jsonl,17324,6d731524aec291684f134aabadd09e98c8f20f7059f77ce50cb9791f074d434c,bd4869c55f9ccd3a5d20c1f1852ca074bd2190ec48b4445ca61fe8a0145233d2,L4_safety_boundary_difference,10813,1000,0.09248127254231019,10.813,67
Alpaca2-7B-train.jsonl,19598,084ed1c757908b62a126863f31a9fba4bb91f5cada8fec2ef50b68cd449d10b0,399e3ee6c522b19b54a5894c18e7c07b44e021c561a6f2f5bc2984cb4125b5ae,L4_safety_boundary_difference,10813,1000,0.09248127254231019,10.813,68
Alpaca-7B-train.jsonl,11848,24efb62be6b15804545dcfe5828e98e0c876efff237e407e15b7f88334b43040,c1eb13fa0168d739859125693b9a15e0499a289691d6d33b22275ddebfb40b04,L4_safety_boundary_difference,10813,1000,0.09248127254231019,10.813,69
Alpaca-7B-train.jsonl,16172,f9cd4499c30b59c07943e29f2368b55c37744186ab94127b6802547fd0e3faac,98ef94b30f789dbd29fdf9867d4c081cba1ddda95e56aaa266c0c2051396aa7c,L4_safety_boundary_difference,10813,1000,0.09248127254231019,10.813,70
Alpaca2-7B-train.jsonl,4847,9fdc6abd56c58674bff66a519d106a59dc7b7754639e51f4e408473e465f53bb,c2bf4d85f421574e9f1e4a7c6410d6ea3a7c93f64f4c0a6141d2f50615b07fa3,L4_safety_boundary_difference,10813,1000,0.09248127254231019,10.813,71
Alpaca-7B-train.jsonl,3152,ec6dcd58b4c91488f61983c25c3fe6f669182674d9829748ee2c4cf68b177faa,35628f8f08cae5d73b29cd9b25ad59620d8403f9a905ed8d79a886e60e497acc,L4_safety_boundary_difference,10813,1000,0.09248127254231019,10.813,72
Alpaca3-8B-train.jsonl,8715,83d0c9adbbe8a963b04d8d38bf73b122ab2756d26918354da703cf011dd006cc,ae1ee98b9241b6d9bbc769678c212f0a2b15989296450c10600ded1d72de6cb0,L4_safety_boundary_difference,10813,1000,0.09248127254231019,10.813,73
Alpaca2-7B-train.jsonl,3361,51539b2a3f65ecbdeba5d73dd8a625d209941dd63807a831fe532d6b03340eca,f6153f82cb15a8a8124bb264fcbe8b0cc9e2f6ce7c11fa793cfd87ef9a3e5786,L4_safety_boundary_difference,10813,1000,0.09248127254231019,10.813,74
Alpaca-7B-train.jsonl,14708,4eac85682dd6da0cbf56b35856fc8366c1389120aca927417f02e297499c3abc,14ca90365553a9fc4c4fd426088d602d3e38aa10c3d9b7a5557533b07365b050,L4_safety_boundary_difference,10813,1000,0.09248127254231019,10.813,75
Alpaca3-8B-train.jsonl,19000,a3244ca2cf7994b1a5f529fb17510b35148d2a05bef2efacdd1533e0d014007c,41d0930804d59ef92335625ef0190456b18fd9fc6dfc705f4f62152c86be1f87,L4_safety_boundary_difference,10813,1000,0.09248127254231019,10.813,76
Alpaca3-8B-train.jsonl,3281,0801d0cb3c1d474d0e8d82d610a4cc396a8104d87ba7169e5386f842483c1170,0bcbf0efe79c1f2047880bfbb23af0101d3c056091e176b071629a0f70ce02a8,L4_safety_boundary_difference,10813,1000,0.09248127254231019,10.813,77
Alpaca-7B-train.jsonl,22313,508cc0fa99101d0e94ce393180309422f898805854b9e8e458423c27ece6041d,96869493ed1ca0ac0ce73180396b987b2685e4487877a855bc6ab84324f51f72,L4_safety_boundary_difference,10813,1000,0.09248127254231019,10.813,78
Alpaca2-7B-train.jsonl,21294,cc11d498299cc7fc679e7185c44c3ba0f2e70e129030f44e03c636e51e3611f4,d8c0fd4a0bfbf569d0a3aa18ead02a561cb38453ee09e1d4f3e7e32a3c66856f,L4_safety_boundary_difference,10813,1000,0.09248127254231019,10.813,79
Alpaca-7B-train.jsonl,25948,5550320880276d6424f63eb60f0e7f247fb3d8709e9bc35ad0739ddc4d36a854,bab0747e8490c78e7a0a2b057e639ddb65e99a122fab4e2977c88e423cb3dcd1,L4_safety_boundary_difference,10813,1000,0.09248127254231019,10.813,80
Alpaca2-7B-train.jsonl,17271,da22378c3a868e652b6c606b342b690c3871b4c498a069a9ee788a975c4fce8b,bed49d022364306b0d672485f1645e8ca79d714b9245e0ae4c84abd7767a778a,L4_safety_boundary_difference,10813,1000,0.09248127254231019,10.813,81
Alpaca3-8B-train.jsonl,12268,6f8021bb58a018b5ca9d17da8a5887bbf22a29c1d3eed8a2c86b89c9574bff0d,4dcc5da3de40a03813caf92b00963cbf49ab56db3d993f639388b118a4b0e8da,L4_safety_boundary_difference,10813,1000,0.09248127254231019,10.813,82
Alpaca2-7B-train.jsonl,10096,2889ac6f6a5a174704a7ccf03e50243810462e4a6a73fccd9b2e0cc03f3fc47a,b4e6652446a6a481ba6d3ed642460a335d435038d8a9474be20a071ef8e99b08,L4_safety_boundary_difference,10813,1000,0.09248127254231019,10.813,83
Alpaca-7B-train.jsonl,18983,e3492f69816820b23862d1786ce5eb24be4068b6fd29924550eacf19fe7bd82b,c17afe3b126a759cc32ee4d1ed701843ae751948c3e45a34a594b5633543563d,L4_safety_boundary_difference,10813,1000,0.09248127254231019,10.813,84
Alpaca2-7B-train.jsonl,15399,ceecd785b25f88112581b8a46245ccab8655ee81ba2b78ba619ed02ec5e5d93f,0bbe2754f1f66197dabfabc6ce55e924080865ef47a029ed34db1c484771ca22,L4_safety_boundary_difference,10813,1000,0.09248127254231019,10.813,85
Alpaca3-8B-train.jsonl,4858,ade0ce934af9c321a65a97338c777493b2f5a0efec6a552f695400a78a5174b3,7b447abc78d6f94735597daa23b89648d38852dcb3f7c27ec2bf032131498b88,L4_safety_boundary_difference,10813,1000,0.09248127254231019,10.813,86
Alpaca-7B-train.jsonl,26136,3dd7a5f72970e8296c4360373d77b412cb6f1da7bbd92a9dcf58bf042040e570,9e876dded2e0a3cd7478462cf127ed583fded3f47157056a06e7d2f8f4f7deac,L4_safety_boundary_difference,10813,1000,0.09248127254231019,10.813,87
Alpaca3-8B-train.jsonl,20765,670218efb98b71ab989cebbf25b1e7ed33aa99972d41ef42f0acb5354b1acdce,7a36b4b88b3aa8f7f34c110fbd5bd1c77ce27a4669bd19a6fcd9d8e9344115a2,L4_safety_boundary_difference,10813,1000,0.09248127254231019,10.813,88
Alpaca-7B-train.jsonl,3509,ef373601daaf72c42f5dc2cd53818b2dc67b243a8e2fb0091153504ad8b245f6,b0cdd80f9ee6e62a77f8a66e0a45e7ea80ef62b804e2873ae0962e54e45dcfa8,L4_safety_boundary_difference,10813,1000,0.09248127254231019,10.813,89
Alpaca-7B-train.jsonl,25333,e4894740c36cf8bacff074852d175db2f5dc23d0c26f8b9258aaed2c22188213,58cd69b5c0d6f5254beab62d7fde698ac187cf979ad2a03cfc8fb7ab2793bfb1,L4_safety_boundary_difference,10813,1000,0.09248127254231019,10.813,90
Alpaca2-7B-train.jsonl,23733,be4e04798f2f606a00a0ea1d43eebef4db5bd23fe8d4ed01c5d8e51d0a19a8b2,7fda9a13d390e904131a6c1bb415bf80bfc9983b99f712df78dce8bac4d6164a,L4_safety_boundary_difference,10813,1000,0.09248127254231019,10.813,91
Alpaca3-8B-train.jsonl,10615,9a11e5446c1bac74058ac0315789558e02e74099d80e1d4867987149144ec070,60e979c13c73042c2390b385db61b40a41faeae8249d8b82573cc7d3a114de5b,L4_safety_boundary_difference,10813,1000,0.09248127254231019,10.813,92
Alpaca2-7B-train.jsonl,22432,7fbd6acc293bd82a7f9d9abb48478f34bdb5cd313fa911b0e5b32157079cd5c0,46881eb1caeb682b8aa594e44a79bede88d6a391cb659cdcb3f7bc6f71e4dee9,L4_safety_boundary_difference,10813,1000,0.09248127254231019,10.813,93
Alpaca3-8B-train.jsonl,18302,56b8ee3ad8e8b9a14a14120734faf3cc4634e7f46654eff4435a36f6b6430dc3,71c967ae6e71a5fd034c0e4e01056dcfd0478bc1ca0b89a7c2c6e52607864534,L4_safety_boundary_difference,10813,1000,0.09248127254231019,10.813,94
Alpaca2-7B-train.jsonl,21978,ad1c52096b4a9a85a7cebcd5f55f274a086947f08815f1de3c283e6d6c0123f0,19c2dd85a5556843440613910850bc74bae82dca8cffa83ba747714e48ce5f05,L4_safety_boundary_difference,10813,1000,0.09248127254231019,10.813,95
Alpaca2-7B-train.jsonl,1335,a2ae4591680813bfc6aae7a3bc430a6b0ee2560bb198443b51d16a18bd239d4a,e4de02f7f39ca7b85570a02650db2583de700865514ed938daec91fe76895484,L4_safety_boundary_difference,10813,1000,0.09248127254231019,10.813,96
Alpaca3-8B-train.jsonl,18992,16f0edc9ccbb27de99b9e74e2be10131c922832dc040207073701b8f2939205b,1426c7733f51a6880d812801803e96b9f8e08f820160d3c3eb9ee4cf44be326b,L4_safety_boundary_difference,10813,1000,0.09248127254231019,10.813,97
Alpaca3-8B-train.jsonl,9871,998bd10ea23f29657f254c25833b8b4069c1d9b8a27d91b6c7f2b04898474679,6bdac99210bd58a414f1f2f81168746476af939247303b6a25c0208f7d4aaf57,L4_safety_boundary_difference,10813,1000,0.09248127254231019,10.813,98
Alpaca3-8B-train.jsonl,12896,895a9d55b6b616ab66101840ecbb2306f989a9ac27cb4e415b66ec2046192541,1323f49e9cc05032b635d8be9adb19019e51db22f2989e0702535f14048ac536,L4_safety_boundary_difference,10813,1000,0.09248127254231019,10.813,99
Alpaca2-7B-train.jsonl,24651,8386fec3e89b8c9756c3ae6d679304a79edd9574d382de7487d5bf42643080f7,490605d5f3ce0ea8168355165080dbd79025f705bad2d64f0361b94acd2f3423,L4_safety_boundary_difference,10813,1000,0.09248127254231019,10.813,100
Alpaca2-7B-train.jsonl,6211,639933f4b11110ec956b72411bc4fe46205dc33f81073fa4b10a6199fa4a50d9,59d306b972188206b443521ce0418977dc9d90db6e758e33c3e5feced87a8b3e,L4_safety_boundary_difference,10813,1000,0.09248127254231019,10.813,101
Alpaca3-8B-train.jsonl,18595,63a7e18053c9c07c851ae9869d0b89e2bc82e38028d441aee0df5df7f314472a,f82baacd3ba57c0173dbd8c5f934923e8dff6da4687f08e05f38a90179f4a68d,L4_safety_boundary_difference,10813,1000,0.09248127254231019,10.813,102
Alpaca-7B-train.jsonl,22992,1414ac9a845ef566d4cfe04abd0d85c71e8454b1febdd7d83dee7cb75e5f9015,901f885a205dc0e04eb094261a3840e3f4b987813b61ce662e28420ade0231e1,L4_safety_boundary_difference,10813,1000,0.09248127254231019,10.813,103
Alpaca-7B-train.jsonl,25487,5792409794aaa337d7a4988c06aefaf5c9efe1b98c534319e355d8e63590edf3,bc61a815828981dd20475f4d01e658d53c18d255ace6342a681e449f9b4658b6,L4_safety_boundary_difference,10813,1000,0.09248127254231019,10.813,104
Alpaca-7B-train.jsonl,9458,aa554f331c9509d1dfbccfa0b590de06bcac9a64db6a180c5b3fde7a24c56c30,bfbb1239ec5966eae2225b8aad050a2b8fbc881665aac4052aeb4c110a226cd3,L4_safety_boundary_difference,10813,1000,0.09248127254231019,10.813,105
Alpaca-7B-train.jsonl,22913,622c9f02787c9767dad9e9ef80197c0b1f4d626f1c8ffeb3b5dffd4d845bb81b,ca0d6a147ab9806072012c07addd12629b3296517f48bd4d90f05594071da9d7,L4_safety_boundary_difference,10813,1000,0.09248127254231019,10.813,106
Alpaca-7B-train.jsonl,21087,fd869c617d0eb98d21d7fe5482aec6c82f7c05966989c84952e426a6809f3a73,03485e3892a5fbbb2c31484a2103cd65fd53253c4ddfd03a1ba107ced7497a57,L4_safety_boundary_difference,10813,1000,0.09248127254231019,10.813,107
Alpaca-7B-train.jsonl,11622,5d28c5078ec9c2c055c22cdb168e659306afdf6bb20a569a8fb400dcd616492c,a68cc0910e0e9c6fd1f4059adc58d76a491fafd625f1dc511e6208cf67adbd62,L4_safety_boundary_difference,10813,1000,0.09248127254231019,10.813,108
Alpaca-7B-train.jsonl,5735,a16c4a3de521ba11dc373072e296fda7fd2798bc585b266a5d9380d3bfdb9aa2,3bdd4b7916113f660b0a0ad532a5a8dedd9eb6a9594ef2d26bebabcd958d4274,L4_safety_boundary_difference,10813,1000,0.09248127254231019,10.813,109
Alpaca2-7B-train.jsonl,8532,f1b83fd85ef6d49da071db37f35067d34b660c4a300a285485bbe044492119a8,c36c0cea5b319678d51afd8f7c13a5f29025323c795d0d26ea90b7bbcde247c2,L4_safety_boundary_difference,10813,1000,0.09248127254231019,10.813,110
Alpaca-7B-train.jsonl,8073,378c188de046546ca65e4bccb287ba19113809b871f9df489e043f8a32378416,bf22f3834ed5d94e1ae89762be325dfeb47357f05fcb6e515e05d43a42ffd537,L4_safety_boundary_difference,10813,1000,0.09248127254231019,10.813,111
Alpaca-7B-train.jsonl,21129,435191faf745f1bbacbf637bd9d2fdb3e0a605e8ec966cfdaa3055deea451c35,5f944fe109bb1b1ae5ec5269abea9446bf38582db270966ae05372e40dbc0762,L4_safety_boundary_difference,10813,1000,0.09248127254231019,10.813,112
Alpaca-7B-train.jsonl,2081,4bb835a01b3de3c1645f8ae14c442a4feb5ada97bd4661016484c14f54b947b5,b7c5b114398a3f50797e6c9647c82c67591b4c31bc8cb02a39ce8395710cb0e9,L4_safety_boundary_difference,10813,1000,0.09248127254231019,10.813,113
Alpaca-7B-train.jsonl,12461,004736e6e7f0f3799f0f9f8145cbe57fed87eadac8b192875b1278484786607b,46b5a7a6376f691ee57fcfc62f8e1c33e58a354b244301c000d4944d654d2147,L4_safety_boundary_difference,10813,1000,0.09248127254231019,10.813,114
Alpaca2-7B-train.jsonl,4106,262af0925f917cec7ca26080af340f18e5e3429da08dde7759254b6d34adce82,efc794310496b813cbe0dc885e2b44008afd68af4d38677587b0f69453b15ff4,L4_safety_boundary_difference,10813,1000,0.09248127254231019,10.813,115
Alpaca-7B-train.jsonl,18076,70a692559fe4c624807ecde16a3bc6553227394d7446cef50d0de3b66a6c5936,2dff9e8ff015d011a72710b3192d30b367fdbaf2422498b3566858ce11466dc1,L4_safety_boundary_difference,10813,1000,0.09248127254231019,10.813,116
Alpaca3-8B-train.jsonl,12648,b03d05d3e45939e8e205b110fbbf454bb6be40bfdd86f25540349de11d37fbbc,6c009dbed2359e8146e03077ca504f60400f667e64aad5261a20a5b1b4d36937,L4_safety_boundary_difference,10813,1000,0.09248127254231019,10.813,117
Alpaca-7B-train.jsonl,23442,fa06d6649da11961a8e07f38738c998fc061077e7f1b23a7e9f8fa15ba4dc71a,757b3bcce26b81bb781054a410f291e13a3d617a917232759b099803280d85c9,L4_safety_boundary_difference,10813,1000,0.09248127254231019,10.813,118
Alpaca3-8B-train.jsonl,18944,66b7a8836d64302fb566dee9c9efc5cc57fd7b6f6c77a5bcfa422e192387cfd0,8a93fb720939f64a6a4473b2000eae7bf210f203c196f3f31fee535019e4053f,L4_safety_boundary_difference,10813,1000,0.09248127254231019,10.813,119
Alpaca-7B-train.jsonl,24408,5771ad9521afb2aa27c4c14aba0fefe181278d26b7044b5817220c8b431ecc00,2ff91477b24be352acf956c299bd2ce82492844c5885e32669f4eaf076cc3518,L4_safety_boundary_difference,10813,1000,0.09248127254231019,10.813,120
Alpaca3-8B-train.jsonl,18262,362580d76483c68a2639c8618b95fdefd9bceaadccbaee3ebd0a551aa46a057d,2c89f516654063466e8f9f78581e4e5badff713430781b3de8f1bab484e04fe8,L4_safety_boundary_difference,10813,1000,0.09248127254231019,10.813,121
Alpaca-7B-train.jsonl,7044,8442587d5f3444731e774c58072b3bd881dcab5c8677cc802eed2e5263bb52a9,21fa661900308b8827f53a786f3b06612940c9a44cef9b2c08a2f7bfd24651a7,L4_safety_boundary_difference,10813,1000,0.09248127254231019,10.813,122
Alpaca2-7B-train.jsonl,7213,01458e104aab282390c046ea9bf8b5d5f45892f836d63942f8566576bd75c22c,8bf161bf07a49b60304c7b0f4d065dd5a073046fd29dc85fac6b08690ea1fd7e,L4_safety_boundary_difference,10813,1000,0.09248127254231019,10.813,123
Alpaca3-8B-train.jsonl,11662,b89165f8bc6a7f1e231f166134733f0e88cc088e06c278be1574ed5426fe5666,0d6c761c275e04ec2f6ec1c940251304b2bebc52f92c9219e39739caf69e81f2,L4_safety_boundary_difference,10813,1000,0.09248127254231019,10.813,124
Alpaca3-8B-train.jsonl,20868,11699b573c9c0d4e7d2dd8da36bd617f45616c9e0ed3045105cb91fd787c3ec7,0b6661d9e8b46b3c740b9779cd9dab13e6283b93353bd02f6404b82a05a30292,L4_safety_boundary_difference,10813,1000,0.09248127254231019,10.813,125
Alpaca-7B-train.jsonl,14106,9a29502645d41bd5247db8354956f3e2271ab32838426cd3626c191b0f5933a6,11b0fe8b65baeb34242c474d89f2e0c0e1039893074f84468856dd9a0d916242,L4_safety_boundary_difference,10813,1000,0.09248127254231019,10.813,126
Alpaca3-8B-train.jsonl,15060,28e8f7f5a8285cc32d5a07b053c7ed8158221d075102a7d04fb08dfe32622730,b8937057b20671676af902806cc56664f01bcb5f0cb0d1b5d67b9df7b473d5d6,L4_safety_boundary_difference,10813,1000,0.09248127254231019,10.813,127
Alpaca2-7B-train.jsonl,25410,0143bbc9c673f67d83849083c84ed3b59478c50a987282e79c113e47da972a82,46b0d1c5fa2f60d730d2afa8d9acb0f9ea6eff55ef1f01de92a5ab03a81ea0d6,L4_safety_boundary_difference,10813,1000,0.09248127254231019,10.813,128
Alpaca-7B-train.jsonl,11438,5794756313cb9143d6278f5093aae2d26b80f22958449cae0218632e4c97d31a,4cbaab0e17a09add3ac8aeaab58892aa21497c2e9a290c469c39022567043ad9,L4_safety_boundary_difference,10813,1000,0.09248127254231019,10.813,129
Alpaca-7B-train.jsonl,2160,def22ef86b0d63e0d0e17c5f9f615b81e1924f319c1685f36b7aa2c3d8ad4487,fb2fb344bc89c0ee6179af98e62174fd3cc78208f3217fc09e92f76f210a5d06,L4_safety_boundary_difference,10813,1000,0.09248127254231019,10.813,130
Alpaca-7B-train.jsonl,4448,5d50df9270e77ac5787057b03a8fc69bb5a191b32fcef3b6d22ba682990edc6c,10463a85bca764d8930f99996ffda70fdb3a1ebc972923c26e7cd25c94e0450a,L4_safety_boundary_difference,10813,1000,0.09248127254231019,10.813,131
Alpaca2-7B-train.jsonl,24502,40e84c20b51b559828470156b08a0e1dcd1a780ebbd30d9a5d2d0c31e0dd9a2f,f233cd8cccb7fb5b67a0370b87cb20e0e139bdfaac8f059c316f42b2ac144c80,L4_safety_boundary_difference,10813,1000,0.09248127254231019,10.813,132
Alpaca-7B-train.jsonl,15971,2a495c71318e94f029fec7d2a252f83e64cc4641dbf4c9af99e9bbeaeceee7f8,e971506cd20c7be24ed5a875e60d5182fca106386d23e039ef8d9939bbc6e9de,L4_safety_boundary_difference,10813,1000,0.09248127254231019,10.813,133
Alpaca2-7B-train.jsonl,24447,a4277ab941c0b68373b8c39246be49ef08393b7742178737b4a71420a97faf7f,76965a249c1b8ca5444c4a4e7aaf08d32c34c952e9f98b53e85c201d4a2ea46f,L4_safety_boundary_difference,10813,1000,0.09248127254231019,10.813,134
Alpaca-7B-train.jsonl,13623,1b57cce8061c634d6baa605372b015ab7bc65cb8bc20d060d9db8c6b34b42cdc,913cb2b65a670ee8be1c7a0fd50db87f857571ff763c829e8e8387c93d906578,L4_safety_boundary_difference,10813,1000,0.09248127254231019,10.813,135
Alpaca2-7B-train.jsonl,1249,cbd8db39533db8e2838e5803e8c896e6db55ea1435b05bceb7ba0ea359c335ff,bdfae2d4efed7235d060ae06c875f4aeaa64bc1ce7581cdcd78e6db91844b7a6,L4_safety_boundary_difference,10813,1000,0.09248127254231019,10.813,136
Alpaca-7B-train.jsonl,11049,65788a694587257271f4bccfd7b96b693766dfbb6ca9251faf57d68f57c8c05c,a1066577c19902294e955a6019f38bb286ce10d8275b28e192b286798710f6bd,L4_safety_boundary_difference,10813,1000,0.09248127254231019,10.813,137
Alpaca-7B-train.jsonl,12448,832cafa9d1e638da9a932193b552f0ff5002804862c9cb7709d6e98a522b977f,4fbf510b5c2b23cfeeda9f317b22f48d158bbb22a43785b89b8729c0485a3ea1,L4_safety_boundary_difference,10813,1000,0.09248127254231019,10.813,138
Alpaca-7B-train.jsonl,19908,df7ea349b01712dcf490b8a7de33218864447a38663bccd72e2deb301643e202,18462141c6501ab4c58b5e2cec67b95439e842665a2c92dea2aa4ff2004a5cb0,L4_safety_boundary_difference,10813,1000,0.09248127254231019,10.813,139
Alpaca-7B-train.jsonl,14970,1cc559d7b117b8e66be59e5691661b395cbeecbf67990e1a9d9dbdfd89b5f7d0,3239762eb1ae54847d0916c3379d58300641a500de0dc6f24ee2c843f3e2b234,L4_safety_boundary_difference,10813,1000,0.09248127254231019,10.813,140
Alpaca2-7B-train.jsonl,9704,fbf10dca6bb913f0daa1c1807d3dbe825076c55b146989c28aedf9cf37a16927,ac2945f25d498976dba6cf94c0461e3d4ec97c4be9b3594189387de0b0fa42e0,L4_safety_boundary_difference,10813,1000,0.09248127254231019,10.813,141
Alpaca3-8B-train.jsonl,11012,37b47c604eb453141f2f839cb792953c3036dd474edcd2fda191dd339f546d8f,0f019c0f29ca24815fce1e9bf05c23aebb3e1495e1df08f462f0d0e032a98ccd,L4_safety_boundary_difference,10813,1000,0.09248127254231019,10.813,142
Alpaca-7B-train.jsonl,18702,82512a5170dae0bc3c923eb54850f07d664d33d45ec8535357e1993a99f89aa1,0468c289d42f573809269fb73392afd47be7d42e93c231661043e042fa4212b7,L4_safety_boundary_difference,10813,1000,0.09248127254231019,10.813,143
Alpaca3-8B-train.jsonl,20247,792d698c189d7eba426331a41b2b6b15354665b6112410aac06eaeeb5ced2578,51cc654e124f7d217128f9256c7a60b2f76b429a0e50535e540a3a229d169446,L4_safety_boundary_difference,10813,1000,0.09248127254231019,10.813,144
Alpaca2-7B-train.jsonl,13145,a43608bee28f24e55b357329983e9ffe16b363d8a894f625cbf1430b8c66e0b6,4bebe9220c809cc1ea921bd2a680473ea33f1e067b9626b720f818327f97b365,L4_safety_boundary_difference,10813,1000,0.09248127254231019,10.813,145
Alpaca2-7B-train.jsonl,998,d23c5ad950329a36d9a4ea51f83910218be5b838e6d81887eb8226852ca9032c,2cf93a1d13c8d57c75216192b2492a62385859057bdad0bee3b819d070a18dcc,L4_safety_boundary_difference,10813,1000,0.09248127254231019,10.813,146
Alpaca2-7B-train.jsonl,10109,5a9d20ab98884682bcd5b859843c6c34c1aaa6ddc687db66efbf3e76b36c8103,c20277dcd311dfb2ca1205f7fba07d0ab948d9b2287c79e2de9fa5cfbd3a575f,L4_safety_boundary_difference,10813,1000,0.09248127254231019,10.813,147
Alpaca-7B-train.jsonl,6897,28e20c357d026fa2c4063ffee5672fe2780bbdfe2fd402ee69d98193e3d8db03,9d867e63dc38dfed75e19a6efdbb8d68c16e4b9de70235a2cf0268d67c4391c3,L4_safety_boundary_difference,10813,1000,0.09248127254231019,10.813,148
Alpaca-7B-train.jsonl,25829,831ca5916a50a608b9200570241dce14f0c09df9b69ee7ce1d9cda071417d79f,647fdb57c74b8208d5accdb937edf5630eefa5b2c1ef91ef1b0c2a9fd61af8ba,L4_safety_boundary_difference,10813,1000,0.09248127254231019,10.813,149
Alpaca3-8B-train.jsonl,1711,9cc622b3f2de7ecda728a099927c7bdd05886437933220e44ba64358907abd07,c99de931fbd89e70cf0e8a9852e0aecb075d6bd7209230bcbb1a3a033541b03a,L4_safety_boundary_difference,10813,1000,0.09248127254231019,10.813,150
Alpaca-7B-train.jsonl,22560,092a7323489b75311c2498f983643d290194c5db89b86b752e464a58ff80ae8b,d193ac7e644b4ab228187e86e4525094e29198ee5acfd37f2b5c244b3e27273c,L4_safety_boundary_difference,10813,1000,0.09248127254231019,10.813,151
Alpaca3-8B-train.jsonl,19734,4acfa1f489bea58ea577c8410c75106403d0387e6e552eff038425d21e5533b4,6015f6a1cce0c3eb85fff099e8ebed7e15496a645cad942f9b1b546fe4d64700,L4_safety_boundary_difference,10813,1000,0.09248127254231019,10.813,152
Alpaca2-7B-train.jsonl,22270,ccf517fe44f7139650533ccf14a4aceaad676235c38313877dace0165b2a0907,2f0a07d6dd3389a04b4886b6a338c07dc8bc0c20cfaa2cb75e1b305fe318e186,L4_safety_boundary_difference,10813,1000,0.09248127254231019,10.813,153
Alpaca2-7B-train.jsonl,19179,995668af1433adf198593341dc1a33064904bd307f72fe3d7dbc334a2fbe0bca,84f57d0cf52a25d6d989488e473c80443caa64ce31eae55579980aa91784a3de,L4_safety_boundary_difference,10813,1000,0.09248127254231019,10.813,154
Alpaca2-7B-train.jsonl,24472,7f2805d79486074523575ce690674be184e399d5591077f579c595b5db6ea2fc,7ed243d9a58b3d3b87aa1c402fccefd288e2a750eea5a947812a73c61f943616,L4_safety_boundary_difference,10813,1000,0.09248127254231019,10.813,155
Alpaca2-7B-train.jsonl,18276,1f896793ff49301d0143bb6e5658936947bd09555cf53d11b48ec66e91f43da7,ccc9a5afd1b2ef72da2254346c11290f1b14cc05311f87c11ec6256dad668fa4,L4_safety_boundary_difference,10813,1000,0.09248127254231019,10.813,156
Alpaca3-8B-train.jsonl,20771,94fafc9815e805543d9ff466a9df0725af53a4468d079e311fdf4673eaa58882,e31ac9cd0bbead6c8ad564e1db36ba1513d91f1a0fbb6411c719e2a329744f55,L4_safety_boundary_difference,10813,1000,0.09248127254231019,10.813,157
Alpaca-7B-train.jsonl,23390,b1c31270127f227455bcdbe1f42b239770728bc54bd516bd84e690a9d738e7d2,10d9fb1dbf66d8f00e3cb66a8f8242250b762d2a7613b5eceaba35ea85340c25,L4_safety_boundary_difference,10813,1000,0.09248127254231019,10.813,158
Alpaca2-7B-train.jsonl,10064,7331528084e517abcb41b427ecafc462c8f31da03db9820fecf3b618ced51ffe,5fff3f1d299a2cb71aac0c468d635e1b956673e61257143912f76517a4fe9547,L4_safety_boundary_difference,10813,1000,0.09248127254231019,10.813,159
Alpaca2-7B-train.jsonl,7869,e6e7e412182c270faa0606b00a13a0327dc74db1cc22e0c60c5f23e4c18524a5,5dc6ce644a619611386678197b5c2ec4db1581ec27d5e5026501a3d2ca7a785c,L4_safety_boundary_difference,10813,1000,0.09248127254231019,10.813,160
Alpaca3-8B-train.jsonl,4289,abe321f6aefc3b77750ca70fff339b31b3a6c8573c5c182416f5cb7e38339c38,fcd706f211e27baa4cd4f444cca435af1985162cb408587d3b012bcb8ddba822,L4_safety_boundary_difference,10813,1000,0.09248127254231019,10.813,161
Alpaca2-7B-train.jsonl,21568,04fef4b5bdb7d118d672bf92fba3ec530051cbd3774e8ba6a6444990f5846940,80e5bb6c5f4471dd3c50a3f734c506114eb9e7b749cd9e191ba461d6c12ac573,L4_safety_boundary_difference,10813,1000,0.09248127254231019,10.813,162
Alpaca2-7B-train.jsonl,1281,5845e4f153ec3a6e941d832b77cb697a8e057005944f8ae301b68fa59e8419dc,c0c52aa1d89db7ca990427aaeced1cd2013c584a38e7f24bd54cd33c83e9c70c,L4_safety_boundary_difference,10813,1000,0.09248127254231019,10.813,163
Alpaca3-8B-train.jsonl,18217,fc8b7f778648ff2295c0d67011b1dd6795e1a11c69ff71001d99bc7dcc6be48a,f78968bd1a060a86744e9519ce29db27809ce4691082f40da3874618673cffa9,L4_safety_boundary_difference,10813,1000,0.09248127254231019,10.813,164
Alpaca3-8B-train.jsonl,8381,2990acf0eb8c062fcbccc55b7eccaaa3b5dfb83b74a5d0e1c7adde302cc362f7,cd67a76c2f78266b0063b5cc054d6ce2b3d52ace3c00f0867446623e9eb244b7,L4_safety_boundary_difference,10813,1000,0.09248127254231019,10.813,165
Alpaca2-7B-train.jsonl,5803,7c4e7c8970c188cfc0d7cca20ce3f8afa4f920fa9a0ae7d0ec79c7cb956fe565,480b710541d50d8fba6d2b2ff8159546b748cb82b86bd8fc9f3937611a01c89c,L4_safety_boundary_difference,10813,1000,0.09248127254231019,10.813,166
Alpaca2-7B-train.jsonl,17991,f87f42edc8447c7bd847269fc9e75af2eaa0745089f39b0edcf500c764579f28,25345d5661fd02b2626d403cfaae05487111995e32fa86c83048448521cc5854,L4_safety_boundary_difference,10813,1000,0.09248127254231019,10.813,167
Alpaca-7B-train.jsonl,1036,7a87fd433ff32df000d9b1174567ab59876d3980ffc78558b85f5f18383f9933,5892541701d7d03dc9bef245ed47d5bf60b3e37b84c21cb8ff7476ef3c065d49,L4_safety_boundary_difference,10813,1000,0.09248127254231019,10.813,168
Alpaca-7B-train.jsonl,1205,b478572f635787ac323c42cbc3165dbd8412ccfc95368cb03d8b87bdaeb02d00,24e51380ef9a7ae5bc484a30e6501357b4f44b0debcd8414e93d3dcc9d1cbbd8,L4_safety_boundary_difference,10813,1000,0.09248127254231019,10.813,169
Alpaca-7B-train.jsonl,14775,7a50acaa896f233f00809bf12f114829823d900760043479e63762ce5b300a92,e56246617597ea22ef9dff8b6db9653345445df886bbb06a5869d0b38c4f53d6,L4_safety_boundary_difference,10813,1000,0.09248127254231019,10.813,170
Alpaca-7B-train.jsonl,25300,cca020a0329f192a7b1f2c22be37dcc01a03a4504be66fb5126f61903432d0c9,6ad9fe21ce8721026747d5bac606a35d807721fb501b7ccd9f96d453829de40b,L4_safety_boundary_difference,10813,1000,0.09248127254231019,10.813,171
Alpaca2-7B-train.jsonl,12641,26e8d62a513ea3d0e10f577af2b4e8b20ec3c10cb5629d1e68df5684434c62d5,1068876e2ab5805862ca9b024f3f37336d3321094f191f45a8256cafa9d4ccbf,L4_safety_boundary_difference,10813,1000,0.09248127254231019,10.813,172
Alpaca3-8B-train.jsonl,7587,83bf2590d4ecdb694794b1eeda2113f4b925a130f9106d5cb0b890fa837a6559,6bf915feb9b804fbc8a096e3121f36d03392ca8c902dbd383ae06b5278931044,L4_safety_boundary_difference,10813,1000,0.09248127254231019,10.813,173
Alpaca3-8B-train.jsonl,16629,b6ea6ebad24421948c2a28efe77057b489a041f7afa59e028df0a00fd19ad3d1,58a7b24f3e84180c15932162a8990f72dfb36b25307b225cc5f6372a09c12be1,L4_safety_boundary_difference,10813,1000,0.09248127254231019,10.813,174
Alpaca-7B-train.jsonl,15567,b36532366555c8f8018de26fb2beefdda5991721b2845e73b701292f481d76cb,aed5e427d644e0dfb401fe2a39988435ee0e04bdd3296f48b39cb131e8d28682,L4_safety_boundary_difference,10813,1000,0.09248127254231019,10.813,175
Alpaca3-8B-train.jsonl,20076,fd58c62f0e15525483ece04f596b64e7d771898008e7b571e6402a619f36e1ea,d51b9e9ead4fabb37f3ba98c07b11c8e9fba0350a57f500d3bff7094b5148227,L4_safety_boundary_difference,10813,1000,0.09248127254231019,10.813,176
Alpaca-7B-train.jsonl,19536,68bba3b3cbfae59d2edce2d65b36de0419c2c6aeba0a737d7cccac6528d241b9,e73eee03304c9a82ab07eaec1c9631f7114e05563a88ea9573f7c73a93fb61f2,L4_safety_boundary_difference,10813,1000,0.09248127254231019,10.813,177
Alpaca3-8B-train.jsonl,14694,c3b463e3e08592aebd3698a65e5ec33834140f8e8324cd0f5106cad6dc837928,5f6cc63b3907056e8c313a7f1ad0b62e8c9c810d27d783e542870ebb3a8c1155,L4_safety_boundary_difference,10813,1000,0.09248127254231019,10.813,178
Alpaca2-7B-train.jsonl,16241,ab49842409f246bfaf447b5ac2325af42f7ef771b2591683f1859cbc650af323,29c1668afef0466064594ef8a1c6bbddc27ada419f7576a3a315d35990205d41,L4_safety_boundary_difference,10813,1000,0.09248127254231019,10.813,179
Alpaca3-8B-train.jsonl,12900,54d17989cb6a308f596984c66bf99c326472f2c8d1eb40379b8d7e4ecb04521a,eb30f183c77473a21263892dbb81692f5f896da097fb668e921f7f7047817cee,L4_safety_boundary_difference,10813,1000,0.09248127254231019,10.813,180
Alpaca-7B-train.jsonl,23210,46d5a66ecd7706286bcf570464790d39a8c86d9d69eca433a255a866fd65438d,2e798773147702e09b19a821e65d1ed585792f027120153aa7b0be3415849330,L4_safety_boundary_difference,10813,1000,0.09248127254231019,10.813,181
Alpaca3-8B-train.jsonl,7116,7f765eebe6b761004ae274cbbf6b08932177c54e233aace0453f972655899912,2ca55984b5e32950b25e94d5e34990b2797f03436452304419911bfa343e962d,L4_safety_boundary_difference,10813,1000,0.09248127254231019,10.813,182
Alpaca-7B-train.jsonl,8496,8068617af8fde52fcd1378c66709c551aeef654a70244db12e8c2c515c974795,fd7b8ecea114235cf60b7ab7e7407301c42014f92840c8ac73c8754d4e5792f9,L4_safety_boundary_difference,10813,1000,0.09248127254231019,10.813,183
Alpaca-7B-train.jsonl,16117,8c83524ee43cb0492c09b85f90b906fabcf5d68ece3bbfa1ff4bfd0798d99489,4119f87c83b667cefda80a19d65fffc0f44277b2ff194b657523018ce5b36d04,L4_safety_boundary_difference,10813,1000,0.09248127254231019,10.813,184
Alpaca-7B-train.jsonl,7049,5c245abd67f25c3d0ea1b47480aacbde4fea4952a07d1c075720538291401ab5,94aa81dddfc6f0ef74200b2a3b8fd3601000a3f4e9117b3aa558318efcaa9f65,L4_safety_boundary_difference,10813,1000,0.09248127254231019,10.813,185
Alpaca-7B-train.jsonl,18917,66c95ac2e84a18a99c2bd627c877913f1afe4117c50e75f742fd21a2274ac8d5,641760ea31470555504e41034cb7a3c5c490eb87c8e9275180403f749204873e,L4_safety_boundary_difference,10813,1000,0.09248127254231019,10.813,186
Alpaca3-8B-train.jsonl,3196,f360dfc6dfa941890ea92821116849a8082ba2ae87db37173216051d2193e1a9,1544a58129a41745a39f1687ed556ac7c08374a6e5bfaa8f5cca7d0fda887544,L4_safety_boundary_difference,10813,1000,0.09248127254231019,10.813,187
Alpaca-7B-train.jsonl,5552,ec354f04cf330f1759691535b98ad67cce13801e01eb8be1675cf9f918e542e5,5cf9870504b0081c3bd35265de376eda97db449616cf0ea8320af9902406ac87,L4_safety_boundary_difference,10813,1000,0.09248127254231019,10.813,188
Alpaca2-7B-train.jsonl,8676,1a634b767cddfd0318bf1b259a84ad2003ee0dce3a408f56698d8eae4ee5a84b,4f99283e740eda4124941faffe16554f62a94b27933969b81d6161eebcbfe324,L4_safety_boundary_difference,10813,1000,0.09248127254231019,10.813,189
Alpaca3-8B-train.jsonl,14342,602e8294d660951547e41385af19890e9bcbc4421e5873a4164b97f10fabba9d,0eb0a28694758985ccdd2bd449ec26edc6a428257fa7bbc5675b0f5223b5fa74,L4_safety_boundary_difference,10813,1000,0.09248127254231019,10.813,190
Alpaca-7B-train.jsonl,20161,4940d8e4b2501d2d158611807f48795f5c1a18cb6f93e5d85457875206b1457f,ac5306beb80ccd65314add663eadf7a68d13aeec30d92d9825df29ab2c51d484,L4_safety_boundary_difference,10813,1000,0.09248127254231019,10.813,191
Alpaca2-7B-train.jsonl,17678,5d82b75891feb001af435c5a9c70ddbde1f342f97ef685e3ff0279a7107e0a6f,467797cd53ad11c279fa5f652740660319da751f0e6d660b934c6b0635a8a009,L4_safety_boundary_difference,10813,1000,0.09248127254231019,10.813,192
Alpaca-7B-train.jsonl,23475,791f574544fdb38d0007b4ea31501ba7284e88d4518bb10a8a299e7ca393bc6e,bd1a103f51a93ddbf17e399b84fe1aaae43f487bae7494e203fafa03b6f26a21,L4_safety_boundary_difference,10813,1000,0.09248127254231019,10.813,193
Alpaca-7B-train.jsonl,26125,5d17582df9de43d5ea5aab891667029c4c0e365b0ae4cf26bfe29bc8ea6ec59d,79bf3b40732e90ff38b8bd2dfe955ddc7bf398e4844ad58a4b8f7567cba0936a,L4_safety_boundary_difference,10813,1000,0.09248127254231019,10.813,194
Alpaca2-7B-train.jsonl,20659,25b7314df96226dbdf19fe76e72e7ac0a648860d4b3c33b45d8212d87bd800ff,a2b485c531451b4b1aa423f849f7970d6712682d7602d007edb208973eaa4d91,L4_safety_boundary_difference,10813,1000,0.09248127254231019,10.813,195
Alpaca-7B-train.jsonl,25690,0ed15bd1f8ccccb71ca85413e30e36c0d88a70c1008a63e81d0855ff2231932e,1736342b95b33e9420a0c228df244d1c14b3cd42d4a48ee60d8f0fa0f63af423,L4_safety_boundary_difference,10813,1000,0.09248127254231019,10.813,196
Alpaca2-7B-train.jsonl,19986,8f79974504c4f3774dd20d6fb27f34ecd93394b958b44ea13856062a5aba41ee,61ecd116ecc4f5a12b72b3a72103459d29744afe22d9661827bf4b2e590f4439,L4_safety_boundary_difference,10813,1000,0.09248127254231019,10.813,197
Alpaca3-8B-train.jsonl,2681,0aace339df1bdc102bae9f0d7ed2f71a8c795d9e13573db7f53aa4323ac1140e,249a4edbe3090d7cc5aac67ef0c9f99274d5f71d674c7cf8d322853cfc22105f,L4_safety_boundary_difference,10813,1000,0.09248127254231019,10.813,198
Alpaca-7B-train.jsonl,2475,8dce501b2f615c3f85b33dc9f1f94b8c47249c3144863ae7c4be31681ff1d64c,ba529fcb2675bfc885f8424cbcd47bd373966f14df52b1f3f6305203b2acd7b9,L4_safety_boundary_difference,10813,1000,0.09248127254231019,10.813,199
Alpaca3-8B-train.jsonl,14036,7d4b488930c8e25fac9888e977634dc3529f0a61fe8084e21c67081cf7bbb233,b683faf13bf69232a4eba232ec1734f85902b446e4b1c72e52e28c0abaa111b3,L4_safety_boundary_difference,10813,1000,0.09248127254231019,10.813,200
Alpaca-7B-train.jsonl,25819,d7c5f12b0099bc1798172614e506ec0f962d1f70b355e19bea97993459578513,32321c24dfdfd1fc923dd6634fb8f70131e1104baa48b927a387e8c22a7eaaf9,L4_safety_boundary_difference,10813,1000,0.09248127254231019,10.813,201
Alpaca-7B-train.jsonl,7773,508193801a998ec56a235fe6702259c4d5860a9b9793818f8f72273f523b88ab,07b04ca6ebc0565f1c2eb2167fa697a1c78963fcae0c8dc167dbf2d07d348188,L4_safety_boundary_difference,10813,1000,0.09248127254231019,10.813,202
Alpaca3-8B-train.jsonl,4784,ffc4c328c8b1bbe0054f472a856dc04dea1ce8ceb499f65aa255039c31b578a0,c66aa91147eeba559bba1c917cc5407d97c3e50a01d2a8074551a360b751e41f,L4_safety_boundary_difference,10813,1000,0.09248127254231019,10.813,203
Alpaca2-7B-train.jsonl,3214,4add0c77df67659695a76b9ee4d11f640899ef32d63baf2c1afd95fb9b2dfd1f,fe82d1bdbc9b7eccc3002e295eb69ddeafcf0c69668d16a4f11c921373c685a1,L4_safety_boundary_difference,10813,1000,0.09248127254231019,10.813,204
Alpaca-7B-train.jsonl,21503,21febbb38b3ab1bf842f4bfc37c59ac703a8218f67f7caa25c1bb65afffe8f30,293444c5c03286ee6d4b4327a29c9c1f78931f1c86055cc70c2f42b71cabaa96,L4_safety_boundary_difference,10813,1000,0.09248127254231019,10.813,205
Alpaca3-8B-train.jsonl,3977,765a043419c2f2a03bdb9d8efbc4dc19b2042e29e545fda6365ec674727489c9,9dfeea552eed1a9d59bfe71c60cb9b9ed32a60d542a44db3b9fbe87047d558e7,L4_safety_boundary_difference,10813,1000,0.09248127254231019,10.813,206
Alpaca-7B-train.jsonl,4983,7507934536f94050968cd74471fa88b649705498685486d36984b9333fe0a676,7e7fe7ea281591d4cd2161021f0ededd7ca3c2d4618d8cc4420436f39b583058,L4_safety_boundary_difference,10813,1000,0.09248127254231019,10.813,207
Alpaca2-7B-train.jsonl,5364,efeae12e358bd8d56c98743f7487e7f8dfe4fd8f553bf5faee546052a616b240,ac5e39e2be1b40f8fb751b430fc599ac8bbdf3b33f7da2a2052c311ec584ade3,L4_safety_boundary_difference,10813,1000,0.09248127254231019,10.813,208
Alpaca2-7B-train.jsonl,12278,f94e26903861ced872bab66c4cfcc129a66103a731cac4d64c81f2df74e1904f,e65903414db347c7946d10436477c4b7a87c1aedc8ba18518f996381445f5414,L4_safety_boundary_difference,10813,1000,0.09248127254231019,10.813,209
Alpaca-7B-train.jsonl,22908,cbf42e3d7ff51bbc5fce4fc85839a0fd7f397e50c58ab6621a54e820b9db744f,60fdac9360c05b45599fcc4d4922f4d3ef34c80b9a15ed457d3250304f4589e7,L4_safety_boundary_difference,10813,1000,0.09248127254231019,10.813,210
Alpaca-7B-train.jsonl,8030,734203c714c1ffc62f3aa1bd7d95046685556a328b3db6ff83e36598a0310655,98b2cc771eaca846251c3c8be868000128487b0b1d77f5e7d1f8fdb9bc72dbd9,L4_safety_boundary_difference,10813,1000,0.09248127254231019,10.813,211
Alpaca2-7B-train.jsonl,18866,751a634096e4e0e59f0756f4e51f462bd52b96d5c2c513661d9e7b0849269fa5,b16c2f72756de2568fe4ce879adf55af012118ad7a3f4409a4db51db0beb9347,L4_safety_boundary_difference,10813,1000,0.09248127254231019,10.813,212
Alpaca3-8B-train.jsonl,8866,da6ff4b0d18544b5a0f232f143c7915ebc131404e0241de6d59dd2d5d5266b5e,8de61b90ca0d8172f2d7ec63e1714eb9d62c5f105ec52b6e647937f5b9af7ca5,L4_safety_boundary_difference,10813,1000,0.09248127254231019,10.813,213
Alpaca-7B-train.jsonl,26572,7676b7fdf6f3ea1b13179522c56ba4968c25f70a85fe80c1b76717183086bde5,ff37cd2b5cbaa45282a0f5f1272aa179eb253d76b4be41cb25e8112d3e6f7401,L4_safety_boundary_difference,10813,1000,0.09248127254231019,10.813,214
Alpaca3-8B-train.jsonl,1479,ce9fb62302d0406fc8ffed3a74f13b870426b71e4f4f01c199dc7ca268154e73,dd7d9b55da913f0f69eaa1987144ae647ea06033bff77925ac566229e29e92b3,L4_safety_boundary_difference,10813,1000,0.09248127254231019,10.813,215
Alpaca2-7B-train.jsonl,17554,7665a23a3ce24442444a1203e812620b2405396e59d4a9eb08c3c893f10ad21c,5285a70cecffe04aad286a4d0b873607d34d19da01bb54abef58688d003eec8f,L4_safety_boundary_difference,10813,1000,0.09248127254231019,10.813,216
Alpaca2-7B-train.jsonl,20390,9a0ee5b5c9bab876666294373b7b423e4f2c6bae31cf4fb54f4135cadcac11f0,bf59b603ec7367426aaeb76431da3fece901843ec7a131648778f03465f104d7,L4_safety_boundary_difference,10813,1000,0.09248127254231019,10.813,217
Alpaca2-7B-train.jsonl,8515,52dedcd09605b943b15921874024f69a682f8c94b93122c8f9138b16e5dc2880,7bea2c3da1a1c0796b2efb6afa77a3dc4aa8b0e8295be3ab2346357bb75d63bb,L4_safety_boundary_difference,10813,1000,0.09248127254231019,10.813,218
Alpaca2-7B-train.jsonl,9758,82b75ec9d141470bb4a5474fad11a242622c10cbde46ee8bd195d332d795e14f,1b6ad1347ee112bcbf66d575e2b06751d884f3ad4972910ed98a527a7919f5f4,L4_safety_boundary_difference,10813,1000,0.09248127254231019,10.813,219
Alpaca2-7B-train.jsonl,12563,88eb7fc65b3d0718f1b43e4263b578fcc9c11183803385552797f359b3a9e1cc,e35fb55a48b3951e448c378b4e91da841bfe4b1415cb8fb8f8e4f7fb9c445eb8,L4_safety_boundary_difference,10813,1000,0.09248127254231019,10.813,220
Alpaca-7B-train.jsonl,9404,2f50c8d87bfd9a57a2176a2a3664c9ed4646094b78d876f06196c106050d1286,833034f5a7e1d02a724819edf4dbc4cc9f1c9d3c97a956bffafd9ff1e2a3abc1,L4_safety_boundary_difference,10813,1000,0.09248127254231019,10.813,221
Alpaca-7B-train.jsonl,7772,bf397d141b26148f7e954bde5bc00eee802add113e72a1d989a63b0d2ba93a6e,1400f7eddf8587edd2722f9b5f044d3bcffddeb9faccd3112fd21d843a92703c,L4_safety_boundary_difference,10813,1000,0.09248127254231019,10.813,222
Alpaca-7B-train.jsonl,11523,b87d56bbc7750c4f099c599f601843305df053c83ae294b9015fb5f51ae44cbc,2778cae52230301e87a5aa0aaeb967244d3397240af4cdc84ce6c371e3bf9d90,L4_safety_boundary_difference,10813,1000,0.09248127254231019,10.813,223
Alpaca3-8B-train.jsonl,2037,9cc3fd50f6f65f286314bea4d7e8161b754435fc7ec816206d1f176f6d30ddd5,f5042b863d63aafc12b6b7a655c33d1e7bb1fef4e21cd65770e38ec57d840a7e,L4_safety_boundary_difference,10813,1000,0.09248127254231019,10.813,224
Alpaca2-7B-train.jsonl,24023,5d046525b51631b7e1484ec0ac0c564ca81f3ca6b8b1bab9f78b79b2e9251413,2383e0acc0a2dcd22285ff4eec266f26d98488d34abdd2791fb39c8ee1c89fc2,L4_safety_boundary_difference,10813,1000,0.09248127254231019,10.813,225
Alpaca2-7B-train.jsonl,18560,6fe88e95a594a46419ec4032610314ad126075b34baccd5212e7a8edceda3b3e,ee408c9c5b35f4c6e9ecca3a9eb0d06db7a4a282f1bd8bbf06a786a3ff84df8a,L4_safety_boundary_difference,10813,1000,0.09248127254231019,10.813,226
Alpaca-7B-train.jsonl,13717,93faa1b456cf52629d4422d5a6a85304e782c33fad04d168507a952f5fb8208b,015830e94507008e572066203e977428d249418b69ddd7b7f3b3508fa226b920,L4_safety_boundary_difference,10813,1000,0.09248127254231019,10.813,227
Alpaca-7B-train.jsonl,25708,60938e6163deb0ec35bd838da79825d29306575c2910a9f9767ea80cafaff0b8,46815cf924d2c47ee45dbc7b7c1a06b5abe227d36df985fdb2a2788e3c857b7e,L4_safety_boundary_difference,10813,1000,0.09248127254231019,10.813,228
Alpaca-7B-train.jsonl,3718,bc315a383c99362d64e2d7ba4501cf14261d45882db1f9759fb1266ae9875421,6642eff304a6dd8affa3b12aabf6328b84022b58a5b39439e87d3b5f2e785b71,L4_safety_boundary_difference,10813,1000,0.09248127254231019,10.813,229
Alpaca-7B-train.jsonl,3847,3b358f6b2c12715b17a4696507daca60ec4f47bffc8f0878f7c51eae98ddee9a,1b292d625cdf794151fad74af715bd081225583b1db638a2c212e536be416e45,L4_safety_boundary_difference,10813,1000,0.09248127254231019,10.813,230
Alpaca-7B-train.jsonl,2974,8fffe23e47d6cb654181ad52a2716c1705dcbcbb1857aa5a88986a44b61cc7a7,527ed1d47c20ec5a426bd0f64d633ecc86f250f4ad56ee37670e87f73f4d1842,L4_safety_boundary_difference,10813,1000,0.09248127254231019,10.813,231
Alpaca2-7B-train.jsonl,12653,4386a7927a58ce76c9b4b31ec9e9e6655f615b9cf7e07d53c5a3c4665b114f49,240857494ead4c8e6de843176be9dc68aad03d75f267631be01be8789697cfc0,L4_safety_boundary_difference,10813,1000,0.09248127254231019,10.813,232
Alpaca-7B-train.jsonl,13889,d3084d7549b13986677663d6aac22ba73388ba15ca10f965a55392605bf7d405,2ab5d6ed7df2ff0abd367d69ccebb7b8d4c6b00774ebf9a0db2638f471e6ce2f,L4_safety_boundary_difference,10813,1000,0.09248127254231019,10.813,233
Alpaca3-8B-train.jsonl,4575,5370971a2c43a00f6448de94a2ba96708c71776ad847f916c4de825a4bb4cd71,a722109bce7745e2e6c3137f519485291c68a5773952b1193c92d78f8801e557,L4_safety_boundary_difference,10813,1000,0.09248127254231019,10.813,234
Alpaca2-7B-train.jsonl,20975,10eb69de76be7d191c329176fa69fcdabb67ebd1d4a8f83790928a3fd14ca6fd,0392a359adc8eddd0446cf3a25a2e49eeb0982b5a2c541faa802c92abfe3c581,L4_safety_boundary_difference,10813,1000,0.09248127254231019,10.813,235
Alpaca-7B-train.jsonl,17769,d045fdb712bad10e1483c1efffc97621a016c1c06ce717f04a3998880a45132d,828c40ef9f884af62771916a0b842ad5726abbead8670658f5b2f80d169bd020,L4_safety_boundary_difference,10813,1000,0.09248127254231019,10.813,236
Alpaca-7B-train.jsonl,20374,20cd3aec2c87770b7f881875a6e10d9bd94b00f3066620a419039d4db0ab177d,f6b06cb852ba548386f0490c2236927985300be0ee9fadf2c9a15cb0db0fd5a7,L4_safety_boundary_difference,10813,1000,0.09248127254231019,10.813,237
Alpaca2-7B-train.jsonl,8609,f88943e9dc3f212b8f0dfbc9dd7fe191c64bdac8854da1cc975679de65098cc5,e281949624f270ba176e5cd87422ff9751f888247cc553a6553c40e564ac7250,L4_safety_boundary_difference,10813,1000,0.09248127254231019,10.813,238
Alpaca2-7B-train.jsonl,8994,f1f56fb31989b5d8c9b768f551948d25609884d3eef8813e2c9c2569a2cc96a5,faaefb75f362fcfac7225530530838fdad969ca8c9810c0263d93e875fc1da56,L4_safety_boundary_difference,10813,1000,0.09248127254231019,10.813,239
Alpaca3-8B-train.jsonl,1787,914e26fef2ccdf84c323b061ef7be859ccd911a8d5303090e8d130f806bf9ba5,5c65396ebf800574ca886ac62d9dc13416974573eda1af656a6a964d7fde9df6,L4_safety_boundary_difference,10813,1000,0.09248127254231019,10.813,240
Alpaca3-8B-train.jsonl,11107,e0c3dc4224f39ff2e4938bfcfb2ed6d6ecd135f9876c2495b0dd8e78360dae2d,3e23fc4eba4ffae1816ee2271526bc81c0437341deaf472a3df36b2c438db881,L4_safety_boundary_difference,10813,1000,0.09248127254231019,10.813,241
Alpaca3-8B-train.jsonl,20845,dc1a2586686bdc4fdcaa80135c263b87f2da15091380d8858237bf16b29b2de2,96447ea5c20e3ab6cce50abcc548caa0991b156da719ced6431150180eff053c,L4_safety_boundary_difference,10813,1000,0.09248127254231019,10.813,242
Alpaca-7B-train.jsonl,5636,8d039364ab66b71226985f848ef10e6ec8dbaab6e272cacf9698147fce214d7c,a3ee0e28d96d37da504a87a102d6dccbc0ea45cd71add853b64bc3d901e27b70,L4_safety_boundary_difference,10813,1000,0.09248127254231019,10.813,243
Alpaca2-7B-train.jsonl,11224,0e57bd8f3394161896ba03dd6653846c15a343bffc6a73d6a7e74c93f79ea252,b65374f39234e52b4d9c33ccfc09ad8d111b6ea8eb398dad8f8f2da5cb30cad5,L4_safety_boundary_difference,10813,1000,0.09248127254231019,10.813,244
Alpaca-7B-train.jsonl,3943,80f42c7dd32546d932bf37c7a1e90a04582992c0a272cbd021a6725d44f01fac,55f509d5ddbb135db9c7582f8b1e024bd21c2ecbd7f351e66446b30934afccd2,L4_safety_boundary_difference,10813,1000,0.09248127254231019,10.813,245
Alpaca2-7B-train.jsonl,1233,797260aa79f2c3117cac3cc29e3e915d52c294760410f344d1ff39a0f7b19936,ce6fbc2465c11d9b246c2fcfdc71e63ecef0ecf81185fae27b5837a81b8cb643,L4_safety_boundary_difference,10813,1000,0.09248127254231019,10.813,246
Alpaca2-7B-train.jsonl,12200,5145b6a2b4caff3e4cef6dde2f9ab9b6e51e89fa2b3eaec3aa5e48f4bc51cda4,a2347237779ae0affb893f0116ff1dc508398d858f432ca0ca5092d891174cb4,L4_safety_boundary_difference,10813,1000,0.09248127254231019,10.813,247
Alpaca-7B-train.jsonl,9207,9601efb092921bfb78d0490d68de09a732e408d99ca342d781c380767181de7b,adc39b2876061e476f68f9b9cbcb5ff0701a2080e30a8f2c7050aa81f60a5657,L4_safety_boundary_difference,10813,1000,0.09248127254231019,10.813,248
Alpaca3-8B-train.jsonl,20944,0896f5914aca2745302db655ec5f7742cfea2c1960161587257b72cb1c78b384,8b339fdade64493ee5722dc10c112c626f8175ec56150f292c392962d156e9ab,L4_safety_boundary_difference,10813,1000,0.09248127254231019,10.813,249
Alpaca3-8B-train.jsonl,19802,a021149ae8bddd3fdcd6b1341c3fe50951a2feddebf8d574d6088ca4e5053766,fa9748fc8d508cd284ad1d15721253253543a6c21ebd0faec0b6f418e119aadf,L4_safety_boundary_difference,10813,1000,0.09248127254231019,10.813,250
Alpaca-7B-train.jsonl,5436,acd705c4a949a3f6580c4ccd5c147ec2fefc7d1bf2841a94c3513a6cd5766be7,ba4958b69c4a5baa86fa6c8d5a2cd756fcd6086802a5ab4c444961a5c658d60e,L4_safety_boundary_difference,10813,1000,0.09248127254231019,10.813,251
Alpaca2-7B-train.jsonl,8247,354c87053cf5cc5ec05dae7101407cd9a1552853cd7ce411208672991a08927d,92e3e0993462571d66727e0bdceaba7cbf0604d3e29efd67a0cf5d75c5b5b757,L4_safety_boundary_difference,10813,1000,0.09248127254231019,10.813,252
Alpaca3-8B-train.jsonl,59,201e703c56d237f9e8520f3a89236f3015c4be47e4792efef3cbc6c90cde8477,0c4140573a3310fcc81010c002caba07b3ae8e0ac9b86b8e291d4021bdda1a73,L4_safety_boundary_difference,10813,1000,0.09248127254231019,10.813,253
Alpaca2-7B-train.jsonl,20785,2f8fc4f465899fca3bc429a6ebaea0f9ca57f46516ddbb18fdfcb092c053b731,ee941098850212b78231386a1d397517944f799d30f30089a1cd484e05947e17,L4_safety_boundary_difference,10813,1000,0.09248127254231019,10.813,254
Alpaca-7B-train.jsonl,18255,a460d3ffaa1d7efa7e24210abe9a412b729fa0758fafefea43c82209f01e012b,3a4d87c87e99e376306548f70d4971d89916018d4609d86b8cd9b431fbdf85b7,L4_safety_boundary_difference,10813,1000,0.09248127254231019,10.813,255
Alpaca2-7B-train.jsonl,13522,b2f0db0377031ae49d02b98638c2e6334452a1d233bb935f7d41252dc5e7077e,a11dac8362f0d8a827db31b1f92aabcdc4539490200ce6058aab4e9e92391299,L4_safety_boundary_difference,10813,1000,0.09248127254231019,10.813,256
Alpaca2-7B-train.jsonl,9993,9a9868ece3b4a9503f7b3eab73cfc308e3aee272c1c790caeb9b0341a4cadf51,c2647e052ce10c460234e3081192859992c9361f4662e1786aa3b2c262d29bb8,L4_safety_boundary_difference,10813,1000,0.09248127254231019,10.813,257
Alpaca3-8B-train.jsonl,16554,6e4f3d88e0f3c01bda3b6fd0d214f0b850bc9af6f599e09c6bc90d65a5f934b9,a31256441ff84cf131bc575a71fd8c8f394143eac1151355fb754c1ead82c59e,L4_safety_boundary_difference,10813,1000,0.09248127254231019,10.813,258
Alpaca2-7B-train.jsonl,24741,04292f93b34e15c7287f53d40b4f9a36483a7cc0d0038d5563a8ddb30105f946,9b7e8675cc0245e9f7382e63fd2a624a463c3bd3c26cbbc725bc78325ae6b0e4,L4_safety_boundary_difference,10813,1000,0.09248127254231019,10.813,259
Alpaca3-8B-train.jsonl,2960,a42d75dbf0e1756870d4e58a8c0a9cc7e8c3d888f2a32cd9f5f6e1c08d3be23e,79a268c7f85b53819f2803f4c659cced8f065d18b697ae1071e8288ec4d65a69,L4_safety_boundary_difference,10813,1000,0.09248127254231019,10.813,260
Alpaca-7B-train.jsonl,12084,6725a169b4f24d1a479a443c4fae2f43a6abd2ec0834c1b7d5bb124fde9d245a,c32a30a6b8b4c9f9703e23e396db5eaa02aa9b81cceee5474aac259dda003998,L4_safety_boundary_difference,10813,1000,0.09248127254231019,10.813,261
Alpaca2-7B-train.jsonl,21700,f592088811d560b92c4fbe9ee1c8331a7e7e2e7a1eb832d44a17abf84c459a3f,08dc8f8ef6a0de28a96b1d10eae2e018ac6234ae982d090c1f9f270a4647e76f,L4_safety_boundary_difference,10813,1000,0.09248127254231019,10.813,262
Alpaca3-8B-train.jsonl,10358,9ee837c7c17e28ac0ffbc1fa8ae7802bcc6682db14af9c46df6b39b437ac02f1,474676eef4985d0f77b736718388c5f61fe7ba48e2bedbd28cc5f819649c9327,L4_safety_boundary_difference,10813,1000,0.09248127254231019,10.813,263
Alpaca2-7B-train.jsonl,21342,e540da24794f09c6ed19f0a858f4ee92676135d96c02569175b22b229e853d8b,3796ad4f21230297c46f344bb0a3efaa855659a7aea431514412d41924e1f33b,L4_safety_boundary_difference,10813,1000,0.09248127254231019,10.813,264
Alpaca-7B-train.jsonl,21234,9f730dd2c48748fe8fbe62ea76e8eaf21de479d5e083b6d08634ac5fb682f4d3,4bda520715bbda8199ae83b50ea712bd5ab08e4b03479e532e33d72d21d52e17,L4_safety_boundary_difference,10813,1000,0.09248127254231019,10.813,265
Alpaca2-7B-train.jsonl,18881,7ea89c9e77905f2497558533777daed8e6540ee3826600a1254f7569e4d68bd4,8b2c90996c1284dcaea925c115db42e5762bbc25210e98ce1e221dfb4f46c7bc,L4_safety_boundary_difference,10813,1000,0.09248127254231019,10.813,266
Alpaca-7B-train.jsonl,22059,37e2233218f195f6dd7ed74d846f13e604d3bc88047a6015cbe063626cc336d9,7b0bfbdf97765ccc940273e414243df798845834b77d9d89609ea72bd850aa7f,L4_safety_boundary_difference,10813,1000,0.09248127254231019,10.813,267
Alpaca-7B-train.jsonl,21958,547d77f8a95d4da8ec4262398d285761d73756a571f6404b84cc1199ea0ecca2,adb08b15bbc0fa485955cdd610a2793fdf06d5abd2febe5f4ffd4a3399512f8b,L4_safety_boundary_difference,10813,1000,0.09248127254231019,10.813,268
Alpaca-7B-train.jsonl,24953,3064c64f6f4b54007e8dec017f05ca1848c7998284a1dcc11a4377f86bf5c615,c2c05dd79089757b9469b812173fe47e254e3bda370879b4ec30bc8c020fbee0,L4_safety_boundary_difference,10813,1000,0.09248127254231019,10.813,269
Alpaca3-8B-train.jsonl,20160,3f195e6c33c7c14e25f8186cf3897f493a6296410b680f009225b1bace9ea095,4747e6df0198c43f43b1344368b1aad197d4c1252252b20884f44b40535921ac,L4_safety_boundary_difference,10813,1000,0.09248127254231019,10.813,270
Alpaca3-8B-train.jsonl,16301,bcb743e9e20533d85e39cedff4ebd5d6d3903f4e224c93b66a45222891c7fc43,79cd85197b9ceec4694a912ea2dc7a18062ce36550708b99daef32b569ea70e9,L4_safety_boundary_difference,10813,1000,0.09248127254231019,10.813,271
Alpaca2-7B-train.jsonl,8309,6c8ba6c0a0b7dc30d1215fc01d2aaa1687c5bf01a2eda7ebd517163cd3bc391a,ffa5591b8588b724c633baf6732797c6445c487d5589a085c14711832c39c0b6,L4_safety_boundary_difference,10813,1000,0.09248127254231019,10.813,272
Alpaca-7B-train.jsonl,7558,3d632ce4c735ac14660c801c379d140a5751bc1f0da58e814e49b0fb3f15141c,7fd6ba7b67ab683805603a6c7c3e3f9dacc1bb16a0d891d9ebdfe0941509216d,L4_safety_boundary_difference,10813,1000,0.09248127254231019,10.813,273
Alpaca2-7B-train.jsonl,5977,6537ba1ff88fa3005d1260e3c1e0e9cf9f1376e0f3ad10139e0e48551b32b4ca,79f7a4b2dcffad1abd924f5d320fd1726d19920748e9da724e3533857f9f123b,L4_safety_boundary_difference,10813,1000,0.09248127254231019,10.813,274
Alpaca2-7B-train.jsonl,23180,dddc0a4fc101a9e1433a939d535535f172c15347089acb03c00e4a4c0de9077e,c0dce8816262f10b25b133df375ea8ffa281048d4a5f9e804ff7820f7a3f8ab4,L4_safety_boundary_difference,10813,1000,0.09248127254231019,10.813,275
Alpaca2-7B-train.jsonl,18078,b4c842e8d07d59c44171703c3a26ffb7957b1c724b69fe692efc90172441689d,18642696349527663bbf54f0084b01d4728da49756c0ff1a2d567b0f0396ff72,L4_safety_boundary_difference,10813,1000,0.09248127254231019,10.813,276
Alpaca-7B-train.jsonl,6571,10befdd20ac0076c744b1403a091aa551bb7fe22d0baba6ccdc7e05351a84e81,df362c99828aabe0df5bff51306353a592f859b4fcb59a12cfdeac82e683dccf,L4_safety_boundary_difference,10813,1000,0.09248127254231019,10.813,277
Alpaca2-7B-train.jsonl,11309,4b4bbc2ec018a66f8b221961893c4922b6f05907b7f69f6d5d9736e266f8d8f2,5dd1476157e5b4a9c05f7cbe777d1d903524d720bbf3ec236a432f6a297f672d,L4_safety_boundary_difference,10813,1000,0.09248127254231019,10.813,278
Alpaca3-8B-train.jsonl,15251,a753fe8a687694cf105889ad32292badc2aaadaa0a4266005f072e2baa69abe4,9366867a1a449b7cbc3ee2eb78f04295ea15526df9515d246f52d13042483dc0,L4_safety_boundary_difference,10813,1000,0.09248127254231019,10.813,279
Alpaca2-7B-train.jsonl,4273,4149cb5d5bef7c31daff83f5dbef8a3c6b2b0352cae020e86506b896f6955584,cad343dcd2dcc14c303f478182073cc95a8cb152b29568a164fa78a9921d746a,L4_safety_boundary_difference,10813,1000,0.09248127254231019,10.813,280
Alpaca-7B-train.jsonl,731,85ac79b75c5728d1217b231f5f9e30cc9d57cccc02d20f8bdc2eb688a3c3df5a,ddf0fa1a834159371613504884670240aa6d65ba303cefac7553b5c57a1d5cd8,L4_safety_boundary_difference,10813,1000,0.09248127254231019,10.813,281
Alpaca-7B-train.jsonl,10459,1d83433fb43237d91fd95f799a84dfacd1f2b5d971cb132192bcccbb99ebb963,be21ea587c2a285a4cda8e4754dadd9d943748c6aaf8b33ee9f89b060a893f88,L4_safety_boundary_difference,10813,1000,0.09248127254231019,10.813,282
Alpaca2-7B-train.jsonl,7101,2a515786c751dc88cfe314fe37f141052d473fb32f5e67589f67dbeb458c2291,ce79f7cfb4a2d4a0ecb83adbe505b754f025640fb7c034a98b8f8ced402c9ebc,L4_safety_boundary_difference,10813,1000,0.09248127254231019,10.813,283
Alpaca3-8B-train.jsonl,4743,748235f57b29915d45e8ed2e4a7305876f5e7b1f8a5352efe4fa7f8f895adfbe,94a7bebdeb883a65df2731906c580223cd12cc17faaa0ce747b43a3f44ce2bc4,L4_safety_boundary_difference,10813,1000,0.09248127254231019,10.813,284
Alpaca2-7B-train.jsonl,25442,0c45cc535bcf8afddc778d6ca092544108b9510e988f8b50dd41a4772d6a1872,5cc3bd3db0361c56f6f7cb0351b311add66b71f278d7f8ea1da719333ca71b44,L4_safety_boundary_difference,10813,1000,0.09248127254231019,10.813,285
Alpaca2-7B-train.jsonl,16338,e1c1b02049e2a6bf49fe20bb7aced7bf44922b1f8a25c7b1be71a2fe1c95dd77,0a15d73497588268b2bc23ea619493a4f92dccc34f50d99a6cd6abcef6f08b6f,L4_safety_boundary_difference,10813,1000,0.09248127254231019,10.813,286
Alpaca3-8B-train.jsonl,1586,9e6beb1136c6b9a3c2834fce2bd4ff0e400c61c077112c6ab3ae4fdf75d2b330,dcb0f5db536e38d1a4ea8eb0c7f100083bd8f9d5435bb062855366bd3bba9a68,L4_safety_boundary_difference,10813,1000,0.09248127254231019,10.813,287
Alpaca2-7B-train.jsonl,7049,b3f8dc7e891c14456a8b6ec6f4cbd6d7aed6aaf3dd1ec4e7dccd7b6018ff6f16,389be36b3fb947c25e5f328f1ce09beff94731076027961ab977bb8027c299cc,L4_safety_boundary_difference,10813,1000,0.09248127254231019,10.813,288
Alpaca3-8B-train.jsonl,20747,f1a21bc7ea6b7ab62327b38becd58f68deabb29cb3b4fbce9479b051eab602c9,b90101aa5b8ad2c923922cb4fc3d353136879846b576ab2bae23fb906d4a4250,L4_safety_boundary_difference,10813,1000,0.09248127254231019,10.813,289
Alpaca2-7B-train.jsonl,11292,8365ec184090705e05c4b06d3f29693a1351d9e1fc329ad86b97122263aaa2b2,8986024f66384c48c7f489f10121b2a73f3aaa604c2641aba42804997a6179d3,L4_safety_boundary_difference,10813,1000,0.09248127254231019,10.813,290
Alpaca-7B-train.jsonl,24698,149a98df5bdeb35783f3ee2875a06a14193ce3f19f4a0f76f7a426aeedc4fbfd,3d31db38be071030b80d4d37722e1dea254d244e2a2166f075aa8849e87479dd,L4_safety_boundary_difference,10813,1000,0.09248127254231019,10.813,291
Alpaca3-8B-train.jsonl,16495,efd126e439ad08c488559ab1da547870077349764ad6d193334d55a7a1cbad61,8787fe9b0d0fb2cb5a863e791bccf35e9e64d30756433e62c10bfb1ab1f1beaa,L4_safety_boundary_difference,10813,1000,0.09248127254231019,10.813,292
Alpaca-7B-train.jsonl,19510,d7354db17b548d3bf05c424c355242a05e59ff2fc4e37ad62814ae85727103df,5d64f3011f26d2f743d286a4fea56daf6e8141f35e0650b365af3d5aa347b844,L4_safety_boundary_difference,10813,1000,0.09248127254231019,10.813,293
Alpaca-7B-train.jsonl,20728,66abeacd51af6edc4cf5c4ecc3e39527638a31e79216cca78c4259a17ef66f32,f2f4103d90e0cbee4ffbfd31f83d722d87dbda9c57b3c322512d294b67decbc9,L4_safety_boundary_difference,10813,1000,0.09248127254231019,10.813,294
Alpaca3-8B-train.jsonl,13660,40c20b2d1b7eaa080b968f5de5ea5c98a44a2622a8908385a21b6528a8b30038,14c517f53daf5a2494d76a0aa5ff10f6a9d67461b3e9d5502a73f1049639af86,L4_safety_boundary_difference,10813,1000,0.09248127254231019,10.813,295
Alpaca3-8B-train.jsonl,10436,3c65d79c145d20a023660de73c5197956ec5c3cda099796cce2bcd9e69a67b3d,f415719e1b7bb28e62756935986014272b5ad9de9f93a9a65b6d74a9d620563e,L4_safety_boundary_difference,10813,1000,0.09248127254231019,10.813,296
Alpaca-7B-train.jsonl,18538,b727ad5b38f27f66661aed19f02825f836c8f888e5cb7147b6fe3bcaede1a7a5,c3aa3c3a2cd36c6ee1e094b4ca57c0b70787907f7fc2afa5a6942306b1bdda45,L4_safety_boundary_difference,10813,1000,0.09248127254231019,10.813,297
Alpaca2-7B-train.jsonl,14209,6b84cfb39403415fc0a51160f90335916928c8bee10c227130c006ef4d5b8912,9f771b9602e6aaf691adb8cdb24972e519cc62326d0cecd515a6d420601af09a,L4_safety_boundary_difference,10813,1000,0.09248127254231019,10.813,298
Alpaca-7B-train.jsonl,11002,e423ce09367bfb103be4f355d8cba7554761446088dcbb49d6299bd277fa3983,21074fdb9f9e6c6aca6fa60ca142a0a399b183ba93504243310e540989e7ee72,L4_safety_boundary_difference,10813,1000,0.09248127254231019,10.813,299
Alpaca3-8B-train.jsonl,2450,663790acd86cb9de6528074562646ea60a1c09621ebdc025fe54171227ff7572,b571a33b7128a51a4917ed27a356487f36901d8d395bca5c129431aa056eedc9,L4_safety_boundary_difference,10813,1000,0.09248127254231019,10.813,300
Alpaca2-7B-train.jsonl,12926,490c470ff3e5cc03cf755a4e8ab9f3345760df0c3450bf38fb95b409a9155967,c55871ce2499be0c08998b599ca9bac13c50a699fbbd3e335b1334c3cca69f8e,L4_safety_boundary_difference,10813,1000,0.09248127254231019,10.813,301
Alpaca3-8B-train.jsonl,18896,0a385860522120e7b249816c2dfea15e57fd26acf72f7cc69dfcb09be2a9be21,94edb700be072190067d6221d6b89089d417435089095e0ec60ab20c0568d268,L4_safety_boundary_difference,10813,1000,0.09248127254231019,10.813,302
Alpaca3-8B-train.jsonl,13680,13889790b648c52375dce966000ad08693b4d637e56e56997b2a55a88646b632,ed37b8b9bbeea65c938f5be9458c8fda7a89c261e039eaa72491b8f7cceecf9c,L4_safety_boundary_difference,10813,1000,0.09248127254231019,10.813,303
Alpaca2-7B-train.jsonl,15351,cec650abdc814b1f1311710ffa00f6422551ff76663540efca70a0c2fb0dadd7,d9e2afe2eb582ef1842a335f0689d491b0459e2b2edbd21a78208f7e7d3c57f6,L4_safety_boundary_difference,10813,1000,0.09248127254231019,10.813,304
Alpaca2-7B-train.jsonl,14503,cceab0b12285a60eb319d7df498e40e5578ae8abe712ffae5d644494b9b6f766,c4c5c1a5f124e1561497936beb6c5c3c26922a2370af62c779d4c9e70acd9d1a,L4_safety_boundary_difference,10813,1000,0.09248127254231019,10.813,305
Alpaca-7B-train.jsonl,5736,ff5cc7f001b9c2ec72a7bae20f8a1db1ee66e6e6a3678a543226f337de0c6e05,399a4de25b44eeb1941556a8c391900347185a7cb263f39894af8f8ba79998a5,L4_safety_boundary_difference,10813,1000,0.09248127254231019,10.813,306
Alpaca3-8B-train.jsonl,17591,1c844f7f663078df7bad93b47681205400432f93bffb954879f718e082b346c6,1f999cc20ead3267838e1735c7e935835b67aa1d72e2ba9eafdf31d101034474,L4_safety_boundary_difference,10813,1000,0.09248127254231019,10.813,307
Alpaca-7B-train.jsonl,10575,d5496a56688728d8cbc9e5f9f2f852c077d61daaf2c80cd69782bce3c203ba70,1ee214e4399b7ffe6d1dc5bc6c95f7e6dbe248e9c159a44c085aa9ffa8f6064f,L4_safety_boundary_difference,10813,1000,0.09248127254231019,10.813,308
Alpaca2-7B-train.jsonl,14013,a5d6b44b769e740baf67c96a24a94aa6618ea10be3e551ce1fe59deae2422ebc,7952c91cce2443ded6bb7bd24f3261bb64864e1d92baba56d4a464631bfb2e5a,L4_safety_boundary_difference,10813,1000,0.09248127254231019,10.813,309
Alpaca-7B-train.jsonl,2288,33b255f1211cb78062fa336a21cbf8a3b01af0ea77bed1869def8443e31c61e9,aad1e608be31621aadfb1df8b7ee279a2c6e25f44605bf14c298cc85c73e8856,L4_safety_boundary_difference,10813,1000,0.09248127254231019,10.813,310
Alpaca2-7B-train.jsonl,25127,bfda18b3f91e8f00f652b3b927f8eea6e4ede129d1ca3a967b888d1c006bf4a1,9796a41df56b5e358a1176dc05150cd319ef4fd86d9414c37c58c59327ef41a5,L4_safety_boundary_difference,10813,1000,0.09248127254231019,10.813,311
Alpaca3-8B-train.jsonl,8880,9dac42020e210bd1e0e028d4026b1c5ce68b88d891294807d3d5c8f18c9930e6,834e86df7a1d324b03bcbd61585dce7fbac8ec747166dbd760baf8c5d729817d,L4_safety_boundary_difference,10813,1000,0.09248127254231019,10.813,312
Alpaca2-7B-train.jsonl,6226,78220749ce245e463e983b641470d58ff307c7bd2e2d5c4a8429aa21da33af1d,27c8ab114323f911ebfb2e7de68e849987d1e4ca40c13c517f44289da17ebd2b,L4_safety_boundary_difference,10813,1000,0.09248127254231019,10.813,313
Alpaca-7B-train.jsonl,6165,d5b4503c28d6fda090a1770e8134dd392933cdc1a8b5c6a195cc46e254b152f6,01983be65d8bacbf48cc3b02e23e1ad65ac492164eec57083584df685226523f,L4_safety_boundary_difference,10813,1000,0.09248127254231019,10.813,314
Alpaca-7B-train.jsonl,21699,b2ff2cbf7e547d772e1fbcaf3c3f27a420e817fcb2723276112aa254e3b5be1f,5fd5aaabce1ad77da06ddf89a759a93b71bfb57d7b60b4c1e55c3436a521fab9,L4_safety_boundary_difference,10813,1000,0.09248127254231019,10.813,315
Alpaca-7B-train.jsonl,24504,651ed20cb5fa675c8ca195c3434710cdf64ded8f94d5ae0ea8b3d514c9357a40,a68cc0910e0e9c6fd1f4059adc58d76a491fafd625f1dc511e6208cf67adbd62,L4_safety_boundary_difference,10813,1000,0.09248127254231019,10.813,316
Alpaca2-7B-train.jsonl,21246,688c9577d8414f855dd60613051ca476c41eb83c7b4928e615edf0597a396762,1ace6c5dd4217568261b778e0a1bb437724a0e7dc0a584529d506c6006530cb5,L4_safety_boundary_difference,10813,1000,0.09248127254231019,10.813,317
Alpaca3-8B-train.jsonl,15244,94c02fc202e161f359ebc90353a1d67ae55cf5e725dc097a3a3c7c7d60ad4fc9,d02654e11c4d5654936a73736c087c4035a7e50aea5d3b00d7ad6220c059ab15,L4_safety_boundary_difference,10813,1000,0.09248127254231019,10.813,318
Alpaca2-7B-train.jsonl,23715,1ace4d49bbf2d6aa6e06b656cef438fc27fade72784bd1d33967b3b2fb88b3b7,a6e0ae07e02afbee8b9a1ef09f2c4cfcf2bce6af19b0e5b19d33c1983b25125f,L4_safety_boundary_difference,10813,1000,0.09248127254231019,10.813,319
Alpaca3-8B-train.jsonl,6863,1e7780b4166ca49b31ad963dd7368e88d809d27817fa171c5b67a621fc2b598e,1b855a58b57d536c65702c3113c9c7c2091af016c950268e7aa8892757ab1b63,L4_safety_boundary_difference,10813,1000,0.09248127254231019,10.813,320
Alpaca-7B-train.jsonl,9811,a331b7e42474b78de7d603c6f37e1e5b4eeb78b57a76cd475f182679f72fa328,f04e47e609943085dbe61585a1a9fee42df056429c01e3d3b2f514ec4fe41ea2,L4_safety_boundary_difference,10813,1000,0.09248127254231019,10.813,321
Alpaca2-7B-train.jsonl,621,78bbc22b0cc37c6b88bffd762e9e42a23b0e5ebd22447f64d4da934c68fa2a35,18fcc22d3eecba55ab33f172fe823126f6f4f3ea86c9669cb933668786eac7a0,L4_safety_boundary_difference,10813,1000,0.09248127254231019,10.813,322
Alpaca2-7B-train.jsonl,1407,984e4b94cd57d3c26e59a51d75640208bb4fdd9654b33251d0f1c0d353dd600f,8f5a9f5de579ead2f39c846e57503c47104694ad5bd710893d469fc8a81701e6,L4_safety_boundary_difference,10813,1000,0.09248127254231019,10.813,323
Alpaca3-8B-train.jsonl,9314,bcfc145faff53d7f89d20da13e97a4cd48e9edb1ece51406926ab09688c508fb,4bfbb713f103efe069281518bddd212d5e458b19478528d51d1c901bfe24cb0f,L4_safety_boundary_difference,10813,1000,0.09248127254231019,10.813,324
Alpaca-7B-train.jsonl,22341,83b8afc6ceaacf67c745373eb6eabdcbcbf28bdbfb611181a80330cb741974a8,0eff78021a7c11b8d3972855882085e139547f08d62c59cf8afde52603a3ab06,L4_safety_boundary_difference,10813,1000,0.09248127254231019,10.813,325
Alpaca-7B-train.jsonl,1932,f87b5080eec899c5da66f7269b8bd538608b601b1dc4c793ffe4dabf35e7a5dd,e7377ccdd0305357f1864f5eb5e508fac197590e6ed9116a99cf1ed3091bcda8,L4_safety_boundary_difference,10813,1000,0.09248127254231019,10.813,326
Alpaca-7B-train.jsonl,15938,2a782f3487e510030798c1d1530f3948dc3d5f2670cd17d6ded4a915d66ce43d,22057b705a04e29d123495ba0e2ae489895c9d4f8af10e81dc9793b96279fee0,L4_safety_boundary_difference,10813,1000,0.09248127254231019,10.813,327
Alpaca3-8B-train.jsonl,2865,fa95ac899c002c95a31343991be32ff9789dcc270ac1da1f735f4c44a00b8b8a,60520ee2cc242e590de767132f82e7efa8095ec434dd588a367fe01076571450,L4_safety_boundary_difference,10813,1000,0.09248127254231019,10.813,328
Alpaca2-7B-train.jsonl,14626,b0c8784b48b9d99214e8a9135d5ce9c37843690d6f78967fc88308949f35f5b4,144fa43ac91de52b3d105ee6f30311ae0f7a47a837fd5e6554fdbec0fea0601f,L4_safety_boundary_difference,10813,1000,0.09248127254231019,10.813,329
Alpaca-7B-train.jsonl,13156,9a022c80fb6adec68885cadd379495b293fd0793d01efb597488455b2fd9cf40,2200809c453138f0627aa70131aa6a0ca8fcf3b1b8073813c48a4e6b00f08e7a,L4_safety_boundary_difference,10813,1000,0.09248127254231019,10.813,330
Alpaca-7B-train.jsonl,7995,d92374eb1af8fc5f2618efcdedd3c7520f50225ff6e6ab5dd4502f6202a11b02,5afdf5cae5ee8dd961f5115e63f5c7163f69bd52447e7bca6b11016cc862505d,L4_safety_boundary_difference,10813,1000,0.09248127254231019,10.813,331
Alpaca-7B-train.jsonl,18690,dfc7c5c49193786fefc0612c722ab4326f4576866c3c56f003b15f9a7058da56,108dca3eb04626b2c4df3889fa1db56fc22e3212138cffd96263096a61ae8d7a,L4_safety_boundary_difference,10813,1000,0.09248127254231019,10.813,332
Alpaca2-7B-train.jsonl,2435,6bada6c4f817732bf26139dcafecfd4282698d5980ad847cb82e0e2e12cf8768,5f4143f71b2b61098616ffcf1423cb8b487e737697ad8e363b2fa54d2f6bd71c,L4_safety_boundary_difference,10813,1000,0.09248127254231019,10.813,333
Alpaca3-8B-train.jsonl,985,f8f0356cf4f00cc040559ee260ae715057b0f8186b3e21d4a60531cd1dc869d6,82f0e130442bdb9384b58e4643f1a5efbe3f964800ff3b78b7c37fd543686210,L4_safety_boundary_difference,10813,1000,0.09248127254231019,10.813,334
Alpaca3-8B-train.jsonl,19303,232333e32e28743689f32ce16c746cc789186c0f2d35f807b49fdb646e896c43,9451054f4f1d4c76526360c6ff498cf0d3c0cb13f058e068c289070322d13b38,L4_safety_boundary_difference,10813,1000,0.09248127254231019,10.813,335
Alpaca2-7B-train.jsonl,3864,0d32501c9f477b2a3214ca77dbb2aeb29bf915d9e8d76827392978358a738764,d085195a18857f41fcaa24b7dc285336736d7c004216231bbed52bf21824e40b,L4_safety_boundary_difference,10813,1000,0.09248127254231019,10.813,336
Alpaca2-7B-train.jsonl,22810,95d1eaa42b527091c42ef8f4f6e44da52d1acff2b1f9a82c591c22199957489d,284d04c386b72f078c0a5c7f945c9412f5d316b725b2de124dc43d76110b48f3,L4_safety_boundary_difference,10813,1000,0.09248127254231019,10.813,337
Alpaca2-7B-train.jsonl,24039,cc3d64e9fd5210ba0bd7c9370eb638683ee113e3c5ab3bf4f892df31f797fbf6,153c2ce7b3e81db9ef1e02d3b295c5a29452c7e035ad4045ac0c0b0e070bcc2a,L4_safety_boundary_difference,10813,1000,0.09248127254231019,10.813,338
Alpaca2-7B-train.jsonl,1559,4173ee3efcaadf8cbf7384e4958c403373c125aed2f01686566181ecf344a731,9b43aa6f926e88b19120a91c35e70bec2019f175b6df80ffcf93bccb612b40fa,L4_safety_boundary_difference,10813,1000,0.09248127254231019,10.813,339
Alpaca2-7B-train.jsonl,4247,5b4289aee233a2b41ab5bcc496954d8fd21e72c1ebd6f66f47b7e850f1f997fe,1e622a4a1a60378d22839f7bc6f511caa7ae7d98e6274017fac1770302db88e4,L4_safety_boundary_difference,10813,1000,0.09248127254231019,10.813,340
Alpaca2-7B-train.jsonl,11874,e70c7e8c2dccad1717c9a2f23fec6ebc84c0f8eb2d39c51d6825197e013d1403,1b635fd032cb139cb26225da81b0c48fc79f23308a1329ed3e1789f647d9e1ce,L4_safety_boundary_difference,10813,1000,0.09248127254231019,10.813,341
Alpaca3-8B-train.jsonl,10994,131abb8a46115c33deedc98f7df491dda841f703e85b5fc6893d0fee8d413958,696027a90b794a39254f08132e820bb9c4bd97e7e9209faad0714b3d77a1de93,L4_safety_boundary_difference,10813,1000,0.09248127254231019,10.813,342
Alpaca-7B-train.jsonl,10940,6efbfffe168f2df3bead3ee33c3b1444961ae4d99c37cb889dfba2b866f8fc77,2ed630489f0df0003a295b6ada964225fa30afdb5cd071f92f77645e4dcd60b1,L4_safety_boundary_difference,10813,1000,0.09248127254231019,10.813,343
Alpaca3-8B-train.jsonl,2942,60b683468dfbb67f1c2cc0f5d6f029beacd19d84761a55e2ef3e42f506f50692,9ee2b5974849ab0e3a1e8539dc4250f47458f3de0d6b06d13dcdaffbf36030d3,L4_safety_boundary_difference,10813,1000,0.09248127254231019,10.813,344
Alpaca-7B-train.jsonl,16295,d35c479d050dd604be3657adccb5e3d335a2bcf8101adb1fa6aabad612284f82,35b8ec598f7f821597df916d3ff3e5dfc374abdfffa58994f15facd6e713e483,L4_safety_boundary_difference,10813,1000,0.09248127254231019,10.813,345
Alpaca-7B-train.jsonl,21860,5a07e28d146c1ea8c2f3637d8a0486fa9547e22b70b5241189aa2184b0f35d9d,1d9451ead8b3c7e344d6e329fc7b5335b45109dcb745da6de592eeb5b8a6b614,L4_safety_boundary_difference,10813,1000,0.09248127254231019,10.813,346
Alpaca2-7B-train.jsonl,14896,a670364b5e1de75b6e9d5fb889397c4b4885fa802cf76d4a0a2baeba773d2444,b36ce19138062b5a25cef0a120e51053d78eb76308c13b9a0ecef0c74d8bd2b9,L4_safety_boundary_difference,10813,1000,0.09248127254231019,10.813,347
Alpaca2-7B-train.jsonl,20062,544a99a3fc16ea972930d1bb94b2cb9517a4889503081b0a2b7f213a21e15fcb,6b7dd34c99bd2d1ace4244a29c7c436dcc8efd67a12f1377be707039aa0db02b,L4_safety_boundary_difference,10813,1000,0.09248127254231019,10.813,348
Alpaca-7B-train.jsonl,2735,44036f7dff61a018690e04dc774ef122335b7a85262a85ca1623dafc8558b7ba,56c55c6cc403a6b4006a90e004f8e7a6f15559ab5c12db5a11ea8f189a18a667,L4_safety_boundary_difference,10813,1000,0.09248127254231019,10.813,349
Alpaca2-7B-train.jsonl,892,f2ef5909a8171b5c83539c1f1ecd02ade295dd7ef9c9aa5d01dfe21444189525,c533d09e09b3291ce73b173e9de6ecb2b7e8c8a912c54eeda6b2b816277b30e4,L4_safety_boundary_difference,10813,1000,0.09248127254231019,10.813,350
Alpaca2-7B-train.jsonl,21153,41b65e6ec35119ccbc704b6e369c844c9205e432ee51e29bae26d89f40e4e10b,ff96dead01b1dea4768ea2440a059f58a75f44cdc786767db59367249218d395,L4_safety_boundary_difference,10813,1000,0.09248127254231019,10.813,351
Alpaca-7B-train.jsonl,285,fa8873ee3434c866291504b47df0cf1c6a7db0315bffed6d287ea6a02cd61c74,08e1bcfe68fa5d44982edcf16859674eaf4eb2c187e1f37bae60aff96b25c325,L4_safety_boundary_difference,10813,1000,0.09248127254231019,10.813,352
Alpaca2-7B-train.jsonl,9843,3bfe2e72621e2dc468bcd2aa83bbac22bc835b40c8880352309b6728642211b8,0aa2c64c72de110418cb4fa5d4a6e1387acff2aad85d9d1e2672821566b049d6,L4_safety_boundary_difference,10813,1000,0.09248127254231019,10.813,353
Alpaca3-8B-train.jsonl,14006,eca840953bbe2e6a30f705a215bcb86bdd021deb3c501d7b615ae9d2f901eb71,d194be70e3554c6224e9f09d5df5e6810e0606c4acc233d876595f5d36b2fd90,L4_safety_boundary_difference,10813,1000,0.09248127254231019,10.813,354
Alpaca3-8B-train.jsonl,6925,40759dc74538137dd91c9c9d03d22293bf45ce6c9dc2e73cd5d69a2d14ad4625,a2b3ebeb907d0cf3b6b9ec24cab6d6449f84d84b75fdc14dcd0b25d46e9f9ffb,L4_safety_boundary_difference,10813,1000,0.09248127254231019,10.813,355
Alpaca2-7B-train.jsonl,20734,1ab532aa9838522b60147736c4c26300e5537f2a96f55e9d55139912b572ec07,12e5a59b9182cd63d60388b22d46331d98de1b38c07958315a7d2101d17dcf40,L4_safety_boundary_difference,10813,1000,0.09248127254231019,10.813,356
Alpaca3-8B-train.jsonl,6262,cd9b3ea0ef0f28f3c1eeac6e7676b185fd3869c6f46601f8c8604ed8b1ad5aee,e634b8bcac3599547e043dba6d90988a3672757186b8e7b9de40ba2a64c35f00,L4_safety_boundary_difference,10813,1000,0.09248127254231019,10.813,357
Alpaca-7B-train.jsonl,7562,9dcf4edfd5066f8bb05a12a22aa138fd112d602b13fcd56975ef9a4f4b3b2bf2,0af8994967ff8b759c0d255b29543db8badc9b28f686aefc24154cc58c3c519b,L4_safety_boundary_difference,10813,1000,0.09248127254231019,10.813,358
Alpaca-7B-train.jsonl,25978,a281e584008a6bb3eb4f608fe16f6da1046e8b27d63e9b91647621fa06ba58a2,b74fd3fce38ef10c327cdc4f37fb7e1c058ecffda5e2ee67b904c6f864d87e0b,L4_safety_boundary_difference,10813,1000,0.09248127254231019,10.813,359
Alpaca3-8B-train.jsonl,19261,daba78b76e3806b80256905ea3497f32879e823ce8ff838760aa55de4a4cb0ec,0820b508862ae75f10894fd85f8b22d98444f4fffafc7de6314aaabea4064312,L4_safety_boundary_difference,10813,1000,0.09248127254231019,10.813,360
Alpaca2-7B-train.jsonl,22044,cc8b8849b394c9bdcab131670186f1a7f016c3d9bd27aac3f3170d6fe76f7ebd,ddcf435f25a7abebe72c351af4152bb73d0375a522ea9028cbe0c9dd5debcfe0,L4_safety_boundary_difference,10813,1000,0.09248127254231019,10.813,361
Alpaca3-8B-train.jsonl,14664,545b38f6f445b21522b960d91fda3f427e51ac3e6486873e09d79049516c299b,40ddcc6dac656dee782f7266ea2d4f83f5e72fb0df16489bc39be1b47b747c12,L4_safety_boundary_difference,10813,1000,0.09248127254231019,10.813,362
Alpaca3-8B-train.jsonl,809,1b90d0af55bebb4daf58f5b4720922204009987a976566aee76680eb7a9f28d6,c0058e6eff88507f06017cf94fa32cd78707b6767c1fcb0c3d5886c3d3cf804c,L4_safety_boundary_difference,10813,1000,0.09248127254231019,10.813,363
Alpaca2-7B-train.jsonl,3986,573b18ce69c60d52052217cacbfa752ebe627308af988b17dfe7f0dce78dcebe,8bce703937f8498666678c7b84f91fed3f779fc96965704d276c76697ed3f899,L4_safety_boundary_difference,10813,1000,0.09248127254231019,10.813,364
Alpaca-7B-train.jsonl,3070,49ff61bdd88d976719298f4a02dcbc19568670b5e4ebca82dab892264123c67e,4907ac040ce64afa0fb14afcc71c8370d33525520327947117b2074d8c4692b6,L4_safety_boundary_difference,10813,1000,0.09248127254231019,10.813,365
Alpaca2-7B-train.jsonl,21521,54882836fba097b519f762072e2b9227b630091a5fcab2f560db97cb8b1683c3,56128337f13ef2422dca7c0dd51be52ab6caefe5894ba3431a1aee2a5aa05b22,L4_safety_boundary_difference,10813,1000,0.09248127254231019,10.813,366
Alpaca-7B-train.jsonl,5097,1e8f00ff17e4f4bb7c26b1959562c8f39f70cef14da99f43ac20cfebdbb7dc9c,31ca11f49df8cff265d1a0a2e43cbd13948e6398188caf0190df6c7bef4fd9ce,L4_safety_boundary_difference,10813,1000,0.09248127254231019,10.813,367
Alpaca-7B-train.jsonl,21162,2d6237cbddabaeb1994e8ae5f5783aa8064354cb97f4afb88a48d74a3c2acbb4,85475b2140c05a948eef85564de175101484068ccce677b545aa13f2cbd0d810,L4_safety_boundary_difference,10813,1000,0.09248127254231019,10.813,368
Alpaca2-7B-train.jsonl,14965,992471e24b0f5fe0fa04f7b795f8724a6455c1e61dbba197abb671021debd843,cfbde9855db2a4c8d70322e49ba5521d68922e6b9ed096705718b5b21d67a417,L4_safety_boundary_difference,10813,1000,0.09248127254231019,10.813,369
Alpaca-7B-train.jsonl,18080,d1f07e3710649c7441cfa29bca38c036094558b008ebece408cd64d557d35709,3a4d87c87e99e376306548f70d4971d89916018d4609d86b8cd9b431fbdf85b7,L4_safety_boundary_difference,10813,1000,0.09248127254231019,10.813,370
Alpaca2-7B-train.jsonl,6868,c36f480daab14190ad31a20fb138edb8c4792a0f432cbef785b48d9a3231c8bf,332786af10968fb711c43a126a6ee373e4a344019305be6c2a8d47f9f8798d5a,L4_safety_boundary_difference,10813,1000,0.09248127254231019,10.813,371
Alpaca-7B-train.jsonl,25719,983b62814a58972748caeb1c60d823e2872733c81cead2cb8e740f8cab6d1d0d,0a965f0fb073283414e4dee6b10e05b17bec990588901c9c53800d00ac15ef3a,L4_safety_boundary_difference,10813,1000,0.09248127254231019,10.813,372
Alpaca-7B-train.jsonl,25105,96ada8812aa48254b2e14fd5ed01f0510fc36b3b5e2b7f88c9c88da647f17338,9684bbe2a8d0faa555c0cdacd995de155a8061074dae50d0360e65346809b0f3,L4_safety_boundary_difference,10813,1000,0.09248127254231019,10.813,373
Alpaca3-8B-train.jsonl,12291,95c03cd8cf72f4a34242db3e49d561f862292ca1edbaca085c0c4c1682a6be2c,3371b725d7629fbf1372fedc1c315f25a1de961e8edcde8a89e7fe0f7e5ae0e8,L4_safety_boundary_difference,10813,1000,0.09248127254231019,10.813,374
Alpaca-7B-train.jsonl,19129,0fd8e77d0e5b023c6a4a5a3799b2a1829dcbb1d182fae781e4614c9c068b7acf,d21d9d9c9d9263e181edd00e1fd425cecf6bf5c19d140a1b7f3db3a9e9404e51,L4_safety_boundary_difference,10813,1000,0.09248127254231019,10.813,375
Alpaca2-7B-train.jsonl,21944,f0031840a2d1d7a4ba411b98a0fda9f815606978ecb380da939bf3702012657a,4a3c99152f592c53443563efe20e2793d74495f9f993312ca7d4557114568305,L4_safety_boundary_difference,10813,1000,0.09248127254231019,10.813,376
Alpaca-7B-train.jsonl,26751,3640a767178c254c9d5f0db751dee1ced2a13a5a9eea81ea9e1653a07d044212,5036c6e022be3d6d91594924cc52be9c15c8149fcadcc6b5fda9a48507e29577,L4_safety_boundary_difference,10813,1000,0.09248127254231019,10.813,377
Alpaca-7B-train.jsonl,23420,312020f2a13fe73fffe1ce6dcbba1ae780365a14890e78ece558f994f254b7f8,c3a938266d96f1575da7ac7449aad7f8290b9d0873b84da3d62d1f34594846fb,L4_safety_boundary_difference,10813,1000,0.09248127254231019,10.813,378
Alpaca-7B-train.jsonl,2597,e9783843b4bae222e109fec18b2921ee33256061e2f2f31baf3d9daa519200aa,fdb859fa380f6c06a259bcc8f4db93371a74553bb30deb36110aff0560081e49,L4_safety_boundary_difference,10813,1000,0.09248127254231019,10.813,379
Alpaca2-7B-train.jsonl,6055,9dccb208fdb759188892099640a6893a18b1a6bbd3aa978f3b86deedd8eec807,5623dd86620c4b61754493c8a9f2aafc1586e626bd05fa94f23afe2e4ca985aa,L4_safety_boundary_difference,10813,1000,0.09248127254231019,10.813,380
Alpaca3-8B-train.jsonl,17375,282beae77fad94be661dec8d3aeaa7ac8dc629f4b364f9f05b7c7df5d48f5095,68056ea2f4d84bc08feada3dcffe0704692acde874e48570e5b6d8dba3bcf55b,L4_safety_boundary_difference,10813,1000,0.09248127254231019,10.813,381
Alpaca2-7B-train.jsonl,7337,8f78bb93d178e9ffd62251d54fab36050777d12deaa663ef610965d6e6942735,81113233747ac09ea79b28576d3a15f8f81374b1a56bfb6014e5e502272fa5cf,L4_safety_boundary_difference,10813,1000,0.09248127254231019,10.813,382
Alpaca3-8B-train.jsonl,13391,bc835ae825189fac060c5e9f5541382f355483f75703511776fe34f9bb6c026f,43a71138eabaeb4152d49067f0c39dfc64662dfed12718f25fcfc1724433bb2a,L4_safety_boundary_difference,10813,1000,0.09248127254231019,10.813,383
Alpaca3-8B-train.jsonl,11603,d7f6f34e9d509befbf8c3428651ccb0dbff2f6d60477c607e5db5528aa096a49,b3e6504e660fcab0c0a762d2b188617f60a29af662fa4d6f279c4873c146eae5,L4_safety_boundary_difference,10813,1000,0.09248127254231019,10.813,384
Alpaca-7B-train.jsonl,712,1f2f39937d101793de921864fc6fa194202f9febd9418cbcedb4f0461b73f2b7,40f5ee5b838695ccac7fe794ae766b6ce0ab20b57532329dc6571d7271422bb0,L4_safety_boundary_difference,10813,1000,0.09248127254231019,10.813,385
Alpaca-7B-train.jsonl,18861,efe1b0cf794f8221f5afea93dbdb8ddb3928332356e68664109563a1681bc8fe,1f3f13f473911373f9bb7bcb1b291459101e0b4e05b8b353e4bc55d770513f47,L4_safety_boundary_difference,10813,1000,0.09248127254231019,10.813,386
Alpaca2-7B-train.jsonl,4504,d4059fd0bd2122a78ad4a6aabdb5c784b091331c9be50b7f5311127a8ad1f372,a0ef85752ec85fce3c0c25310a2593557a622b7b28e04a56e5f2cc4d7a93d219,L4_safety_boundary_difference,10813,1000,0.09248127254231019,10.813,387
Alpaca3-8B-train.jsonl,6730,e0c465908ef4753a0dc5cff369c4f629619080d6fecb9b2573ef572e2c6a448f,b3d49071ec0134b17d26579e09c97f426ac21eff61e2fc564e66a3c81f616006,L4_safety_boundary_difference,10813,1000,0.09248127254231019,10.813,388
Alpaca2-7B-train.jsonl,545,f8848f4649477ff2fe27842671d4bc91e8b011d9164f3c740e031ef52283d146,7aca3b836f3063af3e5359000df370859f131f0042f2476cc75b04dfda1e9f3a,L4_safety_boundary_difference,10813,1000,0.09248127254231019,10.813,389
Alpaca-7B-train.jsonl,2019,9baf0715e46f28f727668ddcaefadf384cf95a32f4ad38868fe59017b13a15e1,b8ba0d3b0bf80de372dc19af7b7ced4767a70c34bfca22b65671dea5f8869f3a,L4_safety_boundary_difference,10813,1000,0.09248127254231019,10.813,390
Alpaca3-8B-train.jsonl,8690,5b4c649245df0057485b7ff1f7b9b94d2d21bc1d7ef263c3b8a9183c6aaf3a1f,129cd73cfaf336b7c21fa36aa5e3f8f75ba99578f76eac6abde2af73ea078428,L4_safety_boundary_difference,10813,1000,0.09248127254231019,10.813,391
Alpaca3-8B-train.jsonl,7037,f6049f6aa3e2793ec7fc2a719337ac66d07e592af155eebe087903f90b6029cf,ac34c8e1bac4a59a16878b1049fa51239ce18bcccf4a08178595947ee41b6c68,L4_safety_boundary_difference,10813,1000,0.09248127254231019,10.813,392
Alpaca-7B-train.jsonl,19126,9c688d541338969043679a011b747ebaccd087c30aefa1e08b7adf642198139f,2c175c43bc8ef2c0dcb03d3b88545965cb193b3c757d9ef4b532a1b3957327bf,L4_safety_boundary_difference,10813,1000,0.09248127254231019,10.813,393
Alpaca3-8B-train.jsonl,11888,512748f710d6c8c8cd6747b8765b036054b727cc5b3ccced181ba3f58a79cbc5,87c142d180264f0faa785f133619ab91f5b12a2875a042f5377b890621bb37c5,L4_safety_boundary_difference,10813,1000,0.09248127254231019,10.813,394
Alpaca-7B-train.jsonl,5141,42a5e4fc9ea44bc7eaa87dd10000f53ce8538659ace23b5421dc193c65977a02,408d599bb2d9dc8c8232182c8bbc8321b5df04f95f76e4376556cedeb0ba58bb,L4_safety_boundary_difference,10813,1000,0.09248127254231019,10.813,395
Alpaca3-8B-train.jsonl,8396,af1f4825f9805b818472db5162672acfc544a1c899f98bc24b979fdf5a0ea152,92bf4bc529ea1c739f1df6d6596369a2a305ce6438af9e961bec05d67f4e5dde,L4_safety_boundary_difference,10813,1000,0.09248127254231019,10.813,396
Alpaca-7B-train.jsonl,20488,9aff89c2ce68659d30497d63cd4de478745038834a03e4adbaebe32f79a4a056,a76f48ae7b3b17ad13abd23f45dc98c370e1b3a42dac4e96165944b860abe0d3,L4_safety_boundary_difference,10813,1000,0.09248127254231019,10.813,397
Alpaca3-8B-train.jsonl,2498,8fafdbe45f9df9ab3083587300cf220bc793e7c3f25cb0fd235d5ed7928e27a9,3a551491bbe308911139a6b750e48a028d1dd8287f01c62b51a2aa8f7ddc1899,L4_safety_boundary_difference,10813,1000,0.09248127254231019,10.813,398
Alpaca2-7B-train.jsonl,1620,116fee60c227f481c841757e24d34529ae25b393a6dbbfcc5a28ddf7bad61025,c99da295ce82e14c3eadfe4fbd21c5eb3a92502d58a762aa3e8546c212eb7301,L4_safety_boundary_difference,10813,1000,0.09248127254231019,10.813,399
Alpaca-7B-train.jsonl,14317,24ed2fddfa62bd457620d66232453919b4514c77d9ec0e48fca8f51588eb020a,0c5d0f1cf51ecf9cbd7e7efab2c837c161a3e2df35f0d5200e88a0a405ba24fb,L4_safety_boundary_difference,10813,1000,0.09248127254231019,10.813,400
Alpaca2-7B-train.jsonl,12118,a5ae8e8f0cc1f18501ce4b6255362ec3d4a17fdc69a25da87cc695a2f44ba953,1fc7e640b1dda2b0e1e6696415d0943dcf9643d5b60c06baad2d442d9d4465e0,L4_safety_boundary_difference,10813,1000,0.09248127254231019,10.813,401
Alpaca-7B-train.jsonl,99,c61c2e15796daf8dbdeea0f1e27912a598ee90af0693b71ba0d4e4a15c02858f,4aa0eeefaf07c66d49d0468b223dd7d0c88014a32716e997d81637bf309a1ab8,L4_safety_boundary_difference,10813,1000,0.09248127254231019,10.813,402
Alpaca3-8B-train.jsonl,6953,697ac94b9b6737ba38877db27ea03ec69e3f958ef47c150a1e0361c5c6416ff1,9f701e408d0feb4c968a27f9e41227ba65d5eb4fa65e8d70e8b45b166a38e032,L4_safety_boundary_difference,10813,1000,0.09248127254231019,10.813,403
Alpaca3-8B-train.jsonl,19243,1de77171884a18aa9c1611edb5ea92652354b838504ca9c4923d2eaa12880b87,40131150c598672907ddecf8e91e916da1f845c9205921cba430f8396d0332a4,L4_safety_boundary_difference,10813,1000,0.09248127254231019,10.813,404
Alpaca3-8B-train.jsonl,1378,75b938d0df62707c181c5a60070a7ba1107e3f0f2b9445cfba521388a7b4ccf7,5178b35a1abcf834ad6854f02e836549d7d4cc20e89bf7a8c72d6653bddbb086,L4_safety_boundary_difference,10813,1000,0.09248127254231019,10.813,405
Alpaca-7B-train.jsonl,14812,e34fe1b5b3d4edf6da5b1872634e51edcb3b447d0d148d3a78f9367f392f4358,43165e41b2e2063a15dd38b97066559b44d2284f9dce61e601630679975d82ba,L4_safety_boundary_difference,10813,1000,0.09248127254231019,10.813,406
Alpaca3-8B-train.jsonl,18091,bcbbd56b43117b7a6e80be97c3b1dc6f4ae7127a0a9dec9bd8b050cceadeef1a,43d0d9e8eeba2c28a17e3eeeced5b32b72152c274446de0f1cc99b64530fdce0,L4_safety_boundary_difference,10813,1000,0.09248127254231019,10.813,407
Alpaca2-7B-train.jsonl,11764,7b63d95a4f92024217f7d568a03615e2d37ca9751b04f82481b83f8c7f973b3e,4411f5d12783f37dc23cf1f1ba11e5358495de78cd5e15d747b96130e7f3acb4,L4_safety_boundary_difference,10813,1000,0.09248127254231019,10.813,408
Alpaca3-8B-train.jsonl,16100,1e118b16eec5494719140122c1691ba7f2c09cb915ddbd3fb09aa5a265f75077,985325954e566f316ce6253a69ce86c17e27f4fd4a87adb09ab3498733453bcf,L4_safety_boundary_difference,10813,1000,0.09248127254231019,10.813,409
Alpaca2-7B-train.jsonl,15900,50b685a1baebf6b164b0b4a7fa712246fcf016d59f793b402713f4406f5b416a,869f7fd5eeb8c4f39c9d0e6549c491065351297fc791c9f1959ac85b995596ea,L4_safety_boundary_difference,10813,1000,0.09248127254231019,10.813,410
Alpaca3-8B-train.jsonl,8848,7942fcbd25c7f8e844c2486cbf15a7d3176d93e433d7da11fa0ec6722e36db8d,a32ba4c50a33208139da32222cd2aa95f5a556cf465202ca6102c60fb8143899,L4_safety_boundary_difference,10813,1000,0.09248127254231019,10.813,411
Alpaca-7B-train.jsonl,6502,92d50e28ced9c808ebb49cd17b07113c48d0f61b660bf089f5e8341e8a84a3d4,209820b91965ba19ea4b792b99f7b809ec08c0bdae37ee7f3fdcd82442ae0d66,L4_safety_boundary_difference,10813,1000,0.09248127254231019,10.813,412
Alpaca3-8B-train.jsonl,11876,bb31ac064704eba70a055cd3cb8563d7e751310bec7ff8317533c906be07f6e2,54e5172e7e1ca38cb61af604e1b2ee88eedf45795d078821641fb1235e9c9ecb,L4_safety_boundary_difference,10813,1000,0.09248127254231019,10.813,413
Alpaca3-8B-train.jsonl,14843,3d38d7120114e9b300aafd3769d67037e844248131f7cb6f6114ea6d0d65d7d9,ee82cc8b1b1b75b5b8e77797103d85c6d26e6cad5ba7f9a861a4cb09f515d87c,L4_safety_boundary_difference,10813,1000,0.09248127254231019,10.813,414
Alpaca-7B-train.jsonl,18284,eae93f81ff9ca9bb3415dfbca85c541510c67f38c1e493a2918060b02e22cf02,154013aa947349534cabe63dfd518f56874a9fa7bcd0c6d964dce77e774d1c97,L4_safety_boundary_difference,10813,1000,0.09248127254231019,10.813,415
Alpaca3-8B-train.jsonl,2009,391e34f15874fada9c803f45426fe9b6c063c5ea66385f20e779113e0a9aaf61,66c85d12a4b8f6949a9d4b93ca5f79c4162cfcb1f15139f1f90d5d99258b3d0a,L4_safety_boundary_difference,10813,1000,0.09248127254231019,10.813,416
Alpaca-7B-train.jsonl,241,8f3f8bd76c3e13698d7e0e9cea8b3885d2854ca05259f72d4afefce8ca53f142,ed37d9825097f48cab15e39bb9bd3d792024ed1fabeffe56899c8ff3ab949965,L4_safety_boundary_difference,10813,1000,0.09248127254231019,10.813,417
Alpaca2-7B-train.jsonl,15497,547c2d9ece72d04dfe2e2de02c3238b326f340503d08f53ffd2dff1c2ab4ee13,4c5ceece68db775b2aec48bfd47e62ccfea9e8a0c4cd6a59506f73780f12e8a7,L4_safety_boundary_difference,10813,1000,0.09248127254231019,10.813,418
Alpaca2-7B-train.jsonl,1446,6081e438cb3fcd3c7319d810db0c7947426e57cf28bc05473c763b19881e6817,f108e76bb3294a4c25980d244a668a6c9ac2c6a4cf053199675eb2d004c2a96a,L4_safety_boundary_difference,10813,1000,0.09248127254231019,10.813,419
Alpaca3-8B-train.jsonl,13697,9aeeb63722b04268c19413f1cd7da7d452bc8320687aebf3cae4bd66fc85b037,e43179c4346585306f766abced452cc8e20f96b941ed97ddc47ec9cbae62cbdd,L4_safety_boundary_difference,10813,1000,0.09248127254231019,10.813,420
Alpaca2-7B-train.jsonl,24946,8ba21ec6cb45f628d7c1a9907718bc2e73c1d3836963abc509eaf79736cd781b,35645a5150ba9b3543bfe6570a541dcd13160654a44d28d61d1bb452ea712a55,L4_safety_boundary_difference,10813,1000,0.09248127254231019,10.813,421
Alpaca2-7B-train.jsonl,3378,9ef9085cf89756ac1348cd741a563321a91f0e817fd58ae1656e755fbcc3460f,98f17a6b36309cd72f7aec2d4213d7bc68a6fe1ec72249feb462f8cf11b7b15e,L4_safety_boundary_difference,10813,1000,0.09248127254231019,10.813,422
Alpaca3-8B-train.jsonl,8523,1b440409452a01495dfd1bc0b1a80a303e50c25859693b5cc29f5fff1ebe99e1,9f0351fcbd90c94625b65e82c38469c05026367a50bacff576cb1d9e7bd35ef8,L4_safety_boundary_difference,10813,1000,0.09248127254231019,10.813,423
Alpaca-7B-train.jsonl,3863,7af8b5b2e333766ab411e3f51b390cfb2d1a3309bf3e9a379a12cfb5feaf546a,dcc1ba1a6b5b2e42993bfadfed6bedcd122bc771a2dd9e5571d50b88261261fa,L4_safety_boundary_difference,10813,1000,0.09248127254231019,10.813,424
Alpaca2-7B-train.jsonl,6149,d33c7dbffed01bdfe0f12d0d950afecfeb2262af7dab1b34f85b89fe01dee656,09c7664bc200080d35f3aab529ed0d23446239457b83cc3135f9a45bd219a400,L4_safety_boundary_difference,10813,1000,0.09248127254231019,10.813,425
Alpaca-7B-train.jsonl,8289,ac956a3c51f64ae99aa7b83c489334b289dbdfc5eb1044ab4e5c8f18ec9a7bec,8346d63af178872caa5cd147e92bc6e8c0a23e7f1c47f413b41e2888ca651a87,L4_safety_boundary_difference,10813,1000,0.09248127254231019,10.813,426
Alpaca2-7B-train.jsonl,23383,196de42a7bff20e435fae6c15b90a4c5dced42b2ac0c0e290b376be490f79c2d,a803402481bf65f98bc68c1a8b5080a517c17dc29d8ccae1c723ef5b3a6ff7cc,L4_safety_boundary_difference,10813,1000,0.09248127254231019,10.813,427
Alpaca-7B-train.jsonl,24634,a7b8ddb3a4e03bcc540ee79ead79bb86a1b6df676249c44c66bbd955d961b73b,a9fe338031ace5153263218245edd9ea44830d5378c78cd101ee15e492d28d99,L4_safety_boundary_difference,10813,1000,0.09248127254231019,10.813,428
Alpaca3-8B-train.jsonl,401,07983d2e11ba92a78909eafa4595d3abf660284b0ee98b9d325503f57a79543f,dd644dc110315646acc31557b37cb21683e431fcc2c4415b21cbc6f4342f189f,L4_safety_boundary_difference,10813,1000,0.09248127254231019,10.813,429
Alpaca3-8B-train.jsonl,5736,666599dfcb6e3ceaaace88a4ab982154312861d4cca661b0a21fbdff37ccbd9a,39718d17b9433fcc30e39efdec1ff7023e1c7ee92b24d49d13d0774cee14ab6c,L4_safety_boundary_difference,10813,1000,0.09248127254231019,10.813,430
Alpaca-7B-train.jsonl,119,c7a4e8323d4cd9181736f923461e690145d4c55c3ce86871336201c82eb50adf,c09b2ad42fdae862701895d32368c4542211ee1d113010d9240e8bd26f717b71,L4_safety_boundary_difference,10813,1000,0.09248127254231019,10.813,431
Alpaca3-8B-train.jsonl,16368,a843153cb3ffd81557f13debd8e7e9ee5b714164811acb9f2cec265181043372,78ccf94a820c98ccf24a0145be9b5c8fd683895be5abd36791b3d21047aaa7b7,L4_safety_boundary_difference,10813,1000,0.09248127254231019,10.813,432
Alpaca3-8B-train.jsonl,5932,f4a997d4b68ae0055a55b61b1af04e960d5a6eb5aa0d493ab9cf7ba1072b20e4,d91a554b0423fdb1d4ee64d51928046f696c70bba6545e908f6a4dae0704760d,L4_safety_boundary_difference,10813,1000,0.09248127254231019,10.813,433
Alpaca2-7B-train.jsonl,23415,8125168caa757c0ad263a96b286e6804f0237ae14c29500ddc5630f49f72c482,97e2b885c9a7a9ff1764d72412a7186c221d83abc5a0bc33acf2d2e63e487451,L4_safety_boundary_difference,10813,1000,0.09248127254231019,10.813,434
Alpaca3-8B-train.jsonl,17597,c125ca4a138580012e06751ed132a946d817c0fcd053f9e753b09812014c34ad,1079f692ebd7f8e7b75a8ae88c73ffaa3bb6d72092a854b937c95734c3f37abe,L4_safety_boundary_difference,10813,1000,0.09248127254231019,10.813,435
Alpaca2-7B-train.jsonl,11820,0365ef907a790f9d6a6771aa1b6e7d005a4552c5837df4f5f5ff069529ef2ccb,da492718726932c96ee487d25a8f280d03d3c50827361b05e85e0544a6186281,L4_safety_boundary_difference,10813,1000,0.09248127254231019,10.813,436
Alpaca3-8B-train.jsonl,20353,4f17a2af56705cbfaac4c0ff82a1a41f8315bc64adbd22ad19621cbdf2a9dd75,ab141a71d383c98997e26d13ab3950fe6e9053cc44dd94e4a8c7a0521db464df,L4_safety_boundary_difference,10813,1000,0.09248127254231019,10.813,437
Alpaca-7B-train.jsonl,26129,82d0ab3d6e4cb96a4a1cff14eaecf85b026ae82608999232bd62aa8994113515,b5ab0512823f50895ce60b9e3ceea49e289f15283aaeca2645b453fb7047e2ea,L4_safety_boundary_difference,10813,1000,0.09248127254231019,10.813,438
Alpaca-7B-train.jsonl,19709,eec67042d993822211da89bceaf9cf3144b4d0242ce4789aa847a135394b4ca9,3ac70eda64c97f38816f1d7ae60eeeb968a2923e061d990081830a875ac5a67b,L4_safety_boundary_difference,10813,1000,0.09248127254231019,10.813,439
Alpaca-7B-train.jsonl,11266,1f1f48b900e116f2105eddcfd77409fd4842567d89463617cb6c2bd3056d686a,1bf845f0d9a37f31652a86a4c7be67c5bf28c3a0b9bd02d74e9d959e7a575f63,L4_safety_boundary_difference,10813,1000,0.09248127254231019,10.813,440
Alpaca3-8B-train.jsonl,7928,b79ac98645cf159d1b53b146be64010212b60a833233227fcf349d2657e84f2e,bd883a1a3629c56af7f025cdd5a66edd0820af7be40d7cedbdbbc43e3b25e2b6,L4_safety_boundary_difference,10813,1000,0.09248127254231019,10.813,441
Alpaca2-7B-train.jsonl,19692,32f42727b13d5678d60b8aa9c28fd401f313671c6dd41e45be7eeec55b103ac0,1b72b2d0ea438a7456620abd32a2874165fb3300b55aaad1fdbe85a06d78ca6f,L4_safety_boundary_difference,10813,1000,0.09248127254231019,10.813,442
Alpaca3-8B-train.jsonl,766,1c0aec9dc96b9faf9ba5a9a3b7bb4c24dbb66445342c809672a241922973d372,0e1e5030e268d49a7afbbfb4327c4a347e8481aa56cd79e46b0c072220e6cc2e,L4_safety_boundary_difference,10813,1000,0.09248127254231019,10.813,443
Alpaca3-8B-train.jsonl,2011,d91472616469ce28f0904ea6da9587f63da26c96b81f9a58b117fb0bf9fbf4ea,1db136d41578cf8b57bedc8aa3e5db40e8714ef60c2e0763741330544ce7c79f,L4_safety_boundary_difference,10813,1000,0.09248127254231019,10.813,444
Alpaca3-8B-train.jsonl,10076,9511769ee4f53ea93995c9eacd1faa5e90e5639475170368278b097b5609fb77,f7cf8c3e7eebeb4fa5154e60739a4825f7b55f55ce406b7d48baa472b55f5326,L4_safety_boundary_difference,10813,1000,0.09248127254231019,10.813,445
Alpaca-7B-train.jsonl,25860,af74a6bf936d53eefc1e9b3a68d6e1fcadc1abf369e8744380d8e14093dde3c2,1289efd8e7b302aca5d9c36c31b986474b6bc16b4433b84695f229eb92af86b3,L4_safety_boundary_difference,10813,1000,0.09248127254231019,10.813,446
Alpaca2-7B-train.jsonl,21913,9ae4040e8a11673fc7711e1b54318e6ca70b779c99ea6061b0925b8d868a1c79,bb2575f1aba3730f320ad92de2279ca5913a0bc624c90a4f47b323acfc98ab4e,L4_safety_boundary_difference,10813,1000,0.09248127254231019,10.813,447
Alpaca2-7B-train.jsonl,6857,73f07b52cf12c19e4fbf536883bb7cf4abb81d9f06dd96a335ed35b4f5455509,88cb27b8776d9107ef50f4105e3c5af832af361eb5279545b0f6a1f867d52d23,L4_safety_boundary_difference,10813,1000,0.09248127254231019,10.813,448
Alpaca-7B-train.jsonl,22917,548ff6340f8f8997f4cd8571eff194e6b1417ea9e9e165641c320554422d34a3,9fa276863428fead893c22f93e56383db4ec0c8bbca0b0d379b8122e757c8e42,L4_safety_boundary_difference,10813,1000,0.09248127254231019,10.813,449
Alpaca-7B-train.jsonl,2556,93c1c8765ca24f8ef0e8e61a151191363ca05d6e5e9b8d9cffa2edc988969824,c0ceb99dbad8357951833ab8584c59652b3f8c36b579f57dd330fca346845f62,L4_safety_boundary_difference,10813,1000,0.09248127254231019,10.813,450
Alpaca2-7B-train.jsonl,19000,2d534b0b19063ec93650c181b1fffcab896f87106427118f97123b786256f169,cb1756ffbb215f4c3a34c16cd4fa646894e763427f963b49581744b6c7b7d9a1,L4_safety_boundary_difference,10813,1000,0.09248127254231019,10.813,451
Alpaca3-8B-train.jsonl,897,93b0c0711a326b3ce5511b552728358f6aea824d307e7bf23d0e699f56171bce,6f05b5d60d2c98d6205da383a5ece8668d09e25d61c99022fb07ef6cb9932045,L4_safety_boundary_difference,10813,1000,0.09248127254231019,10.813,452
Alpaca3-8B-train.jsonl,7768,8695a0689656ca8aec29689853cb4aa669ade43f2eab3bfde4293cae7448dbab,11d1ecee2f3e75ee166933429e559360135a7519715074e0e501e8788b64c8bb,L4_safety_boundary_difference,10813,1000,0.09248127254231019,10.813,453
Alpaca-7B-train.jsonl,23185,539aa1c29ca3eda7c13f3d478c67c68963bc5e143fa70ba23f7f8e07bf274142,e6d582889ceb011f49493ae8cbd573249bafacd2fcabe9a1f6fbbb46885a7bc5,L4_safety_boundary_difference,10813,1000,0.09248127254231019,10.813,454
Alpaca-7B-train.jsonl,20291,d575cb2af9fe8b8f54d7ee82072afadafdc8548ad3cb81195cc0342224547c0e,58e09790fe2a9747f0f7b6a03419e0b4f5fb7893b11f60f8ea3fa9e8c7f26b30,L4_safety_boundary_difference,10813,1000,0.09248127254231019,10.813,455
Alpaca3-8B-train.jsonl,2990,89cd9afc223960872ed20ac6c9fc9d0656b8140609f4cd1ced31c10d037aa8a1,a3c10a47e5d59bd0b6957089570259a4b735fa3eb3bc48624fc5a49b6a43daa4,L4_safety_boundary_difference,10813,1000,0.09248127254231019,10.813,456
Alpaca3-8B-train.jsonl,18074,de5685646195d30572a25627cd00c69860ca91b48447be46503c18c84c8c42e7,bb133ae969ab6e4417a6d738db54d3d5513541a5cec604c64eb99aa171e62331,L4_safety_boundary_difference,10813,1000,0.09248127254231019,10.813,457
Alpaca-7B-train.jsonl,3906,1759152fd7920b4cc855f84f003dd20c6583089ec1ac01a4a7311b177b2401e5,95a85362df741906f7c322698b29b022cf9f94fc6ac36e92819b3bec5c2b0cdc,L4_safety_boundary_difference,10813,1000,0.09248127254231019,10.813,458
Alpaca2-7B-train.jsonl,24874,1d79821acf52210d42a628f9b8d0a4381ad85195fefc9d5b301f516f0ef84913,96f6cb6caa9d73554d92beb2a79c84a880f9ee4cf325de84b72f95eff357ddc3,L4_safety_boundary_difference,10813,1000,0.09248127254231019,10.813,459
Alpaca2-7B-train.jsonl,23021,b93a5a15916c9ec666f821f57e1ecbca289f6d82e7141ef8899eece33be60804,27e232414be0406dfd1ce3d5db4a73ff766836223baf4c16d736c12e9b5cf9c8,L4_safety_boundary_difference,10813,1000,0.09248127254231019,10.813,460
Alpaca-7B-train.jsonl,27164,535239fb03791be6023f3391c6c3d43286a2fc3547f77dc3eff352fc83ff79e6,0d429dc530db9c3114e7fff0da010dea61bcaff805a42d09361d5fba62b827fc,L4_safety_boundary_difference,10813,1000,0.09248127254231019,10.813,461
Alpaca2-7B-train.jsonl,19972,e3ae3f3511dd72b3d1b5d480427d5d765db11805bfe927fb77b3934e72ed8080,d578bf15ca5335b1833e62f961d73a8e6a904b6e1460e59a8795fec016bd7e88,L4_safety_boundary_difference,10813,1000,0.09248127254231019,10.813,462
Alpaca3-8B-train.jsonl,14831,c691255843e71997083496518bcd77d18598db52c673816ed80debf1fda83dfd,153aab79a702e40290a2e88c1c82b38f2b13afee9b08e5fccc65ab5589c05771,L4_safety_boundary_difference,10813,1000,0.09248127254231019,10.813,463
Alpaca-7B-train.jsonl,10800,546d01fe8c7cd0ad4841d774e78ab8bd284d60c4fe36b3aff32b3301112de85b,06a5508d3e67e21b55966955fd94a2586fcbb7f0bded73f46b333e866de0e1f0,L4_safety_boundary_difference,10813,1000,0.09248127254231019,10.813,464
Alpaca2-7B-train.jsonl,17996,0900b84651b777d7fe62bbce97a1f3173a82de3b06b8dfcee2ac96a101f7fce6,57c52a5a5db0bbf26150c1cd64692d454a0c58518053e6da403ea6b8c1e8013c,L4_safety_boundary_difference,10813,1000,0.09248127254231019,10.813,465
Alpaca3-8B-train.jsonl,4857,cedf0f15776361f7b4b0a62d928881eddf5a2023f78a37345dbb3c90f813d566,11e4309edcc6922ae2c3ca79b09244b13e4ad893226d0f84ec96d86af4476a58,L4_safety_boundary_difference,10813,1000,0.09248127254231019,10.813,466
Alpaca-7B-train.jsonl,3530,a41822f509666a1e47a248278d2b9fce23d6dfb3d0aca24dd6c0d17bb2da89bf,38b58b044014073307a0d17e68526ae4994da731ff94521665dc20da38e11242,L4_safety_boundary_difference,10813,1000,0.09248127254231019,10.813,467
Alpaca2-7B-train.jsonl,22171,a742400b0e5789cce74f430e3f811ccdd8c946208e5ef53a84bb9af2863f2473,95bc3b29713554e1f92549cfd39cd05aa317acad459fd1dceaf6e1a7b04a3a6e,L4_safety_boundary_difference,10813,1000,0.09248127254231019,10.813,468
Alpaca-7B-train.jsonl,6255,85ef65d234832ad449025dc337b43d171e4298feabed4a176273179c2d809e53,3bd458c2b8ef32751853391ea700abe3e2812504879a9afca2269e013b1e56fc,L4_safety_boundary_difference,10813,1000,0.09248127254231019,10.813,469
Alpaca2-7B-train.jsonl,4034,361e807330f41ac31963a8c249df0ad51cffb7bdc8692e79927d58a0926fb46b,719f8f7c1d906a08033b69099ef7770586b1856a1ce8345e882efebb17d3e7a6,L4_safety_boundary_difference,10813,1000,0.09248127254231019,10.813,470
Alpaca-7B-train.jsonl,23695,a45eceafcc3ec8a435ab816c9bfda58f8c7cfead92200007dcb228e7b74dacda,fb97df0bdfded1192ef72ec880fd869fc436fe01d59bbae65a08ac4585b9be9c,L4_safety_boundary_difference,10813,1000,0.09248127254231019,10.813,471
Alpaca2-7B-train.jsonl,14199,394bee41f9be80c3feb4b3530b5dbe9e33aaed1de9299612bbb60afdd86173c8,b30f4381564081270dace722e16b4d81b232d7ce087d78c7a4913df4dccf17bd,L4_safety_boundary_difference,10813,1000,0.09248127254231019,10.813,472
Alpaca2-7B-train.jsonl,4172,f2d110b847350a80651e7e5ac9b09978511ce95409bb9b83394c5300c392073a,9a2568f0d71739ae0bf23d0739fc0e965f91dd6eff67f708f51653212211d04e,L4_safety_boundary_difference,10813,1000,0.09248127254231019,10.813,473
Alpaca2-7B-train.jsonl,3074,f99fa74f8210ea2b69403c2e153c5f8bef979d4eb943144375a1cade055c3a28,672c6a09d76bf1eb1edc0c63f29b4ef8a027db401c2a93fb4e13b734616ea90d,L4_safety_boundary_difference,10813,1000,0.09248127254231019,10.813,474
Alpaca2-7B-train.jsonl,19100,b1f98edf4b43e1f9c9ac05d969572ccba8b83c185461ca6b53159e359de45147,257159ad0d5ec0a1b97610dc49240cd8d52f9d9327c687e7713228011de1d7c7,L4_safety_boundary_difference,10813,1000,0.09248127254231019,10.813,475
Alpaca2-7B-train.jsonl,7828,25fdc4d3757b7bb4ed9eecf241dd50cd8ba5d454ccdfbf0d5e90481b27d09d0e,f87db616ca668bfe1a91fe00520f9100ac2044000e8eac414e9e2abc3efe334d,L4_safety_boundary_difference,10813,1000,0.09248127254231019,10.813,476
Alpaca2-7B-train.jsonl,15411,01f493a3f2eca0b7734f06f71518697cb0cf08c0af7a9c71725a1d4c0c6b37b1,0eab3928db10bffaaebbbefca5e946d3ff6e64321dd4c9395bae8b5f01ffb886,L4_safety_boundary_difference,10813,1000,0.09248127254231019,10.813,477
Alpaca2-7B-train.jsonl,20161,d54bbaf3220c015b0ee89eb193c3f74cf63beccd5d8ab69a1bce9f3fe57f3718,715c568272f42a0bd28efa50f17b9f4b75c7e99ecec3b9bf93e0655df0a9c520,L4_safety_boundary_difference,10813,1000,0.09248127254231019,10.813,478
Alpaca3-8B-train.jsonl,4651,d810b1037e14b60fa324c22cb840c53d031c7657f3bcde0c4bf69e0d74eed269,f99af2486caea78827c8fbd1b52fdb5431753bc03f26a83170d39694a0b115cc,L4_safety_boundary_difference,10813,1000,0.09248127254231019,10.813,479
Alpaca3-8B-train.jsonl,16832,8a1264b36ae9fd7ab5c0c930e858fc0bfac38cd76041dc17a5b1baeb6d106038,fd0650c6a3c6e90f9d978f9f0f3f2ea6a3505d51b9be4fde0e0223310f6c4a44,L4_safety_boundary_difference,10813,1000,0.09248127254231019,10.813,480
Alpaca2-7B-train.jsonl,10780,b09e5b4f18d928fca235042ae3b5f2d96d352037cd8dadd1254b8f8ce614067f,9cd634d60b6436f8559a7e7965d76b9a560fb779c85a6276f0d9af24d875c13b,L4_safety_boundary_difference,10813,1000,0.09248127254231019,10.813,481
Alpaca-7B-train.jsonl,25446,564c052e40eea281090a4bc733c97e48531542b92ee3c885e1162d44e79d5a2a,22f2ab6388136646303a5caa06a4e043558646cad93af1e997c0bb3f5029fc11,L4_safety_boundary_difference,10813,1000,0.09248127254231019,10.813,482
Alpaca-7B-train.jsonl,3749,a8c2ba9de0f2e4039a49d8b6d8c5acfebf44a10a5106dec361eb3f47cd5dc97a,1ae754f5479ac93a0bddedf705042974b3e5b86e9b2d7f7464d150e8d52aec3c,L4_safety_boundary_difference,10813,1000,0.09248127254231019,10.813,483
Alpaca-7B-train.jsonl,11179,41e9db99292548435df881c3d4dfecfa4000dac1eff3561427edaa619a5b90fa,1c6e4743c691eb824cc12d83be46af5b4e273eb066f3fc421f4163dc6dca4fea,L4_safety_boundary_difference,10813,1000,0.09248127254231019,10.813,484
Alpaca-7B-train.jsonl,22986,12f33ea0cc4d270a57636d78064d66807e1ffc51a424ed792d779d79f438c949,ae7eb14bc64bddcb26f86f4bbb29c8b9fd8c6cbf90ffb9e09c7071af6ade28eb,L4_safety_boundary_difference,10813,1000,0.09248127254231019,10.813,485
Alpaca2-7B-train.jsonl,12340,b72d52b46e8eadad3d843b2db0dae6453c297ccc932e776121d587add13a27e7,02caceeb454a87cb18f90a2572a58d7410b5c965be2128357658d58df3e6bb9f,L4_safety_boundary_difference,10813,1000,0.09248127254231019,10.813,486
Alpaca-7B-train.jsonl,8773,c3aed951693ebc22704e3bb97bc4b56c93a35b9987638ea32ff99ec2769cd450,008b35df81093be810190b251e0cab851a6643661b2d83db03a8982bf1c527ce,L4_safety_boundary_difference,10813,1000,0.09248127254231019,10.813,487
Alpaca3-8B-train.jsonl,2859,c0fa831972d54a67083cc0e79f931c724163f0255211cfded0b342cb14faadf3,dfbe7e65ab96f5d9fdd5755bea11f9705d38eb310b477136e51b0a276037a312,L4_safety_boundary_difference,10813,1000,0.09248127254231019,10.813,488
Alpaca-7B-train.jsonl,11863,7d8663afe09246d35fef3da028799aab92a7b4c0dbde15050abbce3210f69855,6584625b341f51ed197b963f977fe2aac3049f5d4bba17f72fac7c3313004c7d,L4_safety_boundary_difference,10813,1000,0.09248127254231019,10.813,489
Alpaca2-7B-train.jsonl,18075,33ddd2f87d19a9513fea966e4df1819d9df0707311fb667e362852c205731ddd,b76f4f762802d3d61182ed764b983900eb33fed8ac863c2ec9a05cc2f95b96f5,L4_safety_boundary_difference,10813,1000,0.09248127254231019,10.813,490
Alpaca-7B-train.jsonl,20866,4e2e212a3697b8baba351b9395d979c19cc604659955d483484733d868a3caf3,1bb42d7c02e1d29d1b994b1b8fa8350489c78772c55b1f4fb33f5cd01606ac43,L4_safety_boundary_difference,10813,1000,0.09248127254231019,10.813,491
Alpaca2-7B-train.jsonl,18367,818c9fab70bdd6eaac74cb2dc2c9f2761b1f6b8f35a14a2cc014413cd08f7130,385017c8363b76d93d5ee4679804c350af0ea7b6cf0fd67a2f06cff6984bf9cb,L4_safety_boundary_difference,10813,1000,0.09248127254231019,10.813,492
Alpaca-7B-train.jsonl,17092,b771407de944c69ca7fe42a513c8b36130dec6a621ebe0ad1e127cb87f7dabb7,4f57a1dc52681b627d0444edf6df28b7e772b416efc4202b046b9d592c376932,L4_safety_boundary_difference,10813,1000,0.09248127254231019,10.813,493
Alpaca-7B-train.jsonl,9863,03613903e6a249f821f5d1189606a5b2f64a459126bc4eb48f9ba1b6f8a11667,87b9b2b727287c4c3a268079dc6ae554868b5b9570ae99fcb222d43e300f15c6,L4_safety_boundary_difference,10813,1000,0.09248127254231019,10.813,494
Alpaca-7B-train.jsonl,18720,a1009e0b821dbd06de9e6a353502ac9812e673de0b98b7b9334bb530ea08abdc,9127a9962381423bf9e4bbe0266abe1752936182cf4bd5212de8a925018a2d17,L4_safety_boundary_difference,10813,1000,0.09248127254231019,10.813,495
Alpaca-7B-train.jsonl,10681,f521bf2d96483bcb49b36cdae1e770942697f84a568ec1dd760907bdfda70acd,e16266c6adf539b9573da9c906ba3d3161fff6a44d6ba99084d49cf41787ce66,L4_safety_boundary_difference,10813,1000,0.09248127254231019,10.813,496
Alpaca2-7B-train.jsonl,10772,7266f096b10ce869b346b4c2938fdece5b0829449856283ebcf176ced5ed7012,c3ee53bccdaaaaac10228585c75c94b883b08beae5c97fa53d75da0a16704e44,L4_safety_boundary_difference,10813,1000,0.09248127254231019,10.813,497
Alpaca-7B-train.jsonl,3167,b5c571f6c536b3644d4190d02b9a344981e856070ca398955f86bb081e1eea98,86a2a2dd0cf8a11fe01d7332923fb19978121840c77718167de0e124ec17e706,L4_safety_boundary_difference,10813,1000,0.09248127254231019,10.813,498
Alpaca3-8B-train.jsonl,13422,d9ce436cc68343bf3d8340da3348e88205cd65caaf2ee1d1d65e0c9d9c2abcf2,c5a1ef79d9e969e13db268d988aa2f4af84ac38d62f63f659b651c965c875c95,L4_safety_boundary_difference,10813,1000,0.09248127254231019,10.813,499
Alpaca-7B-train.jsonl,18749,4307756d9fe3ef14e142d2afc2ea11b314a199cec9af50732cce476d581991b1,71627344af8302b53732b00eb8803430c1c5f45fa6c179ba83dc1d1fb90bfd91,L4_safety_boundary_difference,10813,1000,0.09248127254231019,10.813,500
Alpaca-7B-train.jsonl,25937,0fa6ccbff11a8ddc72a13e12b67de8d7a32a60b4c7b68f05fc9e1c7cca8ddc51,1fba22f658472ee7dbe6f8915377096ee684e28f2f0ae23014b274420d3f3ebf,L4_safety_boundary_difference,10813,1000,0.09248127254231019,10.813,501
Alpaca3-8B-train.jsonl,3095,9cdd86a1ac8dc37a92027a538fea2a6be5f571ac71983c87cff81504c3cc4ffe,fb1ea25fe0ade412b0ef46a2b54ac465364c017a4874815da10ff3392fe4640b,L4_safety_boundary_difference,10813,1000,0.09248127254231019,10.813,502
Alpaca2-7B-train.jsonl,14627,9700574ddd40024971edc69a0c2a3e5cff1c6d552bc3faf7fe0369ddf44aa836,d841d70efbe456235a12a966cae35a48ed50d320bbf7f903b494f605b4db4c27,L4_safety_boundary_difference,10813,1000,0.09248127254231019,10.813,503
Alpaca-7B-train.jsonl,10547,41abe71fa035f4652fb08dcafdd4386ce8a986fa0b8a785a2e3e909af1058161,7969dc20405a49cf2509135200825611f32b995a1ad4f93ebfaaaf030035b39a,L4_safety_boundary_difference,10813,1000,0.09248127254231019,10.813,504
Alpaca-7B-train.jsonl,3818,4904793c13468e9efc69b88a0700a3b172e333618218e62e764d643070b7e74e,b017ff480155b8f5422c66c65c2fb994a913136fa15cf93b10253bf533d7e520,L4_safety_boundary_difference,10813,1000,0.09248127254231019,10.813,505
Alpaca2-7B-train.jsonl,23625,bfa3f4ab3ebde735acf0ddf93b77a031af3bd827a0f7921e71a9a56ef692f222,4aab9b3dc7ae1fbb541597dd87420bb5caa7bb7928515a5d2d6631e331947b58,L4_safety_boundary_difference,10813,1000,0.09248127254231019,10.813,506
Alpaca-7B-train.jsonl,23735,29d025ed26b27112b50e4611599aad5681bdce1842871ce25b938435f6d6e82f,34d454ec40000540e5bb076bfabd64a7647885167ad81dc787679d16a8cc7d8d,L4_safety_boundary_difference,10813,1000,0.09248127254231019,10.813,507
Alpaca2-7B-train.jsonl,3724,9a0b6ceabbc037bba501077dbd1fbcdb9eab3fce6600826cd0b9be7c8975449c,423e8dad768076cd367159ddd95d63477942ef1c76d9b5e7c07862b86fb35547,L4_safety_boundary_difference,10813,1000,0.09248127254231019,10.813,508
Alpaca-7B-train.jsonl,8859,e2ffba0cb252c4f56fdf304358133129e25326aae6f67e0341dc3f746fd596e9,d912e1019a24deeec4ac914bcf1b3559846b8906e9906945c271da50490fae0b,L4_safety_boundary_difference,10813,1000,0.09248127254231019,10.813,509
Alpaca3-8B-train.jsonl,11451,f5a580de9ec90bcaf8ccdbfa52a50117dfe60d8e1586da6c468ad06bbe4d5b9d,7ee5c0b9dfba456fbf8cfcdbb5a31fdecb2ac43e92476e81c685c43de111b7c3,L4_safety_boundary_difference,10813,1000,0.09248127254231019,10.813,510
Alpaca2-7B-train.jsonl,3041,26679c10c722848ac80158c47583bffadecf14bd6f2018c95185fb3d33ec3424,7e5f9380c926dbe83514f1199485342c587dbcb6346e9c858cdaece3f9650b08,L4_safety_boundary_difference,10813,1000,0.09248127254231019,10.813,511
Alpaca-7B-train.jsonl,631,d46aec9bebccbc96255b3ac08638063573a5db63e166c3b8c909ed064015fbec,ace2b86e27d977a8e3c8ebda1191232515e89c0123edb106471a6c0d22fbcc02,L4_safety_boundary_difference,10813,1000,0.09248127254231019,10.813,512
Alpaca2-7B-train.jsonl,560,831b9ac6f61a0ca72ba7804c389df94fa84709f36c42fe9bc35ce8047e1d01e7,3c270cfa83be86de945de91d9296ec330a75a79c8cc4f8a9c49674dfc170bc9e,L4_safety_boundary_difference,10813,1000,0.09248127254231019,10.813,513
Alpaca2-7B-train.jsonl,15594,b3f6db3d4fdbfec320138806c46cf4be241b9e802884290fe19ddcf0c3d9b91f,0e7d2a4a5334a7efe39f36258248c77efdbd48d9b2a02bc5206a7f3871dbab76,L4_safety_boundary_difference,10813,1000,0.09248127254231019,10.813,514
Alpaca2-7B-train.jsonl,16962,62d34823a44fc6b4df5e47a706e10612445d266b38a9b01a6fb5cfc05b965f17,58a884cc65d6f6cc9f40122dfa6118bda5c92789395729dbb4756d979bc96062,L4_safety_boundary_difference,10813,1000,0.09248127254231019,10.813,515
Alpaca2-7B-train.jsonl,17316,28937b9f52fa1fef997dd877649711b2d65613202a27c5be51a24fbe0c90f0c3,3d7b64470c582b982b3099ce056137cfbae763631dd5263757e14d4b238a7340,L4_safety_boundary_difference,10813,1000,0.09248127254231019,10.813,516
Alpaca-7B-train.jsonl,14525,1e095cc4b22e2d711069defb560e611fb3ceb53f22f85d51628b9ec48288bab1,7d40bbece91311df04c7a1d75c3607f669cebe9bc48d851b2d003b9603d43513,L4_safety_boundary_difference,10813,1000,0.09248127254231019,10.813,517
Alpaca2-7B-train.jsonl,4823,28da73b06c9dd03e29dc8357ee142513a5f291956e03b05530cc21af0aef2472,cd3a35b2a6d8d55fae028be192b9d04071e104fabde6f9d58a5df34cb197dd12,L4_safety_boundary_difference,10813,1000,0.09248127254231019,10.813,518
Alpaca-7B-train.jsonl,18378,45a544bba5e1288e188a9acb34a6c6a34db985bafbf7a47e31d00bdcb408ddd8,7eb1aaf4123a346d7650a4b40c3b19cabd3dfb67efceda05a50602a0cb113c16,L4_safety_boundary_difference,10813,1000,0.09248127254231019,10.813,519
Alpaca3-8B-train.jsonl,653,94cef8b887c05e3596e598513b468ce9b14edc92a13358aa97d8a400bf01761d,4e971a658dc4a3101578be306599bdf791bc5d53c9e82330f97e1ba8268cbcfc,L4_safety_boundary_difference,10813,1000,0.09248127254231019,10.813,520
Alpaca2-7B-train.jsonl,9856,f5f71d8b56479749a944d2b8742270214a581f69384363130d60a943d9169e43,ae6265933140e5910b252e0f40d7178b89f50011f8a2a03894bc4885320804e1,L4_safety_boundary_difference,10813,1000,0.09248127254231019,10.813,521
Alpaca3-8B-train.jsonl,10520,81444b9bbfa496f1f27255fd706c17d57b556a60ea66ee54241906e31a646238,2791c9dc6e9e15640fbab5815331bcb1970271c0d98142522303781a0515635d,L4_safety_boundary_difference,10813,1000,0.09248127254231019,10.813,522
Alpaca2-7B-train.jsonl,2209,52f148d64b6153d26913b601102133a70c66a12de2345eb9db7f59e9fc432cee,1f685ecdf35da879f8bf1a19809834ed4a1f3c7d381e2ebb007bc38b6546a37b,L4_safety_boundary_difference,10813,1000,0.09248127254231019,10.813,523
Alpaca3-8B-train.jsonl,14028,cb4e0ef39206b470f595f28ebc669d59bf44d4b8309104ea1004143e9ac6a3cc,0aecfeb092be50e0bd5fba2f38c324250e947ff945b6a1723d217fb4c365c882,L4_safety_boundary_difference,10813,1000,0.09248127254231019,10.813,524
Alpaca3-8B-train.jsonl,13451,b48b2481f1f44188a9bcc1e6473096909d3c56d22a71a5f184621ce479ceb0f4,c3b99e482685105d440d08eeffb86c34716f09125c904ba004b6abb280ed54bb,L4_safety_boundary_difference,10813,1000,0.09248127254231019,10.813,525
Alpaca3-8B-train.jsonl,1377,4e2f12f9a499201f58a8a8d3ad6eb53dc148dd21c19ea3593d152596053a4833,019fe889a3f390850e07536c4a4c394333eb39e26cc0e4be3628ade122f29b2a,L4_safety_boundary_difference,10813,1000,0.09248127254231019,10.813,526
Alpaca2-7B-train.jsonl,20297,6498292c056101cec9047676f1ef6edd970085481ace70c48fba3200aa1515cc,23cdf965f55f03221b22b44d8ae224247a17a28ae2883de25b357532cf9dca09,L4_safety_boundary_difference,10813,1000,0.09248127254231019,10.813,527
Alpaca-7B-train.jsonl,11080,7a7e10de3d652bea5cfe7da9617518a3366bcf685f455013b471daf5bcfe2a61,0df6e4c6c6be14da849e788474c22ae5c2351926564e55c7e537319389bb0963,L4_safety_boundary_difference,10813,1000,0.09248127254231019,10.813,528
Alpaca2-7B-train.jsonl,15529,6cfee2aaf05d9a227c788830a857edd4ca61294f71b1d324b7e8b4c7e102adf5,751c820b8f5655ab92729acdcbb38be774f7312d6a972241c56897b4ae8d0bfe,L4_safety_boundary_difference,10813,1000,0.09248127254231019,10.813,529
Alpaca-7B-train.jsonl,21663,1d0b88371f44cd50635cdda72a10092e338728597d18c8e3822e5d139f3f88c0,80ae1536dfdfb4566d7b6bf48f5b2d3268a488783e7a51fe2ee345c974b7957e,L4_safety_boundary_difference,10813,1000,0.09248127254231019,10.813,530
Alpaca-7B-train.jsonl,5284,14d7d4454f6099790194db6e2b653fafb5578b5b25fa6170722881dba2178d5d,60107d3c62d44514ef174443d54ab7cd036a0da4fe530c3ca470136db444e543,L4_safety_boundary_difference,10813,1000,0.09248127254231019,10.813,531
Alpaca2-7B-train.jsonl,2769,19517c0dfeee94f3be07b12055d6ecbb67a1a90ec64492974fef305ceed145c9,cd94dcf3654c4228bb93ea9586dde4ad511904bc19848bf994d673d67d2608c4,L4_safety_boundary_difference,10813,1000,0.09248127254231019,10.813,532
Alpaca2-7B-train.jsonl,1402,f4e3197bf5a96ef9146d383952fc192914dea5a3bc4f7c622d9fc6cc20768571,a53c17eae3330425d8add2a726871c5368a8386b7f0dc5725dbf13a6ef871527,L4_safety_boundary_difference,10813,1000,0.09248127254231019,10.813,533
Alpaca3-8B-train.jsonl,17636,6cf02dd04cb620f007ba2d116d854a9699d54945b1ac3e876736c88a28f1bc83,13e3fab209eb42bd8d7489f8ff6dafc430ed785822f2a439ec3e9b38440d94c6,L4_safety_boundary_difference,10813,1000,0.09248127254231019,10.813,534
Alpaca2-7B-train.jsonl,20280,06cd14401607df0426b69175c9109c87809b499f77fd3750f51b4641b11be139,5d7c48fe92b00ee485abd814109a18cd06cf3706430dd18a3161dfc6d6f1402f,L4_safety_boundary_difference,10813,1000,0.09248127254231019,10.813,535
Alpaca2-7B-train.jsonl,9488,f2b30c7eaddd480d5af776a2346f55cafe4140beb3c0b39eeed79eaf7d726964,217b88bc50387db865859a1e87f0ebe8efa17a3809c2db6d1f0da3313b68a6e3,L4_safety_boundary_difference,10813,1000,0.09248127254231019,10.813,536
Alpaca-7B-train.jsonl,14981,f1b250269dc6c4ae732a67f639156f2afe50b9e3f15809f2335480eaba40a079,ba9c46efcc240a24e53ce4f84254621f7d8a21a40f9d07de0deab645f9d5dfe9,L4_safety_boundary_difference,10813,1000,0.09248127254231019,10.813,537
Alpaca2-7B-train.jsonl,12568,d9066786a7bfe2e65e198d48290b5347fab38f0bbdaf467b718d6963e589739b,8a79f5f8969265542a84e4ed525af92056a19e226d9b8c0da1737c65a842c27b,L4_safety_boundary_difference,10813,1000,0.09248127254231019,10.813,538
Alpaca-7B-train.jsonl,1618,29340cec99c08a41fb756f1dc9e45d855b134807ee6cdb73b7ebe52b0e486384,60cd8343c7cee7a0077bc7a1ab730d4db4e74ef1ce2f32787905da94fefb18dd,L4_safety_boundary_difference,10813,1000,0.09248127254231019,10.813,539
Alpaca-7B-train.jsonl,13401,4e0b359fc550a797d677484cd097f1df4bbb94ae07d6abeddaf3146f15c1d928,d34f7dfbbdd856b83f7b38da3ce619d81f34f3ab419514149432f438e7ab76ef,L4_safety_boundary_difference,10813,1000,0.09248127254231019,10.813,540
Alpaca-7B-train.jsonl,21422,37807192de91d59972a01037774a7690003755d12b80c73bb2a653f6aaebeba6,3f39f8a7fd225ba9b712e0c3afeebd971d0beb909a0ed4d59ff3f4bf57a8a6e1,L4_safety_boundary_difference,10813,1000,0.09248127254231019,10.813,541
Alpaca3-8B-train.jsonl,3277,8e4c928c664105005bec715bde6d83427fe04de1f692475170d314e87f92e626,96b574af988828516935ac38f2abbd49b2fcacd2f6e9fdf07c7e942cbb768e2a,L4_safety_boundary_difference,10813,1000,0.09248127254231019,10.813,542
Alpaca-7B-train.jsonl,19175,b13bed2382e133d05777b6ee4d8745a145a946b818d4598759172c9bbb286912,088ae8d41f926ee9adbf462dfe0319802fd91de8e265563ed0200cf0e82fcdd5,L4_safety_boundary_difference,10813,1000,0.09248127254231019,10.813,543
Alpaca3-8B-train.jsonl,20569,337377910d27c47f84c02e5f0ac2cc1e49ac0926a828151ace0501476a2fe6b6,0d10c90474cd22579e80e37a896b574160ff281697278332e68dff9582273d47,L4_safety_boundary_difference,10813,1000,0.09248127254231019,10.813,544
Alpaca-7B-train.jsonl,6368,2c0192d83087d71efc9ef09989f7c3bf5829f180a71dccd596bb180dae3b1c63,2e40d7ad0d1780a9cb2521ca75728b0e08ba8111417d41c1e89e9676edbb6ad0,L4_safety_boundary_difference,10813,1000,0.09248127254231019,10.813,545
Alpaca3-8B-train.jsonl,18711,ba6fa71d21f1e539ffc6321bdeef895f531fc54dae0c703f39800c120750fd4f,54983b05c6f933014675e3b4da42968f5265d6527fd0150efa45678dfd57eba0,L4_safety_boundary_difference,10813,1000,0.09248127254231019,10.813,546
Alpaca2-7B-train.jsonl,9905,3e1a9487f86013d9edb124fb23a7a1a2f1cf1104c3c13accf7972d8c9a4bf87c,482ed0b569cd5db16c6feb0f957dd5255849977eaf421c268c476d2d79f8d426,L4_safety_boundary_difference,10813,1000,0.09248127254231019,10.813,547
Alpaca-7B-train.jsonl,18629,a46b950c85869a105bf024f5398b46d394d1a2703a8a9384f218c7d878e8092b,e65aa44b9aa9bff0b79e37b50769dd120ce657eba6d0448096d2eedc7f8d5545,L4_safety_boundary_difference,10813,1000,0.09248127254231019,10.813,548
Alpaca-7B-train.jsonl,9856,5299c939d12abd0bc1be39e8c831125f71d7aaa748ac6eaec2ea2fb6f76a0417,876b50eda2776243f8ac7896ddcc9d1897265dd4f3d827d9027211ba0c91de9b,L4_safety_boundary_difference,10813,1000,0.09248127254231019,10.813,549
Alpaca-7B-train.jsonl,10760,2941b603349a791324ea35cef3b9f3d0e63aed21209f8031a40c77562d2bb672,73d7a94f836553060cdb300eb7346485ea1bcc245d3a296427fd6543dca15ee6,L4_safety_boundary_difference,10813,1000,0.09248127254231019,10.813,550
Alpaca3-8B-train.jsonl,11706,9697aa4b556bda0609a5411796b0cec57a85852bc795762191d2438a68f37073,50ce450a573a40c46c8ab701ec2fcd06232a1fd137f2550c78d9fefcd2bda178,L4_safety_boundary_difference,10813,1000,0.09248127254231019,10.813,551
Alpaca2-7B-train.jsonl,18969,af5ecfa5639285b1751f5dd463d2b825c42cceee21e38b3e227a70b13f20f3ee,46ae290ae9e77468a0f8b4caaa2c4acbd48cfcc67b7770aa58ee90bf534e2451,L4_safety_boundary_difference,10813,1000,0.09248127254231019,10.813,552
Alpaca2-7B-train.jsonl,2480,ec07c7659e21b4c123c1fbf5bbf7b5891d4de6e61a15d793091806a10a53b060,a3303c4c3f179d0a290ca2596f16f433193214a8e3860b5b28164ebdf52c43a0,L4_safety_boundary_difference,10813,1000,0.09248127254231019,10.813,553
Alpaca2-7B-train.jsonl,15382,54aecb8d7d97bdbe9eac5a922bfffb2b2336c5c379a76f86c6936f8b42983e9f,eb3f82a7bdb9981d631a8ee00bed155836e668d2e222115ab771481006dba25b,L4_safety_boundary_difference,10813,1000,0.09248127254231019,10.813,554
Alpaca3-8B-train.jsonl,3849,a414e862e51fe8488a731a06b5646766819072e9417d7e881b19ad63f005e367,3dce0675b7a1fae9e69a4c8d80d472eab72d2b7da9c959d4ad8b3cb2dc955e46,L4_safety_boundary_difference,10813,1000,0.09248127254231019,10.813,555
Alpaca3-8B-train.jsonl,13939,dae17c4d3120283977dd2fbc83991c8fb388b0540c5fa9c3ecd21d5f14cec1dd,78bbeb19499628e2478012452edf19d8f55210972d3d48b9a9d2b6de0d43293e,L4_safety_boundary_difference,10813,1000,0.09248127254231019,10.813,556
Alpaca-7B-train.jsonl,26087,560e6007d2eabbd627e05fc80c9c47c78452a9a5ae68f798381f6f42822edced,fbec6082ab15e35d088067824506fb14b179fa9647485e25e77070ff7b2dedad,L4_safety_boundary_difference,10813,1000,0.09248127254231019,10.813,557
Alpaca3-8B-train.jsonl,101,22d62c1b27c212aaf8ef77b36d73decd52e1f00dfb0aa09a6a5728da559a7198,41c68fc6de830b916ba9b54879ca300e6e73c3b7aee3d0db3e7bb5add553f8e8,L4_safety_boundary_difference,10813,1000,0.09248127254231019,10.813,558
Alpaca2-7B-train.jsonl,3078,4c418f15c3ae73d33ff5eb2754dcd1af99fd456b12bb0e679cdc64f52e82a5b5,b2ad05dcaee2ee15d7fd679eaf321aa6e8488d751d64a1678f106b95ede5775f,L4_safety_boundary_difference,10813,1000,0.09248127254231019,10.813,559
Alpaca3-8B-train.jsonl,20950,191332a9949a8522d6d04779d3e1691526c459ff79886b78524d4cb86a218078,e796b7c0c419ceab915a43061ac3039a178717fc9cb3852b162c8d2dcad205ef,L4_safety_boundary_difference,10813,1000,0.09248127254231019,10.813,560
Alpaca3-8B-train.jsonl,15629,67f5bc5561690225487e94080f8f79ed56feeb72caa5c6047f383b339b251ec0,4b1e8f45aa309d1b243eaf82309f95acd695b577fab8d7b725bd4e2922f01ab6,L4_safety_boundary_difference,10813,1000,0.09248127254231019,10.813,561
Alpaca2-7B-train.jsonl,10872,22b12254ec48deb6d3d31070a5e71d16b6d924a793df68f002541ff9ba330351,a9030b0796dc10cc8ec8e177de666853efc0b9818d2c792fee3953a93c78fbe0,L4_safety_boundary_difference,10813,1000,0.09248127254231019,10.813,562
Alpaca-7B-train.jsonl,25955,a7fedb87179fe507276ce7e50993187a255f1f2c4540055b774766f867660cb6,f5d44cbdfcf61a9d5f33c6ce54e271bd3a9614e3d78e55c2d9eec1ca5289efff,L4_safety_boundary_difference,10813,1000,0.09248127254231019,10.813,563
Alpaca2-7B-train.jsonl,6491,de2df362d0217f9e0c5358cdfc90d2ce09afccc4d545404dffb42739510134ed,134a810f180117cdd9a9c0dd1907d36b5c8d2790f4b46216a921acfdf18995a3,L4_safety_boundary_difference,10813,1000,0.09248127254231019,10.813,564
Alpaca2-7B-train.jsonl,9505,547f2d5f392e69fd0bb298ca50d1099743145c7aa632ba1a11ec333ab6849f46,9af368b892fbe0ef029920df70e64910df1b0eda6401b7b95597a4d0ad659107,L4_safety_boundary_difference,10813,1000,0.09248127254231019,10.813,565
Alpaca3-8B-train.jsonl,13766,fffa8b7ec7a9351e0e0d77d00820950058c22fd6b1b0d0dd2a0619dc363f86f1,da7c96a7ce5853ad05759a4061441758eeb71274477defcd0747abe356a17e5b,L4_safety_boundary_difference,10813,1000,0.09248127254231019,10.813,566
Alpaca3-8B-train.jsonl,16782,2bc3677d244b0857e50211b4b3cd7a14d46ee98f3768bb968632ade2168704cc,f6f320500e014f90c843ca8cb9e1d360c403dddc7cb094c164cf3e42504d3591,L4_safety_boundary_difference,10813,1000,0.09248127254231019,10.813,567
Alpaca-7B-train.jsonl,6226,e6ae8dd0aab25ee6daa877d99197616e437947e144aac331429e3fd9657849d7,686440f1d530ae55acbe1f22160c85dd830379d70c6e207788b7a88ae51df2f1,L4_safety_boundary_difference,10813,1000,0.09248127254231019,10.813,568
Alpaca3-8B-train.jsonl,13122,e4ea75fb10a4a7c52fa16e4bc12cf541d0ea0332a966de6b0a599337d44921d3,4baf136e215d3cd553044c2d5abb6673d94cbd7f3e5c40cf653f5e594620d1e6,L4_safety_boundary_difference,10813,1000,0.09248127254231019,10.813,569
Alpaca3-8B-train.jsonl,8609,f3c1c2597f523d8981a5b65eacd277911257fda3864aff96d47faa45cbb36c39,ddac1e54355a5777291c2b0f689a0787f2d21a62033744e5ac5a2831c60aeff3,L4_safety_boundary_difference,10813,1000,0.09248127254231019,10.813,570
Alpaca2-7B-train.jsonl,13139,8a393bfa4ef36b06de45bced1c98f35466b85176f1326e75b49f26b19553a568,82652f160d615374ea6d4f69536277f2de7ffcbb9fc0f6970c2cf209cdff384e,L4_safety_boundary_difference,10813,1000,0.09248127254231019,10.813,571
Alpaca2-7B-train.jsonl,13461,f9f3784fb728d48d4f970cad4d29b0f49b8e670abf82971c09e37ce572d58ca4,80528a7666f6cb9dd2675006b796acaa0d615b64edcf58fc54745b07baf05683,L4_safety_boundary_difference,10813,1000,0.09248127254231019,10.813,572
Alpaca2-7B-train.jsonl,9972,084f4aa8dbc3f63284013c6363575d6fadb4bf73d857e9c1ca7d3a80a4fbc5d0,4719bafbedcca05d6d0919a20f7206750eb482b89abd0e7cb8abfcdbd9137c52,L4_safety_boundary_difference,10813,1000,0.09248127254231019,10.813,573
Alpaca2-7B-train.jsonl,9314,717d856fc05ee7e924a82c2ff9e305caf744d0e00d359ffa0acabbdb543e5508,e94449e7a41d0e1c70621828f5bc25160277fd8aee86f12bc1d8b5dc4e3fecec,L4_safety_boundary_difference,10813,1000,0.09248127254231019,10.813,574
Alpaca2-7B-train.jsonl,7647,2e19d894e3a5029d33504a8e12f79865d887c1976bf24c6754e0bf0d0a147f84,bf7256704b6b91f7746bade80a3dc34ca97d7ddb877db2f1628a6d88aaffbbdd,L4_safety_boundary_difference,10813,1000,0.09248127254231019,10.813,575
Alpaca2-7B-train.jsonl,10697,11ebe8d988a32bc249cb775e0ff1df6dcbd80c15848f1179bbe7a5e4ffeea11a,d166f55c0413ff3dbb0068d49316764be31ecc5b55cfa02a87d21381b7703a69,L4_safety_boundary_difference,10813,1000,0.09248127254231019,10.813,576
Alpaca-7B-train.jsonl,20483,a20789daee09afca5b60e491e0d2dbaaf5131eee7f37b584ae87783088c713b2,f259f07ab55ed9c8d0690e9045ea3143f5cf39a004e303d0fa3e12f9279eb20a,L4_safety_boundary_difference,10813,1000,0.09248127254231019,10.813,577
Alpaca3-8B-train.jsonl,18696,740f9456259f933feaf6709dc7a67fb6fc4797557bd8ecee4287bf24a676f156,c54407124c6f6b1b1e48aa5521c49a3454851c80e7e3eab94118aaf813bd7d21,L4_safety_boundary_difference,10813,1000,0.09248127254231019,10.813,578
Alpaca2-7B-train.jsonl,17487,e26ee0b8e19eed4650cc9456195a82b541df74fb2e9001a4ef6aadf6967dd5d4,7459cc1bfa3f84b867682d9bcc1c08963392859ef6223dbeff913af86ea873ea,L4_safety_boundary_difference,10813,1000,0.09248127254231019,10.813,579
Alpaca-7B-train.jsonl,15682,ae084aa0e60ce933c3e507a52545d0cf194e69531b5fa24ecab8ab7fd322e782,7c019ee0c4cfdd797b5718bfee039e395c72a10d38813accb7ae2ba9b6483ab4,L4_safety_boundary_difference,10813,1000,0.09248127254231019,10.813,580
Alpaca2-7B-train.jsonl,24819,f8b779afb4ecbef02aaf19e6d80e6edf6ffa7176fb6c18d1f178b4504a8461f9,5c1340f72e97258e7ec90f6bda4892aabc5dde9717f9d69629b71148c5a7296e,L4_safety_boundary_difference,10813,1000,0.09248127254231019,10.813,581
Alpaca2-7B-train.jsonl,10545,6cf2299e9412c1e7853bd1d1fc309618c801b7cbd0809e814b70107cdf0a51e4,0c76a7a318e3c6090a638e2e1619c8f2c492740162d956f39a8e27bdedf64777,L4_safety_boundary_difference,10813,1000,0.09248127254231019,10.813,582
Alpaca-7B-train.jsonl,14026,864dc657de8a1d91ccd0a9c08229d2c48832eecd43150b0d6df8e19cff92ebae,387dc4715e0912cd5ee6481c9c57e0baf5e31ec1263eb12bf6f18d7d9a19601c,L4_safety_boundary_difference,10813,1000,0.09248127254231019,10.813,583
Alpaca2-7B-train.jsonl,2653,03d80a3b6f34ea38f71da0e1cf96bb50e9d01f8905119227c6a3173c8158fa58,573bfa8e614b9c448b28abf643ac349c4f781bc370c0836f3be1cbfb7fad9657,L4_safety_boundary_difference,10813,1000,0.09248127254231019,10.813,584
Alpaca2-7B-train.jsonl,11159,590d7e1dd2f97a3df1a34261772e24734e448130403db7dfa8359ea11ad3a1fd,f5315fc8e3ec1499d2677bab97f2f78a884007b33c9bbd0b75264fb1707855f3,L4_safety_boundary_difference,10813,1000,0.09248127254231019,10.813,585
Alpaca3-8B-train.jsonl,11493,0a58b581c142711d377677d208bbe1b86d8795c97f181584fa83b556e025dfb0,d54e91a22c073ebb57c01aaaf9e2ddfb58d44ae4260a673a94f68ad64e50519b,L4_safety_boundary_difference,10813,1000,0.09248127254231019,10.813,586
Alpaca2-7B-train.jsonl,19391,8b98074783d78ffca5b2f604035a9000ba33ec505bf48ddf107069f6b5471ec8,d797d3535626e24d8c2d25fcf1845095f3288fb90e39b90a0ab3ec0bf0897681,L4_safety_boundary_difference,10813,1000,0.09248127254231019,10.813,587
Alpaca3-8B-train.jsonl,14988,f8d56e0ac5f492b564307c93b61f6d9c6a0ec18b6134171b518bfef429e78beb,f3c173eef97865c14fc5ea0083ae4d68e4f9a5dc86182b14b3e2a321071cb679,L4_safety_boundary_difference,10813,1000,0.09248127254231019,10.813,588
Alpaca3-8B-train.jsonl,5086,d0f541601cfa5f486a07c7f48bc30d8432a93c831d83ee78e2a14020730b8dad,b8dea92dc6e23cfb2213d648e3b3a1f7818f4fe3f1bb402e0f88dadcb0663f33,L4_safety_boundary_difference,10813,1000,0.09248127254231019,10.813,589
Alpaca-7B-train.jsonl,13919,14cfcfe6b87f5206164922f8fddd5e4f973827fbb9381d200d3bb9fc76c32e7f,1e5929bf80110307fe8f3876bcdf152477f69ec898de7c164f93a10eebc8db8b,L4_safety_boundary_difference,10813,1000,0.09248127254231019,10.813,590
Alpaca2-7B-train.jsonl,9992,baa43a9efd2c100b3342fcbd020857ad5cf35fd75ff46b328f6b17bd87fb2ae7,4012058de9de766cb13be363fb3a47dbb5f80a2d94af495e092268523f37542b,L4_safety_boundary_difference,10813,1000,0.09248127254231019,10.813,591
Alpaca-7B-train.jsonl,19615,b3814d6b40d8098fbe7c0c5bb3f1b08c70d237b249eba14de49f84bcaab446b2,452798ef7842ed914fb557fe742c1eb13e87ccacec610228eb134bcf3288acae,L4_safety_boundary_difference,10813,1000,0.09248127254231019,10.813,592
Alpaca3-8B-train.jsonl,19699,07073b2b908c02650f1282a6863b553447fe285f0c51fd37700099f6f92a43e0,e59d2dcdfffeecf4b4acf11e313795e1b53b8fa20cbb90f4ee655d41283b3612,L4_safety_boundary_difference,10813,1000,0.09248127254231019,10.813,593
Alpaca-7B-train.jsonl,472,0efb9af4b2fd36d889fea967f6c88a60609678f052b8eb759a4c0128903bdc61,8174df5cdccaf0626a26c42e7aeeb29c8e5672824a56988240fee3816f48ebd5,L4_safety_boundary_difference,10813,1000,0.09248127254231019,10.813,594
Alpaca-7B-train.jsonl,25383,c216cd28558602dfb1de051a7f35ee430c66d0afa87ccb41623a71248897aa0e,5dc3a54215460488c92a58899613794914fbad2451653bf2cc5bd8a3af269b64,L4_safety_boundary_difference,10813,1000,0.09248127254231019,10.813,595
Alpaca3-8B-train.jsonl,14459,af4ac637f6133bffc737dd951bd08fc1298641102a81191371da138490308d54,e79f2cc5fc9fdca757f2a4c8eebed599194cfcf9435466590f5f1632e4abcc81,L4_safety_boundary_difference,10813,1000,0.09248127254231019,10.813,596
Alpaca2-7B-train.jsonl,14124,8f82d6f05efb7699614fe2b3e2aa93312a7b400a336d3917c91a3b9f0563033a,6b1d890552fb28721ffcfa2b45a2b6b212efc0d74e342a40e8a2c970a9a8fb14,L4_safety_boundary_difference,10813,1000,0.09248127254231019,10.813,597
Alpaca3-8B-train.jsonl,11129,70593321d27861ffb0ded2ec37aed7d27dcb7167f309f614e00991eb6962bec0,da4cb6e3061b51f493e3bbada32b61a008344c858895924535b3fd17cce7b94f,L4_safety_boundary_difference,10813,1000,0.09248127254231019,10.813,598
Alpaca-7B-train.jsonl,26012,797e932f32f8789ad3dc9d3e8eb6a31817c7455b12c79b3bb1240f0913bd196c,2ecc3e30266a44c963fe44f82fe1366b2700e9f5bfb7247acae594a4c02b7839,L4_safety_boundary_difference,10813,1000,0.09248127254231019,10.813,599
Alpaca3-8B-train.jsonl,5307,65e1b770a97a43f1ade3bf1f044687a6837097b2b911dbb2980c063cd1200b21,de49beae803ae3288403ce064e19f1e5bee097498a9dd3a9ffd427bf681a21c9,L4_safety_boundary_difference,10813,1000,0.09248127254231019,10.813,600
Alpaca2-7B-train.jsonl,24135,b9c8bbc599ec9a63ff9f5f0d851810906c8e35e6b162d0bc4153e46c0d7bd3a0,de8cee9abcd2957a402f4aebfc1260ad9b5b4990cbef2ca1740e723dcfdbba3c,L4_safety_boundary_difference,10813,1000,0.09248127254231019,10.813,601
Alpaca2-7B-train.jsonl,25190,7f69b325bba5d7d156087851c88baa41a2dd03d85035354f2ab033e1f68d5f2d,f7581c9c5d7e3b9b4024d8d93c56d474f057cd506e47efef2fee54df606273f6,L4_safety_boundary_difference,10813,1000,0.09248127254231019,10.813,602
Alpaca2-7B-train.jsonl,1418,c8b8f8862b511c17bac9ea70d5cc571dfcbe06ad24d5593434a7cecb5e90e7ec,b75378c0080342e2337a45deaba718c0d734d7e2604da2446001bbfe23dcbfd4,L4_safety_boundary_difference,10813,1000,0.09248127254231019,10.813,603
Alpaca3-8B-train.jsonl,20907,8ca5dee1061307df87b4e49b745555828e2397d1a03df3cd1f9c320cba684399,7bb071566b689af4618f0ac83ee4f01854b679b9c3d7daa76feb24336bf50fdd,L4_safety_boundary_difference,10813,1000,0.09248127254231019,10.813,604
Alpaca3-8B-train.jsonl,13627,7a78fc8dd819860009e485a89dd3beec3ff468d00d619c78d01954b7b5fcc0a2,55fd0abcbb233f6b390f29dda2c0c4a6c6b25a7e0774aae8488f4ecdb2fd1efd,L4_safety_boundary_difference,10813,1000,0.09248127254231019,10.813,605
Alpaca3-8B-train.jsonl,5050,83c13bf3379905eef2fd24f0e869362740b5ae598c18ee6e51fbe45bdff78137,a8687c6880404eecff0ead2476b534c875f2f7c0bb7ce4c8d3b58fcb29d90650,L4_safety_boundary_difference,10813,1000,0.09248127254231019,10.813,606
Alpaca-7B-train.jsonl,24000,8bba724fbf0267bb311188bdb2829b00b78585e56ac16ae8d822482a3ba0241c,6902e899d361a0a41fd53ca38754f62352a078d824e8b3fdd02a8b31ac031c66,L4_safety_boundary_difference,10813,1000,0.09248127254231019,10.813,607
Alpaca2-7B-train.jsonl,1712,a5ba4a7d5894d7504c5c6102c0882e8f9ffc6ffbb7e2f53138de0b769c9bb8e0,10b6e28837f479dd449569be0b1da53d44fbd699abcc1c5e88cd4aeb9a263ea9,L4_safety_boundary_difference,10813,1000,0.09248127254231019,10.813,608
Alpaca-7B-train.jsonl,2305,9e520addba7d2605ebc4c23aa9913e2bbebb29386f1fd45731d3e5d21a856cbe,75d990fe9b373b9f5d8e7df2bd7987dd11b3b0ebb3fa812a906e0a219c603bd3,L4_safety_boundary_difference,10813,1000,0.09248127254231019,10.813,609
Alpaca2-7B-train.jsonl,939,2accf33b276ad98a385749cc341eee4029a577ed33b691c8636d6e259d662c89,ff2c829baf60711fabbeb3bd58f66da7efba2cb3b9be03bf269799f7b1ddbfa7,L4_safety_boundary_difference,10813,1000,0.09248127254231019,10.813,610
Alpaca2-7B-train.jsonl,16395,0c29088337e87f29f759c041948e677e56d1c3c129122c03d5872f805e3d3743,95dd4bfaf70d7b2b2d92ed8ea152296cb2b322dc244ebbb7ed45564080488c7a,L4_safety_boundary_difference,10813,1000,0.09248127254231019,10.813,611
Alpaca-7B-train.jsonl,26642,aff617a3aedf12c1a6981794be66318cb41346021f7209df3b23d90d00d98dda,de99c24a6026a9d0b1d7f1b8f82ded202ca8f77906b95ab44b6cd52791b18aeb,L4_safety_boundary_difference,10813,1000,0.09248127254231019,10.813,612
Alpaca-7B-train.jsonl,14880,94467eff34a891be64024d5c5165bdae2d25b9bce981eb55d046988551754468,6b6bd7148d42e382c6453e92e7452730e8e12e6e4884a0d16d33476f48dfbaf4,L4_safety_boundary_difference,10813,1000,0.09248127254231019,10.813,613
Alpaca2-7B-train.jsonl,9627,c62b8729b356aca9344d1fa5b3e05cd7e72f88316429c072f7e64da4060e3998,2c736211b62c6c5aef0ead487a0a3a93525395c0073dcd57ec2895822d79e498,L4_safety_boundary_difference,10813,1000,0.09248127254231019,10.813,614
Alpaca2-7B-train.jsonl,7036,8a99b5a8f5a8c4190d3ec99f8bba4ad40da0dddd1447206fbb9b866b5cdfe07f,37e7d8f537e16559243b49a7c186b454dc4ca2e29271060d65a512e4f4212f47,L4_safety_boundary_difference,10813,1000,0.09248127254231019,10.813,615
Alpaca-7B-train.jsonl,13294,e43fbfa722c27ae0fa955c8f0e258d532d8135dd10f628ffa0dc9d17b14010e8,653d27c954060155f35cd408287718fc27c249a295b28df4efa1f6102321fd52,L4_safety_boundary_difference,10813,1000,0.09248127254231019,10.813,616
Alpaca2-7B-train.jsonl,24986,da375cf07c981b904e7247b9906ff6ebe71fe9412f6ba9669f2c2823e22307af,1d3dc1c2f4a692a7dd29053d4d504e75d6204c6e62cd036a2bf8a8e951e64452,L4_safety_boundary_difference,10813,1000,0.09248127254231019,10.813,617
Alpaca3-8B-train.jsonl,7143,3c553b8296e8a97ebda3b5b218dcb997cc225b357ca9e322a1a7145c661675fe,f86fbc44b26d610178d70680c9895dcae060c7dbfbf111512c141431d51c3b55,L4_safety_boundary_difference,10813,1000,0.09248127254231019,10.813,618
Alpaca-7B-train.jsonl,16692,e534ff061e20330051d12242c6ec771c04bfd1e2b00255b83870cc006ba63eb9,3c2750b77505c0304577527d7b4c41876aa7e7ceef4c13ea39e0f5d31b785754,L4_safety_boundary_difference,10813,1000,0.09248127254231019,10.813,619
Alpaca-7B-train.jsonl,11186,06240881cfc7adde6993a663fe6141362913ad8f0ed4b15e6272b974c274c98a,a0e3b5b1d862bdf001b3d87f886202861608f7601e59acb0d3cc062d0094e33e,L4_safety_boundary_difference,10813,1000,0.09248127254231019,10.813,620
Alpaca3-8B-train.jsonl,12621,cfed5c8635db06f5cd629a5074624f3149eafe31f7fdb8fcd0b2f613a08bdaec,20c7ff9a09cd84e6a158fc11efbd9436ef47702c3e9d52131da36562bda81ab7,L4_safety_boundary_difference,10813,1000,0.09248127254231019,10.813,621
Alpaca3-8B-train.jsonl,2587,8c5f8f5c6b121337540f4b1dfb8ac6d9b969431c7e3fff37d6c02e4b979646de,ed163c7fb799d939a15a2b3e40e1a88b677c0b7771a92b699de88bb1fdcd9ba7,L4_safety_boundary_difference,10813,1000,0.09248127254231019,10.813,622
Alpaca3-8B-train.jsonl,9422,5dc7e187841761ac43abba97f5343baf398bd6d106b64824349668caa0909be7,bfb9423d0993645d04c875700414de1b09d38bab6cd91db8cc5e425c23192d25,L4_safety_boundary_difference,10813,1000,0.09248127254231019,10.813,623
Alpaca3-8B-train.jsonl,18572,ccb45b7032c4b26e91c9f11e1f465a313e77252318ca8ef085b1e140b9c077a1,1fe447f4b9644994d8907704ce559e5cf2f97279b003108dcb5f1ea295470ae0,L4_safety_boundary_difference,10813,1000,0.09248127254231019,10.813,624
Alpaca-7B-train.jsonl,7382,a100afca877f5efaf3729f5e1e5b6ac121e394672e0e4e01c16ed5fc4a7853fd,17ef4edfe4927cd7821dce5c189452e0c099e226f16db68cfdd234841d1259da,L4_safety_boundary_difference,10813,1000,0.09248127254231019,10.813,625
Alpaca3-8B-train.jsonl,4529,c743d7c500f1982963044473099b7140653f8704cd81997c13b30056779daec6,8d55014e0f4d4f23420c71507c1d352e981dff271fc32c8004b11087de0ba94b,L4_safety_boundary_difference,10813,1000,0.09248127254231019,10.813,626
Alpaca2-7B-train.jsonl,22035,4e28edadc53b80aba4af5d5b9b23a6ff8e981bd613a4b1d76925c62635fb7e0b,66ddea2d7dad79f8d840c891e00c8f80fadb4d195fe1d986281d8a1d97ffa292,L4_safety_boundary_difference,10813,1000,0.09248127254231019,10.813,627
Alpaca-7B-train.jsonl,26555,7e1047c38c716b29beb554ae6a5e73def72cc76e317329e214757a98d13224ba,74832d247d4a6968ac4293d5fd8ae88b8305bbf99c8aac33763fcb74cf3bddbd,L4_safety_boundary_difference,10813,1000,0.09248127254231019,10.813,628
Alpaca3-8B-train.jsonl,6622,709ec3c3b19b1786761f78b6a2b35f1c5d751447ddf218d38b1b269738a34b0d,28cd31f7544d9dcaa02335d9a6d027d8eff6dc37d215f8756d1a04b5b04924c5,L4_safety_boundary_difference,10813,1000,0.09248127254231019,10.813,629
Alpaca-7B-train.jsonl,2518,b81e862126a7ca4f63600c8466b7455f552296db8de130b2065d2f6c58a329c2,494e8dc646a4e214ee50948632a250dd1fd0804d1c44267a97e7679fc3b6737c,L4_safety_boundary_difference,10813,1000,0.09248127254231019,10.813,630
Alpaca3-8B-train.jsonl,13246,49f6a722840d25e4c20514b972df59960b471f406733dd9aff2315a89a9aec99,7786e3bf2f0ea6cd3c83ca623786ca83872b31c0664ea9a78aa3910560d3d53e,L4_safety_boundary_difference,10813,1000,0.09248127254231019,10.813,631
Alpaca2-7B-train.jsonl,10448,5b5f896863d98717e69babcce360bbc68766c14e32d2ee409a87de328a934d7d,9ff3d8fcf9565a61e1bf32064fab9de5ac535d23dc40cf1b2bbe438003862ccd,L4_safety_boundary_difference,10813,1000,0.09248127254231019,10.813,632
Alpaca-7B-train.jsonl,11562,8656662af589f94b3a3cf9b60cb96cbbdbdfe65b703df1e54f26c9c891813736,e262d9cf632742e39b938c3c623ba7e17e0f3ee9cd2f0369922c8633407bfe7d,L4_safety_boundary_difference,10813,1000,0.09248127254231019,10.813,633
Alpaca2-7B-train.jsonl,19984,2fd85016ceb27ca7ed97ebce560b220515d5f74dbf6ba4fc6d189e8f7a8824ae,4b68b2ba6cc03338ede018bc2056c30370f35a3a9c04337924099ba46ec100f6,L4_safety_boundary_difference,10813,1000,0.09248127254231019,10.813,634
Alpaca3-8B-train.jsonl,17408,43d5f80f2f148fce6fe373af2115863da6c950b9b441a990db7c93c689179d51,0aff9b01028d16a8f949a8e525797d0f62cb82fa68bb6ead25607abdf0d08bc4,L4_safety_boundary_difference,10813,1000,0.09248127254231019,10.813,635
Alpaca3-8B-train.jsonl,9023,4909af428deb351b5796c54056f38d7c3b1998fed052c3b8cc56ede2ab0e042d,82cd0883f5020803e2b0a4effaff8a66568437b58505752d21f5878faa117283,L4_safety_boundary_difference,10813,1000,0.09248127254231019,10.813,636
Alpaca-7B-train.jsonl,14001,0cb369909f65e3e21ec4e6aa6a8c2e6ab8f7b44aa3c9829f306d8c92ddfbe0ed,799612181adcbf845a4af7372743d17cffc435dab90a184115e32bd6f9537b52,L4_safety_boundary_difference,10813,1000,0.09248127254231019,10.813,637
Alpaca2-7B-train.jsonl,15488,0302c72bc58e42c80de2810cb246072d1122566dfa0b4b9c9983ff3a32cd9f01,83093a4a92e02b9b18d6fd552c9dd6ad56f58c908bc7e7d789327293afc1b359,L4_safety_boundary_difference,10813,1000,0.09248127254231019,10.813,638
Alpaca3-8B-train.jsonl,13594,4ee7fdf9c345241b7b45fa065abb195ee2d071f50fb2e0e124af3a981ffd99c6,ed3ee2545db70ad03e87c73008cef725dcd4caa58fe32d0ed17f26daa727ef60,L4_safety_boundary_difference,10813,1000,0.09248127254231019,10.813,639
Alpaca2-7B-train.jsonl,21970,1cdb93a3b107b86a3d0d33de78b8bc1893fa235c9a9c78f5eb7280846dafdf3f,3425b5fd24f9dc305a470024782537a45a80775a0c0ca5f9300473421185b419,L4_safety_boundary_difference,10813,1000,0.09248127254231019,10.813,640
Alpaca-7B-train.jsonl,5462,166e9913f6092187f1b74aa80a8aa21e7f2a69188a6f7fa281a6547de215845c,49f83fd44ba6286b14ac08f8b89335b3aa99f70a1ff9219168c1746145bf51b6,L4_safety_boundary_difference,10813,1000,0.09248127254231019,10.813,641
Alpaca3-8B-train.jsonl,18860,658ae90f92b8398547915e2af9047ef8909e6c471be463e887560759bd088484,9808b384c6282f0e5bc64c9acc15bb756cc4b2d1dedeff431cc563220efffe86,L4_safety_boundary_difference,10813,1000,0.09248127254231019,10.813,642
Alpaca2-7B-train.jsonl,8802,58164897f002d99aa270b2dec3fa5fbd380da9dc55f3414b4737575c30229609,2443feb9bfab7c8f5e3035fb0335386c9ec3f1475c9f8deee889bf5cc0f346b8,L4_safety_boundary_difference,10813,1000,0.09248127254231019,10.813,643
Alpaca-7B-train.jsonl,16987,29813ced2113c86875780da1746dd1b26ad59c4adbcc896febb7ab3c14f25671,ba0f1579ccbb9f2cc0304c1285c39b5127cc870580420f1e6e54cbfd08fa2485,L4_safety_boundary_difference,10813,1000,0.09248127254231019,10.813,644
Alpaca-7B-train.jsonl,485,2552cdf3dcaeb6ddace3303894c2a23813ef903d54c9b786e83ef3ea9f3d8c18,670d794fa031675a3efffca3369b2cace2d41ebed7b2bd96065cfc97f68ae648,L4_safety_boundary_difference,10813,1000,0.09248127254231019,10.813,645
Alpaca2-7B-train.jsonl,853,87ecbd79ec64a84cd2214100d8d4988cce37974c657f6586eb60f4b51ef68edf,1882951e4a897eeb5e86baacdd51d1bfbd360c646a4af7306dbc8a8b0a597d4d,L4_safety_boundary_difference,10813,1000,0.09248127254231019,10.813,646
Alpaca3-8B-train.jsonl,16217,77e80f196498f2d796de0a6a514a0550e8f1774df52f0b5aba425357f2e62554,1c5c3851be9f209beb6b9092ce51c1c2ea08a8cd4e2d8670716f9ef81011efd0,L4_safety_boundary_difference,10813,1000,0.09248127254231019,10.813,647
Alpaca3-8B-train.jsonl,1968,bed7bc072e4ebedb5618125d6901decf2af152193450875c362c600b3245fab6,2b47eafc2689121e49fc4b36ae035264ff099af7465e79c22474a36c2cdf490d,L4_safety_boundary_difference,10813,1000,0.09248127254231019,10.813,648
Alpaca2-7B-train.jsonl,6917,3a97d1cc8b69dcc1725d8606d5111d5ddb52ab6608265fb8f64da5309faf2ea4,4af4990b48aa2a31e5b0638581118fce338bb1004061b71643c8a29397e43922,L4_safety_boundary_difference,10813,1000,0.09248127254231019,10.813,649
Alpaca3-8B-train.jsonl,7435,570939af4ffb66fae7c3d801b08831f5ed525c9ee393e493ffd01fcd0b1c4412,d0e050714c41bf451cd91436c4bc58c1dd913b80f1c96ba28cb448595a1a78d7,L4_safety_boundary_difference,10813,1000,0.09248127254231019,10.813,650
Alpaca3-8B-train.jsonl,16038,fa6466bd714f7169a0a85419262760d7c51d3c9865d4076fcdc38c0b9c4f69cc,e5ac9250fdfb4c8ad2b562daacb9ef272703e9b7b3841215cfcc659d4d9a2e69,L4_safety_boundary_difference,10813,1000,0.09248127254231019,10.813,651
Alpaca-7B-train.jsonl,9798,95bcda3d19de33ae9a597560592ad8d57fa981e333df139ef0a7398e8ea4bea1,8d9dbcd885f0f6957703f8e3ac21f5bd8f78adbf90e5c79b0ef05fbae448ab81,L4_safety_boundary_difference,10813,1000,0.09248127254231019,10.813,652
Alpaca-7B-train.jsonl,15409,827e5e649c7b064ae332b666b6aa50733659b7e3ed993b9a3b5017df74ade43f,ce89b9c4bfbd0a56ece056ee5e1858b84c1732c2dd6cb85879cef6deb7529f38,L4_safety_boundary_difference,10813,1000,0.09248127254231019,10.813,653
Alpaca2-7B-train.jsonl,24916,d4eba5ccb76880f9c03116135cf66e81ea178a0c331a304becd9bc19806d022b,12d5af62e5960afefeee1ec29b543214a0cb69a6d432fd7e73089f49ec0d3e1e,L4_safety_boundary_difference,10813,1000,0.09248127254231019,10.813,654
Alpaca-7B-train.jsonl,25946,85fc25cd2421c8cb6d2afc03354e787500cb985c76d9058b7f8b6cadaf3e91d5,4d74e5bb651ae32f31a3699afd7345e5fca7da997e03d9df228e9e92dbf4d24e,L4_safety_boundary_difference,10813,1000,0.09248127254231019,10.813,655
Alpaca2-7B-train.jsonl,2820,88d42077acf5e5456b827411afecdc377d825f0a17866dd0efd9648d5bb1321d,0def40bc90821ff90cc463e7325c01dcffa5eafe795e6c09959ed0f7c2067ded,L4_safety_boundary_difference,10813,1000,0.09248127254231019,10.813,656
Alpaca3-8B-train.jsonl,12094,4d15899d7dc6d255185a557a2266851891edd95e87c7e24e97b156af6e49bb18,df4552d30a5dd89eca89091bcfef0f6ce51cc7f228dd89b0bf9d6166ddffd857,L4_safety_boundary_difference,10813,1000,0.09248127254231019,10.813,657
Alpaca-7B-train.jsonl,26757,dcf1b21b608f57c240454925e12947d74133d3ae211f23b46a54e7884d5d7bfd,d184b9e4db861ac222f7f2580cf41b7ca2e1f8a1152b47854ccd6f0ee3327e0a,L4_safety_boundary_difference,10813,1000,0.09248127254231019,10.813,658
Alpaca2-7B-train.jsonl,16598,073b1299f2f5359bd806b42cbef4532a5855d232d6a93397a709202822f497f2,40331d7150de9960c810518860a215746383d348eeed2654935304093514ed85,L4_safety_boundary_difference,10813,1000,0.09248127254231019,10.813,659
Alpaca3-8B-train.jsonl,10328,0ccb087977cd66926ad0d64daab18f3b640860570589d3a5d45cf77d89f80062,bb17f0d68cb2e315ef88ae4ccc8015d1b05420912e9ddb5415a2307593f02c16,L4_safety_boundary_difference,10813,1000,0.09248127254231019,10.813,660
Alpaca-7B-train.jsonl,9101,1c1009d9a6b458d90e38e30e62c203bfd2aad59a6ad76a094d6006cf0d7b3ff8,0338717b9546704f1a95b65429a87989168d09121b1b599e69c4be28fe171e9a,L4_safety_boundary_difference,10813,1000,0.09248127254231019,10.813,661
Alpaca2-7B-train.jsonl,16575,12a143b21f0b13c684d5d999677b0373befc25551f2ae8f70886ba62ab8da115,4134bebc8d583282b08864930772ff6df3c4df289350336c7d866cbbe30e2519,L4_safety_boundary_difference,10813,1000,0.09248127254231019,10.813,662
Alpaca2-7B-train.jsonl,9942,90ba31e70e4342326d80a6be9c9f7767a739204c38884274213ecc6dec640927,026a11c90994146876632ef42395121a022ba719801837350e165e76ce5f4498,L4_safety_boundary_difference,10813,1000,0.09248127254231019,10.813,663
Alpaca-7B-train.jsonl,24379,7ef592b27cdd2144672421a7a88efda462d1d2642f316f4db5f329d3aa8066a0,042f22a279cb682a01e0827532175e3346c1c2e110e75feed32453ccd3cf8a40,L4_safety_boundary_difference,10813,1000,0.09248127254231019,10.813,664
Alpaca-7B-train.jsonl,3342,d419b728ff3a4936ced6db121acaaa484d18cfaddf70e5a5029694d618f729a2,45bf7900bbc3ab772d788b5c53357682a6675b2bcce6d5c08697b929e5ab2396,L4_safety_boundary_difference,10813,1000,0.09248127254231019,10.813,665
Alpaca2-7B-train.jsonl,2284,8516a38fbda6610758f3048ff669e5edb295fbd817f5b5487aa348c833e06659,2e8dc428cfec856a8b9d90bd7ae66767c6909d65677ce032b4f0f062f686a016,L4_safety_boundary_difference,10813,1000,0.09248127254231019,10.813,666
Alpaca-7B-train.jsonl,20451,b8798906a8627b063431f7bf639e3dd2de865d22ae8779e094495f18c2661b93,d24c2dd73d346314b8d15a0cb6231aa27bd1c27d57d3ea1fb2052020082b8ea0,L4_safety_boundary_difference,10813,1000,0.09248127254231019,10.813,667
Alpaca-7B-train.jsonl,23341,776c4618605e8c375bb47717662be56d87f3b66a8539ba2dedda466ea4145bcf,1492a1a9d57dd578420e2a79a6f0523301f386575c6eeeae146718b80b9e2dc1,L4_safety_boundary_difference,10813,1000,0.09248127254231019,10.813,668
Alpaca3-8B-train.jsonl,11120,6a9648fed0649300fa3f2013764f92b58e4971df4220998e1850c31d95336a84,d9374504bd67f3517a2ab7491a9f628ce85c790ae5b272516120dd26a8410d6a,L4_safety_boundary_difference,10813,1000,0.09248127254231019,10.813,669
Alpaca3-8B-train.jsonl,7495,0c1d1dd9150beb6ad280c4f85366cf4f21fac25d745ca035b04a743056b84aeb,5f75ebab3d29f8b92efc053b1790ca2fc4af754bc198e0711ffe46085ee54999,L4_safety_boundary_difference,10813,1000,0.09248127254231019,10.813,670
Alpaca-7B-train.jsonl,12370,39233249f39920c947417d545098cf2bbd9b20c9f71d2a1b76fb7b968de92c98,1f5335adea2501101cae5a9d30047256fe6a177b59b2480e4650377ed2e6915f,L4_safety_boundary_difference,10813,1000,0.09248127254231019,10.813,671
Alpaca2-7B-train.jsonl,3474,8c5427f6d0c6be2878f92fffa207a18429fe56140ea8e6aa265d378890631968,129554b935eae63abb6b201cb9c7721a6348e3ecbe4fcd62c58ae1c1d8a198b5,L4_safety_boundary_difference,10813,1000,0.09248127254231019,10.813,672
Alpaca-7B-train.jsonl,8748,61cd0d63773bcd0ed4793c6835de8204c91665d8734dc7d7ca942539ffa3bc44,e7aef821d421551b5b8fa9ddc1eb2f300d7a85eeda9eb6cc5690019dc02c65ff,L4_safety_boundary_difference,10813,1000,0.09248127254231019,10.813,673
Alpaca-7B-train.jsonl,8966,1b69180ff0d7fb6f0a6b67beb50dd2e8b066ca9e18d411667315275e896a3eeb,08bb186a484385037ab704dcca139ac8baead8e6a6a739598c996457a17417fb,L4_safety_boundary_difference,10813,1000,0.09248127254231019,10.813,674
Alpaca2-7B-train.jsonl,18048,4937761f1813e14c4ceabefaee26252a7240adb92109907df9ad518f3c871e32,5135c196bfbefee42f16ac6050c15726880dabd487cbb61d7815287bbb5ea0c4,L4_safety_boundary_difference,10813,1000,0.09248127254231019,10.813,675
Alpaca-7B-train.jsonl,22420,1beb0e75a84a4b4491a238443f3da1df9edc24d57490b70aefec21dddb659614,54d82cb28f08e1bbd22214858fe3931c7bcacdfc9b1aed2c36bad3c4fa234035,L4_safety_boundary_difference,10813,1000,0.09248127254231019,10.813,676
Alpaca3-8B-train.jsonl,17140,5899a8ad41f84a1fead26c113e93f6fb405328e70b5b85255b4a1490b603da03,6afbeb6b2e29abb6f82e03fef2cf56300718328646e7f272608eb6529efe273e,L4_safety_boundary_difference,10813,1000,0.09248127254231019,10.813,677
Alpaca2-7B-train.jsonl,18896,c40b3bef87029b655ec3dbfad79a7d65d66271782bb428ed1f1ca7183759fe08,cc67dad1e2f6651be39a8f050c6a82176977db2765c63c3cd6de7c8b2dfcdeeb,L4_safety_boundary_difference,10813,1000,0.09248127254231019,10.813,678
Alpaca-7B-train.jsonl,4600,cba513f53f2b335de944cc8b0f3a7f4a13f7ae0fe62eff22c336c0809ded7d0e,15dc69769f3bba1736e2f1319f521fd12decfd6709a688fd611155fee3341232,L4_safety_boundary_difference,10813,1000,0.09248127254231019,10.813,679
Alpaca3-8B-train.jsonl,9487,7c9b0da808d30f3d6e6000e70b9968db0783a8bf3cc639f7b09f348e7467c01c,b47e7803d36781b37ec9e84eb9a92a7eb19270536b3f645c66caab9d5fa14978,L4_safety_boundary_difference,10813,1000,0.09248127254231019,10.813,680
Alpaca-7B-train.jsonl,19148,219236df621dc657ec4428102ed1bdae4a1357885d807d60a129dfdf7cce724a,dbc8cee526472e07426852b3c39cc97650b72576e0683c41bec32e7d94810b86,L4_safety_boundary_difference,10813,1000,0.09248127254231019,10.813,681
Alpaca2-7B-train.jsonl,6866,dd6e0da399fbc42a064c8df49cb2150ccebd5601f514bc0b2133740518825a87,8b79e49b6c9897ed3f4bcf45d404d915b95da31bdfc17245d33ead048ac1af77,L4_safety_boundary_difference,10813,1000,0.09248127254231019,10.813,682
Alpaca-7B-train.jsonl,23566,8089b0ce8b82b3edcc4e2ecaae117a55dea4d565ff1f20bbffc2d63ef96c108e,b541d393fe5f287d4834fb6b195922f706589c3226486b59db15299ce9a3cd33,L4_safety_boundary_difference,10813,1000,0.09248127254231019,10.813,683
Alpaca3-8B-train.jsonl,18518,d5d55f1dbf3d102881ec6df2aa1379c9ce453b7c04c06d4dec28193680b00d17,618e79cd682a5aa5a5df2477bf3d3a17694c3bba032a85a1aed1d8bad8c08a5b,L4_safety_boundary_difference,10813,1000,0.09248127254231019,10.813,684
Alpaca2-7B-train.jsonl,14435,a39d6bd2f61c01e9f924f5f58f75cd916358b637b2e6903551481016c8f19ed9,0046a4786bd3247163865a04568878723a707166e7311878b85a6470073faebc,L4_safety_boundary_difference,10813,1000,0.09248127254231019,10.813,685
Alpaca-7B-train.jsonl,3230,28863fd659ef6242363b4407c6458c6faf776543a7726088c9dee73c8775fa11,36887de8a9608e7d9a563dae2d07ae90c837e30e3ac19ffc33249f5340ab10bb,L4_safety_boundary_difference,10813,1000,0.09248127254231019,10.813,686
Alpaca3-8B-train.jsonl,17645,88854c88fed80acf7fd5b76868f0fde46fbe300624f0956ba7f173deacba46d3,cbfc4edf2b3e91952235c98a75f9a6084b3ae85f5d74096cd082f6f47c2ef4b0,L4_safety_boundary_difference,10813,1000,0.09248127254231019,10.813,687
Alpaca2-7B-train.jsonl,22993,10f3a78d8204b8bf150afc82e6f1d7be6bbe48f6da51d57c0a0cae0c8837488e,ce83775e13d14941538eda65b9da414e0f49073e3052fbd49c807a2a98d6378b,L4_safety_boundary_difference,10813,1000,0.09248127254231019,10.813,688
Alpaca-7B-train.jsonl,26157,a6de7af145ee1781476c1d395a2e1b193432076d3857ff75e9878526a7d41550,161fb9020a1d4a965071102f6fe749556ec745ad2ebabcf7d505b264b5f7de10,L4_safety_boundary_difference,10813,1000,0.09248127254231019,10.813,689
Alpaca2-7B-train.jsonl,9584,0390c7b822d027482637072faf5a7d15f0096bea8ea50dcc17688120b0faf089,1b2d2a27e06df791460715890a9fad63566791edacefa0d885a30909b614b0ac,L4_safety_boundary_difference,10813,1000,0.09248127254231019,10.813,690
Alpaca-7B-train.jsonl,3404,db953329f60d1e5c21a62f4538b63cb564b277e41b0410174078977383aa1345,993697d36ba695886fe0dd3b7e190eacf4b7682956300054d441f97c6e3ab053,L4_safety_boundary_difference,10813,1000,0.09248127254231019,10.813,691
Alpaca-7B-train.jsonl,4129,e407d1de22d0452baa8ea1d4e3c661b4e74dc876de4cd049c47007422b633b63,0c885d20003e0d91392447d368a44c8abe239a09cbfe63cae8594a8606fb974b,L4_safety_boundary_difference,10813,1000,0.09248127254231019,10.813,692
Alpaca3-8B-train.jsonl,7719,bd58e69d6db8ac7e5def408c7f49ccd8b1ad759184e5e6e46507028d5a519d36,4c79a6d99eae83bfa1e71aa8a32c9815200e7a5faf944f9d2df71213d140f208,L4_safety_boundary_difference,10813,1000,0.09248127254231019,10.813,693
Alpaca2-7B-train.jsonl,18951,cb3e83aa6fbe5aefc6e1e76339cf8474660e0da80e78a347784d7445e4cf6080,8f68dbaa590a4ae7b77661189c4e19cd25b8d035dfeaf21fb6de21cce71197e7,L4_safety_boundary_difference,10813,1000,0.09248127254231019,10.813,694
Alpaca3-8B-train.jsonl,15990,ddcdea2eb150db6efabeee9dbc24d6bf5e6ca31c00695239378c67ced038f752,144d2df9869928c7840f3a45d87c290792a9b47fa22e90223ab8a89cabab1bdc,L4_safety_boundary_difference,10813,1000,0.09248127254231019,10.813,695
Alpaca3-8B-train.jsonl,15382,8b8a112da30e8d312872c01c108d449b049aad56c179b144d99319fea995d6a7,f7501c25ce6bfbc21311bd4ea02b9fc7a6f31c33207fc638f65147dde7333fbb,L4_safety_boundary_difference,10813,1000,0.09248127254231019,10.813,696
Alpaca-7B-train.jsonl,20898,68aec7b18a07d4ddc00189bf014bc899efd82f146927cddf6bff09d3f1ba9832,f2c6143fe6909d8088d56a497b8ea538990c84dadb0fb8ab5708c103de8c98eb,L4_safety_boundary_difference,10813,1000,0.09248127254231019,10.813,697
Alpaca-7B-train.jsonl,2458,394452312251c3b2c0ac9cd2d165756b82db602f3ab7e697c741f8a6413b633f,ee8f6b55336671ab19fa8e402cf5f296ebee93ce571ad0eb0d9cfa586f44477f,L4_safety_boundary_difference,10813,1000,0.09248127254231019,10.813,698
Alpaca3-8B-train.jsonl,20256,6d421f9d9ada28561795c7627305f37a14be7c190d473f34675b2369f2a91caa,4e5d7dfef38eb413ff07335af3b9152bffed22deb500d3c31aab10386b5c7804,L4_safety_boundary_difference,10813,1000,0.09248127254231019,10.813,699
Alpaca2-7B-train.jsonl,766,cb64afc613943390923ebf283b7936f1c6936e2ab931c95447f1fc66369ef9f4,26d37be5ddbb58a4ce1b1e7b98f8391731f7a1ae4c46edfe6ea39bee12d1c14c,L4_safety_boundary_difference,10813,1000,0.09248127254231019,10.813,700
Alpaca3-8B-train.jsonl,9301,63150e01773565a0eeedd721b41bcac8393eb12018498caf5732fbdab33d5fdc,87de24f7078440653d184f540b3871c53fdf485c9faddc48ead13ee9d1ec1182,L4_safety_boundary_difference,10813,1000,0.09248127254231019,10.813,701
Alpaca2-7B-train.jsonl,12540,1f95b7feaa73e01578f66b83469e89c08bf18ff434ad5e4efc8ceaa55a1aa687,adab801b44058f46d3ed1fa87a45a6b0085c852b44b06cae9fe8ca009e4fb1cc,L4_safety_boundary_difference,10813,1000,0.09248127254231019,10.813,702
Alpaca-7B-train.jsonl,25644,a8c87f91702a32c4d6ed55b317e3c244cd4322cea7efdc62263c407d129082cf,7057facf11609a7b0687aa891e9d474ed6163049584a1677af7766c2affa40ec,L4_safety_boundary_difference,10813,1000,0.09248127254231019,10.813,703
Alpaca2-7B-train.jsonl,16771,a18570aeb2a23464aa5bcf43ab2662f9f426845e409336edaa29003f3ee0caf8,23175f781205f401fb4d0ed672d81096d5b50c9f6131a3765d5650fef377f106,L4_safety_boundary_difference,10813,1000,0.09248127254231019,10.813,704
Alpaca-7B-train.jsonl,6134,d6913430971b46b559e10798b974f4f6e8ecd22d2ed6f94204e0e41fe39c9b9f,19c83e4c7eb4b311118f2a111ac4364ea0fcd1fc500d28679a77d7e038853615,L4_safety_boundary_difference,10813,1000,0.09248127254231019,10.813,705
Alpaca-7B-train.jsonl,39,ebc9141fd935c72beb22e44dcd53ca1d1c39a7dd02a072be6a6ab56d1d76193b,3285d3d59dad4138ea08b2bde301c4c29e744559db1bb0cb22086b96ef166438,L4_safety_boundary_difference,10813,1000,0.09248127254231019,10.813,706
Alpaca2-7B-train.jsonl,11965,bd9cf97d3f7605f20df25595ce87603da147a195486c1a8de9dffdaf65544f60,98a26bf2a4a9e7618e4b8b786c7bf2559ad164a211620608807a6f424a76c8a6,L4_safety_boundary_difference,10813,1000,0.09248127254231019,10.813,707
Alpaca3-8B-train.jsonl,13825,bd7bbf4c72a9f81f7ae4ea8d401ac529efefb51d175401485a94aa35c101578d,b5860c2848b8d471590e0c091b9d02036585bb1d5f88c125c5919143a3407aba,L4_safety_boundary_difference,10813,1000,0.09248127254231019,10.813,708
Alpaca3-8B-train.jsonl,11272,ef1ab0339796d0258014a63efff78174d649a130276d776dc5ee23bc441691f7,2e97b582ea900ce86b19cf79f6ab5245dd10d9049fd8a107fb9778ca4d3397f6,L4_safety_boundary_difference,10813,1000,0.09248127254231019,10.813,709
Alpaca2-7B-train.jsonl,506,993b5a735430bad29e9ad90ac8deb5425d1f9ed28c6816b955d634af981a4388,b1be4fb56f4bcd9026b5eb9d3779e274c43279e43ccc5e121792dd1670a0b454,L4_safety_boundary_difference,10813,1000,0.09248127254231019,10.813,710
Alpaca3-8B-train.jsonl,4709,4b621abc9470bf184e794ab5ee8f7c1db75314edee4482ef75ae8ad750e70017,424f6fbc8e3bad3e0967506f60819cf0e0b4f80aa676cb058403e25a06dd731a,L4_safety_boundary_difference,10813,1000,0.09248127254231019,10.813,711
Alpaca2-7B-train.jsonl,17850,88109a2c55497a495a6ea199de03d7be1db563882700e08afd427626c87b4dda,76ee93e78e28003ce2d35f77972b504aaa160be01e78ed845a6a88ca21f5f78b,L4_safety_boundary_difference,10813,1000,0.09248127254231019,10.813,712
Alpaca2-7B-train.jsonl,24754,8fffbf8fa01d1c9ffb2038d9508d91cd801ccce208a8e5ef29cc32b64d262614,10dbcea616df0c6edb85bc7b160dee9bae43cd774af1fda393db64f08c691002,L4_safety_boundary_difference,10813,1000,0.09248127254231019,10.813,713
Alpaca-7B-train.jsonl,24280,9d02443467efa0fa19f8ae6bad8ebe286cf084195b9f9af6b935877a938a0fbd,eb45f1b2e0cb5a72b40558a46babc14cd1902759acba6b9a661e372732f6d1a4,L4_safety_boundary_difference,10813,1000,0.09248127254231019,10.813,714
Alpaca3-8B-train.jsonl,9601,c4f40d3f4094607b060caabff85f7bccb5c0f2a376636430bbf6a2b0b46ffff4,7fc23819a1c1c49c5e14e51c0d7091603265bda36b7500f2c5ce401c7af88ba2,L4_safety_boundary_difference,10813,1000,0.09248127254231019,10.813,715
Alpaca-7B-train.jsonl,20807,e42e0b672657454b8ce16d1106b9dbaeaeab94a49b14a426a4251dd54341481e,81ee976d9408a43c91bd7a37f65ad07cd0107370f16a45e8ebd96da6050932d4,L4_safety_boundary_difference,10813,1000,0.09248127254231019,10.813,716
Alpaca-7B-train.jsonl,11919,07b1c48cb38d78151cfaaaabcee7bb004de1dc4d262043f2d1719820a16351ab,8f76651cc426b44ec8d6db2fa636041a7ce4dc0566a16dce8e446ddc46d68e6e,L4_safety_boundary_difference,10813,1000,0.09248127254231019,10.813,717
Alpaca-7B-train.jsonl,12941,c447f8a7e5edb393fe29b430f454cd194c95c2cea62d34c18c2d4f7a6cfbfa7c,a59fc1220b2c9bcfd133c6a213ab14c7e7505ac5864accc9d042bc3c40cd45ae,L4_safety_boundary_difference,10813,1000,0.09248127254231019,10.813,718
Alpaca2-7B-train.jsonl,16409,3e32a61fed3920c2edb1d3e35b4347ccbc52dbb7bb6abb1229611e123e75ac57,6cc2a0d6722a892a19ac9cce6a53938f40961daf9499f752ad73ae9c8d52f408,L4_safety_boundary_difference,10813,1000,0.09248127254231019,10.813,719
Alpaca-7B-train.jsonl,1699,16d0d48c0f2f243f42b40b79894f29463ebc4922057dfda53241d9eba83c7906,e2c1a5087a54bdcb0a2d93d7faa65f1975dcd32545e1ad62fe3957d65b970bf1,L4_safety_boundary_difference,10813,1000,0.09248127254231019,10.813,720
Alpaca-7B-train.jsonl,12140,59e10509073fa83dff12789d7c1c0eff8e43494b18a8e7f964f6acb2ca422f72,329ca2f8391d2d724e3d6a6364d09c7b0f01d5b16a51a61468d69ac63ba808cc,L4_safety_boundary_difference,10813,1000,0.09248127254231019,10.813,721
Alpaca3-8B-train.jsonl,7174,e478ae87d0959b5ea7ee69713dcfe773c4f9536b2709d21abc9cdb7b25ff4463,c98a9d0e2f64c6b76cff56e2b743d68b395caffc835928fd53498334e030da60,L4_safety_boundary_difference,10813,1000,0.09248127254231019,10.813,722
Alpaca2-7B-train.jsonl,14021,e65f179ef8fec4c465e70092f0479bdfa98f49e4a01a19853c936fd093534e4e,21bf06427c71597b3fa88286e9ecb37047eb77867ac6c7c1fb70747a09f511d0,L4_safety_boundary_difference,10813,1000,0.09248127254231019,10.813,723
Alpaca-7B-train.jsonl,25989,84565a4cd22f2210242a72a34947b3c34259959a5c20b3e96978c3f46af9bb89,00b28f963251f25a805d09eac642fd171f17e646946ed2a516d141d794137c54,L4_safety_boundary_difference,10813,1000,0.09248127254231019,10.813,724
Alpaca2-7B-train.jsonl,25511,e06a37c61eed8221a2a2df8cab20971ac24a7f2f190d9fe33c5f52358b4472ca,064ef152e7fc67861c24499c7578ca18393c18582fb828d01bcb6ae7291ca138,L4_safety_boundary_difference,10813,1000,0.09248127254231019,10.813,725
Alpaca2-7B-train.jsonl,12248,2079094bebf4be35b93a77b3b48f69c66a4d7873fcdd2e74d9069583cee29c61,6b6878fd587a82127d122045e5e41908d072b1b4a474225d357930c0c89d9757,L4_safety_boundary_difference,10813,1000,0.09248127254231019,10.813,726
Alpaca3-8B-train.jsonl,20397,8a88a73bd8f7395f85826e570df5272f6b761716d0dcf9a0e81a57a68b79dba2,7ebb67eb1c76239e1a9d759845e81dfe2a7ff21aa2b37390ed107ab845892ce2,L4_safety_boundary_difference,10813,1000,0.09248127254231019,10.813,727
Alpaca-7B-train.jsonl,15445,a497e1001d40a998fbb9fc85ebf16af21dcbf27a887eaabe04b82ee8089f874c,bd9857c8b9feb802b6d9762f0785344470ded3c9a0e34b08aefb27bc98fadecc,L4_safety_boundary_difference,10813,1000,0.09248127254231019,10.813,728
Alpaca-7B-train.jsonl,21104,1980ed9ef86d46fba498408ef79aaed3d97914e430e1d3eb13466e797f77dfed,f760b08e0b912e18dc3d8f45b7e0baf9bcfb32b166b9ed6cdf40b3b24ee50b71,L4_safety_boundary_difference,10813,1000,0.09248127254231019,10.813,729
Alpaca-7B-train.jsonl,4558,84c5afd514c4aeac2170296f841b32b16a86465b5e61efbabff692e47f724061,f57843753c67c281f99035d5683a1683d2beb7db7fe408f38404b4d45d2133bf,L4_safety_boundary_difference,10813,1000,0.09248127254231019,10.813,730
Alpaca3-8B-train.jsonl,17415,76fdf05a161ba698d13343485496c037cff3302c056abd29c7669f600db79f64,f81aa7d6d9dbedbb4029ce8aa86040dc43802da4095fec18b6450d2f1f84b7f0,L4_safety_boundary_difference,10813,1000,0.09248127254231019,10.813,731
Alpaca-7B-train.jsonl,9320,4a11b7f902f5eb3f644dd780eaa5978e019bc4cdb212b6c90c6624425815d002,b56f81c99a6e118d9af8917653c3a05976a2350d92ef1ef2fce74adb20b354e0,L4_safety_boundary_difference,10813,1000,0.09248127254231019,10.813,732
Alpaca2-7B-train.jsonl,19856,c3f0f9e35d3371975b01699939b9547ce3591014d19183c4193f409dd112954c,469ff9868a837bec8208ae3c8f89d29b29c0ad30beb1dba0ae2d5a7251cae0f3,L4_safety_boundary_difference,10813,1000,0.09248127254231019,10.813,733
Alpaca-7B-train.jsonl,3566,f1570634b5ba9dd3a72712af47d00b32eb4deb281ac58f598813b43f9d7b8262,c9d1bbf82d951428fb6f0dc84db7a6e3e951db61c65234ec4a86b64eb72ba7e9,L4_safety_boundary_difference,10813,1000,0.09248127254231019,10.813,734
Alpaca3-8B-train.jsonl,13079,ad5f6d1e229ba2ec6faebaf2196035107192d60231d3c44f7c34dabb991b0b54,c590ba52972df300ef3f0fda9b8555b4004e24e47fce1a1c7093269872fca866,L4_safety_boundary_difference,10813,1000,0.09248127254231019,10.813,735
Alpaca2-7B-train.jsonl,3381,859533057c46f869676e7a697d3caac272af769b36b53f525d88be35e91069fe,03139237cfadc7ce94248ae3df108bcb1b266a5aa1db5f6f0ccd1c01ace31401,L4_safety_boundary_difference,10813,1000,0.09248127254231019,10.813,736
Alpaca3-8B-train.jsonl,9744,0a5a754934cbba3f8321cee5874709730910f949b39e370841eb397ed53182e6,a5c2184cc9c557af5de64cb855692760bd5597455ca52592dbc00033ae2cf246,L4_safety_boundary_difference,10813,1000,0.09248127254231019,10.813,737
Alpaca2-7B-train.jsonl,22430,31e21806cb1fc5687ed075bea4024c3efbb3b610b975ed33ba15538af9448ebc,9ea5a3194fc060345267ad6248f232d67b377a21d2654c45b85fd1863b38ba83,L4_safety_boundary_difference,10813,1000,0.09248127254231019,10.813,738
Alpaca-7B-train.jsonl,7348,9eb5a06409a3aeb0be504a3d307b6a3fd66edf0be5ff79d6425e9b5b6b30822f,4b20aa793979adeeffc4090c551c720c93db8a7c097243c338beda7321cc5417,L4_safety_boundary_difference,10813,1000,0.09248127254231019,10.813,739
Alpaca2-7B-train.jsonl,23117,8325c84a59d27d633a0a9952e1eb5aa8ed0c4db790103095f5974fe40eeaf0d2,dfe5d0027cf12dfa9c7d2ae0a5c88dc76ca7558cff74d8c8c084bf42519ff28e,L4_safety_boundary_difference,10813,1000,0.09248127254231019,10.813,740
Alpaca3-8B-train.jsonl,419,2884a480d0865c28f55437fba710fd0169e95e844ce3eb271929d74fafeafb7d,8f93c4663abdf7005dabb194352a55fb3b577d5c3dc58f6116b2a174eab6e414,L4_safety_boundary_difference,10813,1000,0.09248127254231019,10.813,741
Alpaca-7B-train.jsonl,4419,0bd55c4657ecf127fe244a087148f8eecd013b75c96d68a19bf52efdc79e10ee,929712573091d1183d716f2e0ea249a8997f9c80c19655d44927ea277e98c2b9,L4_safety_boundary_difference,10813,1000,0.09248127254231019,10.813,742
Alpaca2-7B-train.jsonl,24947,b2c8f095c0f6a1e5739de47269e3fc16d9b49969db3d18b15986f509507c3a11,6fb05b77b89171663b626d569cd84053d5c47af8a54b6679582f5b057ac40802,L4_safety_boundary_difference,10813,1000,0.09248127254231019,10.813,743
Alpaca2-7B-train.jsonl,14878,888706fbfb238f4343ab493b972862cdac1b56b08aa2fc3f6f187f55a2160351,5135f1f36679682ecd30e0e4fb93092ea86c6a7729e62d0dfeb0decaa0c5218c,L4_safety_boundary_difference,10813,1000,0.09248127254231019,10.813,744
Alpaca-7B-train.jsonl,8344,45a045371f8e6c40987796057113ffdb3d53c38bc044a49da1e09559f096395a,230f7b551a24280530400a4b8b4cb9997066354dcd1c473473c95d0b2a70654d,L4_safety_boundary_difference,10813,1000,0.09248127254231019,10.813,745
Alpaca2-7B-train.jsonl,24497,6f12d0cd117c64b8c761b265da62c6cea5b73e29a03ae1482e8a7cb946716f6c,d84eaf2a459eebd2049fb6e018d04b9c0aa6f5e7a4c27fb5901b02a116da5ebf,L4_safety_boundary_difference,10813,1000,0.09248127254231019,10.813,746
Alpaca3-8B-train.jsonl,6328,51cdf58c8b9961c33b3d1d6c55dc8feb9834072189718c6152a7cdc5d92c4561,f0c280a218f6c6bcf8bbfa4ccecf192b0f78f89d428dbad20ead2e8c317180b8,L4_safety_boundary_difference,10813,1000,0.09248127254231019,10.813,747
Alpaca2-7B-train.jsonl,25064,3104e880eb21c64b1805e9421184fdc56e2ebfc7133d70bb5d5a01e5eea1c3fe,0e11c0c8810de7a0517e63fde284bb9bc2c4d2cd97e76425695261df8330ece0,L4_safety_boundary_difference,10813,1000,0.09248127254231019,10.813,748
Alpaca3-8B-train.jsonl,16316,1635d4d95d0a5bd35876fc6ed845940e251a69fef1aa2ffdfbe5aed022b60e0c,da9c65afa6a81b3f2822667b543bf896b18793e756f6c5853de2df3a3d790d7e,L4_safety_boundary_difference,10813,1000,0.09248127254231019,10.813,749
Alpaca3-8B-train.jsonl,2538,bc8a96f4a33cf2d072b0617bc74c5da0b02b93525a9a1dc109472fb117831889,aa02675c6915c53f2841fa0d07668b64434bd43ec99ba574a5743a0a047d00bf,L4_safety_boundary_difference,10813,1000,0.09248127254231019,10.813,750
Alpaca-7B-train.jsonl,25835,44afcef8f4efad33ed64c5f61bd8abdd44c80d034bfbf336690f5f8bf1fb980c,834bde640d84381d9ece21b96eb5862077d0dabfe8bca3a2eb108e1db6da398c,L4_safety_boundary_difference,10813,1000,0.09248127254231019,10.813,751
Alpaca-7B-train.jsonl,8375,f7a21ab7538b74041f220b7e61b503afbc39300e6790542645a29bc5eb5030fe,b82d3c13a7ca2722aff41cbfa6e7fe7cac9c636f0296108847b6acdbe1293f71,L4_safety_boundary_difference,10813,1000,0.09248127254231019,10.813,752
Alpaca2-7B-train.jsonl,3622,0ac69a76f936b2bd42187c935231e46a85b2d466f3f7c285d682dd196e5cfa93,6356ccc3fda5a30ee9fbb0004d688343a900e0697d4d1f3245e12fd517dc510e,L4_safety_boundary_difference,10813,1000,0.09248127254231019,10.813,753
Alpaca-7B-train.jsonl,18998,5c74fd5ddeb248cf9c50b92c561170268e6027ef7c5432c4b9518f6a6ee5fa65,fa66aadd41956e3e84367affbf3ee86f3f55ac576388361852661cc70bbbaaf6,L4_safety_boundary_difference,10813,1000,0.09248127254231019,10.813,754
Alpaca-7B-train.jsonl,14191,f9e2c32e0e05d6fb1d2c01edb1af4e941e69b1193f48a388a7f45f9506c57e3c,36f4f2da740ad3dbbd5ff3e0df846333784df8bb5bebd023080b8e4f9f499dfa,L4_safety_boundary_difference,10813,1000,0.09248127254231019,10.813,755
Alpaca-7B-train.jsonl,1294,a23713acbe66019019ee64181c0ee72d93104552d2d12470309300823a432898,fdd3b4aad4959f984ca5b84d324bf89fc4b8e80975ef37c35bc747bbb39c4c7b,L4_safety_boundary_difference,10813,1000,0.09248127254231019,10.813,756
Alpaca2-7B-train.jsonl,5507,0b8418c316f66ac392b0611031f9efd46680471beafd785722444ac50b656175,70e389ad55f4458a102be60165cafa3da960f916555e0a74a6a81d54ea9f03ed,L4_safety_boundary_difference,10813,1000,0.09248127254231019,10.813,757
Alpaca2-7B-train.jsonl,9107,9975b6d5880dcf79b2efa437b8c704084dd521f94cb04c841b4971d41a4bdd3a,e63a25048379283f763f4129e53a318d318efc707f00715f823a736e48eddc63,L4_safety_boundary_difference,10813,1000,0.09248127254231019,10.813,758
Alpaca2-7B-train.jsonl,6872,0aa684707244fee65eca443dd5f09edd803f78d6856b7621723664dd6a18d70d,8a10b1d507f65d5a2ba04997747563b19df0964b4a1119b231c0fa2db5c18f04,L4_safety_boundary_difference,10813,1000,0.09248127254231019,10.813,759
Alpaca-7B-train.jsonl,25647,6435ffa380ef0caab5c69d272181ab7d3b1d77bc61708254835cacaff8e20a5c,54586cdd478fec3a16ad539da850fdaa4327767aadab9b4ae418032f0c9515a3,L4_safety_boundary_difference,10813,1000,0.09248127254231019,10.813,760
Alpaca3-8B-train.jsonl,1888,52bed8f194693ae910fd4ebade9efec3ae9b33479ad625b9c0e76ba0151a364c,fc8764b74ec0754db07da5b1d03518818b0a8f043f2ed36a7b904d2d94b012be,L4_safety_boundary_difference,10813,1000,0.09248127254231019,10.813,761
Alpaca3-8B-train.jsonl,17435,9225f1e67eb994de192aabd0558a4f8320bde0074cc2f7639ef2d8918651f6b0,de8b027cc3bb327079f8a935da012e8dd28fe23e7daf1696213dbfc41f0d780f,L4_safety_boundary_difference,10813,1000,0.09248127254231019,10.813,762
Alpaca2-7B-train.jsonl,2813,ea7c690b4e0613cbd9504e92f2968d9bf3461e5b4773715ef99c31271837323b,a4446666c3af44e421ee86208ec7a5d70b4dcb2067c77693ecc248167fc7d107,L4_safety_boundary_difference,10813,1000,0.09248127254231019,10.813,763
Alpaca2-7B-train.jsonl,14545,78eefd9719c60754814ad0597791043cce4e55f72dd6260cfdbf87c2cd738952,f66b5a8a12b6f9e9c8a14f2d7143a24639dca35911119a89c5272ba6ba11c7ea,L4_safety_boundary_difference,10813,1000,0.09248127254231019,10.813,764
Alpaca-7B-train.jsonl,17237,47f9738733c59253509c8be96410b7adca2953723bc937ac8b5f20a983e578b8,8df63e169504e6f653bd8d7d1eaffc4f6486de24428ccc87be04fa22049307ef,L4_safety_boundary_difference,10813,1000,0.09248127254231019,10.813,765
Alpaca-7B-train.jsonl,25395,12456496e4fe948ba9954f6dd54956503f8eac2246b4b1d9edec36b333b94c6a,e9af7fcb1869d4bc0548664534a10b9824415230d5fe22c3baa137384465574b,L4_safety_boundary_difference,10813,1000,0.09248127254231019,10.813,766
Alpaca3-8B-train.jsonl,14291,70f2197b68e51a578356008c43f7c29d92f3fae2793db7acc05049814fdc0c58,71c263382947cc11491ef7bdce2989171db2beeb237a4f32298f53375c157aef,L4_safety_boundary_difference,10813,1000,0.09248127254231019,10.813,767
Alpaca3-8B-train.jsonl,16113,eefd695b9299c3e75015e603c3cf64c5d74b24052c043307e50f8f54600814cb,b0aaceb27a51b972eefd2d5da2c1cc9d2136c29febeac5996bc6d8c64ba854cb,L4_safety_boundary_difference,10813,1000,0.09248127254231019,10.813,768
Alpaca2-7B-train.jsonl,10445,d784b255aeb0750c3816a10d6e5101483417d719fb5ed3e778a86e06d3b64f04,74de85e41a4448175d0603b4d18d382838ddd522525c9a957c3bfbb7e6f55c5c,L4_safety_boundary_difference,10813,1000,0.09248127254231019,10.813,769
Alpaca-7B-train.jsonl,6061,902dc3664dd5d901445157114e76795271f7372ec580384820c4f8eea3e0c23d,d644b0033c192bd3912a6d42b72fa59ec58343132eef9e7f2223d223695d8197,L4_safety_boundary_difference,10813,1000,0.09248127254231019,10.813,770
Alpaca3-8B-train.jsonl,10974,736c766bd091feb22847baa853173824b190471bcce06aae90b350cca47fb4b9,c41d130b3330f319fedfcb04c6a268c7faa1b7e6eced9e2314e0aef971c7805d,L4_safety_boundary_difference,10813,1000,0.09248127254231019,10.813,771
Alpaca2-7B-train.jsonl,5441,716994faf2902cac6572230757de4f6a4b730f699260902f47dee1c279513e19,547224db14709040587150de235145437f551d99f28ecc1bb364f52665057e11,L4_safety_boundary_difference,10813,1000,0.09248127254231019,10.813,772
Alpaca2-7B-train.jsonl,10195,abed8c7baeafcdcf59f01479d180fb8537fac0bffacd0e1640f1925e792d5874,fdef5643a2dbf83af1d1339c6d88764da43f057cea78a9b1353304757bd74d3d,L4_safety_boundary_difference,10813,1000,0.09248127254231019,10.813,773
Alpaca-7B-train.jsonl,12035,6bf3b930f752724cf5e4238fff94275c7c1962fc4d2ec210d314b15f4cb95460,2ae673fc9471ac65ea519faaeb721fa27ce0d2fe4facf7e2f71827d04e2ebf8d,L4_safety_boundary_difference,10813,1000,0.09248127254231019,10.813,774
Alpaca-7B-train.jsonl,4178,d828ee20d689a8dc092fdcd397b5893b73a580cb2429ac5a696169f5477f6f47,c53d0d99c9ee33d942d3c538bf4bed0b2b8c5953d9cc9a8f92f1df79ac07643a,L4_safety_boundary_difference,10813,1000,0.09248127254231019,10.813,775
Alpaca2-7B-train.jsonl,20345,67927c616c94e61a15fc02c8279cbcd9fff89f8626440ac60f2c26d649e7fbab,bb467125a8536d02a147cffc8447c261d85e54f8ee297e1f072ab243747d9d21,L4_safety_boundary_difference,10813,1000,0.09248127254231019,10.813,776
Alpaca-7B-train.jsonl,25805,166ee2832d5b6c589648d8621fdfff5ceda5d8a2b3a070356380548ff1f3c478,2b45b08328581944ba70fe4adaf970e3ca8bb5ad6f28bb37f91bda3998850842,L4_safety_boundary_difference,10813,1000,0.09248127254231019,10.813,777
Alpaca2-7B-train.jsonl,3298,62b36bd7db328f5b257fb7039829d17426b1819ecde187f28d15229f1a3cd2e5,694a3e1bf7b160a0dac12dace1414dc6ad871d3c1812ffa99bc9fc101711866d,L4_safety_boundary_difference,10813,1000,0.09248127254231019,10.813,778
Alpaca2-7B-train.jsonl,25316,48033cfd150047b666aa0b86c549369966286d59176e49dd2ac32b9071ca1871,6c0e7e136906defe411ef998439c3f4e43786ef4a2ba14ef973340e8a9bb669f,L4_safety_boundary_difference,10813,1000,0.09248127254231019,10.813,779
Alpaca-7B-train.jsonl,15956,f597a9687e498ba29e6906c911214ae575a315fa79456767798353eacec1ab51,4c824acfed9fde6fe0932f4c33f3e7f4ecd5b2e05f2d2fb3dfaa4a1e26d541c5,L4_safety_boundary_difference,10813,1000,0.09248127254231019,10.813,780
Alpaca3-8B-train.jsonl,9221,3c71a054318a8a1f0e929a22b73a1182d8d00c450cd3e815151bf05b25cc78ee,79140c1cfde925cc27ec2b98f057b99ce27a553f760455013a9edcda82309716,L4_safety_boundary_difference,10813,1000,0.09248127254231019,10.813,781
Alpaca2-7B-train.jsonl,17670,84acb0209b45ab067507dafaf1e7cdb222ece2e01ad56f9db39cfaed9aaeebe8,9381daa245d3cf0293ce8bcb081ed541c2273cf66d681f0be9658097712103af,L4_safety_boundary_difference,10813,1000,0.09248127254231019,10.813,782
Alpaca3-8B-train.jsonl,13135,365ed9e96782105716abb31868df6531b245ead1b09eba43454df5222f60018a,860960331e10dcf4ba5c94dd3756b072c8106b289919a4d2c8cf3ea953e31e8b,L4_safety_boundary_difference,10813,1000,0.09248127254231019,10.813,783
Alpaca-7B-train.jsonl,11240,7319c6b4c1dec9deae06bce3cfaf13104ae94e569e080c226c2c3703bfca2e21,ebbbb6c305621e047937b2ff42076e38ccadbdaa41a3110dbc80624a91b4891a,L4_safety_boundary_difference,10813,1000,0.09248127254231019,10.813,784
Alpaca2-7B-train.jsonl,11914,e49125e7889fca6dacdacdcdfefb6968a35a064474c5292e8dff366afaf18802,2d5c301a82674b8ef43831ce96aa52b5ef6ed5b0860a842dcfb6483583623ea1,L4_safety_boundary_difference,10813,1000,0.09248127254231019,10.813,785
Alpaca2-7B-train.jsonl,24407,fa2b73539eafd50ef62475ec06322627d93e5905efbc078b8dc5ed7d17a97b4b,fbc5acdfa3e6e499874ba2c45e496ca337f94dfacee3a605e12f8cacc6de0a71,L4_safety_boundary_difference,10813,1000,0.09248127254231019,10.813,786
Alpaca3-8B-train.jsonl,19941,da6265389069b0e85f3f2b8456a7fa06de3e633c742141925ea1ad747f9487c2,7009b53dc571c35dd2b538d42f64d82311376c9a477ccf1d213bd27ef6933300,L4_safety_boundary_difference,10813,1000,0.09248127254231019,10.813,787
Alpaca3-8B-train.jsonl,13065,38bc16888ce839b98d231f168542a80f68165523aada9dd62801ed521b7e0340,5d0f13ed8fa0b68e5ab899c88f851bd14602f08a665d4936a8879da9b6d21f85,L4_safety_boundary_difference,10813,1000,0.09248127254231019,10.813,788
Alpaca2-7B-train.jsonl,10736,61f5be4ed7a5903c443b6cd1a1fc75b402cb820520dabe07240b3826be4b818c,42598c773a7925e7896575884fc4f7d4638ed60dadad47b6374fe5f38b4a525b,L4_safety_boundary_difference,10813,1000,0.09248127254231019,10.813,789
Alpaca3-8B-train.jsonl,14031,c125e936424174dcd0efe89833401f3ee1df61119c0f078c6a4c4c924f45cbed,e4d9c57b898d1102420660f87a5370c66aa9cd9489f78968945d263aee6bff6f,L4_safety_boundary_difference,10813,1000,0.09248127254231019,10.813,790
Alpaca2-7B-train.jsonl,14874,227082b4f455248facbbff2644ab8f485d19cfdaaab5836d4910b1a3f92c0f02,ea1229c538bcdbf1f0597ef96a02989c9f66c137bb1fa25bdb0b714de0adb21a,L4_safety_boundary_difference,10813,1000,0.09248127254231019,10.813,791
Alpaca2-7B-train.jsonl,16093,6fb1662837327a7849cba8999949db7dc86ad1ff7ac2ce370b40def7c7ba7aa5,6bb890f00a4e5f931bb2d84c6a5ed26e58a86bbc51507cf02ceacfcac5bf2b64,L4_safety_boundary_difference,10813,1000,0.09248127254231019,10.813,792
Alpaca3-8B-train.jsonl,4906,d949efa38b052dd5329b7aece30e63967421ecc0d59b222b5dc394273a4d101f,85aabeb0f815a17635c897c7934896a2094a99bc4082ff64beac8a6849424428,L4_safety_boundary_difference,10813,1000,0.09248127254231019,10.813,793
Alpaca3-8B-train.jsonl,2120,fdd9ea41186e2b6879794b2df12a5ce9860df9d5a460935a016705948bc22b40,d8e1c1b27b55623a7f0bb4599341010ecc51c3c564a16f5adb6f9a39402864ec,L4_safety_boundary_difference,10813,1000,0.09248127254231019,10.813,794
Alpaca3-8B-train.jsonl,6699,d47f85782f60c204d9d5f7f5ff01bbc4e091cb72e4177b4b1cd30b9bd11925a6,b14ae39c620c1becfa2971d4ba4d0b34f4ebce4aca7137a5ddb7e90d2e182002,L4_safety_boundary_difference,10813,1000,0.09248127254231019,10.813,795
Alpaca-7B-train.jsonl,19091,5a95b914bb763374210bc3d844ef0ecd02aa8e61b88ce9479b60a10c4f1ea4e1,6de3ca004ce27a1b5680052d54ee8b34b03db708c18e41689ed890be4b6ee6d4,L4_safety_boundary_difference,10813,1000,0.09248127254231019,10.813,796
Alpaca3-8B-train.jsonl,7480,84238dde55cff381bc6d05d9e0d980dcb84c262e68d1d21f89e05bdc3ec783d5,03731e1f66862e3cfc3fc2c7cc33544add61f8402fb07f0b06cecf06564c7c00,L4_safety_boundary_difference,10813,1000,0.09248127254231019,10.813,797
Alpaca3-8B-train.jsonl,10690,feea5e821ab6440f33a6473a2733fa2a43b504ebd4381bfded6bbf0915597118,e299f58466191e418e20619e8d6cc9be418c9e436cfc0ca7eeb07d131a48c8d4,L4_safety_boundary_difference,10813,1000,0.09248127254231019,10.813,798
Alpaca3-8B-train.jsonl,11337,22af1cb3f670b6628a2784493de7dcc4494c36d9e86e9c7c22fd7062a65ff138,2994c7f5c647b6bda8286fb6f989a580c929e2793d02268a10d86d20641b0efc,L4_safety_boundary_difference,10813,1000,0.09248127254231019,10.813,799
Alpaca2-7B-train.jsonl,12925,164b6e543f6ba407ecda5dda1f67d7b33848141ca46f003bd2b557da20412b82,aec6b70be4b80ab15e2522efcdc2ffbae3e81ca36ffcd032b74899c65e8dbf4c,L4_safety_boundary_difference,10813,1000,0.09248127254231019,10.813,800
Alpaca-7B-train.jsonl,11000,b6acc7ef1bbad4f6c45dd908c2faa7c8e5e6d833023d2df5a67b1a4f8f9e34b8,a0f91ae3815e14d895633decdf53d1eef893a104de5ff3cf7fd4c2576117757d,L4_safety_boundary_difference,10813,1000,0.09248127254231019,10.813,801
Alpaca3-8B-train.jsonl,20931,c89678a76b2bf4eeeb8bae458edf3ad51ead6ff0bf16726c679b20056d0df565,0ff7db15d84a864acb7ce9fd1ba598524908a4bb76e43111e4f8cb9d2f8b23b5,L4_safety_boundary_difference,10813,1000,0.09248127254231019,10.813,802
Alpaca3-8B-train.jsonl,428,83cdb604b74f4e2722307816fda34d9fecf9a3d23108e9db4354e8b849be5850,7fcccee273627bcecb35c620aa910042e8573952db3565e78079a246e468c253,L4_safety_boundary_difference,10813,1000,0.09248127254231019,10.813,803
Alpaca2-7B-train.jsonl,836,dc948e22571f95210c65f9463eda60dab75802dc289426a075b1ff8d42d13712,90921535bf3a20a426a8e88189d5e25ae072bf6fd8c857db98e19dd293ac0150,L4_safety_boundary_difference,10813,1000,0.09248127254231019,10.813,804
Alpaca2-7B-train.jsonl,20477,d00a22f23e7da9f8334065fdeedd54925d7b0431ac9a7af1dd76a264d450cf90,2d9df4cd39a8a40ca2da8883bf57cfa5cfec7bae410ff0f353f6b0f9f7cc90a7,L4_safety_boundary_difference,10813,1000,0.09248127254231019,10.813,805
Alpaca-7B-train.jsonl,24327,a40b585c9958a15cd78e6d3f88a6c05c133a9e40e2eec2cf6faa16248116a290,7edd5797ede4024425b33c27cd9452d7804f8aeb5e738760ac32e52d55bcb4e4,L4_safety_boundary_difference,10813,1000,0.09248127254231019,10.813,806
Alpaca3-8B-train.jsonl,8181,7b0985f01c63354cd7f0e2af0101d813f256a42564287fa2c3f816d548f1f08f,23286f233ebadef3d02d7445bbc58867e1a00a94e87737a86ded6d436fbaf766,L4_safety_boundary_difference,10813,1000,0.09248127254231019,10.813,807
Alpaca2-7B-train.jsonl,7796,a058d9b201554022c5a322c33241d373a8aba295afb558b272c2660aa27acf5e,58b5668c31482cb402a473a6bab503428aa71f113cd27e61a741175a45e3e78a,L4_safety_boundary_difference,10813,1000,0.09248127254231019,10.813,808
Alpaca-7B-train.jsonl,20994,f95d173354a5e53a2960210d88ea5d4f169da7c39c6a36980eeae31b50e8a150,72eeb3e175273dfab648afd95d35d891fc6d82f721d30cbd3ede91a443778ce6,L4_safety_boundary_difference,10813,1000,0.09248127254231019,10.813,809
Alpaca3-8B-train.jsonl,18032,8539e5c66333d076b13e991e2b67bf58976ab5441847ff89d70930752a33c179,a60dd62a6a29765a689b7426944738733fe29c41187065601c4b20290867b054,L4_safety_boundary_difference,10813,1000,0.09248127254231019,10.813,810
Alpaca-7B-train.jsonl,19585,80f0bf9b8462dd22439addebce2991eb870430a32bacf0341fab2daaa4c9196b,0d368314c5c90ee1ac259a430a2a20d8a259ec5be4021ae97ec683c6f7bbf289,L4_safety_boundary_difference,10813,1000,0.09248127254231019,10.813,811
Alpaca2-7B-train.jsonl,13029,2e994d8c990bb9ab58ec3082bfd29aa41b8b8a30ed9761043685a9df470d0992,a48191f568c05f2b26a05a379ffad3dc5005eaa35d0703294cd5bc875ee8c957,L4_safety_boundary_difference,10813,1000,0.09248127254231019,10.813,812
Alpaca3-8B-train.jsonl,10732,e1d60c82c4bc17ed468357e4bc1e8c821c34f3f14a642d6db58cc076d029a269,45b55eeac63fb61b78afe956810712de0599bb90f588b2a57009594a54ce4a19,L4_safety_boundary_difference,10813,1000,0.09248127254231019,10.813,813
Alpaca3-8B-train.jsonl,5888,0e956b32ff17f8a0bc857fec620106f94d86aaeb3bcc56dbbf85529079476fe6,a20a749b82dd30337fc9ebc0666a3268c1284ae77866979872bca05c3fa61d07,L4_safety_boundary_difference,10813,1000,0.09248127254231019,10.813,814
Alpaca3-8B-train.jsonl,2050,bb834df6b5f2855a0ab6ddc2437cc6eff1201b92457c98fead9df4fd137cbba7,e995eb836ec6aca4ca419e0ba50a620de801cb243afb214e52c07e3dbe9fbe04,L4_safety_boundary_difference,10813,1000,0.09248127254231019,10.813,815
Alpaca3-8B-train.jsonl,7303,abe9b1c380692baa1753c4f18ce0273caa3356fff712ee472ce36bf7c9417829,6f488b5cad154e61bb8b77429f6c6fd31e5055237711cd4e9e033c0b5d19054a,L4_safety_boundary_difference,10813,1000,0.09248127254231019,10.813,816
Alpaca3-8B-train.jsonl,2476,856c9d348b148cfa1a7b946bae52375e47f115b24360c73cd993f738b0a0deed,6444c41d519a5af9c68c35d775b3d2558083e908407a09dc63563edef652c08e,L4_safety_boundary_difference,10813,1000,0.09248127254231019,10.813,817
Alpaca2-7B-train.jsonl,7975,e09947c85fde7dfa234da1d1b8e0d372e33fbf29fe978a11bafeb9610ae23da6,4b55d84614d79762110e3eac5bca21f4793d37e571739fcd0459ebfe914f7d8f,L4_safety_boundary_difference,10813,1000,0.09248127254231019,10.813,818
Alpaca3-8B-train.jsonl,18245,a2969dac5323dabfc4e381434cf6675d654c04368468ceb7131c9bf4141c1a90,a27347a5ba5e1d8f969d4bd96e9300abe39f340bb13ce0fd5755fa1e0ba370e1,L4_safety_boundary_difference,10813,1000,0.09248127254231019,10.813,819
Alpaca-7B-train.jsonl,4730,9c8e97787d866286b6112dd0e1bfba5659a01ebb4306d5773a6d785a2ecab9bd,5f538dec7305badabbdbed45255718f05e7bf6a616da9bf65fdcada03187d8de,L4_safety_boundary_difference,10813,1000,0.09248127254231019,10.813,820
Alpaca-7B-train.jsonl,10118,1a1c07d8f6a234e679403fffccb6e04e70bb0c6b5ee8dd772bce3b397bff0c51,6f9bb3fa21295dd7e64e22dfc7f6b63825706e562e120c556876b9e91ecce52a,L4_safety_boundary_difference,10813,1000,0.09248127254231019,10.813,821
Alpaca-7B-train.jsonl,2958,0217710cf0f10f0c5f8d9d742677553f76cb175670961ca0bd3909d094c110e2,81b12efdae9c4bd07df6e8bed11a48b6891ae4c2d54c680f89470d24968b186d,L4_safety_boundary_difference,10813,1000,0.09248127254231019,10.813,822
Alpaca-7B-train.jsonl,10106,e750bb14d04994a623740843ccba178745dcc224e534dd817287924b74ec3973,8d81ae269bc93e50ff49934ee9a8b5e01200e82ab101935340d06090e93f7051,L4_safety_boundary_difference,10813,1000,0.09248127254231019,10.813,823
Alpaca3-8B-train.jsonl,287,6245e153617ca236cb86cf1ae3458578c686f6faee82054022de4047e4ca9a83,986298134925d307fc8a334be121bffbcb6261d3eed8e273564638d2c6911763,L4_safety_boundary_difference,10813,1000,0.09248127254231019,10.813,824
Alpaca-7B-train.jsonl,23702,f63888ff0ef32eb0373e609888fac897cdd48e2375832710080430cdbc6e3128,41f0b6522deedf721802d6fb11b4ef3c331f06dc1ceade039ac4192236bf60a8,L4_safety_boundary_difference,10813,1000,0.09248127254231019,10.813,825
Alpaca3-8B-train.jsonl,3460,07de86cb49f11e4ad691001cefd8423c4c6214fa73360043a0f0887d9f67b84f,ebf660e2dc181ccdfbbb4e36fc5450f75a7b8960ed37fc9683d1ad549b3c64c7,L4_safety_boundary_difference,10813,1000,0.09248127254231019,10.813,826
Alpaca2-7B-train.jsonl,8627,c44f8246f455c49c7eb36aac0d78dbc51b67969e0f65d43e4cf74a9eab4bf082,1975151acb19fff8155ac179cbd57d7492e9e71fad235a06bdc108135a71613a,L4_safety_boundary_difference,10813,1000,0.09248127254231019,10.813,827
Alpaca2-7B-train.jsonl,17808,432f51f19a4b65f97f7fd32e9c8ad17973ea8038510b34acf843d943f95e9dcd,013f4151f5b5143ac7848e24c03427f65cf241f68b171c078af2c154348c4e00,L4_safety_boundary_difference,10813,1000,0.09248127254231019,10.813,828
Alpaca2-7B-train.jsonl,14292,8a8fac45cdc6127fec882ba8dcb85f4d6ee43fe3642b891649f74d07af0c4da0,147d510593129a1dcc3e502727d055a4f2476b63cc75bd7bd1142c465a4018a6,L4_safety_boundary_difference,10813,1000,0.09248127254231019,10.813,829
Alpaca3-8B-train.jsonl,7705,38769fdd4ed396c37a7028b4a24a8603c66761aed7f1dd259bc9311f56235b87,a8f8d406ab0c6834cc76db518b4ba2f1559ceb037a1d14f7946cca9e6e1227c4,L4_safety_boundary_difference,10813,1000,0.09248127254231019,10.813,830
Alpaca2-7B-train.jsonl,19490,67f26246fa22f9f2f9fb048a9a0759c6aced80c0c6ee380f9ee7e960eda2592f,07760ac4fd0bc1c5ea5e1816ef11aab02818f0144000cb3f5fbc6f6aa94e7d08,L4_safety_boundary_difference,10813,1000,0.09248127254231019,10.813,831
Alpaca-7B-train.jsonl,3109,da9644ee8bb68dc53355199cc2cc209bb330ad13b7ab4859196f589b6c3cc314,c5bcb6ae44549ab590f6a6072b13becfb8a30f72c839da37bc45c1b55749f1bd,L4_safety_boundary_difference,10813,1000,0.09248127254231019,10.813,832
Alpaca-7B-train.jsonl,6859,ab1303ff2f4b75def4ad699464e57153b73ef420a5c61183f10343f00eebfac2,5311331c490b9a2be05040a91bcbc175b3f91799a2b0efb50db6a31770b72e37,L4_safety_boundary_difference,10813,1000,0.09248127254231019,10.813,833
Alpaca2-7B-train.jsonl,23747,0d81d034cf1433db27bcc81c55e8f5c73290d65e9247bcd8386e585b40e4802f,796c198110b0681d64910f2ac9d51ab1b6c5e980758f86f30585113b836debbb,L4_safety_boundary_difference,10813,1000,0.09248127254231019,10.813,834
Alpaca2-7B-train.jsonl,10052,cc18d477a1740ff0d0539f8cddd40447b0e4ad5a06468e6120706abe984a2120,4d67218a32c7439c2739752026a114eec7a32777d4b07cdf7a94813304e8ff9c,L4_safety_boundary_difference,10813,1000,0.09248127254231019,10.813,835
Alpaca-7B-train.jsonl,9485,7491479656f48197a425f16cfcee6db4be46935e9d7ec05c7d1883f02b320eda,2b77490bbf94fdc86442449b710b36e61b72f2c6612fb754e8473c2d20e520de,L4_safety_boundary_difference,10813,1000,0.09248127254231019,10.813,836
Alpaca2-7B-train.jsonl,12465,7fed9dac498cef5b95f33299611b54513621e87239d7f694f39ec6916f53b74a,f961c89000c9f960b3cfa7465f6586a23e1abac788becb8fbebc590d5458e52f,L4_safety_boundary_difference,10813,1000,0.09248127254231019,10.813,837
Alpaca-7B-train.jsonl,647,eed13e5a5e26ac95f04b74b3f4148edde0d2d0f2d9cbc47fa79df0ddfbac3cc5,cd1d0150ee9f2c0273200e8a610462d5381ce2fe611f487d4c3c65a5cb437989,L4_safety_boundary_difference,10813,1000,0.09248127254231019,10.813,838
Alpaca-7B-train.jsonl,4046,e90ba0a73f6cd6d86aba043dd8ad55f52d24a5eb8efd53ea277e0c5d460ded50,6ed18b178a71fa3fdf83ced8a58e45ad93d964d972e4f7e024540a5b87f0f530,L4_safety_boundary_difference,10813,1000,0.09248127254231019,10.813,839
Alpaca3-8B-train.jsonl,5419,1e118b16eec5494719140122c1691ba7f2c09cb915ddbd3fb09aa5a265f75077,27763e994966a18abd4b5a1eabddef7c4a056812c2cd6502e5f316161a0b15ee,L4_safety_boundary_difference,10813,1000,0.09248127254231019,10.813,840
Alpaca2-7B-train.jsonl,7793,3665ed27403716fc91b9a5b7e0c72c7e81e5a49025d5414eb4babe8dea5051b8,08d0000527043502a7280df057261ff405e0c0d7998d135a0e94ec767c965396,L4_safety_boundary_difference,10813,1000,0.09248127254231019,10.813,841
Alpaca2-7B-train.jsonl,9957,d9f1ee8e006d131f4bc5c2de101c9dc787e35eebdfec9e5f8b544ab0233e157b,cff96157fa85682f40fb281bd631f1836de1b2d64990201d24c8fed9758ec6e5,L4_safety_boundary_difference,10813,1000,0.09248127254231019,10.813,842
Alpaca3-8B-train.jsonl,8444,544d97379b4429de5a40d31d0eaa7a47108954ee50f171be7f034d9c6984a9fa,8a966d33313f8fd17cb66379cd9d3bd9512033d47b796eafaf883eab121779b7,L4_safety_boundary_difference,10813,1000,0.09248127254231019,10.813,843
Alpaca2-7B-train.jsonl,6798,87ae18af6934150deba5facb13e7e32fa861d565a276d5f2ba791178b607e629,635f08f094142f464ca9449086210887edcd8094cab790a261b6996508e88774,L4_safety_boundary_difference,10813,1000,0.09248127254231019,10.813,844
Alpaca3-8B-train.jsonl,14986,2a29f3174ec76e7df8b0d13197c4a86bcf39efc3b04726e3af49ec42f4ecd566,62bee2c423ee427a1c8f67e549315986a9d5f188422efa93b8f6200cd2f24fdc,L4_safety_boundary_difference,10813,1000,0.09248127254231019,10.813,845
Alpaca-7B-train.jsonl,11866,e2033f0036f3b724c4032eb3530ed4b8f9e215ce7f1a64d17dc86f180ab631bc,637b1da5d0317ec5aba56b1b733daa8ef90d60a7aee19679497045c727239778,L4_safety_boundary_difference,10813,1000,0.09248127254231019,10.813,846
Alpaca2-7B-train.jsonl,2987,73f030df097373c478187b47d871f442b2f9b4bfa3cbc64310d8154c1d1bc7d8,f88bbac35aa5c98b2e47bed98bcf801e1a71f399c1fed6f100e9b0ba8df5cb79,L4_safety_boundary_difference,10813,1000,0.09248127254231019,10.813,847
Alpaca-7B-train.jsonl,26851,8ef0a7f3b7d1be4b8be19033975b2a6a4942276d6ed16da9180f8784b7736296,5beff9bfe0d2ff6d5a1ec13f96ff35481f3376a2ef0b18b035a80d633d42eafa,L4_safety_boundary_difference,10813,1000,0.09248127254231019,10.813,848
Alpaca-7B-train.jsonl,1659,4b3e8efa6fe97786b7db79e4f80701ce555c0076a36c6275a5fbcbfd5f66b501,197faf656dd28b37a40b048789d0271012c0022c0bded7aadc5a6256176a175d,L4_safety_boundary_difference,10813,1000,0.09248127254231019,10.813,849
Alpaca2-7B-train.jsonl,3203,b4e0dee7e32e3a5b5efdc5c265331472bbe697dea2de05a71622103fc1c0df55,45ff436408820d54096b2bccdf6cd5777f14a51eccb2a4175d5a3fc19cb01f8d,L4_safety_boundary_difference,10813,1000,0.09248127254231019,10.813,850
Alpaca2-7B-train.jsonl,10525,ef34d4df36cfa281ea70191c7d2ad8f5dc81c8f4043d87cab9785ee3c53407bf,37b722c858489b037f60230905c3e6a6b57b3de6b1577295727ca13bf8b33759,L4_safety_boundary_difference,10813,1000,0.09248127254231019,10.813,851
Alpaca-7B-train.jsonl,21643,bb83f07777fb8751e8eb9d044170c2894d6ee20b37e7fcfbb1d464629f7e27b1,dd4efbf1792a8a6da58f8bae8cf855a75720fa41a28983dd5accec24d05b195d,L4_safety_boundary_difference,10813,1000,0.09248127254231019,10.813,852
Alpaca3-8B-train.jsonl,5052,15b78e188cb3c5d8271da3e889ec36319146373911b76ee1b235c4a8a61eba0a,e42718d926ed625fd73a31d6afa0b04511c2064fff80e1115300d845e63d929b,L4_safety_boundary_difference,10813,1000,0.09248127254231019,10.813,853
Alpaca2-7B-train.jsonl,12569,1f13c53a05ee12984286a9930fa5b871bcfbff75a3a485f96ca7fdd037dcdf3d,25865f1a5985f5878b0504ad2062ade3b51b22466235dc4d6b6ace4c776b1613,L4_safety_boundary_difference,10813,1000,0.09248127254231019,10.813,854
Alpaca-7B-train.jsonl,13080,c76fc00d0c3d14f851252d937a7769a8f4b5f5dbf39ca414d80aea7e2cb97577,e081da50e79b0708306b17d4ac1ba98cbc9e50b14ab820d28d343a5a7a6d71d6,L4_safety_boundary_difference,10813,1000,0.09248127254231019,10.813,855
Alpaca-7B-train.jsonl,8391,86620164a65308de761de8bc3b2b5cf2227d710232022bbbdbd7b901c60ebcad,11fffb4076da9346d197c1ee1e95307f57e3d9d297ddd78b229a5be66dc0fcdf,L4_safety_boundary_difference,10813,1000,0.09248127254231019,10.813,856
Alpaca2-7B-train.jsonl,10967,21a11c80fb839352ebdcefd83f4231bfcda98aee93601b9b1451f33a73a6a365,181533ea715610f3fddcbdfec95d32d737d945ccaa67ad614d0002489968434c,L4_safety_boundary_difference,10813,1000,0.09248127254231019,10.813,857
Alpaca2-7B-train.jsonl,22594,3535016ea2bb33027699539a825dba41b973aab32528551260b57ceacffbbc69,d0d32fb31aae1faae0ce32378aba9123b3ebf656777ab12359e664574a19d49e,L4_safety_boundary_difference,10813,1000,0.09248127254231019,10.813,858
Alpaca2-7B-train.jsonl,20965,ea4bbebd7669dd8e46c8d148ff87864d06688be027b73c78fda6c196f3947dc6,3af58c6c8d33b20fecb92792fd158a73ec09d1979ea33f3a1ede52f1cef88f7b,L4_safety_boundary_difference,10813,1000,0.09248127254231019,10.813,859
Alpaca-7B-train.jsonl,3426,f6839a958d98f3b52211db00c5ebaf5a083fb707babac8c429aba75a93ee4861,0f6c7633f3be684bcaad7bafde4e3165941ae8881e519cfae471fed99949279f,L4_safety_boundary_difference,10813,1000,0.09248127254231019,10.813,860
Alpaca2-7B-train.jsonl,23118,860a33afb35fff30dc562ebf5e095e7634a6761f886e180ce5bfe8c2c5c269d0,426e08ee1207fb6ac116b1136996f8601035c84fa345ae39ee62d051d6df841d,L4_safety_boundary_difference,10813,1000,0.09248127254231019,10.813,861
Alpaca-7B-train.jsonl,5810,65f2c45981a04a0ab0b75b7c19b0f8c656bb938fc8ce496c8647a8f2aec9c85c,a53d322c1cddaf95595a6e40d5f931785ab3bcd516628d8c48d583e07c32de08,L4_safety_boundary_difference,10813,1000,0.09248127254231019,10.813,862
Alpaca2-7B-train.jsonl,12293,92ab7ce8a2b4d11f967d6370e00d4057ebb9db4a6590d07d0c522edd2f8fa80d,bd68a2ca13d4606c1e6ca905464d344d5ffb01286d533057369a8e9c55ad0070,L4_safety_boundary_difference,10813,1000,0.09248127254231019,10.813,863
Alpaca3-8B-train.jsonl,19560,b9dd6ab9a9c79d2dd740ef25e9195195b72daaec4d72ea0119621297ec0cfb67,e2304feef01424558548dc1bb6987ad08cf6eeb41355ff640fbe95cb3a449785,L4_safety_boundary_difference,10813,1000,0.09248127254231019,10.813,864
Alpaca-7B-train.jsonl,3725,6748be8212c4318a2896f491bb17c0ca2ff0ff63a0911cca9f2874ac75927c57,b8e9b91a10a249c4b58051ceb72a5750fc1f35878a74920263877031704f8068,L4_safety_boundary_difference,10813,1000,0.09248127254231019,10.813,865
Alpaca2-7B-train.jsonl,9719,7ad7a57cec404aa3209f1bd8c695d9245a8a41c302de9a9247f5e6571abd77c1,dcb76ceb204284b012d34623ce451d703579f9b6fbafa6ddbfab42e887e446f7,L4_safety_boundary_difference,10813,1000,0.09248127254231019,10.813,866
Alpaca2-7B-train.jsonl,15007,9727942323880849f6a188160adafea9efc0f00fd744a219f177f6ea237df8be,fa1fafb62541216b3aef5baa0cc928eadefb8dab6db3f4a68c8ef718c72996b4,L4_safety_boundary_difference,10813,1000,0.09248127254231019,10.813,867
Alpaca3-8B-train.jsonl,17203,44e961df3f0a99dc852f7d40ccd77ac736cd69d2c1852ba9be4bb180899cca28,3e35f2f768e31db458665f21dacd7adfcc74be6fd47d11492ff22ea0ac37b91e,L4_safety_boundary_difference,10813,1000,0.09248127254231019,10.813,868
Alpaca2-7B-train.jsonl,20278,e55145f5bd6481f2da7e4713a776367a27cc55f41c62d2c8eae70353d01779f6,bf6852ca741f5e7c806669019c6f289ffb5301baf0fdfa2a8a5d0f2edf3b2d83,L4_safety_boundary_difference,10813,1000,0.09248127254231019,10.813,869
Alpaca-7B-train.jsonl,19006,414a2aaae0af5387ec8d592123aa43a6ae3f5f61aadcf1526e9c2ca950814223,312d291ceb7cf3914c31d7468156f34c941702b6fcae2fd30ca097c498600229,L4_safety_boundary_difference,10813,1000,0.09248127254231019,10.813,870
Alpaca-7B-train.jsonl,15823,f08ffaadb2ebac54835c9ab698db40b9e198a1fefcd2eb4e33ff9bf82d2158b8,ed3575e505b7eaa8d9fd063b49093dc95383b480bddef7e5292329ed6cf50ea3,L4_safety_boundary_difference,10813,1000,0.09248127254231019,10.813,871
Alpaca-7B-train.jsonl,10621,71cf250793883cf40bd2c3945cc8a3f0764911619b819d80de96a9c289e9309f,8d2c27a9d2889ab595583dd15dc523caf9d93b094aae17a32ca8f89dced94b3c,L4_safety_boundary_difference,10813,1000,0.09248127254231019,10.813,872
Alpaca2-7B-train.jsonl,7002,ff3b7315b9fe21a8ce6abd94be735795b1836d6763cd993783e8f23d6d1ca5dc,a82f10296270b711dc5146df62a527e27fc1fbac25f14b8eb6ce08af71ef0cad,L4_safety_boundary_difference,10813,1000,0.09248127254231019,10.813,873
Alpaca3-8B-train.jsonl,11682,6d421f9d9ada28561795c7627305f37a14be7c190d473f34675b2369f2a91caa,2f271c5f6ad9e03f122900ac05e12e5f031edfcfd83086f952598467705197f9,L4_safety_boundary_difference,10813,1000,0.09248127254231019,10.813,874
Alpaca3-8B-train.jsonl,9216,54d9812ec1912ec7442c5e91ae2b69bad34f3e0ec34774f1d54a54cbcc323b34,9837cc7810e54c32532d722b5ff4c9eb1dd8782108d2326581e0228caa926e34,L4_safety_boundary_difference,10813,1000,0.09248127254231019,10.813,875
Alpaca-7B-train.jsonl,7554,ca1495fe8ca32a10ed5c9f26e98e56d801f1d2a9e7ac4e76700b47abcf24aa6e,6ba65fa154807c9aed9cc76336cfe3c29288649deeb752f2c6e9674630d8b855,L4_safety_boundary_difference,10813,1000,0.09248127254231019,10.813,876
Alpaca-7B-train.jsonl,6865,83c7a4b112aeb9153fec2550deed88ae383315d2000771f7ed1b12902aea49b5,078e5171aefbbfcf3514d975d462073ecc3dcba582d8cbbb5baee6377849f037,L4_safety_boundary_difference,10813,1000,0.09248127254231019,10.813,877
Alpaca-7B-train.jsonl,11596,47da1a7f4251d77addf7c78f3ae6cba5eab2d0f36c884104bf5bc980ff3e499f,517520d26fa8f25019040a7a7eae5adbd5239dbba803923dec68eb097180ae67,L4_safety_boundary_difference,10813,1000,0.09248127254231019,10.813,878
Alpaca2-7B-train.jsonl,19720,dffbdbb37881c1e2720241629b94310a91c100b0c9764a50fd2f3ff4a3b6ed67,0ee2b7b0a671dcd93b5e45f7541531dabe20752a5158c1bf581ee39e544b38ab,L4_safety_boundary_difference,10813,1000,0.09248127254231019,10.813,879
Alpaca2-7B-train.jsonl,20549,2bd172c2bb547fae111c05403f69cff754ab44cba861a344e048aeb0af091137,c754e39aef43338df3d106a9611f230ee1fa1593793714fbc9b5b16e9440ed73,L4_safety_boundary_difference,10813,1000,0.09248127254231019,10.813,880
Alpaca-7B-train.jsonl,5625,b59f48c6f7dac12b256231c0fba2e257e1e43d991c95a49de01d18d7560e7a9c,610f237229df9b554b0b173d67aa637ad779f19b9d4658c3cd341c91ae017c20,L4_safety_boundary_difference,10813,1000,0.09248127254231019,10.813,881
Alpaca3-8B-train.jsonl,9107,544e9063c62530a4c661ef1d638811c284329f3b3b9eec767d6156eb31ac5c19,f0d3a142e0a9feb62cbd39149590eeffde3d8d923339300718f61db2ff57ef12,L4_safety_boundary_difference,10813,1000,0.09248127254231019,10.813,882
Alpaca-7B-train.jsonl,25360,b04ff09eb3232e92c1e2cd17f2624c9ea9cb266986835f3ba26b24c0d34cbdd1,23754146edacbe2f4cbae390f54bbdaf3d44dbf422645915b699bffa0a6ca5da,L4_safety_boundary_difference,10813,1000,0.09248127254231019,10.813,883
Alpaca3-8B-train.jsonl,13584,32476f85bc05bfe12964f9f558eee84afdd65fdcb97b701c3875bd60b44bca48,eae1aed4516828c9b90ed83074f7dcbe7fbaabaa5dada59a3dd491a78622cdd5,L4_safety_boundary_difference,10813,1000,0.09248127254231019,10.813,884
Alpaca-7B-train.jsonl,19240,ac3ed0bceb1316b3867e97ed4c8b4f866a18094250627d67a78da6375c17e935,89e304b26472dc97d3882b051546246c77cb4797e8cec9b63610bda3c1f1d071,L4_safety_boundary_difference,10813,1000,0.09248127254231019,10.813,885
Alpaca-7B-train.jsonl,25974,529b74e032b0dcf4fef41a89181f5437effd3761d091e698679053973c09f8ac,bf23c330cb036ddcba6137bc2fdcfd9000c9e9b9150c0435a1253cf3935b85fd,L4_safety_boundary_difference,10813,1000,0.09248127254231019,10.813,886
Alpaca3-8B-train.jsonl,5802,5b86b0f63afa782b21bf4be7ea4d37b1ba29d1f8221cf8d610b332febf96863f,91ac6f305ffd8b6d9ccc13e57e8a0b98331a8e0d4033da592cf298c4a0f6f4b7,L4_safety_boundary_difference,10813,1000,0.09248127254231019,10.813,887
Alpaca2-7B-train.jsonl,17187,57ecb71fc83333e2c02cf61a32945d94e6d64dec8ff3084ec0bff938f80b30e8,47e7137ff55193be4a626adae98baf4ded1613220857409e892c056009c43056,L4_safety_boundary_difference,10813,1000,0.09248127254231019,10.813,888
Alpaca2-7B-train.jsonl,9485,a4678bab4caba29a9a8322ed74e41a900758c2a79bd3f55571c666f77041b6cc,fd7239f55b9af394357e17d8e07f6278450bf1002480e593dff7d84b823f6a90,L4_safety_boundary_difference,10813,1000,0.09248127254231019,10.813,889
Alpaca2-7B-train.jsonl,3397,8bd72bf044f10a3fee406dd33b8cd6da5e2dff0e7c74b9b5a2a794efa9a46ebc,5543ce311caddec9ac333701c5ef2428132766ed878a757077b13c133451b6a4,L4_safety_boundary_difference,10813,1000,0.09248127254231019,10.813,890
Alpaca3-8B-train.jsonl,293,a7a323c6bfc484aa7c6943ac3d583491d95a72ee7b8c0f40f70af5d5cd27695b,2d78a5def06803335db28130b061e7e77f2b83d74a877c4d08f7a499cda0a523,L4_safety_boundary_difference,10813,1000,0.09248127254231019,10.813,891
Alpaca2-7B-train.jsonl,18585,3d2087914b5ac31d3853f3fe4a5d90143627b9fa11addb58437fa4b9286037dd,c7da36a25cdae1e0acabfb1d7062470f982e619b84c354d9abd278612579d64e,L4_safety_boundary_difference,10813,1000,0.09248127254231019,10.813,892
Alpaca3-8B-train.jsonl,11464,ad3134932332261e9168eec71ab2fcedfab5e88800c6fdb3565a78b0a48a8017,0366061d18f5bf2eb571fa942b18a59901b54ae2e51436dec648190627c42812,L4_safety_boundary_difference,10813,1000,0.09248127254231019,10.813,893
Alpaca-7B-train.jsonl,2354,4ed26e15e86977f34967739247d17e9eb696a9f3c061aef74de48349654aad56,e9c0e4d0459ee39a0a15bfa134770f5e23a897b044276b3857f4f1beb1975759,L4_safety_boundary_difference,10813,1000,0.09248127254231019,10.813,894
Alpaca2-7B-train.jsonl,2645,5ea1119dcb7acbd725a7f8b01198406ed052b6457a1b49672c47e8770ace6a97,b5046082bc178b02c1a02dc0a178a71d32e5749016d9bf26fa46fcd6b8a396f5,L4_safety_boundary_difference,10813,1000,0.09248127254231019,10.813,895
Alpaca-7B-train.jsonl,2189,cbd4f824b9964979b7a2820bf2ed03298e21d3f48693e7496f36c39c7fdc955a,7fa42680dfab0701808ef45f7567b6d04ca178419c1c3a2820ae4c60d3bcd11c,L4_safety_boundary_difference,10813,1000,0.09248127254231019,10.813,896
Alpaca3-8B-train.jsonl,7904,39db9b42eeeaba3226c63a57752d30126e99bda55b6bdb04a235dc278a432f4d,70e9943e9f8affddd9bcbdb858f98653d3bec4b7ff939da392ad4a58d740fa67,L4_safety_boundary_difference,10813,1000,0.09248127254231019,10.813,897
Alpaca2-7B-train.jsonl,24449,30597e3d9a043d17f7a7337740edb2b425ae8226064627dbd138068a25f085d6,ada0a6576d15fd5235b4ee31440e97ebb84fd95c197a26a8d6f6f50f814f106b,L4_safety_boundary_difference,10813,1000,0.09248127254231019,10.813,898
Alpaca2-7B-train.jsonl,5174,12471df7b66a39ad0cb596d9f08e0a998f95231f52bb82edcfd8442b1f7ddcef,c648e88d0504ba41651865b905c8f1c362318e117c0ae59ad69085113a16634b,L4_safety_boundary_difference,10813,1000,0.09248127254231019,10.813,899
Alpaca3-8B-train.jsonl,19590,5077b0ee8e519e0a5ad12c995ac2594a69e603188fba506c9084a3947b5d096e,c9b4999124ef04809eb18aef5904345037084bbdfe7158a7069de89d90dc1d10,L4_safety_boundary_difference,10813,1000,0.09248127254231019,10.813,900
Alpaca2-7B-train.jsonl,24504,a42eafcadc6ae7fc1f545352f9b815902de1e4c7d574673f5d0926726f64157c,3d9f8c81a1bb5592a56942a26257c53364a08061deb6bb42ae2788e3d739aa76,L4_safety_boundary_difference,10813,1000,0.09248127254231019,10.813,901
Alpaca-7B-train.jsonl,5138,6e8c46ee81175a7327f4a6bf82a197b2f6245e9b86ee620847a463f686f8143c,61d12631376c1b2b10152be569795b053314a39d76e64f509ac3e7b3946abff6,L4_safety_boundary_difference,10813,1000,0.09248127254231019,10.813,902
Alpaca2-7B-train.jsonl,11353,46d3a6281ea0839092a4dbc11ae9cbd9ac4d28133df3aef17bf60603b627072a,fa2e5f75cdce1db8c729e7f8bb7593a550728c878b44aec61bf21d95add8c8e5,L4_safety_boundary_difference,10813,1000,0.09248127254231019,10.813,903
Alpaca2-7B-train.jsonl,21112,eb553fca5ac6204d14b6beec831c80e71b29833547d811f1e1458b9098580be4,9da305fdc5f28ee0b9661dbcf137304d5cae056c9107708ffff884d873dfd544,L4_safety_boundary_difference,10813,1000,0.09248127254231019,10.813,904
Alpaca3-8B-train.jsonl,2007,e968eaeb55c96e92412e99a83b425ada709a9b68fbabb55b679e5a9cd981eaba,6294add870fc3cc3d66f4802b67d74afd0bab65be8a7d918ae04f780c92b3a54,L4_safety_boundary_difference,10813,1000,0.09248127254231019,10.813,905
Alpaca2-7B-train.jsonl,20044,d73054298b124734d0e1693f0a54832e57dc0c8b98e75f2574efb14ac82b139c,5efd121ab0eeadaca4ae3eb8f7127ae01e14503df1f2bf243a4480c753058a30,L4_safety_boundary_difference,10813,1000,0.09248127254231019,10.813,906
Alpaca-7B-train.jsonl,5459,b1c245d7472512cf1388fdf4ed937d7e2882951106ff3761e6fec513ddb55cc2,12ba80de465a8ab0455653c4ad6ca8baaab02db479f6ba05ff79f3753e9c9237,L4_safety_boundary_difference,10813,1000,0.09248127254231019,10.813,907
Alpaca2-7B-train.jsonl,22578,56ca8d071d3fbb51c9dbf05377548de47846a3cb67d90f1c48788fe18b0c6130,99eeb3a3bee9791fb7c878cdfaf0e282bbecc8f84cacf80b020e6aabe0f94d1e,L4_safety_boundary_difference,10813,1000,0.09248127254231019,10.813,908
Alpaca-7B-train.jsonl,4831,f618781c8132b7240ffdd189622aa9014f1593c39a1518649038ffcae1dc5424,ce80ba2ca47ee96ea6d3ccc141148f148b607b688155c74862f7c50864e678cc,L4_safety_boundary_difference,10813,1000,0.09248127254231019,10.813,909
Alpaca-7B-train.jsonl,11400,a64d042e8b963706da38d0c0b921a4c9172ef4353ac1611791a8fb8940145c33,118984aa6c945b886db1b6a891ea12ad4a7ba87a61bc95573e101853766646ee,L4_safety_boundary_difference,10813,1000,0.09248127254231019,10.813,910
Alpaca2-7B-train.jsonl,14970,7785297943a7d46c4bdc2792e733265130c38dc7f666b1f0ec4601443fff549e,24156aabf9e1ccf1cfc6f06a568a8065a015fef758cbc9e171e4404fcd9c336f,L4_safety_boundary_difference,10813,1000,0.09248127254231019,10.813,911
Alpaca-7B-train.jsonl,918,a441719d52f6fda499509a21911dedf5c34d7c748645635019a9f3b6cb864a02,cc927718e87b5c3fad19e7f93f93b8de8823d00595510235d6fc5795ecf27c3f,L4_safety_boundary_difference,10813,1000,0.09248127254231019,10.813,912
Alpaca3-8B-train.jsonl,6472,e15f4ce338c01b68d64729233eddec80d9aabbb5b3b7664908e9de02d6eb656e,978d3ce7406406f09be655f18ea5aed2cf19d9ca9d692205146932c0f36229f5,L4_safety_boundary_difference,10813,1000,0.09248127254231019,10.813,913
Alpaca2-7B-train.jsonl,10333,1595a39df73bb8d71c49006a407d2e77919a7798f8bb6a91436e4fa18cfa141c,e7788d6f808edef45707021c2ead2801da7c5b851d1c6f7ff8211c8dcc6a0b6c,L4_safety_boundary_difference,10813,1000,0.09248127254231019,10.813,914
Alpaca2-7B-train.jsonl,5185,5b9cdd48d8213a4ab5beec5dcec053529d3c007b290601b8b63287a9388f5721,80e5bb6c5f4471dd3c50a3f734c506114eb9e7b749cd9e191ba461d6c12ac573,L4_safety_boundary_difference,10813,1000,0.09248127254231019,10.813,915
Alpaca2-7B-train.jsonl,14105,5cd3b66301f9d94ec4b6a11821d97df4c68cd320b0bd665ca410e54531c5122f,a9bfb8400c36b9cc127f6798b41e779d4ccb9de6e158a4698084c1a79b24f88d,L4_safety_boundary_difference,10813,1000,0.09248127254231019,10.813,916
Alpaca2-7B-train.jsonl,10541,f3d6df90abb6cb4af4aaebdec5993cac398e4df7e47812bd7fb5d11c2ebc4b60,79fd77daa55575837e4af8beeac06dc15f8737723200f1b26cc42ee09adcb9e1,L4_safety_boundary_difference,10813,1000,0.09248127254231019,10.813,917
Alpaca-7B-train.jsonl,12442,62d0e8b698bcf3f1014d3060e15caf8afaf5c30fa08d41e5c6a1649b1a82797e,a25d27bd334275daf378ded32a0dcdfc1f91ed15ad5eb80a7305c9c5ba0985b3,L4_safety_boundary_difference,10813,1000,0.09248127254231019,10.813,918
Alpaca-7B-train.jsonl,12577,31b05bcaa50c57d7957ce88b47ee9d324726d280c1f33e8ce22a2cee7868f6b5,33997208317fea7f274e8936961b350abaa78a8f0073a44bc4a71c3138894c71,L4_safety_boundary_difference,10813,1000,0.09248127254231019,10.813,919
Alpaca3-8B-train.jsonl,707,49ac24f737350f60f2ab3d7c03490f60fe04e145c19e1a1920d2c68ab3bc52a8,131046ba2275c8c845ce7ef3914bbe8940e2e445232c779559aeda342fa16b22,L4_safety_boundary_difference,10813,1000,0.09248127254231019,10.813,920
Alpaca2-7B-train.jsonl,15444,d8a42ebcc9124b85b5ce17aeb56c4b8e74e7c855e301ceb4ef7ee92ca5912815,097953a1a61fe75746ed3a59a6031679bae45781d0da6820d8c69ab0ae5655e2,L4_safety_boundary_difference,10813,1000,0.09248127254231019,10.813,921
Alpaca2-7B-train.jsonl,3338,3117cce55f47fc35b2aed29d73417f290fdcf30c62150a1c0f17a905286c30ca,ab32fa6b51b6137cbc7b72e47ef556649224d1a334e657b7a3e9a4b68f8c0841,L4_safety_boundary_difference,10813,1000,0.09248127254231019,10.813,922
Alpaca2-7B-train.jsonl,3603,3a09963b4971b503712d3ee8de4f65edfe4a9f8ca1a2a2621c5be6fcce0e983d,e431a8e069ba733343ab539f9e55d290989710de304e3b38d43c3ed2c6a6ea70,L4_safety_boundary_difference,10813,1000,0.09248127254231019,10.813,923
Alpaca2-7B-train.jsonl,15626,223931f53b645ff6b5a71631c998162c78eb45cf667ee2139ea04d9bef3dedbd,4d7a76d7ef5f273ec1a878f961f1dbbd0f97469f5897a61108a1cefbbd41fc34,L4_safety_boundary_difference,10813,1000,0.09248127254231019,10.813,924
Alpaca2-7B-train.jsonl,10796,2dc53fb4fe0de40c6e7bcc5627da74658ec83888fcbabb8d4169724bd87f4388,624e1850f301705c75aa037f423e24efb089d184dec85b9decc38a6825a8d2f1,L4_safety_boundary_difference,10813,1000,0.09248127254231019,10.813,925
Alpaca2-7B-train.jsonl,21287,3af232adf82d532a8bfcc3af6beb1584b788ec04f736e077083f4dc31cbffaf0,d42b8352c768831d8b473a12b5b6c64bf80a915de2bb7da39591f2d01eefac38,L4_safety_boundary_difference,10813,1000,0.09248127254231019,10.813,926
Alpaca3-8B-train.jsonl,20235,095e25a9d9e11bdb9385227279dcfac1db30399673db213ec3357a734aaf4fde,e3a7cf1f2c45d904e5202ba40d9f27071dd1e3e46fa4928a10716eb632133ea6,L4_safety_boundary_difference,10813,1000,0.09248127254231019,10.813,927
Alpaca-7B-train.jsonl,13957,84bcedab6ab8da198db4c0a142e597a939f4ede4c86e463803432328381d6bed,40f9673655a1d53be3dc48a4f25c1c1a783a3d2a9ac6d98afaf4ec19abf6aebf,L4_safety_boundary_difference,10813,1000,0.09248127254231019,10.813,928
Alpaca2-7B-train.jsonl,18566,13e68a89512076d46d6a79f066d572f7a9a246abd1cb3820ed9c23e74f235b27,fb1b888b338497154e4e8c04544b7cdfc34d848f664d968a287516ec2813fec7,L4_safety_boundary_difference,10813,1000,0.09248127254231019,10.813,929
Alpaca2-7B-train.jsonl,24091,59e30e5ba8eda3430be59fec8dc6c7b0c81e39e30e326daf2a6d03c40b30dc95,5cf2cc3a4da05b6f8fab6be4a4715b8f5870624fdf329e19f57c54dfc172a4a8,L4_safety_boundary_difference,10813,1000,0.09248127254231019,10.813,930
Alpaca2-7B-train.jsonl,5218,be539e65bcd9e6f449b68c9d39a0ce928bc326409371dbeed76cc05e0d6d7f47,d43af77b62c6d0303a1a17dc5deca2b9de19c20eebb60498317545f0ef498065,L4_safety_boundary_difference,10813,1000,0.09248127254231019,10.813,931
Alpaca2-7B-train.jsonl,5420,b0ea86ce7b30008768eb06b01fc675763354d29351939a01e1f90c61648efb39,36be7b0e7419ef2bc31ed5bbe3507a46220031bb065bb021e1311bbf13cce5a4,L4_safety_boundary_difference,10813,1000,0.09248127254231019,10.813,932
Alpaca3-8B-train.jsonl,19921,de6bc18b81affebb3fe360bbe9ac3735023c52365f3ced58e24fef94131ff403,fe2d6d44e80327ed7d06890a0051f39cb8d9e24c01aeadd65970667a43907bb4,L4_safety_boundary_difference,10813,1000,0.09248127254231019,10.813,933
Alpaca-7B-train.jsonl,16597,50af97e839c2a5473b4883629a8b995930c92c249e8f5c98592180a556c63172,dd896031b24becbea578add90e432fa817e0f1cb91d2c645d741d9732856deb3,L4_safety_boundary_difference,10813,1000,0.09248127254231019,10.813,934
Alpaca3-8B-train.jsonl,15402,04f7050a8daa4f699b1bd0f855d03b34d17e28961964c50aec3ff5ee00717bdb,9ad64cb372c403e4696b610273285cb2acb9ec95ffd114f524c3eebe328b1cd4,L4_safety_boundary_difference,10813,1000,0.09248127254231019,10.813,935
Alpaca-7B-train.jsonl,4949,5d3d799d837871abb1ec30f6ec9a53c48dd16f69408a8aeeec829742a34dfb23,b928d82ab0417d8978263559819770868bc6042daf42e2d03cd1b38c4681f8fa,L4_safety_boundary_difference,10813,1000,0.09248127254231019,10.813,936
Alpaca2-7B-train.jsonl,7487,1c51f35947555ce72b18a4aa99d5568eec6a7608e3908b2ba84380f78135d5b8,9731034667feaecca50e6c6a9514839621e5fad0c61522055153d8af8814f0b3,L4_safety_boundary_difference,10813,1000,0.09248127254231019,10.813,937
Alpaca3-8B-train.jsonl,10616,27d1eb9f5652d9072070687e953bb9150c778f4cd186537ef11a44d533c70147,c8f754ca0192941f2134a3ddd95e2925f1933287573aa362ade177cdf356f8fc,L4_safety_boundary_difference,10813,1000,0.09248127254231019,10.813,938
Alpaca3-8B-train.jsonl,12733,a549e431c551d48730c824e0bfa9b67b9659650774dafa1c428037f09d92767e,26969b83ab4709993291b596932fed0fcbd2fb0c1351e86ab64a46ca4089d49e,L4_safety_boundary_difference,10813,1000,0.09248127254231019,10.813,939
Alpaca3-8B-train.jsonl,18753,e63769e070fed59d58c8594cd5ccc2259e07e0c0730f6cec9a1f9723cced1005,308bd4b8a4b8a2787058b4a6c65b58f6e5a737aa2772fdf3e8fed5eaa1c7295b,L4_safety_boundary_difference,10813,1000,0.09248127254231019,10.813,940
Alpaca3-8B-train.jsonl,12051,eb1b4371b30ef4c38bc95d649486b2351294559fc06719cc1e6f1e37d6b914e4,eb08045e0c8d5f874e795d2da10027085198f7cafb4772eb1e2cdf189a53c725,L4_safety_boundary_difference,10813,1000,0.09248127254231019,10.813,941
Alpaca2-7B-train.jsonl,1671,f34ec55de1876130679b5e14fb7ebc2b132b42d7045da433baac8dcad24c13b6,d94391d95bc5a3b4f1c9508db9170dac2c645c95243f8af0247ff4211065df90,L4_safety_boundary_difference,10813,1000,0.09248127254231019,10.813,942
Alpaca3-8B-train.jsonl,5179,63dcf638c229e7ccaf49395cf9b07f8fc7d97743ccb52c7671b56f2bd430d8e8,32fa13184aea1964ec28394a3fdfdcdd3711f5af316195f3e416f039baf8df0e,L4_safety_boundary_difference,10813,1000,0.09248127254231019,10.813,943
Alpaca2-7B-train.jsonl,12042,13251a2104a3e5de86da94c303813aace8a9e3ad53bb719b73a3ca56b3328948,7debc673af0b321d7b08be49171ca1b953f779fb455d8fd6111c65d67316220d,L4_safety_boundary_difference,10813,1000,0.09248127254231019,10.813,944
Alpaca-7B-train.jsonl,14025,c390e11b41e780c60a2dd08ff99c593659f0ebbbf5b5925ceea06ab98d596efd,5c193184afdd4623d31a86895c49ed21d1802c384384df7210f9601189ff9a7e,L4_safety_boundary_difference,10813,1000,0.09248127254231019,10.813,945
Alpaca-7B-train.jsonl,11845,ea2f5762550239e907b009f3863f5fa4d10edc346933c1f0d0f341c8e7475605,d8335ba06ad25bdf1b43f3a62b09dcacff471e8c5517b2891fed42b6c8b96a09,L4_safety_boundary_difference,10813,1000,0.09248127254231019,10.813,946
Alpaca2-7B-train.jsonl,2683,8183f29496ac5a4b60fb299d64f51d64d3ab794079b90dfa6b676dc3a4d632cf,281c3927da21cfe8d5ff8d80b34eceb2ae2a2e28cdade304bca87d5c17c3ec57,L4_safety_boundary_difference,10813,1000,0.09248127254231019,10.813,947
Alpaca-7B-train.jsonl,6474,fef1d5d5ed6e460835970884ab66e0e348bd49168ad1063594b421fe7af19b18,15a5d91aec46516a6ff5427f3808d8b570ee0c0da62675816c0c851739093ac4,L4_safety_boundary_difference,10813,1000,0.09248127254231019,10.813,948
Alpaca3-8B-train.jsonl,6090,67f1d6dc74e4ff9d95c39e4793ede3be9d0fab718df7d97f3a436b53267058d6,f0db5cfd2d97c2b8f17bbf88299219a77ac06daa1d39a4a7986a4bc6336f06fd,L4_safety_boundary_difference,10813,1000,0.09248127254231019,10.813,949
Alpaca3-8B-train.jsonl,4523,833962c95d7b6af26185860c900043819e5e0509375ec15edd2c9abe56a4e470,68ddb07ea296067a3f34f379649f381e4e9b05be47976289052b58db5fdf1ed7,L4_safety_boundary_difference,10813,1000,0.09248127254231019,10.813,950
Alpaca3-8B-train.jsonl,9010,fa834d61397e7fa403c51d6c339fe41d26cdf041c7c06fe0e207413407c61d32,ec6c810cf9b05b4b0dc1d7b259f4a3991201d9e9a703500e99b6c2b4f409a274,L4_safety_boundary_difference,10813,1000,0.09248127254231019,10.813,951
Alpaca-7B-train.jsonl,23173,45f334a486a8651cd287bdab81df037d80189c739e4d1d92e38251ca7aaad468,75ca260ad2f042d15f3f8deb1607d4ff14466821819e7869135fc8db158ad313,L4_safety_boundary_difference,10813,1000,0.09248127254231019,10.813,952
Alpaca3-8B-train.jsonl,11610,45df838033c1d7b34123ff7374cd576e8f0bb6934156a056300f39e2c89e3cd2,d50d4e588c85594e3c49c90470e3c684047b3ce99c1682e25a4a0b34c0d4d9eb,L4_safety_boundary_difference,10813,1000,0.09248127254231019,10.813,953
Alpaca2-7B-train.jsonl,9816,00d764cd45c338eb1182b07c793b2a9b47b44da89c1e00e9e801458e4e6a0bee,2e8a836033757e0b3381588f50325dc93cc43187e4ff879eb7d499fee906f95f,L4_safety_boundary_difference,10813,1000,0.09248127254231019,10.813,954
Alpaca2-7B-train.jsonl,3089,a4cc54b67ba54c5a48697e07c4fc643f284d97e0916359ae08ea0cdfddfa03cc,85e349b85347aa7ee9f62058b193865ecea222c5f84be407d9e485c08f756bf7,L4_safety_boundary_difference,10813,1000,0.09248127254231019,10.813,955
Alpaca3-8B-train.jsonl,11660,5b731cfbfbd7b78f1b640913d842eca0ccdfd10cc826772654c4fd6d0e372eec,bce332a7046913f46f43feb960857d2729ada0551130d6f486ecaad848a10c8c,L4_safety_boundary_difference,10813,1000,0.09248127254231019,10.813,956
Alpaca-7B-train.jsonl,27289,b2d3b4471bdd13ece8dfe458f4a517727c7020fced66b33a3bb8b6ae5bb59937,390fe760173d78399704433c5ccdfe59316e3b559f197bb70f71dc109d0d1664,L4_safety_boundary_difference,10813,1000,0.09248127254231019,10.813,957
Alpaca-7B-train.jsonl,6937,a3ed08a1f22a5cb77252a40a0614792ae276484c09b650c1878ab7f60c6ecf2d,07dde0690bba2d07121281bb4faf81e6d8f30541dc957c0c5ed114b3886d1a01,L4_safety_boundary_difference,10813,1000,0.09248127254231019,10.813,958
Alpaca2-7B-train.jsonl,18034,185631a99fd39aa76a45e0d4c0ac7ad702f165de8a414e5db5dece0288930885,644ab4f976ac1087d2eb6128956d3666dc13c42494ebab6d5a39f3a18a943349,L4_safety_boundary_difference,10813,1000,0.09248127254231019,10.813,959
Alpaca2-7B-train.jsonl,7794,5c3979eb8508dc4d10327e9cf42c4d5052ecb8a2c42e340486456903504072f7,100c29e8a6e278001f549083e13b234653083594254898cc5641bc7122cd9fca,L4_safety_boundary_difference,10813,1000,0.09248127254231019,10.813,960
Alpaca-7B-train.jsonl,2358,8164f199c7a5d9aea2c2b93feebf1cc49cb1539d1a736d747b1a83f2858a8e95,36947d998d76b5a01a104736ec9bcb56c12546000a5cc03fd416775bbbb6d36a,L4_safety_boundary_difference,10813,1000,0.09248127254231019,10.813,961
Alpaca-7B-train.jsonl,6146,6ad840c6246afe911a6ae9120be83878ca04ff339634621f9e1276f38d79241a,2a00be69a3ca3cd47cac4305e40457814d0631cc2fcd59779d3696947f92539b,L4_safety_boundary_difference,10813,1000,0.09248127254231019,10.813,962
Alpaca2-7B-train.jsonl,10710,1e304805dcda5d35badec43f26fc9dd8ef175faf22748fc443e71d23ce555e88,e4abe55f5b16ecf86ea9243e5e1989c8e16d2e0026ef5e90be1006eea878e605,L4_safety_boundary_difference,10813,1000,0.09248127254231019,10.813,963
Alpaca3-8B-train.jsonl,4483,e83b3b2a860ab563c0941037be4a2240718b7ed2ce5ec861b3d30f0b929a18b7,c6e1e152e09e7e1b67b6c48af18d77b697afae2ff8e41a81a91be4d9e36f2f3c,L4_safety_boundary_difference,10813,1000,0.09248127254231019,10.813,964
Alpaca-7B-train.jsonl,18011,e3a72eef90f98c556ef0d06b44ec7b9f6ffce895645893a5198277c7b75afd34,e8db73ed7a988647062c375a3bbc5ffe432ac51de9165baede765fe4f332ec3b,L4_safety_boundary_difference,10813,1000,0.09248127254231019,10.813,965
Alpaca-7B-train.jsonl,2537,0323c6c65cca88467fc13e370602273ad8e90552bff92f10fcc9fc147b6b4878,577e95764ddba37d6d642e142851feaedcccf245a7c725b5b9b694260c4c42a6,L4_safety_boundary_difference,10813,1000,0.09248127254231019,10.813,966
Alpaca2-7B-train.jsonl,5816,e0fcfb793abbca6271372823f8f99370c5798143d95a040f989411a32471694a,b7ba126bbf37e071e845c5f64e7c949dc9b039fdb3815abd49ff3349a1d69932,L4_safety_boundary_difference,10813,1000,0.09248127254231019,10.813,967
Alpaca3-8B-train.jsonl,8490,795f4cafe83c915fd10bd9c37689d1d373dae83d8d0a5bfa540024d93f7854d8,c37e79659ba1a8c7afca8b28ec6106137238c27bd68d7f2b56ab82e6e8d3d459,L4_safety_boundary_difference,10813,1000,0.09248127254231019,10.813,968
Alpaca2-7B-train.jsonl,2763,7cb46e308904315a629b2193c114382cf2bca3f52caa854ee6ab805208dcf75f,aa112abe3b9838f934cab6c4c103523570704c76337fa6edd22152b01812ea51,L4_safety_boundary_difference,10813,1000,0.09248127254231019,10.813,969
Alpaca-7B-train.jsonl,19434,b8fa345733d6e5396fd5c6054712caa51221f8bd3ea758bd661cfbc598b36272,c28b169bd4735861d8e1230499469faadc6d413ee1ff18c5951a792d745ebb04,L4_safety_boundary_difference,10813,1000,0.09248127254231019,10.813,970
Alpaca3-8B-train.jsonl,2845,72e2433b6002075bc66c728da772f21f2d30e91e39badbe9739fc2219de1cfb4,c303afca721e5318b9aeacc58ac5c08e30093f4bcd6987f547c614d362d8cbf3,L4_safety_boundary_difference,10813,1000,0.09248127254231019,10.813,971
Alpaca3-8B-train.jsonl,19424,8d2a209ae84c9dd4d9f9af57f951f23027abd7b37b95c6d693bec9c8db3b5696,37322cbe6568eac187b7e52deac70f198bd38f11663b219e7bf6fae779bdac9c,L4_safety_boundary_difference,10813,1000,0.09248127254231019,10.813,972
Alpaca-7B-train.jsonl,818,d5e155e0ba7e01be3d05e43c5e091dcca3b39f78e014a3a479b540a4143d2039,f95ec9b03299da1ab4cab4178ef3d8bf124da352969391577dc8ed8b76dcadab,L4_safety_boundary_difference,10813,1000,0.09248127254231019,10.813,973
Alpaca2-7B-train.jsonl,6973,61c9d321de51cf41248aadebf20b6134dfe9e24c5829bde99b06c9553e29a0fe,3cba6a75a3b2ba00aee81a85ad06d6baeb7852da5c17077767d9fe6285a29f98,L4_safety_boundary_difference,10813,1000,0.09248127254231019,10.813,974
Alpaca-7B-train.jsonl,10053,4ce04d28dfbe72d91d72f4d4d4540881b86b1a7fad704f3085fb5ac640e25048,98694652b24ed1367b8e86dd49d30f2bafa3f8de3248b399a896b6d2682d7f51,L4_safety_boundary_difference,10813,1000,0.09248127254231019,10.813,975
Alpaca2-7B-train.jsonl,13330,78fdd83c62abd8ad609338cee0c354f7a1bf48801fdab8403206d695df8106f1,40e049eb1f882f6bd593eaae24a8739952ae9bec3c6e53ee7225241c26447598,L4_safety_boundary_difference,10813,1000,0.09248127254231019,10.813,976
Alpaca2-7B-train.jsonl,510,710785dd4f9309c33d71067bd7300b792205d3713761cf402326c062e018255e,8bca6a2c345aff721e88575b72b38f220bdda9866af6ca18fad6fe6908762d8b,L4_safety_boundary_difference,10813,1000,0.09248127254231019,10.813,977
Alpaca-7B-train.jsonl,20825,0709b0533c04a145b142fa4469b112552174b6a15bd23a4ba914e0fc3105eeb4,dea4ec378ab7c77b540e0ca35425201f0f0fda5eaba44992709f84d5ca066ac4,L4_safety_boundary_difference,10813,1000,0.09248127254231019,10.813,978
Alpaca3-8B-train.jsonl,4351,ce4ae8c35fe87cb248f0d9763b467d8e1cf0acc1f27a3389f00035b72c0b15d1,e9a52870a99e75bdf50010502d5e4a874e149387b2158425d22c9f27c58ebde0,L4_safety_boundary_difference,10813,1000,0.09248127254231019,10.813,979
Alpaca-7B-train.jsonl,7251,c81003336b1574dcecba58a749395ae306168135c1394f3b30ac9e18b40602b5,18bb1dacce0501536c44ae3d016244da205d0b8e2598de472e2adb3bd7b26886,L4_safety_boundary_difference,10813,1000,0.09248127254231019,10.813,980
Alpaca-7B-train.jsonl,5025,943aea0f3521b12da28be573514bd8a08352eaf9712882072f50ad33f5416f2c,4b6e9ccf2a228c043790eb2cc158df4d96f9b66c11f223527fec7e12e7941ae6,L4_safety_boundary_difference,10813,1000,0.09248127254231019,10.813,981
Alpaca-7B-train.jsonl,16091,2aeefb72e1c2fb6146033b035256b3f79a7c557f01a95613f3bc65a4ad89d325,e7afdd6913439c37030e84e62c854b99a28d0e88b36933206827878f7a6badb5,L4_safety_boundary_difference,10813,1000,0.09248127254231019,10.813,982
Alpaca3-8B-train.jsonl,12683,6657d6475afac967b09f8bdcdbf121c4115670d85d2fece5061903a500ba614a,60cdb87c9e17a9fc4c29a4236b2b17f4cae26fd96515407935a6e9df67d7d137,L4_safety_boundary_difference,10813,1000,0.09248127254231019,10.813,983
Alpaca2-7B-train.jsonl,6453,6a33c492304ad6f9998f01aa610b495f26ee6a94bf5e96de86d61712ae7d9cd3,5bd8ecb5b970a437bd1a8957478310fbd8d10cf3d3ca1c9dadb33ca56518200d,L4_safety_boundary_difference,10813,1000,0.09248127254231019,10.813,984
Alpaca-7B-train.jsonl,16769,2a415739b60364555e5432d3a02de5c32ecb7e14048675b48c0944624e089a9d,e93be7e0df85d6243577c1c5af95211d2a7dcb12aa802154a0f764cb0cd8a436,L4_safety_boundary_difference,10813,1000,0.09248127254231019,10.813,985
Alpaca-7B-train.jsonl,24740,a03696aaad10d209033ea18c90e12a042cbb494973583d1337a180e12e662cec,5a6134dfb92b454af80638be46e2ab45c92dd4900b04993c44a1628f04410cfc,L4_safety_boundary_difference,10813,1000,0.09248127254231019,10.813,986
Alpaca3-8B-train.jsonl,19229,4aba9ae529cc0e40961cc298358142a464a22f96b74d8936b29b830946716e7c,c163d5ab18fb2e1fe64f4f8e15ad567f21511622df532e3a1c3c807eb8b3ad72,L4_safety_boundary_difference,10813,1000,0.09248127254231019,10.813,987
Alpaca2-7B-train.jsonl,8062,d2e162f2104164d235590ed7c76f7ed9180d67516b70d4577d32d8ce50265d4a,9cf7d47903ac585efa0de14fc85a22a452aa4aa7c2c063d9f3fbd6f6de648c4c,L4_safety_boundary_difference,10813,1000,0.09248127254231019,10.813,988
Alpaca3-8B-train.jsonl,10873,065a9d45d957f644fec7279a0913db92533606ba43ab6ebbe0a75e52040a6199,df616738f99ee21b4563f9da3e94acc7666912ea4b5beaf7060241115a5ccefe,L4_safety_boundary_difference,10813,1000,0.09248127254231019,10.813,989
Alpaca-7B-train.jsonl,1083,aed4d959fd71d2fa7f5d3454d3f356c6c2260a5f8a65d233fb8f6ef50512a848,8818e2a79963fd74935759e86932cde9079e09191761cd7a758f59f0aab511b8,L4_safety_boundary_difference,10813,1000,0.09248127254231019,10.813,990
Alpaca2-7B-train.jsonl,5460,dba5f260cc05b540c9b3b0c59612ea1c9deccb7c1040a20185c454bfc3eb782d,af130967c3fc115f53e82b9a2e1b5acac25acaf51662421ab1b828061e72a863,L4_safety_boundary_difference,10813,1000,0.09248127254231019,10.813,991
Alpaca3-8B-train.jsonl,20455,13fe9019804709e429ff5c33895951ce601abe1f49305ba9ec3a15153168c404,e0bdc80d80814e0f73aee4c7da1418f8a7a59a1e6b70dce30b85ffba0f5b5685,L4_safety_boundary_difference,10813,1000,0.09248127254231019,10.813,992
Alpaca-7B-train.jsonl,21618,153200e9b20fbbbdacd9e6fa15cc85ee5678a251b0b77fae91d10db9dccfc71c,f703b89e78c035f867bd33193ea5c0505732285ed00c7a7c48a7c5cd7cf9aee4,L4_safety_boundary_difference,10813,1000,0.09248127254231019,10.813,993
Alpaca-7B-train.jsonl,10771,8a8d462a5794a5eddcb3b20f911ce6bd9fd3720537a80ecb95c32b17d5e74fc1,44314051df8e8b1eea0a2708dde2d933d5e0ef6401b0836c45b13b99f421cab2,L4_safety_boundary_difference,10813,1000,0.09248127254231019,10.813,994
Alpaca2-7B-train.jsonl,4326,6c3699ba2974f5eba4299c0d4a01650a5fbf75e91995a244e3a9b728e3d766df,b45b54eb6eac840f41220167be022f2ed3b5df163470e9d5b06be66fae6e1cf9,L4_safety_boundary_difference,10813,1000,0.09248127254231019,10.813,995
Alpaca-7B-train.jsonl,22714,d535d42b06a5f2a9b02b83079f0c7e262c89cdc61d998ed83e7ed3fb0ecc943f,4c5d75bbd3fb6316786443daa5321a8a0f7689e7860219275aadce8e21f2e5be,L4_safety_boundary_difference,10813,1000,0.09248127254231019,10.813,996
Alpaca3-8B-train.jsonl,5831,4fce3e537dc717693f321794960bb58623c36c5c1ede4b87f7e8e80e94a6ee91,9973ced23932f82f85e0b09d18ce6059791fda3835beb4f97276cceedc5f5161,L4_safety_boundary_difference,10813,1000,0.09248127254231019,10.813,997
Alpaca3-8B-train.jsonl,2490,cccc0b36bd5b409f45edddd751ee2777bbab9325149ec8089c73062d31351728,b1ec634d1fbbad7c001a820281a634eab2630c5b4375ad8d76be36f8c255f8e8,L4_safety_boundary_difference,10813,1000,0.09248127254231019,10.813,998
Alpaca-7B-train.jsonl,24815,a0f2a4714b2fbd170c71d9ef3cc128f2ca5f936ef38fe7f6240d24ca498a9137,111e5903915f2f6a4549294685b3995353263b29853577a2389e2c10db112f30,L4_safety_boundary_difference,10813,1000,0.09248127254231019,10.813,999
Alpaca2-7B-train.jsonl,1878,f7c70341d7c0683904f0b4fd5e99d0fecc319398377dc414ef5826cb7603a95e,5340629c3256b29f5ab6f10864b1319a14f90b39983da87efddf5911b37f8402,L4_safety_boundary_difference,10813,1000,0.09248127254231019,10.813,1000
